Sample	1	2	3	4	5	6	7	8	9	10	11	12	13	14	15	16	17	18	19	20	21	22	23	24	25	26	27	28	29	30	31	32	33	34	35	36	37	38	39	40	41	42	43	44	45	46	47	48	49	50	51	52	53	54	55	56	57	58	59	60	61	62	63	64	65	66	67	68	69	70	71	72	73	74	75	76	77	78	79	80	81	82	83	84	85	86	87	88	89	90	91	92	93	94	95	96	97	98	99	100	101	102	103	104	105	106	107	108	109	110	111	112	113	114	115	116	117	118	119	120	121	122	123	124	125	126	127	128	129	130	131	132	133	134	135	136	137	138	139	140	141	142	143	144	145	146	147	148	149	150
Sin-APnd_001-Ex1-6G-lcwgs-1-2.clmp.r1r2_fastp	50.781600000000005	39.1921	39.2119	37.3298	38.1102	37.2821	37.377	38.3032	38.2969	37.8029	40.9555	40.5947	39.34	38.981500000000004	38.9239	38.8864	39.1923	39.0999	39.311	39.1468	39.561099999999996	39.170700000000004	39.3633	38.7628	38.6679	38.6888	38.8585	38.7696	39.0937	38.8986	39.245400000000004	39.2103	39.2342	38.9749	39.1888	39.1097	38.7898	39.2623	39.1774	39.1864	39.4354	38.9826	39.0756	39.3397	38.9604	39.2438	39.0612	38.9494	39.4698	39.173	39.1727	38.8845	38.6536	38.648500000000006	38.8574	38.9151	39.4585	39.2188	39.3834	39.250800000000005	38.6951	38.4702	38.5828	37.9867	38.3169	38.4622	38.7414	38.8974	38.5745	38.957300000000004	38.5783	38.1871	37.9785	37.8662	37.8693	38.3007	38.413199999999996	38.1633	37.9683	37.9014	38.096999999999994	37.9459	38.092999999999996	37.564	37.6836	37.8592	37.9554	38.000499999999995	37.9758	37.8049	37.7645	38.0961	38.0691	38.1338	38.020900000000005	38.2122	37.9925	38.2678	37.973	37.9691	37.5294	37.6013	37.7448	37.819199999999995	38.3893	38.0801	38.5051	38.2745	37.850899999999996	37.8337	37.8046	37.4359	37.74	37.7303	37.9891	38.6846	38.318000000000005	38.4562	37.9015	37.6406	37.3186	37.0128	37.1346	37.278	37.615700000000004	38.279999999999994	38.7007	38.4433	38.3017	37.9338	37.7125	37.8692	38.0477	38.3037	38.2791	38.5816	38.8467	38.4306	38.4733	38.0856	38.055	38.2706	38.5698	38.4769	39.0545	38.9788	39.2413	39.5873	40.0511	40.5247
Sin-APnd_002-Ex1-3G-lcwgs-1-2.clmp.r1r2_fastp	51.551899999999996	39.7569	40.1214	38.0822	39.0729	38.1071	38.1277	39.1486	39.1674	38.4233	41.964	41.5619	40.5107	40.2768	40.2766	40.149699999999996	40.4168	40.3185	40.525800000000004	40.4431	40.7269	40.47	40.5792	40.1802	40.0994	40.1225	40.183400000000006	40.1445	40.368500000000004	40.2541	40.4776	40.441500000000005	40.4445	40.2797	40.3629	40.2353	40.0826	40.2985	40.2587	40.2485	40.4001	40.084399999999995	40.1306	40.2752	39.9904	40.1224	39.9976	39.909299999999995	40.1907	40.0128	40.008500000000005	39.793	39.6511	39.6137	39.6851	39.7362	40.046	39.8755	39.9741	39.8573	39.535	39.3426	39.3642	38.9772	39.1186	39.1834	39.3421	39.4383	39.2833	39.4876	39.231899999999996	38.9878	38.8175	38.708	38.7055	38.926100000000005	38.9375	38.8135	38.6658	38.5941	38.711600000000004	38.629200000000004	38.640600000000006	38.3433	38.4244	38.4164	38.468999999999994	38.4855	38.4775	38.3263	38.3225	38.4899	38.4893	38.4907	38.4112	38.561499999999995	38.375	38.527499999999996	38.2971	38.3098	38.054700000000004	38.072	38.1001	38.1616	38.491	38.3552	38.5914	38.474199999999996	38.1231	38.1551	38.0583	37.8504	38.0509	37.9567	38.1552	38.6239	38.3491	38.5143	38.143	37.926700000000004	37.685	37.4597	37.4483	37.6377	37.8823	38.2538	38.6054	38.4784	38.2998	38.027300000000004	37.8779	38.0041	38.1145	38.352799999999995	38.2523	38.439499999999995	38.6419	38.421	38.502199999999995	38.1802	38.1425	38.3796	38.5598	38.4677	38.990399999999994	38.9443	39.2104	39.4244	39.7946	40.3482
Sin-APnd_003-Ex1-3H-lcwgs-1-2.clmp.r1r2_fastp	49.849900000000005	38.0177	38.479600000000005	36.4576	37.2682	36.3551	36.2315	37.1325	37.1178	36.5544	39.7451	39.4042	38.3214	38.0324	37.9375	37.8363	38.0556	37.9979	38.1252	38.09	38.345	38.0893	38.143899999999995	37.7168	37.5995	37.5769	37.6315	37.6034	37.842999999999996	37.764199999999995	37.999500000000005	38.002399999999994	37.9844	37.7956	37.9046	37.7804	37.5506	37.8724	37.8497	37.8695	38.049	37.763400000000004	37.8147	37.9999	37.6814	37.8504	37.736	37.648900000000005	37.9747	37.857400000000005	37.8571	37.660900000000005	37.5345	37.4955	37.6107	37.694100000000006	38.040400000000005	37.8633	37.979600000000005	37.9022	37.5388	37.406800000000004	37.4968	37.064	37.2617	37.3503	37.5366	37.6656	37.487300000000005	37.7808	37.491400000000006	37.2693	37.0925	37.0496	37.0346	37.2956	37.358200000000004	37.1934	37.1063	37.0407	37.2196	37.1034	37.194500000000005	36.8884	36.9412	37.0221	37.0657	37.1065	37.1093	37.0163	36.9864	37.223	37.2009	37.262699999999995	37.1743	37.297999999999995	37.1852	37.3375	37.135600000000004	37.1637	36.9406	36.9132	36.9835	37.055	37.4154	37.2583	37.5109	37.3885	37.0587	37.1464	37.0393	36.8203	37.053999999999995	37.0006	37.205799999999996	37.6987	37.430099999999996	37.5274	37.1828	37.0241	36.772	36.5622	36.6246	36.8356	37.018699999999995	37.4628	37.8304	37.583	37.449	37.229299999999995	37.0857	37.2243	37.327	37.540099999999995	37.5589	37.7297	37.929	37.6907	37.759	37.4972	37.498599999999996	37.7754	37.9306	37.8839	38.3534	38.2852	38.4847	38.8123	39.2539	39.6683
Sin-APnd_004-Ex1-4A-lcwgs-1-2.clmp.r1r2_fastp	51.9575	39.9258	39.265499999999996	37.486399999999996	38.1874	37.4463	37.656800000000004	38.643499999999996	38.7135	38.5467	41.4079	41.0567	39.6346	39.2696	39.1939	39.1409	39.5476	39.4098	39.7351	39.5287	40.1117	39.6805	39.9663	39.162400000000005	39.041199999999996	39.115	39.320100000000004	39.188	39.6837	39.3675	39.8141	39.801700000000004	39.8829	39.4777	39.8386	39.7148	39.3032	40.0745	39.899	39.8581	40.246900000000004	39.6478	39.7479	40.1339	39.6354	40.0541	39.8951	39.7031	40.4741	40.0372	40.073	39.6637	39.314	39.3438	39.6666	39.7512	40.6388	40.2746	40.5428	40.3789	39.441199999999995	39.2175	39.4456	38.5597	39.0142	39.2832	39.6885	39.9078	39.433099999999996	40.1527	39.5142	38.8719	38.6328	38.5251	38.5382	39.1785	39.4171	39.000099999999996	38.76	38.6503	38.9933	38.781	39.008700000000005	38.2279	38.3828	38.733200000000004	38.846399999999996	38.9579	38.9657	38.6998	38.6451	39.1552	39.1054	39.2532	39.156200000000005	39.4586	39.183800000000005	39.5876	39.089800000000004	39.0803	38.440200000000004	38.5531	38.7447	39.0291	39.9275	39.4426	40.1623	39.834599999999995	39.0909	39.2063	39.1025	38.541799999999995	39.0903	39.062999999999995	39.531	40.5571	40.0073	40.2027	39.4258	38.9668	38.474599999999995	38.017	38.1139	38.426700000000004	38.9859	39.8844	40.569300000000005	40.259	40.0081	39.3842	39.103500000000004	39.326899999999995	39.535199999999996	39.9251	39.897	40.4382	40.9619	40.3076	40.3705	39.886300000000006	39.7756	40.0941	40.532000000000004	40.2944	41.1298	41.2908	41.5873	42.0214	42.5414	43.0957
Sin-APnd_005-Ex1-4B-lcwgs-1-2.clmp.r1r2_fastp	53.403	39.3965	40.672000000000004	38.364599999999996	39.3417	38.400099999999995	38.554	39.853699999999996	39.7774	38.6817	42.8262	42.1891	40.8906	40.612700000000004	40.6362	40.5152	40.848	40.7448	41.002	40.8996	41.197	40.847	41.016799999999996	40.5117	40.4513	40.4848	40.603899999999996	40.503499999999995	40.812	40.632200000000005	40.966	40.864	40.9279	40.6267	40.8295	40.6785	40.4949	40.767399999999995	40.6804	40.647800000000004	40.8326	40.4733	40.5329	40.7415	40.388000000000005	40.5883	40.4683	40.321200000000005	40.718700000000005	40.4816	40.4775	40.2416	40.0801	40.0253	40.184999999999995	40.2262	40.6629	40.4251	40.5484	40.3751	39.9775	39.7843	39.8851	39.3968	39.6006	39.6723	39.9255	40.0662	39.797	40.0918	39.7206	39.3795	39.2428	39.1628	39.1609	39.4574	39.5141	39.2903	39.165299999999995	39.0747	39.258500000000005	39.1072	39.204	38.7931	38.8954	38.9991	39.059	39.0782	39.0725	38.931	38.8774	39.1626	39.1362	39.207300000000004	39.109500000000004	39.3088	39.0932	39.2748	39.071600000000004	39.0208	38.6651	38.8187	38.8611	38.9917	39.4353	39.198699999999995	39.5062	39.3069	38.9209	38.9567	38.905699999999996	38.6328	38.940599999999996	38.871	39.1028	39.6638	39.4046	39.483000000000004	39.0245	38.8757	38.5643	38.305499999999995	38.412600000000005	38.602399999999996	38.942	39.3794	39.758500000000005	39.5367	39.413	39.1003	38.9589	39.0919	39.239000000000004	39.515499999999996	39.5012	39.6923	39.9536	39.5576	39.6113	39.4049	39.3686	39.6376	39.9592	39.792300000000004	40.3316	40.375	40.576499999999996	40.7245	41.3086	41.9012
Sin-APnd_006-Ex1-4C-lcwgs-1-2.clmp.r1r2_fastp	52.55649999999999	39.4996	40.7431	38.4229	39.3677	38.3328	38.4161	39.5859	39.5077	38.5411	42.458200000000005	41.9055	40.705200000000005	40.4486	40.4613	40.3453	40.6445	40.5914	40.7452	40.7335	40.985	40.6884	40.8337	40.3852	40.2748	40.3292	40.3929	40.3768	40.65	40.5227	40.777	40.7423	40.759699999999995	40.557	40.7385	40.583999999999996	40.4171	40.6873	40.6109	40.6338	40.826299999999996	40.5105	40.5668	40.7626	40.4296	40.6289	40.4889	40.381299999999996	40.7134	40.549099999999996	40.515699999999995	40.3494	40.192	40.155	40.3047	40.3001	40.6235	40.4198	40.5375	40.4162	40.065200000000004	39.9516	39.9839	39.5602	39.7872	39.8451	40.0447	40.1306	39.9333	40.1864	39.9317	39.5786	39.4777	39.4171	39.3655	39.6169	39.7307	39.4912	39.413599999999995	39.3679	39.509499999999996	39.3729	39.4858	39.0918	39.198100000000004	39.2895	39.3677	39.3537	39.3797	39.2576	39.2434	39.4731	39.4507	39.480199999999996	39.482800000000005	39.568599999999996	39.4611	39.6173	39.4309	39.4033	39.1841	39.224199999999996	39.2966	39.4407	39.745200000000004	39.5666	39.896	39.6707	39.4258	39.5081	39.3986	39.1757	39.4985	39.3847	39.6453	40.157900000000005	39.9037	39.9298	39.6865	39.4731	39.2754	39.153999999999996	39.2115	39.4022	39.6856	40.098800000000004	40.4373	40.347	40.0976	39.923199999999994	39.8419	39.9159	40.0759	40.3696	40.2499	40.578199999999995	40.8577	40.4962	40.6571	40.483000000000004	40.383599999999994	40.6502	40.931	40.6988	41.2786	41.4234	41.5655	42.0545	42.4745	43.1855
Sin-APnd_007-Ex1-4D-lcwgs-1-2.clmp.r1r2_fastp	51.6426	38.973600000000005	39.097	37.093399999999995	38.012499999999996	36.9737	37.0317	38.0238	37.9707	37.2292	40.7863	40.2778	39.164100000000005	38.7947	38.846399999999996	38.702799999999996	39.0813	38.9017	39.1402	39.027	39.3419	38.9619	39.1811	38.6282	38.5186	38.567	38.6714	38.5647	38.9253	38.7217	38.9977	38.990700000000004	39.0124	38.7662	38.9648	38.7756	38.6278	38.9191	38.833800000000004	38.8174	39.0413	38.6382	38.717800000000004	38.9191	38.609	38.7714	38.668	38.5238	38.934000000000005	38.689099999999996	38.6721	38.4758	38.3187	38.251200000000004	38.4406	38.468999999999994	38.8716	38.6259	38.8163	38.667	38.2795	38.1185	38.2141	37.705	37.9636	38.0254	38.2603	38.3836	38.1212	38.4627	38.1709	37.782900000000005	37.6699	37.5895	37.5363	37.8274	37.9807	37.735600000000005	37.6239	37.538199999999996	37.7722	37.5859	37.709900000000005	37.2754	37.3917	37.4646	37.5508	37.566500000000005	37.6259	37.419200000000004	37.358599999999996	37.6943	37.6656	37.6813	37.6642	37.7571	37.597	37.753	37.5198	37.513999999999996	37.221399999999996	37.2093	37.415	37.4655	37.8909	37.6189	37.9457	37.7125	37.3591	37.4015	37.3788	37.07	37.3166	37.3324	37.5298	38.0587	37.7801	37.8415	37.4311	37.1527	36.8851	36.6607	36.721	36.7995	37.188300000000005	37.624	37.945299999999996	37.7521	37.6031	37.2162	37.0676	37.2544	37.3239	37.552	37.5052	37.776700000000005	38.0687	37.6604	37.7235	37.3771	37.342	37.6344	37.9002	37.6901	38.3284	38.271899999999995	38.6031	38.9571	39.461800000000004	39.941700000000004
Sin-APnd_008-Ex1-4E-lcwgs-1-2.clmp.r1r2_fastp	52.137100000000004	40.133	39.599000000000004	37.8827	38.7448	37.8094	37.8685	38.9704	38.9484	38.399699999999996	41.8139	41.3684	40.0585	39.7044	39.6394	39.5369	39.9469	39.7571	40.0151	39.9224	40.3463	39.9544	40.2074	39.4979	39.4302	39.5024	39.6098	39.5387	39.9343	39.6279	40.0495	40.054899999999996	40.0342	39.7611	40.053	39.9106	39.6195	40.159800000000004	40.0188	40.0353	40.3172	39.7718	39.9332	40.2372	39.7885	40.1117	40.0201	39.7807	40.3893	40.0998	40.1061	39.7889	39.5835	39.5192	39.771699999999996	39.8376	40.464099999999995	40.226600000000005	40.4174	40.275800000000004	39.651599999999995	39.5137	39.604299999999995	38.9392	39.352900000000005	39.420300000000005	39.828599999999994	40.015499999999996	39.6388	40.145599999999995	39.8096	39.2598	39.103500000000004	38.9848	38.9564	39.4243	39.6559	39.3181	39.178000000000004	39.1725	39.3453	39.2731	39.4536	38.8311	39.0163	39.264500000000005	39.3124	39.3832	39.4838	39.245200000000004	39.1821	39.6169	39.5641	39.6321	39.673199999999994	39.8082	39.6571	39.961	39.6207	39.643299999999996	39.2648	39.2764	39.476299999999995	39.5982	40.1597	39.9588	40.462900000000005	40.12	39.7294	39.8895	39.7281	39.393	39.8237	39.6447	40.0123	40.766000000000005	40.3857	40.506	40.1008	39.793800000000005	39.4486	39.293	39.2199	39.5192	39.8664	40.3844	40.8699	40.7574	40.4582	40.1952	40.0343	40.1378	40.3441	40.625699999999995	40.4986	40.8305	41.2476	40.799800000000005	40.8313	40.6462	40.4215	40.728500000000004	41.066599999999994	40.8464	41.4463	41.5824	41.7562	42.248000000000005	42.9136	43.5297
Sin-APnd_009-Ex1-4F-lcwgs-1-2.clmp.r1r2_fastp	52.87779999999999	40.9268	41.293800000000005	39.291199999999996	40.265499999999996	39.346	39.5135	40.5524	40.517399999999995	39.7214	43.3197	42.729800000000004	41.7055	41.4086	41.4566	41.362300000000005	41.7718	41.6708	41.8692	41.7823	42.1165	41.7399	41.922399999999996	41.3927	41.333999999999996	41.390100000000004	41.4996	41.4464	41.8112	41.5955	41.8961	41.875299999999996	41.9016	41.6639	41.9187	41.7761	41.5608	41.8984	41.8356	41.7956	42.0164	41.606500000000004	41.6996	41.8922	41.5858	41.7853	41.7177	41.5484	41.9691	41.707499999999996	41.710300000000004	41.4533	41.298	41.2158	41.4026	41.3923	41.8453	41.5904	41.7328	41.578199999999995	41.1307	40.9471	41.037099999999995	40.5223	40.7725	40.799600000000005	41.066599999999994	41.1593	40.9137	41.2044	40.8634	40.4929	40.323100000000004	40.2231	40.1802	40.480199999999996	40.5862	40.3434	40.1833	40.0987	40.2643	40.1104	40.2119	39.7673	39.8629	39.914100000000005	40.0509	39.9854	40.0362	39.8358	39.7487	40.0249	39.988299999999995	40.009699999999995	40.0042	40.1139	39.9567	40.074799999999996	39.8438	39.805099999999996	39.463300000000004	39.489000000000004	39.603699999999996	39.6721	40.1475	39.847100000000005	40.2109	39.965	39.556000000000004	39.612	39.561600000000006	39.230399999999996	39.509899999999995	39.417699999999996	39.7359	40.1609	39.9164	39.9988	39.5132	39.2003	38.9778	38.7421	38.728699999999996	38.8757	39.1654	39.6752	40.0469	39.8102	39.6284	39.2282	39.124199999999995	39.245400000000004	39.3288	39.636900000000004	39.5273	39.780100000000004	40.038000000000004	39.6483	39.6819	39.331700000000005	39.318	39.4394	39.8452	39.5461	40.2333	40.2157	40.3851	40.6636	41.2725	41.7015
Sin-APnd_010-Ex1-4G-lcwgs-1-2.clmp.r1r2_fastp	52.1115	39.2356	39.7702	37.552	38.3647	37.6344	37.9063	38.9088	38.865300000000005	38.356899999999996	41.655300000000004	41.225899999999996	39.8893	39.5599	39.5307	39.5452	39.8506	39.7739	40.0127	39.9123	40.295700000000004	39.9553	40.122099999999996	39.489000000000004	39.3711	39.455400000000004	39.5792	39.5279	39.8932	39.704699999999995	40.0841	40.023199999999996	40.057700000000004	39.7579	39.9872	39.9073	39.595200000000006	40.1605	40.0576	40.030300000000004	40.3102	39.8855	39.928200000000004	40.225100000000005	39.7857	40.1552	39.9857	39.8365	40.4215	40.1066	40.115899999999996	39.796	39.5313	39.5478	39.7631	39.8183	40.4594	40.1799	40.3467	40.2067	39.5631	39.3816	39.5389	38.888	39.2177	39.3674	39.6799	39.8357	39.5197	39.9627	39.4685	39.0601	38.846199999999996	38.8025	38.7746	39.2137	39.3422	39.0931	38.9179	38.8229	39.0693	38.868	39.0127	38.4236	38.5479	38.7619	38.8608	38.934999999999995	38.9171	38.690200000000004	38.6325	39.000099999999996	38.979200000000006	39.068000000000005	38.953199999999995	39.1549	38.8897	39.165299999999995	38.8298	38.803399999999996	38.324000000000005	38.3763	38.5139	38.6909	39.3596	39.0446	39.4787	39.2531	38.6364	38.711600000000004	38.6203	38.2203	38.5528	38.5456	38.8018	39.5622	39.2145	39.3622	38.6791	38.3206	37.8813	37.4872	37.6055	37.8689	38.144099999999995	38.894099999999995	39.2986	39.0295	38.7331	38.291	38.0081	38.2132	38.284400000000005	38.647999999999996	38.6686	38.9805	39.236399999999996	38.8265	38.7428	38.2884	38.230199999999996	38.5026	38.774300000000004	38.644	39.2937	39.3099	39.6321	39.9154	40.387299999999996	41.0175
Sin-APnd_011-Ex1-4H-lcwgs-1-2.clmp.r1r2_fastp	51.7868	40.205600000000004	39.9803	38.218999999999994	39.0876	38.2895	38.3942	39.4285	39.396300000000004	38.7793	42.086800000000004	41.61	40.4572	40.156	40.1333	40.0543	40.4544	40.327200000000005	40.5512	40.4713	40.8295	40.4519	40.6501	40.0553	39.9942	40.0366	40.1746	40.082	40.409299999999995	40.1998	40.5249	40.5667	40.543099999999995	40.2849	40.5188	40.386300000000006	40.1027	40.5828	40.4685	40.46	40.6966	40.2557	40.3592	40.6319	40.213100000000004	40.502	40.417500000000004	40.2504	40.7719	40.5151	40.4908	40.192299999999996	39.9729	39.931	40.1475	40.2474	40.799600000000005	40.556	40.7385	40.56	40.0131	39.8352	39.9455	39.3669	39.707300000000004	39.785	40.108	40.2564	39.9247	40.3559	39.9621	39.556400000000004	39.3714	39.306400000000004	39.2962	39.7214	39.853100000000005	39.5685	39.4154	39.3592	39.563900000000004	39.4574	39.6136	39.0851	39.2307	39.3582	39.4922	39.5368	39.5807	39.387899999999995	39.3071	39.7024	39.672000000000004	39.772200000000005	39.7455	39.9005	39.7366	40.0323	39.7106	39.7194	39.3706	39.3905	39.522800000000004	39.6777	40.225300000000004	39.9747	40.4011	40.183	39.793	39.9003	39.7802	39.462	39.8408	39.6997	40.034	40.7034	40.3449	40.468900000000005	40.1266	39.8287	39.5067	39.3235	39.3224	39.562000000000005	39.9069	40.389599999999994	40.803200000000004	40.6448	40.463100000000004	40.1297	40.050000000000004	40.1729	40.254400000000004	40.5211	40.4846	40.7222	41.0588	40.6834	40.711000000000006	40.5176	40.4758	40.705799999999996	41.0332	40.8682	41.3688	41.411300000000004	41.5392	41.9471	42.5378	43.2306
Sin-APnd_012-Ex1-5A-lcwgs-1-2.clmp.r1r2_fastp	51.4732	39.2769	39.0486	37.1445	37.9536	37.0867	36.9608	37.9162	37.9201	37.6642	40.788799999999995	40.5148	39.2217	38.9162	38.778800000000004	38.6675	38.9796	38.885799999999996	39.0754	38.974599999999995	39.451	39.0946	39.2581	38.662	38.5368	38.5372	38.6678	38.6207	38.9303	38.7695	39.1088	39.1082	39.1293	38.833400000000005	39.0994	39.015499999999996	38.6181	39.218399999999995	39.1138	39.096199999999996	39.375	38.9534	38.9989	39.3403	38.8915	39.2139	39.0596	38.9115	39.4717	39.216699999999996	39.2044	38.9024	38.6573	38.6577	38.840799999999994	38.9276	39.5835	39.3045	39.472699999999996	39.401399999999995	38.7376	38.5229	38.7333	37.9547	38.299	38.4691	38.7421	38.9754	38.6519	39.1806	38.723800000000004	38.2934	38.0364	37.9189	37.9031	38.3943	38.5162	38.2058	38.0586	37.9435	38.2016	38.045	38.2221	37.6363	37.768499999999996	37.9786	38.0825	38.0696	38.0741	37.9214	37.7958	38.2309	38.183499999999995	38.2801	38.1862	38.4714	38.1915	38.5325	38.169599999999996	38.138	37.6909	37.696600000000004	37.838	37.9285	38.6301	38.3234	38.7836	38.6591	38.0307	38.1437	38.043	37.6047	37.9704	37.8919	38.2017	39.025	38.601400000000005	38.75	38.2022	37.8957	37.4347	37.0423	37.1198	37.297200000000004	37.6107	38.359300000000005	38.976499999999994	38.678000000000004	38.439800000000005	38.0398	37.7153	37.9409	37.9961	38.2475	38.1519	38.5568	38.852399999999996	38.535399999999996	38.495400000000004	38.0446	38.0828	38.3493	38.6438	38.3873	39.250800000000005	39.0946	39.543299999999995	39.8437	40.1362	40.5092
Sin-APnd_013-Ex1-5B-lcwgs-1-2.clmp.r1r2_fastp	50.88510000000001	40.3512	39.4895	37.8476	38.7781	37.9888	37.9951	38.9917	39.0527	38.4801	41.5808	41.2404	40.1429	39.7972	39.7816	39.7436	40.077400000000004	39.956399999999995	40.197	40.0883	40.476	40.055600000000005	40.2961	39.7086	39.6117	39.6612	39.811800000000005	39.6899	40.0636	39.8675	40.156	40.1759	40.1757	39.8769	40.1184	39.9481	39.6811	40.1267	40.022200000000005	39.982600000000005	40.2214	39.7419	39.8293	40.0742	39.6647	39.907399999999996	39.824799999999996	39.6052	40.1107	39.8372	39.8223	39.509	39.2648	39.2334	39.4394	39.4754	40.0466	39.744299999999996	39.9378	39.8104	39.245400000000004	39.0411	39.1612	38.5448	38.8936	38.9999	39.2692	39.4403	39.0713	39.490199999999994	39.1257	38.6941	38.4355	38.4169	38.3556	38.7929	38.9612	38.685900000000004	38.5194	38.4157	38.6374	38.4645	38.6455	38.0535	38.217800000000004	38.312200000000004	38.5064	38.465199999999996	38.5171	38.3784	38.2323	38.6498	38.5703	38.636900000000004	38.5955	38.7736	38.582699999999996	38.812799999999996	38.4726	38.4785	38.0722	38.072	38.2219	38.3373	38.9696	38.6353	39.1277	38.926	38.3828	38.4167	38.3177	37.9062	38.2564	38.1607	38.5457	39.2196	38.9281	38.997	38.4457	38.1184	37.6351	37.3985	37.3822	37.569	37.9394	38.6121	39.1141	38.8748	38.5605	38.1592	37.9301	38.0711	38.241	38.5069	38.4572	38.7053	39.2061	38.6451	38.6538	38.3709	38.2476	38.433	38.752199999999995	38.53	39.2749	39.329	39.766600000000004	39.956	40.722	41.0826
Sin-APnd_014-Ex1-5C-lcwgs-1-2.clmp.r1r2_fastp	51.7977	39.4079	39.3415	37.3241	38.0861	37.262699999999995	37.3593	38.528400000000005	38.4526	37.7689	41.370400000000004	40.9102	39.5126	39.2271	39.1674	39.1014	39.4588	39.3928	39.573	39.4851	39.8538	39.5058	39.6566	39.1239	39.0175	39.0557	39.208999999999996	39.143899999999995	39.4401	39.2475	39.583	39.574	39.5961	39.3146	39.542899999999996	39.4069	39.1352	39.553399999999996	39.4316	39.4125	39.628600000000006	39.2208	39.32	39.5527	39.164500000000004	39.4414	39.3103	39.1207	39.612700000000004	39.3362	39.3278	39.0446	38.8218	38.8098	39.0118	39.0186	39.623799999999996	39.375	39.5053	39.3536	38.7663	38.6063	38.681599999999996	38.0912	38.3883	38.4692	38.8298	38.988099999999996	38.6313	39.047599999999996	38.6113	38.1521	37.9788	37.9022	37.9063	38.3143	38.4978	38.1349	37.9643	37.8757	38.109	37.9681	38.1083	37.567299999999996	37.645	37.892700000000005	38.0259	38.0362	38.0645	37.838100000000004	37.7855	38.1683	38.139	38.2731	38.196200000000005	38.4098	38.2258	38.442	38.1471	38.125	37.6454	37.8198	37.967	38.2029	38.865100000000005	38.451800000000006	38.9197	38.6484	38.1325	38.244499999999995	38.1695	37.846999999999994	38.2744	38.2216	38.5392	39.331500000000005	38.9703	38.9558	38.4714	38.1267	37.7698	37.5608	37.626599999999996	37.8936	38.3157	38.9798	39.4713	39.2295	38.9957	38.6275	38.4684	38.6078	38.8193	39.261	39.1537	39.6008	40.0099	39.354	39.488800000000005	39.2735	39.027699999999996	39.4734	39.8259	39.6068	40.4603	40.6014	40.7757	41.0702	41.7781	41.8857
Sin-APnd_015-Ex1-5D-lcwgs-1-2.clmp.r1r2_fastp	50.9592	39.3242	39.6528	37.548700000000004	38.3162	37.4274	37.426700000000004	38.405899999999995	38.421699999999994	37.927499999999995	41.0421	40.7251	39.5617	39.2896	39.2221	39.1772	39.4216	39.4519	39.5403	39.517799999999994	39.82	39.5547	39.644600000000004	39.1879	39.0706	39.0722	39.1633	39.163599999999995	39.4322	39.3421	39.608	39.6417	39.6279	39.378299999999996	39.583	39.488800000000005	39.158300000000004	39.5868	39.5288	39.5536	39.7231	39.386900000000004	39.400600000000004	39.6686	39.259	39.575900000000004	39.4252	39.2873	39.7048	39.4625	39.4721	39.2283	39.035799999999995	39.0013	39.198499999999996	39.176899999999996	39.6939	39.4443	39.5607	39.4411	38.9061	38.751999999999995	38.8564	38.3884	38.5924	38.7362	38.9345	39.0694	38.7716	39.1417	38.7813	38.4334	38.235	38.147	38.154700000000005	38.480199999999996	38.618	38.2922	38.1749	38.092999999999996	38.2703	38.1708	38.299699999999994	37.837900000000005	37.8722	38.0375	38.135400000000004	38.1612	38.1288	38.0455	37.9624	38.2674	38.201299999999996	38.3513	38.236799999999995	38.412600000000005	38.2583	38.4519	38.2055	38.1718	37.7635	37.8805	38.0092	38.1055	38.723800000000004	38.332899999999995	38.6926	38.5297	38.0739	38.115	38.0247	37.772099999999995	38.068200000000004	38.122699999999995	38.319199999999995	38.9542	38.6074	38.6207	38.1901	37.9679	37.5786	37.431	37.4899	37.706	37.9281	38.5522	39.0255	38.6875	38.548	38.2488	38.0705	38.2006	38.3523	38.6881	38.6167	39.0239	39.251599999999996	38.817	38.937	38.4946	38.5096	38.8712	39.149699999999996	38.934999999999995	39.697900000000004	39.6457	39.9743	40.3584	40.7369	41.0187
Sin-APnd_016-Ex1-5E-lcwgs-1-2.clmp.r1r2_fastp	51.1787	39.6472	38.7087	37.003	37.8141	36.9633	36.9934	38.0345	38.0222	37.5877	40.8005	40.4345	39.1509	38.8225	38.7934	38.7475	39.0617	38.9723	39.1638	39.063900000000004	39.4374	39.089200000000005	39.2665	38.7126	38.5862	38.6192	38.7628	38.7216	39.0267	38.8241	39.116800000000005	39.1522	39.1237	38.8769	39.0651	38.9619	38.6397	39.0811	38.9653	38.959500000000006	39.1663	38.7075	38.8017	39.0587	38.6702	38.9392	38.7963	38.613	39.131899999999995	38.86	38.8249	38.554	38.2831	38.2872	38.468799999999995	38.4957	39.1224	38.897	39.0234	38.9715	38.3222	38.0993	38.2106	37.5959	37.9009	38.0662	38.3834	38.5472	38.196600000000004	38.6342	38.2654	37.8133	37.5627	37.4657	37.4543	37.974000000000004	38.1361	37.7785	37.608200000000004	37.5079	37.7509	37.654700000000005	37.8013	37.2593	37.358999999999995	37.565599999999996	37.6649	37.717800000000004	37.6937	37.5445	37.4428	37.871700000000004	37.811299999999996	37.920500000000004	37.9014	38.1156	37.931799999999996	38.1836	37.8502	37.8455	37.3405	37.472699999999996	37.612	37.769999999999996	38.4898	38.1523	38.637100000000004	38.3579	37.749700000000004	37.866699999999994	37.817299999999996	37.438700000000004	37.8416	37.8023	38.0904	38.9598	38.5194	38.6466	38.0621	37.7465	37.3548	37.1	37.1288	37.3749	37.7132	38.400400000000005	38.9065	38.683800000000005	38.4202	38.0574	37.8651	38.0194	38.177499999999995	38.4831	38.495000000000005	38.8539	39.163199999999996	38.7857	38.777899999999995	38.3898	38.3048	38.6553	38.9662	38.8292	39.495000000000005	39.5702	39.9011	40.342099999999995	40.8394	41.2214
Sin-APnd_017-Ex1-5F-lcwgs-1-2.clmp.r1r2_fastp	51.89359999999999	40.1123	39.6668	37.9075	38.7891	37.824999999999996	37.8448	38.9853	38.949	38.2988	41.7992	41.319	40.1269	39.800000000000004	39.755	39.6921	40.0263	39.948299999999996	40.1366	40.071	40.3653	40.0052	40.173500000000004	39.619	39.545700000000004	39.5612	39.7085	39.6488	39.9996	39.7524	40.064	40.0668	40.0687	39.832499999999996	40.0525	39.9326	39.6511	40.0837	39.9572	39.9666	40.1715	39.7274	39.8311	40.0931	39.697900000000004	39.956399999999995	39.8707	39.6614	40.1603	39.9056	39.9031	39.6348	39.454699999999995	39.392500000000005	39.5499	39.5933	40.1491	39.9452	40.0795	39.9542	39.407399999999996	39.2967	39.3434	38.8087	39.092	39.195	39.502700000000004	39.6829	39.3459	39.7273	39.4037	38.976	38.7793	38.7734	38.7406	39.1162	39.3465	38.9912	38.8664	38.8215	39.004	38.9285	39.0909	38.6171	38.7352	38.926100000000005	39.0041	39.062200000000004	39.0957	38.9015	38.8518	39.2343	39.2269	39.3429	39.3578	39.4868	39.3309	39.532000000000004	39.3037	39.3036	38.9435	38.9794	39.1405	39.3379	39.8123	39.6179	40.042699999999996	39.7094	39.341100000000004	39.4979	39.3926	39.0486	39.4917	39.3246	39.722	40.3335	39.986	40.1008	39.7405	39.464	39.2029	39.0339	38.9859	39.269	39.567	40.0812	40.5661	40.4004	40.134	39.8258	39.8356	39.8782	40.0128	40.3906	40.300799999999995	40.632400000000004	40.989799999999995	40.4259	40.633	40.3019	40.272400000000005	40.5807	40.946	40.7711	41.4554	41.6008	41.5836	42.0094	42.6192	43.0954
Sin-APnd_018-Ex1-5G-lcwgs-1-2.clmp.r1r2_fastp	50.71679999999999	39.195600000000006	39.298899999999996	37.3488	38.1935	37.269000000000005	37.304500000000004	38.2291	38.283899999999996	37.6702	40.9517	40.5859	39.4964	39.2219	39.229	39.1849	39.4471	39.378	39.550200000000004	39.4846	39.7408	39.4589	39.575700000000005	39.1419	39.0177	39.0684	39.1565	39.0978	39.3881	39.254	39.5045	39.5021	39.5148	39.272	39.411699999999996	39.3035	39.088899999999995	39.3746	39.321400000000004	39.305	39.4728	39.096	39.1498	39.3416	39.009100000000004	39.1901	39.0568	38.9167	39.2765	39.062400000000004	39.0249	38.8218	38.6463	38.6099	38.762	38.7395	39.1123	38.8868	39.008900000000004	38.8949	38.432500000000005	38.3083	38.3796	37.9544	38.1265	38.210899999999995	38.3645	38.494299999999996	38.258900000000004	38.5316	38.2615	37.8973	37.7529	37.6539	37.6315	37.8738	38.029	37.7324	37.658199999999994	37.575199999999995	37.7631	37.6014	37.7124	37.323299999999996	37.3758	37.4898	37.5304	37.5532	37.5145	37.444	37.378499999999995	37.6639	37.6185	37.7153	37.6452	37.7204	37.5584	37.7068	37.4927	37.463	37.1462	37.2088	37.3869	37.4359	37.885400000000004	37.5553	37.8615	37.6541	37.2921	37.3743	37.310900000000004	37.0766	37.327799999999996	37.342999999999996	37.5363	38.0235	37.7277	37.715199999999996	37.3462	37.0966	36.9488	36.6749	36.7566	36.8805	37.1714	37.6251	37.9303	37.6768	37.559	37.2691	37.2405	37.3349	37.5168	37.6822	37.6446	37.988	38.154900000000005	37.756299999999996	37.741	37.5328	37.5313	37.7756	38.111	38.013000000000005	38.4451	38.3967	38.7973	39.0785	39.6251	40.204299999999996
Sin-APnd_019-Ex1-5H-lcwgs-1-2.clmp.r1r2_fastp	50.8449	39.5855	39.148500000000006	37.3533	38.1657	37.3149	37.3613	38.305499999999995	38.3013	37.829	40.9515	40.5799	39.4068	39.0914	39.0854	39.0791	39.4208	39.35	39.515499999999996	39.4122	39.791	39.4373	39.5878	39.0621	38.9429	38.994800000000005	39.1436	39.0723	39.4106	39.2221	39.498400000000004	39.536500000000004	39.550000000000004	39.3093	39.5302	39.4423	39.123200000000004	39.5869	39.496199999999995	39.4826	39.7139	39.283699999999996	39.339400000000005	39.6427	39.236	39.5113	39.3876	39.2057	39.7228	39.441500000000005	39.429199999999994	39.1478	38.9172	38.8778	39.1124	39.0965	39.7106	39.415099999999995	39.592	39.4677	38.860299999999995	38.6951	38.804300000000005	38.1878	38.5094	38.6415	38.903999999999996	39.0708	38.704499999999996	39.130900000000004	38.7607	38.346599999999995	38.129200000000004	38.0811	38.0244	38.4182	38.6079	38.269	38.1081	38.0494	38.244499999999995	38.1171	38.3018	37.7706	37.8746	38.038	38.162099999999995	38.1781	38.1524	38.018	37.9125	38.3144	38.241	38.342999999999996	38.2952	38.4793	38.2598	38.4929	38.1746	38.1339	37.7076	37.820100000000004	37.9914	38.0794	38.6921	38.3408	38.7624	38.4996	38.0159	38.0826	38.034400000000005	37.6548	37.9774	37.9281	38.2515	38.8965	38.514900000000004	38.606	38.0647	37.8494	37.4546	37.2063	37.2112	37.457	37.7345	38.3512	38.813700000000004	38.5062	38.4097	37.9255	37.7478	37.9182	38.0672	38.3179	38.299	38.5698	38.886900000000004	38.461099999999995	38.5324	38.0512	38.1287	38.3947	38.668	38.5511	39.1565	39.1155	39.475100000000005	39.8082	40.2631	40.7894
Sin-APnd_020-Ex1-6A-lcwgs-1-2.clmp.r1r2_fastp	49.849700000000006	40.643299999999996	39.1824	37.6174	38.1597	37.8498	37.7142	38.6096	38.7797	38.981500000000004	40.9825	41.0001	39.5728	39.3362	39.057700000000004	39.1395	39.4673	39.4758	39.652100000000004	39.5174	40.083200000000005	39.6951	39.8705	39.204899999999995	39.088499999999996	39.0857	39.3534	39.2773	39.5661	39.4403	39.825300000000006	39.9377	39.902	39.5344	39.8064	39.8729	39.2293	40.106199999999994	39.9596	39.9321	40.1981	39.7212	39.6926	40.1531	39.550000000000004	40.050000000000004	39.9196	39.6213	40.3735	40.0216	39.982299999999995	39.4829	39.0981	39.1316	39.4409	39.5684	40.535399999999996	40.2074	40.3192	40.1364	39.126	38.8681	39.1229	38.2198	38.5723	38.959500000000006	39.2237	39.5379	39.038000000000004	39.7267	38.9771	38.487700000000004	38.097300000000004	38.0185	38.0362	38.7152	38.8968	38.4169	38.2045	38.015100000000004	38.4242	38.1219	38.4301	37.6133	37.772	37.9783	38.290600000000005	38.3328	38.182100000000005	38.222	38.0054	38.513799999999996	38.4492	38.7564	38.4799	38.8959	38.595600000000005	39.0521	38.592999999999996	38.446799999999996	37.7549	37.8661	37.9565	38.171699999999994	39.405499999999996	38.7676	39.541	39.4049	38.476	38.4847	38.3552	37.6988	38.3358	38.1391	38.7483	40.041900000000005	39.4105	39.5026	38.6212	38.1734	37.356	36.9444	37.0772	37.4707	37.8204	38.9374	39.8889	39.372	39.076899999999995	38.473	38.1614	38.3138	38.5666	38.985	39.0592	39.5103	39.9903	39.4602	39.4599	38.6599	38.704699999999995	39.0961	39.3424	39.1152	40.2566	40.2493	40.6954	41.0008	41.3572	41.545500000000004
Sin-APnd_021-Ex1-6B-lcwgs-1-2.clmp.r1r2_fastp	51.7482	40.3257	39.9362	38.096799999999995	38.751200000000004	38.1268	38.3525	39.3713	39.4208	39.1993	42.0512	41.7384	40.287800000000004	39.9733	39.8777	39.9049	40.281099999999995	40.2039	40.4961	40.3341	40.9044	40.4607	40.7003	40.0003	39.840900000000005	39.9124	40.1431	40.0065	40.4219	40.235	40.6751	40.585	40.6827	40.2581	40.6723	40.542699999999996	40.123999999999995	40.8781	40.7246	40.7126	41.0665	40.4833	40.5876	40.9473	40.426899999999996	40.8444	40.6705	40.4994	41.2132	40.8561	40.8723	40.4236	40.0625	40.0915	40.4035	40.4671	41.3256	40.9812	41.1811	41.0187	40.1392	39.9069	40.1138	39.2622	39.717400000000005	39.942699999999995	40.3408	40.5108	40.0833	40.7125	40.050599999999996	39.5658	39.269	39.1505	39.1482	39.818599999999996	39.9305	39.5758	39.366800000000005	39.2526	39.5299	39.2948	39.507	38.7423	38.9478	39.2258	39.3693	39.4128	39.4184	39.2111	39.096	39.5434	39.4776	39.6057	39.4731	39.8629	39.5708	39.919900000000005	39.448699999999995	39.4127	38.8288	38.885	38.9799	39.1836	40.109	39.7308	40.3818	40.1762	39.2713	39.4245	39.2307	38.7542	39.141999999999996	39.116299999999995	39.5315	40.6299	40.1743	40.342299999999994	39.4898	39.072	38.4332	37.9921	38.1197	38.4014	38.791199999999996	39.7964	40.5447	40.1541	39.8224	39.171099999999996	38.8667	39.092	39.2372	39.6492	39.7224	40.150200000000005	40.583200000000005	40.028200000000005	40.0052	39.3762	39.262	39.6134	39.8572	39.567099999999996	40.597699999999996	40.6299	41.0706	41.3593	41.8358	42.262899999999995
Sin-APnd_022-Ex1-6C-lcwgs-1-2.clmp.r1r2_fastp	51.6567	40.2511	39.7245	38.0456	38.649899999999995	37.877100000000006	38.046600000000005	39.1241	39.134299999999996	38.7123	41.814800000000005	41.5486	40.179700000000004	39.8532	39.7802	39.8196	40.163700000000006	40.1068	40.2618	40.2361	40.5738	40.2879	40.448699999999995	39.852	39.631699999999995	39.833800000000004	39.968399999999995	39.8534	40.267199999999995	40.0576	40.4037	40.4435	40.475100000000005	40.1491	40.4801	40.3403	39.9857	40.6366	40.448299999999996	40.441300000000005	40.7239	40.2027	40.2821	40.6935	40.1689	40.563	40.4127	40.2228	40.7987	40.449	40.4178	40.1154	39.8587	39.8835	40.1346	40.1096	40.794599999999996	40.4666	40.6965	40.476600000000005	39.6677	39.6408	39.689099999999996	39.0877	39.394	39.635799999999996	39.8644	40.0619	39.5942	40.2049	39.7163	39.1526	38.994299999999996	38.9984	38.8851	39.3911	39.7262	39.1382	39.050200000000004	39.033699999999996	39.272600000000004	39.1058	39.3371	38.6597	38.832899999999995	39.1069	39.2087	39.3297	39.294200000000004	39.159	39.0586	39.6644	39.5727	39.7636	39.7017	39.8173	39.6784	40.0061	39.605000000000004	39.5495	39.1858	39.2941	39.5235	39.8785	40.4428	40.0752	40.6693	40.3163	39.7868	39.9841	39.8625	39.5926	40.111200000000004	40.1218	40.441300000000005	41.340900000000005	40.8555	40.8732	40.5052	40.0377	39.8176	39.629	39.6756	39.965	40.566	41.1901	41.7485	41.6275	41.3336	40.9953	40.986200000000004	41.0387	41.2966	41.8649	41.771	42.2287	42.6086	42.023500000000006	42.276799999999994	42.0659	41.8389	42.2201	42.8539	42.4271	43.253	43.6495	43.7735	44.0388	45.0334	45.6066
Sin-APnd_023-Ex1-6D-lcwgs-1-2.clmp.r1r2_fastp	50.85340000000001	41.943200000000004	40.1005	39.5587	39.620400000000004	38.9376	38.6333	40.224399999999996	40.2574	39.5739	42.5839	42.0846	40.837	40.5583	40.3833	40.299	40.7138	40.7583	40.9246	40.8721	41.3985	40.9673	41.1515	40.4578	40.4039	40.407399999999996	40.5889	40.503099999999996	40.9619	40.7981	41.1507	41.2252	41.1625	40.8705	41.1537	40.9672	40.684599999999996	41.151199999999996	41.1496	41.2089	41.483	40.9716	41.054	41.371	40.8543	41.22	41.145199999999996	40.8744	41.5802	41.247	41.2718	40.9048	40.734300000000005	40.586299999999994	40.834399999999995	40.8805	41.491499999999995	41.149	41.4418	41.2017	40.5961	40.4027	40.5264	40.0321	40.2695	40.462900000000005	40.7921	40.8686	40.5767	40.974199999999996	40.5925	40.0743	39.9045	39.8275	39.8119	40.2144	40.4817	40.0783	40.0158	39.8902	40.090900000000005	39.9283	40.0967	39.4604	39.6993	39.800799999999995	39.9697	40.0254	40.116	40.0003	39.8486	40.1705	40.0623	40.1485	40.151900000000005	40.298	40.2692	40.376	40.1989	40.028200000000005	39.8312	39.6081	39.8251	39.900400000000005	40.5152	40.2192	40.8283	40.625099999999996	40.0943	40.104299999999995	39.9827	39.6134	39.9555	39.8646	40.3125	40.9501	40.5226	40.7061	40.2581	39.7476	39.5081	39.2361	39.3349	39.596	39.9746	40.529399999999995	41.096700000000006	40.7676	40.5995	40.2239	40.1215	40.0124	40.299600000000005	40.5495	40.728500000000004	41.049400000000006	41.4633	40.9397	41.1016	40.5715	40.5598	40.7308	40.949400000000004	40.6672	41.4946	41.672599999999996	41.9618	42.338300000000004	42.9406	43.4349
Sin-APnd_024-Ex1-6E-lcwgs-1-2.clmp.r1r2_fastp	50.7017	41.4341	39.6191	39.157599999999995	39.2481	38.4104	38.012499999999996	39.5059	39.6014	39.0246	42.0026	41.5852	40.502	40.1543	40.0403	39.964	40.318	40.2963	40.4874	40.3556	40.8316	40.4517	40.6109	40.0264	39.9557	39.9654	40.1145	40.0207	40.4092	40.224	40.5291	40.6665	40.5601	40.3941	40.569	40.4022	40.1522	40.5295	40.495799999999996	40.489000000000004	40.7342	40.2966	40.3583	40.6196	40.1256	40.4513	40.3519	40.0922	40.6685	40.3653	40.3802	40.106700000000004	39.9257	39.8341	39.9964	40.0012	40.4628	40.263	40.4181	40.2536	39.744	39.5516	39.6691	39.181	39.3488	39.4476	39.7201	39.8591	39.4903	39.9077	39.588499999999996	39.1874	38.9743	38.899699999999996	38.8483	39.1742	39.4084	39.0255	38.960899999999995	38.832699999999996	39.061	38.8453	38.9784	38.5351	38.6725	38.7344	38.882600000000004	38.8146	38.8708	38.838699999999996	38.6556	39.0236	38.9139	39.0264	38.9994	39.151399999999995	39.0265	39.2108	39.004	38.8633	38.6264	38.6114	38.719	38.7967	39.3092	39.0642	39.5073	39.320100000000004	38.8461	38.9651	38.8474	38.493300000000005	38.8543	38.784400000000005	39.1331	39.6876	39.4404	39.453500000000005	39.116800000000005	38.8219	38.5582	38.327099999999994	38.414300000000004	38.5	38.9601	39.3503	39.857	39.7021	39.5928	39.1411	39.0768	39.1311	39.2899	39.608	39.6663	39.9191	40.2625	39.8604	39.8467	39.5283	39.6308	39.7765	40.1097	39.8688	40.544999999999995	40.5859	41.0606	41.1169	41.9204	42.282
Sin-APnd_025-Ex1-6F-lcwgs-1-2.clmp.r1r2_fastp	50.1594	39.361200000000004	39.4137	37.4843	38.1459	37.3672	37.4074	38.4209	38.3775	37.7384	40.8861	40.5256	39.4182	39.1714	39.104	39.054899999999996	39.333800000000004	39.3366	39.462199999999996	39.4591	39.6635	39.3842	39.4791	39.0636	38.9553	38.968	39.0561	39.0163	39.2683	39.2168	39.4384	39.4498	39.416000000000004	39.2401	39.369	39.2832	39.0112	39.354099999999995	39.2712	39.2954	39.420899999999996	39.1285	39.127	39.3517	38.994099999999996	39.1911	39.0723	38.935199999999995	39.2685	39.0584	39.0574	38.8441	38.695	38.6398	38.7789	38.7521	39.1259	38.9377	39.0019	38.906800000000004	38.4583	38.2967	38.353500000000004	37.972699999999996	38.0943	38.211800000000004	38.3369	38.4545	38.2158	38.495000000000005	38.154700000000005	37.8958	37.681	37.6562	37.5789	37.821	37.9315	37.6485	37.555699999999995	37.4792	37.646499999999996	37.4679	37.5928	37.2207	37.2479	37.2932	37.410199999999996	37.3545	37.3508	37.3106	37.2121	37.512699999999995	37.4222	37.5193	37.4227	37.5352	37.3663	37.5158	37.296600000000005	37.241099999999996	36.9764	37.0223	37.072300000000006	37.180600000000005	37.627300000000005	37.336999999999996	37.6262	37.4561	37.119	37.1006	37.0367	36.8264	37.0518	37.0901	37.279	37.810500000000005	37.4955	37.546600000000005	37.1429	36.884	36.6038	36.491800000000005	36.5351	36.7443	36.9559	37.3936	37.7752	37.6023	37.3546	37.1259	36.9942	37.1027	37.3318	37.6027	37.5496	37.7462	38.007999999999996	37.6554	37.7045	37.3491	37.311299999999996	37.538199999999996	37.9689	37.688700000000004	38.3421	38.281	38.4958	38.8302	39.3286	39.2773
Sin-CPnd_013-Ex1-4E-lcwgs-1-2.clmp.r1r2_fastp	61.6682	50.607	46.5603	46.4928	47.279700000000005	46.695100000000004	47.3471	48.8759	49.5279	47.5495	52.158300000000004	50.449600000000004	50.7869	49.820100000000004	49.955	49.5728	50.3147	49.393	50.3372	50.1349	49.8426	49.6178	49.5054	49.4604	48.6511	49.662800000000004	49.9775	49.033300000000004	49.348	49.9775	49.595299999999995	49.7077	49.595299999999995	49.3249	50.5185	49.0032	49.5798	50.011399999999995	49.9542	50.3683	50.1619	49.709900000000005	49.300399999999996	49.6362	49.6817	50.141999999999996	49.5238	50.395199999999996	51.2431	49.4773	49.9878	49.038900000000005	50.1738	50.4385	48.2246	51.4889	49.7436	50.620200000000004	50.846999999999994	50.6053	50.2651	50.761	50.4841	51.3411	49.6302	50.0552	50.431400000000004	50.2668	50.6954	51.937999999999995	51.36150000000001	50.1468	48.7979	50.9293	51.1212	49.647999999999996	51.159200000000006	50.31250000000001	51.486399999999996	50.5105	52.403999999999996	50.88120000000001	50.5097	50.76310000000001	50.8713	50.13570000000001	50.7033	49.9303	50.0	51.0313	51.294	50.6375	49.5588	51.1524	51.0181	51.7162	51.4055	51.21	52.746	50.32	50.52720000000001	51.451899999999995	51.05499999999999	51.8425	49.0622	51.7672	52.0279	49.2049	49.2996	50.045700000000004	51.6174	49.7419	52.7738	49.3999	51.67230000000001	50.6614	50.0994	51.658300000000004	51.120200000000004	48.2705	51.050399999999996	50.478199999999994	50.617900000000006	48.5839	50.7989	51.425399999999996	50.7378	50.9477	50.436800000000005	50.35380000000001	52.27	50.241499999999995	49.014799999999994	52.154900000000005	48.575	49.968	51.8158	52.01050000000001	51.49700000000001	52.4324	49.9658	50.9709	52.8752	47.9004	52.92	51.2896	53.6275	51.153800000000004	49.1115	52.469699999999996
Sin-CPnd_015-Ex1-4A-lcwgs-1-2.clmp.r1r2_fastp	55.7801	40.0919	40.6762	40.1111	40.4559	41.1742	38.4446	40.551700000000004	40.848600000000005	38.8277	44.3923	42.9557	42.8407	42.2661	42.850300000000004	41.7872	42.2469	41.1646	43.0227	43.1281	42.7162	41.8255	41.949999999999996	41.949999999999996	42.1128	41.27	42.2469	41.8063	41.6148	41.949999999999996	42.0362	42.879	41.241299999999995	41.1674	41.7859	41.911300000000004	41.4056	41.732	41.8131	41.3181	41.793200000000006	41.917100000000005	42.135	42.295	41.8204	41.871700000000004	40.6272	42.2031	41.3115	41.5811	40.8298	41.2243	40.698499999999996	41.146100000000004	40.6436	42.89	40.7714	42.320600000000006	42.3972	42.315999999999995	41.1337	42.0271	41.1973	41.6198	41.7665	41.5208	42.0231	42.2633	40.5618	42.0436	40.9986	42.0206	41.2425	41.5053	41.2322	40.9925	41.231899999999996	41.8309	41.7078	41.870400000000004	40.6409	40.8836	42.8241	41.5277	41.768100000000004	42.747	41.368100000000005	41.1377	42.3321	42.3617	42.301100000000005	40.744	41.5034	40.759299999999996	41.430099999999996	40.8276	41.1147	42.003	42.0505	41.7464	41.11	40.5905	42.2529	41.2945	41.8385	41.4937	41.6088	41.5622	41.5961	40.8219	40.6214	41.4375	40.9721	41.8688	40.7613	40.767900000000004	42.0412	41.2239	41.3183	41.990100000000005	41.2246	40.8617	41.2164	41.1295	41.458600000000004	40.4328	43.1084	42.060700000000004	41.753	41.2436	41.912	40.8559	41.9788	41.9334	41.025600000000004	41.389399999999995	41.0554	43.132	41.7182	42.009800000000006	41.1869	40.4248	41.919000000000004	41.629599999999996	41.6887	42.6656	43.0703	40.3885	42.0565	42.2736
Sin-CPnd_018-Ex1-11A-lcwgs-1-2.clmp.r1r2_fastp	53.9535	40.8967	40.1832	38.8629	39.513	38.427299999999995	38.0782	39.554	39.927800000000005	39.0409	42.7828	42.5431	41.293600000000005	40.9382	40.6244	40.515499999999996	41.0617	40.759699999999995	41.2576	40.6121	41.2992	40.9062	41.127399999999994	40.5661	40.735	40.4212	40.768100000000004	40.4981	40.836099999999995	40.5992	40.902899999999995	41.055	40.8215	40.6385	40.9463	40.5759	40.5389	40.948299999999996	40.746500000000005	40.8507	40.9092	40.6654	40.8849	40.944199999999995	40.766200000000005	40.795700000000004	40.7939	40.503	41.126200000000004	40.6493	40.9615	40.6431	40.395199999999996	40.2414	40.4791	40.686	40.9294	40.9769	41.179	40.9142	40.4981	40.1369	40.4047	39.9784	40.1986	40.3559	40.427099999999996	40.888999999999996	40.4991	40.8788	40.5787	40.2353	40.0887	40.1605	39.9281	40.4191	40.5827	40.146	40.3763	40.101	40.4341	39.9112	40.309200000000004	39.8785	40.0936	40.126400000000004	40.4323	40.3076	40.1438	40.111200000000004	40.2053	40.5212	40.7211	40.3202	40.612700000000004	40.615	40.3191	40.1081	40.3175	40.293800000000005	40.3164	39.9876	40.6034	40.2431	40.5223	40.3705	40.7137	40.3632	40.8507	40.2359	40.5989	40.1139	40.3857	40.5195	40.4658	40.7659	40.591100000000004	40.753	40.395399999999995	40.0627	39.8301	39.872099999999996	39.9454	39.8973	40.1938	40.5375	40.7059	40.126	40.5482	40.2136	40.2088	40.3425	40.0801	40.6167	39.9449	40.5393	40.5216	40.859	40.0788	40.6066	39.9344	40.6674	40.3148	40.8233	40.6643	40.8495	40.962900000000005	41.3219	41.7313	43.1158
Sin-CPnd_019-Ex1-1H-lcwgs-1-2.clmp.r1r2_fastp	56.887699999999995	38.453199999999995	39.6389	37.8603	39.7671	38.426	37.786500000000004	39.683600000000006	39.8507	38.144099999999995	43.6022	42.958800000000004	42.4476	41.878	41.4796	41.265800000000006	41.9033	41.327999999999996	42.119099999999996	41.363	41.9733	41.432900000000004	41.7031	41.118	40.544599999999996	41.2969	41.2483	41.0597	41.0811	41.2735	41.306599999999996	41.261900000000004	41.714800000000004	40.8446	40.980199999999996	41.3392	40.7735	41.2134	41.0456	41.1545	41.675200000000004	41.0317	40.9461	41.0487	40.821200000000005	41.0132	40.8489	40.6939	40.958	41.137299999999996	41.265800000000006	41.0955	41.0403	41.142	41.0041	41.1978	40.7254	41.079	41.056599999999996	40.8306	41.3432	41.2082	41.3058	41.368500000000004	41.1442	41.1715	41.2262	41.5676	41.2263	41.3561	41.490500000000004	41.1168	41.1804	41.5848	40.9341	41.3688	41.3399	41.3281	41.2868	41.0528	41.9236	41.332	40.819	41.2572	41.1967	40.9071	40.910000000000004	41.028	42.0077	41.0524	41.4658	41.0206	41.7412	41.1239	41.5677	41.378	41.4692	40.8196	41.3607	41.4431	40.8542	41.528	41.321000000000005	41.088	41.593999999999994	41.1278	41.477000000000004	40.8165	41.496100000000006	41.357	41.9873	41.4568	41.562	41.1548	41.1818	41.8793	41.294	41.6767	41.113699999999994	42.0817	41.3185	41.5792	41.2261	42.281400000000005	41.2798	41.139199999999995	41.9177	40.3819	41.3509	41.618	41.524	41.5512	41.1416	41.545300000000005	41.8432	42.030499999999996	41.9414	40.513	41.2686	41.1859	41.4486	42.2491	42.601	41.347899999999996	42.2089	40.9337	41.5283	42.5577	43.5927	44.0652
Sin-CPnd_020-Ex1-12E-lcwgs-1-2.clmp.r1r2_fastp	56.014399999999995	40.398	41.1604	39.4286	39.9462	39.4448	38.2971	40.1937	40.5526	39.075700000000005	43.505	43.5282	42.2802	41.9622	41.7087	41.4199	41.6952	41.4891	41.7964	41.926	42.0713	41.6205	41.7384	41.463499999999996	41.2764	41.113499999999995	41.4854	41.2815	41.5745	41.7426	41.7412	41.669200000000004	41.7105	41.4831	41.7862	41.2625	41.5135	41.3591	41.4541	41.4163	41.7585	41.2244	41.4514	41.6715	41.581	41.463499999999996	41.403099999999995	41.351	41.5014	41.5498	41.497299999999996	41.3057	41.3447	41.3457	41.5368	41.3994	41.6444	41.312599999999996	41.7743	41.3966	41.5683	41.3377	41.4966	41.180699999999995	41.3819	41.429300000000005	41.2715	41.6924	41.3521	41.5773	41.907	41.2096	41.471000000000004	41.0957	41.274300000000004	41.424299999999995	41.625	41.6194	41.7476	41.4161	41.9157	41.6567	41.5551	41.3947	41.604	41.407500000000006	41.616	41.4225	41.6953	41.5516	41.7392	41.5833	41.942	41.9258	41.8176	41.734500000000004	41.990100000000005	41.7493	41.814	42.286699999999996	41.7068	41.8546	41.9409	41.787800000000004	41.8615	41.9828	41.754799999999996	42.019099999999995	41.9136	41.7508	42.2654	41.6486	41.9968	41.7187	42.1672	41.707899999999995	41.9321	41.564099999999996	41.6542	41.632400000000004	42.3689	41.7455	42.0023	41.8202	41.958	41.720800000000004	42.0319	41.7053	41.9424	41.903400000000005	41.9114	41.5981	42.412	41.693000000000005	41.6952	41.7314	42.2386	41.9181	41.5687	41.9949	42.0537	41.5089	42.4733	42.1585	42.085899999999995	42.1856	42.135099999999994	42.1751	42.8874	44.2237
Sin-CPnd_021-Ex1-3D-lcwgs-1-2.clmp.r1r2_fastp	53.9535	43.4373	41.4634	41.1912	42.2802	40.7033	41.2479	41.8605	41.8378	41.4067	44.6625	44.5944	43.789	43.528099999999995	43.2558	42.9836	42.6886	42.439	42.9041	42.8701	43.755	43.823	43.6188	42.5525	42.8701	43.0062	43.0062	42.5525	43.4146	43.1651	43.9251	43.142399999999995	44.0159	42.5242	43.04	42.4848	43.6034	43.1334	42.836999999999996	42.157	42.2527	42.944900000000004	43.5957	43.3087	43.5037	42.7361	42.9908	41.9694	42.5919	42.2195	42.2458	42.5882	43.3992	42.1083	43.0409	41.6506	41.4316	43.1769	41.6154	42.648	42.5759	41.432900000000004	42.981	42.6988	40.8769	40.6007	41.8333	41.9879	41.417300000000004	41.990899999999996	42.3732	42.892799999999994	42.2906	41.971799999999995	42.4007	41.8742	42.569	42.9249	41.707100000000004	41.4076	42.8245	43.811499999999995	41.5584	42.475	40.5629	42.9336	43.0135	43.7096	41.6592	42.9011	42.3319	43.0769	41.915400000000005	43.1162	41.91	41.2013	39.0007	41.8562	42.5084	42.571999999999996	42.5557	41.28	42.606899999999996	40.6028	42.4151	42.5318	41.8979	41.0092	41.8029	41.8416	41.1306	42.6353	40.2771	41.6841	42.2258	40.578900000000004	42.5448	44.888600000000004	41.6667	41.7563	41.1515	42.284	41.1209	42.6367	39.238800000000005	41.5835	42.924800000000005	41.8637	43.5152	43.5131	40.1202	41.590199999999996	42.4219	37.7796	39.853899999999996	41.618500000000004	41.0192	41.252100000000006	44.9694	44.4544	41.1549	43.1903	39.5261	39.555099999999996	42.4482	42.3814	40.9278	40.6582	46.0246	44.3258
Sin-CPnd_022-Ex1-1D-lcwgs-1-2.clmp.r1r2_fastp	57.8407	39.2331	40.3023	38.3193	40.639900000000004	39.2652	38.9062	40.1388	40.8248	38.6837	43.512499999999996	43.595600000000005	42.6363	41.8082	42.2316	41.8243	42.2906	42.1566	42.3335	41.7841	42.167300000000004	41.510799999999996	41.6421	41.2428	41.8726	41.3715	41.5135	41.2107	41.5349	41.1973	41.8431	41.9905	41.626000000000005	41.5474	41.7995	42.0582	41.7841	41.3982	41.4795	41.2236	41.6405	41.5025	41.235	41.6698	41.3392	40.806799999999996	41.8027	41.4461	41.7416	41.3788	41.7172	42.044599999999996	41.383199999999995	41.2825	41.8123	41.3608	41.675000000000004	41.1256	42.0921	40.961999999999996	41.7207	41.4366	40.9466	40.8055	41.576800000000006	41.3039	41.038000000000004	41.4703	41.3482	41.2022	41.9735	40.9547	41.6574	41.1047	41.1508	41.3264	41.505199999999995	41.7192	41.2549	41.654	41.4835	41.1815	41.1151	41.653099999999995	41.2367	41.5334	41.8243	41.4918	41.4503	41.6449	41.4052	41.9259	41.7154	41.542899999999996	41.218900000000005	41.6999	41.473	41.4812	41.1762	41.3856	41.4367	41.570800000000006	41.2063	40.785700000000006	41.2588	41.3345	41.8322	41.6904	40.9852	41.6012	41.5213	40.9851	41.361	41.2609	40.949600000000004	41.6862	40.9208	41.2923	40.828399999999995	41.5747	41.125099999999996	40.8042	41.054	41.15	41.6849	41.0805	41.3995	41.026	40.8262	40.6498	41.2582	41.1013	41.1578	41.5949	40.8928	40.8872	40.7824	41.911300000000004	40.542699999999996	41.0964	40.7231	40.2937	41.221799999999995	41.262100000000004	41.0132	41.6511	40.4303	42.351	42.1871	44.5364
Sin-CPnd_023-Ex1-12B-lcwgs-1-2.clmp.r1r2_fastp	54.413500000000006	41.1928	40.4187	39.397	39.8682	39.1116	38.885	40.1362	40.4775	39.320100000000004	43.2641	42.9991	41.918	41.4584	41.4386	41.2406	41.435100000000006	41.430499999999995	41.694900000000004	41.5109	41.949999999999996	41.5499	41.6326	41.2132	41.2097	41.035	41.1899	40.9604	41.281400000000005	41.381499999999996	41.6338	41.4736	41.330299999999994	41.136	41.407500000000006	41.2581	41.1604	41.4702	41.2237	41.3688	41.6151	41.0511	41.4644	41.376200000000004	41.195	41.1423	41.247099999999996	40.8521	41.5499	41.2578	41.167	41.0143	40.975	40.8019	40.8529	40.9621	41.3989	41.2999	41.3925	41.149	41.336099999999995	40.7243	40.845	40.732099999999996	40.807500000000005	40.652899999999995	41.1292	41.046	41.0289	40.92	40.9856	40.7035	40.3731	40.602700000000006	40.4251	40.6599	40.7718	40.555400000000006	40.9417	40.4918	40.778	40.6802	40.785700000000006	40.4373	40.5046	40.7459	40.8526	40.4327	40.8547	40.7151	40.4959	40.6845	40.940599999999996	40.6787	41.0574	41.0786	41.2306	40.7608	40.9405	40.9205	40.6978	40.4071	40.9669	40.9308	41.1645	41.235	40.9889	40.991699999999994	40.8497	40.7178	40.6003	40.6881	41.0756	40.7532	41.195	41.0073	41.6389	41.220099999999995	40.8116	40.8624	41.0286	40.7506	40.8199	41.0422	40.7976	40.975699999999996	40.9818	41.8062	41.523900000000005	40.7312	41.33	40.8193	40.9354	41.4359	41.335100000000004	40.916799999999995	41.712199999999996	40.654	41.6278	41.211999999999996	41.166199999999996	40.7309	40.9888	41.5442	41.9105	41.757	42.1192	42.0622	41.5202	43.5421
Sin-CPnd_024-Ex1-12C-lcwgs-1-2.clmp.r1r2_fastp	54.68769999999999	41.022	40.1399	39.1412	39.446	38.8119	38.4598	39.7862	40.1793	39.0388	43.0361	42.5887	41.7293	41.1953	40.9661	41.0205	41.0914	40.9433	41.4694	41.2292	41.6569	41.3095	41.397800000000004	40.7724	40.7353	40.610099999999996	40.7094	40.6133	41.1867	41.0063	41.4426	41.2733	41.4167	40.7886	41.123599999999996	40.986200000000004	41.0351	41.0802	40.995599999999996	40.8658	41.5268	40.6805	41.2402	41.3511	40.9979	41.1526	41.076	40.4559	41.4151	40.8932	40.7047	40.7921	40.5925	40.3726	40.9101	40.7399	41.3221	40.8001	41.0973	40.6498	40.716	40.4745	40.6508	40.2017	40.4581	40.1705	41.0404	40.8611	40.7755	40.7783	40.779700000000005	39.9478	40.3544	40.0943	40.462399999999995	40.3984	40.964299999999994	40.672399999999996	40.7028	40.3312	40.2897	40.367399999999996	40.780300000000004	40.2352	40.3185	40.427099999999996	40.6371	40.6506	40.8367	40.3468	41.172599999999996	40.363	40.7214	40.38	40.6665	40.73	40.9354	40.9855	40.4256	41.3251	40.6672	40.3564	40.792899999999996	40.9227	40.9453	41.232	40.7291	41.3854	40.7157	40.9334	40.521	40.502	41.0876	41.0284	41.0006	41.5243	41.2759	40.9186	40.7767	40.7993	40.8549	41.1576	40.3645	40.8097	40.9495	40.969699999999996	41.174699999999994	41.3429	40.6605	41.643	40.957100000000004	41.4818	41.5993	41.214800000000004	41.401900000000005	41.7832	41.877399999999994	40.8387	41.7313	41.5835	41.031099999999995	41.397800000000004	41.808	40.7371	41.946	40.954299999999996	41.6623	41.6172	42.3875	44.0412
Sin-CPnd_025-Ex1-3B-lcwgs-1-2.clmp.r1r2_fastp	55.3999	40.7032	40.550799999999995	39.5136	41.3243	39.806599999999996	38.892500000000005	40.9493	41.0548	38.8632	44.2133	43.0765	42.6487	42.596000000000004	42.7659	42.7542	42.5139	42.379099999999994	42.261900000000004	42.4788	42.7659	41.863499999999995	42.4143	41.9103	41.6349	41.9221	41.4591	42.5022	41.758	41.3243	41.6349	42.3205	43.0413	41.484700000000004	42.2111	41.330099999999995	41.7885	41.5147	41.0787	41.7106	42.0243	41.5514	41.856500000000004	42.0754	41.638999999999996	41.1153	41.6391	41.531600000000005	42.4492	41.6406	42.154	41.5602	41.0518	41.3217	41.5745	41.182	41.923899999999996	41.6695	41.3468	41.8147	41.4829	40.8759	41.5539	40.58	41.1252	40.8629	41.330299999999994	41.5419	41.646	41.2101	41.9265	41.321999999999996	40.8969	40.125	41.8288	39.9798	42.6875	41.005	42.0914	40.8744	40.9688	41.1006	41.0159	40.8494	41.072399999999995	41.0163	41.0869	40.106700000000004	41.5514	40.9619	41.7364	41.2822	41.853	40.522200000000005	41.958400000000005	40.8809	40.9644	41.9465	40.1597	41.4311	42.2876	40.3475	41.8226	40.0323	41.5416	41.5375	40.1119	41.8292	41.0462	41.1415	41.048899999999996	41.335	40.9885	41.4181	41.0219	41.316900000000004	41.3705	41.5634	40.8619	40.833999999999996	40.9556	41.251	41.0227	41.0333	40.5574	40.274	41.1938	40.6789	41.2049	40.795700000000004	40.4972	41.0056	40.6421	41.0413	39.6395	42.0814	41.7615	40.9238	41.478	40.7578	40.281299999999995	42.1919	41.3316	40.049	40.1539	40.553	42.8068	40.8916	42.299	45.043499999999995
Sin-CPnd_028-Ex1-12H-lcwgs-1-2.clmp.r1r2_fastp	55.9797	40.0952	40.3107	38.79	40.0437	38.6966	38.4581	39.9922	40.2505	38.8621	43.537	43.0356	42.0492	41.3747	41.6702	40.883900000000004	41.61	41.282799999999995	41.755700000000004	41.3549	41.65	41.2265	41.6008	41.024899999999995	40.9599	40.9191	40.9584	40.8966	41.1231	40.989599999999996	41.3885	41.2772	41.213100000000004	41.0222	41.0624	40.8919	40.9684	40.937400000000004	41.0817	41.1389	41.2485	40.842800000000004	41.161500000000004	41.099000000000004	40.8966	40.9541	41.1227	40.8414	41.295300000000005	40.9869	41.078199999999995	40.8741	40.9415	40.8089	40.7279	41.0493	41.0826	40.97	41.2455	40.873599999999996	41.1708	40.6135	41.077999999999996	40.6094	40.7503	40.6449	40.9409	41.0939	41.0423	40.8463	41.0486	40.7476	40.7311	40.733200000000004	40.5918	40.8302	41.0673	41.1009	40.781099999999995	40.7591	40.9008	40.874700000000004	40.9848	40.7953	40.9598	40.4687	41.1271	41.1271	41.1856	40.5982	40.9242	40.9755	40.9815	41.0913	40.818599999999996	40.918	40.8323	41.1287	41.1645	41.2037	40.7844	41.0475	41.1468	41.4621	40.955799999999996	41.2426	41.2154	41.1601	41.0268	41.1168	41.085300000000004	41.0412	41.1233	41.0338	40.8298	41.127900000000004	41.1642	41.1129	40.7485	41.245	40.958600000000004	40.8717	40.7387	40.9066	41.010600000000004	40.909099999999995	41.307500000000005	40.9718	40.9579	40.9223	40.828199999999995	41.0922	40.7682	41.402499999999996	40.8496	41.2329	41.064	41.0653	40.7684	41.0306	40.6104	40.7641	41.0399	41.0604	41.4587	41.2059	40.935700000000004	41.407500000000006	41.842800000000004	43.077
Sin-CPnd_029-Ex1-4D-lcwgs-1-2.clmp.r1r2_fastp	55.1626	42.2395	42.760999999999996	40.8552	42.4671	41.5568	40.694	41.3388	42.192099999999996	40.4854	45.453700000000005	43.898700000000005	44.6857	44.534	42.5145	43.5479	44.4771	43.1402	43.8229	43.4057	43.339299999999994	43.377300000000005	43.5479	42.931599999999996	43.7376	43.254	42.8653	44.4013	43.7376	44.486599999999996	43.6807	43.1023	43.1687	43.2106	43.6586	42.7611	42.752	42.9893	43.4608	43.019800000000004	43.9656	43.7297	42.6869	42.7395	43.2766	42.8709	42.6448	42.234	42.0923	43.3303	43.4425	42.857099999999996	42.9138	42.769800000000004	42.471	42.472	42.7257	42.3782	42.8687	41.6198	43.2512	42.573	42.2128	43.1194	41.525600000000004	41.457699999999996	42.8799	42.5237	43.043	41.7519	42.404599999999995	42.6633	42.403200000000005	42.5957	41.3734	42.9103	42.6915	42.2431	44.114	42.863299999999995	42.5226	42.0719	42.410199999999996	43.4948	42.5579	42.5723	43.0541	41.623	42.1477	42.613	41.8558	42.492000000000004	41.881099999999996	41.2866	42.2387	41.8435	42.4242	40.9743	42.739399999999996	41.836	41.989900000000006	42.4753	43.0827	41.3127	41.3043	40.3955	41.7794	41.492000000000004	41.307100000000005	40.9507	41.5036	40.7745	44.0654	42.0827	41.979499999999994	42.7717	40.633	41.6753	42.9867	41.621	42.498599999999996	43.0603	42.0035	42.84	42.5259	41.2609	42.719699999999996	39.7224	41.9661	39.8065	43.4936	41.6969	41.1808	42.3512	39.4595	42.9022	41.862300000000005	43.4568	40.6066	43.3995	43.650800000000004	44.1944	43.4622	40.789500000000004	41.9139	44.1929	42.828300000000006	40.210499999999996	42.715199999999996	44.4169
Sin-CPnd_031-Ex1-3G-lcwgs-1-2.clmp.r1r2_fastp	56.6545	39.6076	39.8384	38.4178	40.619699999999995	39.6076	39.3146	40.1758	41.1968	38.648700000000005	43.967	43.8249	41.8805	42.502	42.2268	41.6585	42.6618	41.4099	41.693999999999996	42.8483	41.916	41.232400000000005	42.866	41.0637	41.7651	41.5253	41.5165	41.560900000000004	41.6496	41.0459	41.5697	41.5342	41.9338	41.2655	42.0039	41.7419	41.2651	42.2644	41.0845	41.8883	42.2909	40.1485	41.4203	40.7003	40.6002	41.005900000000004	41.1903	40.7084	41.8133	41.212199999999996	41.0142	40.144800000000004	41.2032	40.2149	40.842299999999994	40.5324	40.5103	42.2659	40.431200000000004	40.7427	41.7209	41.634	40.693200000000004	41.1141	40.4481	40.463100000000004	40.8631	40.9464	41.2592	40.7586	40.9842	40.3898	40.9873	40.5017	40.6227	41.0013	41.350500000000004	41.2525	41.307100000000005	41.5387	41.0072	40.6489	40.5161	40.1775	39.9973	40.6955	40.2417	41.063	41.0483	41.4534	40.0604	40.7014	40.158899999999996	40.4433	41.2332	40.0183	40.6989	41.0208	39.9398	41.4141	41.028999999999996	41.2134	41.0158	40.7571	40.4549	40.840900000000005	40.8174	39.899499999999996	40.5052	40.8915	39.7015	41.1798	40.2488	38.7386	41.5009	39.183299999999996	40.910000000000004	38.8752	40.3742	40.5617	39.3232	40.815	39.298300000000005	40.9803	40.4632	39.917	38.8434	39.961999999999996	41.5004	40.9844	38.7927	41.4304	38.896	39.9897	40.0261	39.9469	40.6706	39.6599	40.563900000000004	40.6117	39.1079	39.9356	38.237	40.9242	39.184999999999995	40.118500000000004	40.0952	39.8106	40.535900000000005	43.2647
Sin-CPnd_032-Ex1-3E-lcwgs-1-2.clmp.r1r2_fastp	59.1507	41.166799999999995	41.524	39.2618	41.6927	40.3929	39.5396	41.8912	41.5786	40.3929	44.3568	45.0315	44.704100000000004	42.8586	44.1038	42.5956	43.865700000000004	43.0868	43.1761	43.2009	43.8508	42.4269	43.5184	42.1045	42.7593	42.248400000000004	43.4638	42.7147	43.3596	42.933	42.7742	43.513400000000004	42.7097	43.5353	43.229299999999995	42.6765	42.5545	42.9477	43.100899999999996	42.7869	43.3548	42.2856	42.6211	42.210300000000004	42.696	43.0006	43.075599999999994	42.8879	42.8307	42.0086	43.026399999999995	42.5701	42.3723	42.8602	42.7406	42.3593	43.089	43.0572	43.0842	42.9796	43.271300000000004	43.124	42.2692	42.2808	43.0465	42.1059	42.4041	42.7303	42.9045	43.2665	42.753600000000006	42.651	42.9528	42.532399999999996	42.9865	42.946400000000004	42.8201	43.0569	42.6709	43.4472	43.0267	42.6096	43.120599999999996	42.2374	42.2837	43.7329	42.3989	42.9562	43.2195	42.8472	42.779	43.2797	43.317299999999996	42.1532	42.4251	42.9067	42.7282	43.0886	42.6382	43.4706	43.5452	42.300399999999996	42.971900000000005	43.0284	43.0465	42.9724	43.3849	42.5493	43.7271	42.477599999999995	43.999700000000004	43.2765	42.5397	42.3468	42.8598	43.1176	41.8972	43.306	42.5253	42.8627	43.2141	43.0863	42.768499999999996	42.7304	42.2236	43.135400000000004	42.7761	42.0054	42.9293	43.8342	42.471199999999996	42.211999999999996	42.3555	42.776399999999995	41.9486	42.6578	42.121399999999994	43.2877	42.3203	42.2114	41.4762	43.2422	42.126599999999996	42.6806	42.849199999999996	43.1445	42.5904	43.89	42.7552	44.007400000000004
Sin-CPnd_033-Ex1-1B-lcwgs-1-2.clmp.r1r2_fastp	54.1509	41.206199999999995	40.8277	39.894	42.9977	41.0548	39.338899999999995	41.559400000000004	42.795899999999996	39.6165	43.0734	44.3099	44.7388	42.165	41.1809	42.770599999999995	43.5024	43.048199999999994	43.6538	43.2248	44.108000000000004	42.9977	42.922	42.0389	43.477199999999996	42.972500000000004	43.351	42.8968	43.5024	42.4931	41.4333	42.972500000000004	42.745400000000004	41.4072	42.958600000000004	43.1737	39.9795	42.3821	42.108000000000004	41.208800000000004	41.6095	41.7222	43.2294	42.7757	42.7043	41.8147	41.7159	39.3499	42.2344	39.9766	41.8446	40.7887	43.4343	41.0814	41.1468	41.632000000000005	42.0916	40.731	41.6555	40.8316	40.5762	40.0141	41.0534	41.9426	43.1674	42.318	42.5399	41.7899	44.0865	41.6806	41.623900000000006	41.389900000000004	40.6055	40.948499999999996	39.8234	39.5161	42.6406	40.636	40.786699999999996	39.3288	40.6635	39.726	41.1534	39.359300000000005	43.3373	41.531	40.0617	40.963899999999995	42.050599999999996	40.239000000000004	42.019099999999995	40.6732	40.6004	41.7277	37.6036	42.1997	40.0638	40.686299999999996	40.700599999999994	41.8385	38.1579	39.3912	43.956	38.446999999999996	41.3295	36.963	41.7436	41.1333	40.7923	42.2737	39.8864	39.861000000000004	41.2186	38.3109	41.6979	42.9124	43.121700000000004	39.047599999999996	43.8108	42.180800000000005	40.3818	39.1502	39.5062	40.2536	37.4384	37.5421	40.1042	39.7163	40.909099999999995	41.650999999999996	39.2789	38.7033	42.5101	43.8669	39.1949	40.9978	44.642900000000004	44.5205	44.3662	40.909099999999995	43.3498	38.25	38.5787	38.3202	40.482600000000005	42.1053	36.236000000000004	38.8889	42.7273	48.0
Sin-CPnd_034-Ex1-3C-lcwgs-1-2.clmp.r1r2_fastp	55.154599999999995	40.1957	40.3925	38.7718	40.3511	39.791900000000005	38.689	41.164	40.8378	39.2896	44.2086	44.1257	42.2047	41.7646	42.5413	42.2151	42.2462	42.1633	42.2772	42.0649	42.1944	42.7639	42.039	41.8526	42.1012	42.0598	41.3193	41.8992	42.1892	41.4332	41.2468	42.4429	42.018299999999996	41.8153	42.1247	41.6684	42.011199999999995	41.5227	42.0538	41.882999999999996	41.7799	41.6464	42.195100000000004	41.3595	42.085	41.4426	41.7509	41.3849	41.7764	41.463	41.125099999999996	41.9859	41.429300000000005	40.9859	42.2294	41.4933	41.6782	41.4476	41.982	41.3598	41.783300000000004	41.0078	40.8889	40.9978	41.6001	41.43	41.9842	41.908699999999996	41.7726	41.9367	41.7404	41.8247	41.246	41.5795	42.1628	40.591699999999996	41.9325	41.7445	41.2364	41.7085	42.3672	41.9465	41.296	41.1765	41.7973	42.2558	41.423	41.780699999999996	42.0564	41.7189	41.925200000000004	41.9279	42.1879	41.759	42.220600000000005	41.2817	42.3481	42.122	41.5767	41.018	42.2589	41.395700000000005	42.6906	41.7431	42.419000000000004	40.997	42.1609	41.4696	41.8003	41.4131	41.2731	42.3191	41.9302	41.6354	41.9649	42.038599999999995	41.63	41.849	41.4494	41.7788	41.439	42.5221	42.2765	42.9871	41.5813	42.99	41.6539	42.857099999999996	41.2852	42.8649	43.0312	42.0435	43.0615	42.1573	42.9062	42.709399999999995	42.0148	44.1592	42.0241	42.1016	41.1171	42.277	42.1092	41.2452	42.4298	42.221	42.282199999999996	42.1893	43.725500000000004	45.0294
Sin-CPnd_035-Ex1-12D-lcwgs-1-2.clmp.r1r2_fastp	55.1308	40.1246	40.147800000000004	38.8091	39.6466	38.7164	37.9707	39.827	40.1151	38.491	42.9729	42.8634	41.904599999999995	41.4201	41.443799999999996	40.9076	41.4756	41.1011	41.3879	41.222500000000004	41.6374	41.315200000000004	41.516	40.7999	40.8476	40.7644	40.9221	40.7158	41.011199999999995	40.9998	41.2906	41.145700000000005	41.3202	41.0948	41.0077	41.076499999999996	40.9893	40.9998	41.1696	40.8871	41.2522	41.0416	41.0943	41.1629	40.9686	41.1757	41.1667	40.7975	41.3842	40.926899999999996	41.124100000000006	40.7056	40.92	40.7642	40.9111	41.0341	41.1006	41.0616	41.1568	40.9369	40.8748	40.7126	40.8944	40.7018	40.5677	40.7483	41.0651	41.045500000000004	40.718700000000005	40.9171	41.1249	40.6152	40.681200000000004	40.630500000000005	40.8768	40.929	40.753099999999996	40.6126	40.8482	40.881099999999996	40.9636	40.6731	40.8729	40.7877	40.5664	40.6723	40.692299999999996	40.7687	41.2925	40.6782	40.680899999999994	41.1487	40.9456	40.9212	40.9817	41.052	40.8808	40.8931	41.1428	40.786699999999996	41.226	41.2107	41.2287	40.9815	41.3044	40.842	41.005900000000004	41.1001	40.870200000000004	40.8196	40.998200000000004	40.6117	41.0706	41.0183	41.2504	41.3517	41.096500000000006	41.0904	41.1876	41.086299999999994	40.8394	40.9497	40.9642	41.0535	41.181400000000004	41.209	40.8863	41.2992	40.890100000000004	40.774	41.0713	40.781600000000005	41.105599999999995	40.853699999999996	41.067	40.8983	40.8809	40.8234	41.309000000000005	41.1256	40.7855	41.2906	40.859	41.163	41.4007	41.681000000000004	41.195100000000004	41.695	42.295899999999996	43.0792
Sin-CPnd_038-Ex1-11C-lcwgs-1-2.clmp.r1r2_fastp	54.7378	40.4416	39.9822	38.8849	39.740700000000004	38.5313	38.1947	39.5724	40.003	38.3635	43.0789	42.5159	42.0436	41.1611	41.2776	41.0041	41.3321	41.0751	41.415400000000005	41.2642	41.589	41.179300000000005	41.4683	40.8572	40.619499999999995	40.6681	40.653099999999995	40.5895	41.3	40.793600000000005	41.0639	41.2925	40.9961	40.8857	41.2254	40.710499999999996	40.883900000000004	40.8767	40.958800000000004	40.874	41.167	40.6082	41.135	41.0885	40.9667	40.8478	40.9664	40.7932	41.108200000000004	40.620400000000004	40.9345	40.5718	40.7692	40.475	40.5912	40.7296	40.8938	40.9106	40.8364	40.7727	40.4189	40.4752	40.6045	40.239000000000004	40.4401	40.408500000000004	40.8681	40.644200000000005	40.5685	40.7489	40.7921	40.1698	40.366600000000005	40.5954	40.3994	40.5156	40.5269	40.3639	40.231899999999996	40.4182	40.4723	40.3365	40.5003	40.0677	40.2684	40.4522	40.2033	40.5681	40.4308	40.2444	40.4807	40.611399999999996	40.3588	40.6304	40.625299999999996	40.2779	40.598	40.828399999999995	40.6148	40.8868	40.3211	40.7437	40.671099999999996	40.6765	40.489999999999995	40.3354	40.8064	40.6686	40.1137	40.3647	40.3756	40.4242	40.693	40.4313	40.8931	40.6135	40.3833	40.793	40.1796	40.4675	40.4904	39.9835	40.2721	40.1447	40.6613	40.700900000000004	40.7993	40.7719	40.604800000000004	40.758	40.1419	40.6981	40.9143	40.7472	40.2094	40.3364	40.5043	40.289199999999994	40.1163	40.4032	40.3494	40.787600000000005	40.6617	40.2978	40.8042	40.4669	41.0077	41.261700000000005	41.5824	43.0902
Sin-CPnd_039-Ex1-10F-lcwgs-1-2.clmp.r1r2_fastp	56.1886	41.1961	40.5443	39.3722	40.2314	39.423700000000004	39.0093	40.5876	40.7692	39.3381	44.155100000000004	43.420199999999994	42.5008	42.1417	42.0232	41.7102	42.187799999999996	41.679899999999996	42.179899999999996	41.9201	42.118	41.768	42.1034	41.4737	41.5797	41.4405	41.585100000000004	41.5008	41.808299999999996	41.466300000000004	41.8902	42.0083	41.9871	41.6519	41.8356	41.531400000000005	41.613499999999995	41.5073	41.781600000000005	41.382000000000005	41.8661	41.2961	41.6178	41.746	41.564499999999995	41.4181	41.4304	41.4943	41.82	41.6026	41.741099999999996	41.192499999999995	41.39	41.2136	41.3797	41.6227	41.368300000000005	41.4028	41.6591	41.6049	41.4348	41.3219	41.1774	41.0993	41.2304	41.1186	41.3475	41.6103	41.3711	41.6196	41.414899999999996	41.1115	41.236200000000004	41.0076	41.0268	41.148	41.5012	41.4117	41.295300000000005	41.3045	41.356500000000004	41.223	41.5555	40.9566	41.2636	41.2061	41.193200000000004	41.246	41.4134	41.2767	41.2344	41.5287	41.269600000000004	41.3621	41.1888	41.1566	41.1843	41.2246	41.431400000000004	41.4897	40.998000000000005	41.3791	41.401700000000005	41.2834	41.6188	41.269600000000004	41.3436	41.4248	41.367599999999996	41.349799999999995	41.3422	41.1828	41.3264	41.0943	41.4379	41.1541	41.0497	41.232400000000005	41.3039	41.052	41.236200000000004	40.766400000000004	40.7464	41.267900000000004	41.173	41.3223	41.3117	41.1781	41.0274	41.3603	41.283500000000004	41.1456	40.8283	41.3999	40.9774	41.2052	41.4794	40.8788	40.8883	40.8059	41.0476	41.4412	41.103899999999996	41.1218	41.4143	40.8489	41.0888	41.5229	41.9689	43.2195
Sin-CPnd_040-Ex1-11E-lcwgs-1-2.clmp.r1r2_fastp	55.332800000000006	40.9131	40.995	39.425	39.5343	38.7886	38.1607	39.5773	39.5189	38.9895	42.945499999999996	42.3783	41.6761	40.8324	40.9698	40.8072	41.0848	40.719699999999996	41.173500000000004	41.0018	41.4414	40.9601	41.185	40.5812	40.4976	40.6184	40.5932	40.5571	40.9784	40.8965	41.110600000000005	40.9194	40.991499999999995	40.8553	41.0999	40.783199999999994	40.6826	40.808	40.7712	40.8446	41.1456	40.6482	40.8329	40.8791	40.647800000000004	40.8257	40.9739	40.4891	40.828900000000004	40.691	40.7409	40.7317	40.6227	40.512100000000004	40.5531	40.5676	40.888600000000004	40.748400000000004	41.0709	41.0164	40.7654	40.408899999999996	40.7481	40.116800000000005	40.2639	40.3772	40.8343	40.7894	40.4719	40.8309	40.5024	40.4704	40.5131	40.2402	40.3444	40.4153	40.9025	40.5613	40.4613	40.2968	40.941100000000006	40.3172	40.646300000000004	40.321600000000004	40.1989	40.5802	40.4252	40.8722	40.31	40.2001	40.493	40.5463	40.6168	40.733999999999995	40.864200000000004	40.407900000000005	40.608	40.6653	40.516999999999996	40.7426	40.5481	40.337	40.7462	40.574	41.0681	40.5874	40.880300000000005	40.7185	40.3498	40.8784	40.191300000000005	40.6156	40.8213	40.1013	40.663199999999996	40.692	40.2558	40.6405	40.4171	40.0727	40.2449	40.2977	40.167500000000004	40.5082	40.6158	40.5479	40.2436	40.7028	39.9133	40.4842	40.4732	40.5736	40.521	40.7896	40.5381	40.244	40.6823	40.354	40.359899999999996	40.6353	40.2766	40.671099999999996	40.663700000000006	40.7786	40.8306	40.4791	40.3161	40.7993	41.543600000000005	43.1997
Sin-CPnd_042-Ex1-10D-lcwgs-1-2.clmp.r1r2_fastp	54.4539	42.5082	40.2618	40.2413	40.6014	39.5265	38.940000000000005	40.7652	40.8761	39.7046	43.2934	43.0543	42.1124	41.6423	41.6438	41.3945	41.6423	41.9668	42.1884	41.9367	42.052299999999995	41.6866	41.9225	41.2655	41.4974	41.396899999999995	41.3557	41.356500000000004	41.8053	41.2908	41.6011	41.7064	41.8283	41.4084	41.5487	41.7589	41.381499999999996	41.5929	41.4274	41.7348	41.922399999999996	41.254400000000004	41.3102	41.7898	41.5246	41.608000000000004	41.5744	41.2905	41.8509	41.472300000000004	41.5745	41.5441	41.322399999999995	41.0916	41.5134	41.249900000000004	41.300599999999996	41.278999999999996	41.7118	41.358200000000004	41.3527	41.162	40.9399	41.135	40.7592	41.161500000000004	41.1282	41.3478	40.9011	41.3395	41.2184	40.920899999999996	40.6314	40.5951	40.9378	41.035199999999996	41.0959	40.7798	41.018	41.077999999999996	40.956399999999995	41.0074	41.0848	40.7171	40.8364	41.0561	41.1462	40.6295	41.0401	40.7707	40.4568	40.6098	40.5195	41.0343	40.9576	41.3758	41.2733	40.949400000000004	40.9618	41.1171	41.1765	40.5796	41.0148	41.0008	41.043099999999995	41.2385	41.0874	41.0331	40.9597	41.580099999999995	40.356700000000004	40.9628	41.1172	41.0027	40.9579	41.237899999999996	40.8915	40.9222	41.2093	40.7111	40.8493	40.7682	40.2738	41.0097	40.884100000000004	41.183	41.6068	41.5991	40.838	40.8667	41.2433	40.6051	41.5233	40.9695	40.8516	41.6163	41.665	40.9644	41.3727	41.944700000000005	41.1173	40.6947	41.4142	41.3801	41.763099999999994	42.271	41.914	40.6491	43.0942	44.013799999999996
Sin-CPnd_043-Ex1-1C-lcwgs-1-2.clmp.r1r2_fastp	57.4259	40.5622	40.5896	38.5295	41.0013	39.108399999999996	38.5102	40.284	40.883900000000004	38.6179	43.8446	44.1003	42.9472	42.2541	42.521	41.5738	42.1495	41.7845	42.3104	41.7539	42.742999999999995	41.6639	42.0257	41.1766	41.679899999999996	41.2119	41.191	41.6526	41.7378	41.5481	41.7282	41.7748	41.8086	41.503099999999996	41.4402	41.4616	41.453	41.550399999999996	41.544799999999995	41.621399999999994	41.6344	41.2736	41.5679	41.3706	41.3295	41.7536	41.6234	40.9774	41.564499999999995	41.1736	41.2503	41.221999999999994	41.3745	41.1151	41.564	41.5741	41.3622	41.3915	41.7798	41.6633	41.2092	41.5512	40.9585	41.266799999999996	41.1146	41.2372	41.320800000000006	41.4684	41.1081	41.8739	41.141299999999994	41.2107	41.550399999999996	40.785700000000006	41.1794	41.3868	41.3501	41.0188	41.187000000000005	41.3672	41.1211	41.2202	41.288399999999996	40.7645	41.0873	40.8414	41.231	41.0812	41.1767	41.2222	41.5221	41.7607	41.328199999999995	41.7801	41.2687	40.7371	40.5942	41.0543	40.9644	41.485699999999994	40.8998	41.342	41.280899999999995	41.1298	41.529500000000006	41.1894	41.5562	40.6634	41.1887	41.0178	40.6586	40.6729	41.0065	41.19	41.1691	41.0904	41.2939	41.2853	41.074	40.800799999999995	41.3985	40.457300000000004	40.124700000000004	41.4578	40.5676	41.0456	41.0394	40.753699999999995	40.4756	41.1544	41.0146	40.8476	41.2238	40.443	40.9705	40.932	40.9225	40.123999999999995	40.562799999999996	40.6071	40.1888	40.9296	40.5906	40.4336	40.4951	41.062	40.3932	40.865899999999996	41.415800000000004	42.9947
Sin-CPnd_044-Ex1-2C-lcwgs-1-2.clmp.r1r2_fastp	55.4642	43.713499999999996	43.6918	41.0084	43.3023	43.0859	41.939	42.8262	42.912800000000004	41.484500000000004	45.401399999999995	44.8821	43.8433	44.5791	43.4538	44.946999999999996	43.562	43.4754	45.163399999999996	44.2761	43.4754	44.406	44.081399999999995	44.081399999999995	44.102999999999994	43.107600000000005	44.5575	43.1941	43.6269	43.107600000000005	43.7568	43.259	43.3889	44.0096	44.5246	45.170500000000004	42.885600000000004	43.1757	42.950500000000005	43.6562	43.162	42.8936	43.0614	43.5782	43.4489	41.827999999999996	43.1807	42.503800000000005	41.760799999999996	43.9844	43.0688	42.4071	42.456700000000005	41.673700000000004	43.1988	42.1999	41.2244	42.7379	41.2975	42.1087	44.3446	41.3274	43.5224	42.3917	42.9147	42.219699999999996	42.6154	43.9478	43.1301	42.0987	40.3903	42.3144	43.2203	42.0037	43.1689	40.8602	41.8722	41.5678	41.306599999999996	43.1978	41.9822	43.3962	39.9766	41.2228	43.1056	41.6614	44.2559	42.6186	41.8733	40.746	42.3521	40.5667	43.1298	40.4724	40.531800000000004	41.4876	43.5811	44.0841	41.5094	42.4746	43.412299999999995	40.0387	42.9842	42.2222	41.2008	40.4233	43.4024	43.512299999999996	43.686	40.9681	42.0097	41.915400000000005	41.497499999999995	40.0261	41.5882	41.4938	44.8664	42.1053	41.1677	44.7853	42.9688	39.8714	43.322500000000005	42.4749	39.9317	37.7816	40.8127	42.5993	36.3469	40.4537	40.3101	35.8566	40.853699999999996	39.5789	39.9568	42.8256	37.8378	39.6752	40.047399999999996	42.3729	39.4472	43.5115	40.1042	39.7849	43.9891	43.9776	46.2644	52.537299999999995	40.8228	47.0803
Sin-CPnd_045-Ex1-11H-lcwgs-1-2.clmp.r1r2_fastp	57.1617	37.6948	39.3953	37.2633	39.0537	37.7465	37.246	38.9281	39.312200000000004	37.0253	42.979299999999995	42.4488	41.5103	40.8326	40.7885	40.3754	40.868700000000004	40.4383	40.8056	40.569	40.7644	40.3366	40.5167	40.0245	40.0538	39.987	39.9913	39.9674	40.2556	40.0809	40.368900000000004	40.2889	40.335100000000004	40.112500000000004	40.230199999999996	39.9731	40.0872	39.9481	40.0483	39.9833	40.1909	39.9484	40.1663	40.1829	40.0081	39.995799999999996	40.0482	39.9334	40.1356	39.9659	40.0942	39.9471	40.0005	39.8971	39.9932	39.9839	40.0708	39.9326	40.1506	39.9867	40.0623	39.8971	39.9709	39.8134	39.942299999999996	39.7963	40.0479	40.0522	40.049800000000005	40.0472	40.1265	39.9563	39.9242	39.8793	39.8916	39.8773	39.994099999999996	39.929199999999994	39.903499999999994	40.0012	39.9957	39.9219	40.0239	39.8333	39.9373	39.8277	39.9094	39.774	39.949	39.8125	39.948699999999995	39.9436	39.960499999999996	39.9311	40.0098	39.8602	39.9175	39.8732	39.856	39.9352	39.9303	39.8828	39.903499999999994	39.848299999999995	39.8806	39.7999	39.8266	39.7148	39.785900000000005	39.7773	39.787800000000004	39.7006	39.7434	39.6911	39.7827	39.7051	39.6227	39.6486	39.6544	39.58	39.5694	39.5986	39.5248	39.629599999999996	39.656400000000005	39.5989	39.6474	39.5893	39.5207	39.343	39.4752	39.474	39.5112	39.5606	39.4963	39.471000000000004	39.4771	39.364900000000006	39.447900000000004	39.2766	39.3152	39.4192	39.5554	39.4679	39.6381	39.6062	39.6013	39.8173	40.3194	41.7003
Sin-CPnd_049-Ex1-4C-lcwgs-1-2.clmp.r1r2_fastp	55.2683	41.8095	42.3855	42.0062	41.8235	41.0509	40.1517	42.146699999999996	42.4417	40.8823	44.886199999999995	45.6167	44.9705	44.731700000000004	44.0011	43.5375	43.0177	43.692	44.4788	44.8722	43.6359	43.2284	43.4251	44.549	43.116	43.9871	43.4813	43.087900000000005	42.9615	43.678	44.816	43.495400000000004	42.6524	43.0346	43.5084	43.089	43.6865	42.6104	42.7124	44.1189	43.6324	42.8212	44.2518	42.9349	43.3287	43.9017	43.4001	43.2085	43.5531	43.7215	43.043	41.765600000000006	42.9298	42.4504	40.8995	42.9234	41.9677	43.1747	42.6634	42.112300000000005	42.1689	43.5577	42.8398	41.2299	42.3886	42.817499999999995	42.8416	41.6888	43.1249	42.6897	42.4306	42.243399999999994	42.6898	42.9393	42.1295	41.2333	41.9493	42.224000000000004	43.8997	41.842	42.1617	42.9081	41.8513	41.307700000000004	42.5579	41.4095	40.624	40.367	42.6547	43.0704	42.0174	41.952099999999994	42.0279	43.2464	41.356300000000005	43.4609	42.1353	42.1512	41.0593	41.9481	42.467	42.3928	41.4207	40.2272	42.6918	43.7593	42.994	41.958800000000004	40.505	43.462	41.7618	41.7178	40.6712	42.065799999999996	40.2468	41.5812	39.951	42.7681	42.148799999999994	43.0149	43.646	39.8363	42.727900000000005	39.3746	42.857099999999996	41.2117	43.394800000000004	42.3438	42.5178	40.0	42.869	39.658100000000005	43.4211	42.959599999999995	44.2502	44.048700000000004	41.6107	41.4062	43.9243	38.2353	43.595	39.1676	43.322500000000005	40.9598	41.8578	42.7059	45.0602	43.1931	42.3329	44.2573
Sin-CPnd_050-Ex1-9B-lcwgs-1-2.clmp.r1r2_fastp	54.2474	42.2669	40.6415	40.2209	40.691100000000006	39.9202	39.4261	41.1398	41.385	40.302	44.021100000000004	43.472699999999996	42.604	42.1159	42.085499999999996	41.9375	42.211999999999996	42.248400000000004	42.4005	42.239399999999996	42.4518	42.394	42.3277	41.8939	41.8062	41.8068	41.998999999999995	41.928	42.1982	41.795500000000004	42.342600000000004	42.2651	42.018699999999995	42.0327	42.0142	41.971199999999996	41.9815	42.0798	41.7956	42.1103	42.1968	41.5193	41.8188	42.0882	41.9077	41.9634	41.883199999999995	41.607	41.841699999999996	41.8322	41.6634	41.6984	41.438199999999995	41.5901	41.403400000000005	41.7941	42.0115	41.827799999999996	41.9174	41.8667	41.5665	41.2068	41.3889	41.3356	41.3931	41.2388	41.6407	41.7251	41.3589	41.7502	41.238	40.9427	41.1559	41.3397	40.979	41.546	41.5733	41.1777	41.3574	41.010999999999996	41.206900000000005	41.166399999999996	41.1098	40.8993	41.0708	40.842800000000004	40.9853	41.3313	41.2795	40.9275	41.2031	41.2657	40.9487	41.2175	41.2982	41.192099999999996	41.009	41.3914	41.3499	41.2786	40.945100000000004	40.9464	41.238200000000006	41.3065	41.6221	41.076299999999996	41.7639	41.289500000000004	41.222500000000004	41.0015	41.371	40.949200000000005	41.5341	41.7327	41.218199999999996	41.7024	42.1086	42.2476	41.3093	41.4051	41.19	41.6346	40.841699999999996	41.463100000000004	41.876400000000004	42.4011	42.115700000000004	42.3884	41.2169	42.0955	41.685100000000006	42.135600000000004	41.659	42.152699999999996	42.633900000000004	42.1393	42.3516	42.314	42.7412	42.735	41.7618	41.4758	42.7909	41.707699999999996	42.6631	42.0261	42.959	41.6567	44.344699999999996	44.214
Sin-CPnd_051-Ex1-12G-lcwgs-1-2.clmp.r1r2_fastp	54.5135	40.116	40.5238	39.2143	39.519	38.6687	38.556200000000004	39.7807	39.775	39.020500000000006	42.7935	42.708	41.371	41.2306	41.0881	40.9316	41.2959	40.8332	41.2576	41.1622	41.4405	41.2249	41.214	41.0736	40.5476	40.6663	40.658	40.7186	41.0783	40.9544	41.265800000000006	41.2912	41.1762	40.888799999999996	41.06	40.962900000000005	40.6151	41.0236	40.9671	41.1371	41.364200000000004	40.8854	41.070299999999996	41.0392	40.8949	40.7414	41.0769	40.6744	41.1708	40.9553	41.1163	40.6557	40.6775	40.7273	40.8511	40.7037	41.084900000000005	40.931200000000004	41.1497	41.0488	40.8408	40.6961	40.6186	40.3311	40.6112	40.3729	40.8929	40.9191	40.6729	40.6609	40.6844	40.4522	40.4829	40.3976	40.3735	40.6155	40.8096	40.3765	40.5545	40.6613	40.4772	40.588800000000006	40.8857	40.2334	40.5937	40.5991	40.5014	40.8503	40.9702	40.623799999999996	40.9004	40.769	40.7039	41.0321	40.8455	41.108200000000004	40.7722	41.0843	40.9018	41.0723	40.8106	40.679300000000005	40.824	41.1935	41.2626	40.9201	41.545	41.2213	41.1447	40.7613	40.9369	40.9394	41.1331	40.996700000000004	41.3763	41.442099999999996	41.4289	41.1773	40.697100000000006	40.868700000000004	40.974199999999996	41.0047	41.4535	40.8769	41.7133	41.1898	41.2655	41.5735	40.6681	41.4302	41.2161	41.1102	41.5997	41.3904	41.2052	41.8576	41.4965	41.660199999999996	40.7971	41.5811	41.2012	41.5927	41.2298	40.9823	41.3179	42.2162	41.9614	41.7973	42.2667	43.5242
Sin-CPnd_053-Ex1-9G-lcwgs-1-2.clmp.r1r2_fastp	54.2284	42.0863	40.501	40.0148	40.3788	39.7677	39.2099	40.8424	40.763	39.6941	43.5525	43.1961	42.1633	41.806	41.7368	41.721399999999996	42.0671	41.7305	41.958400000000005	42.1113	42.0825	41.8252	42.1565	41.6103	41.543	41.4872	41.633399999999995	41.484300000000005	41.7132	41.7704	41.768	41.895900000000005	41.7743	41.8589	41.6931	41.666	41.451100000000004	41.7645	41.514	41.8038	41.8458	41.3883	41.5423	41.7487	41.333999999999996	41.651500000000006	41.4315	41.5939	41.6271	41.461999999999996	41.4111	41.2443	41.166399999999996	41.183	41.2771	41.389700000000005	41.248400000000004	41.3118	41.6629	41.368	41.2527	40.9551	40.950900000000004	40.7117	40.9943	41.0103	41.1393	41.358200000000004	41.0363	41.1776	41.1774	40.944900000000004	40.7941	40.6458	40.679500000000004	40.725	41.0129	41.0186	40.8162	40.9241	40.7322	40.943200000000004	40.8786	40.4549	40.8766	40.6665	41.043600000000005	40.869	40.4756	40.8802	40.7993	41.3286	41.1513	41.4169	41.0713	41.391099999999994	40.907700000000006	40.9266	41.1344	41.071600000000004	41.1606	40.9902	41.2578	41.5665	41.275800000000004	41.0987	41.3661	41.4944	41.0611	40.9822	40.9227	41.315400000000004	41.4232	40.9268	41.3304	41.4912	40.8921	41.2118	41.752	41.1072	40.976	41.2545	41.4619	41.1367	41.4378	41.5865	41.961999999999996	41.4318	41.7153	41.178799999999995	41.5368	41.1617	41.533300000000004	41.6588	41.0277	41.8803	41.674	40.739599999999996	42.0343	41.2105	41.6607	41.9814	42.1126	42.1925	41.8389	42.3038	41.3757	41.827799999999996	42.639300000000006	43.6772
Sin-CPnd_058-Ex1-9D-lcwgs-1-2.clmp.r1r2_fastp	54.066199999999995	42.5981	40.563900000000004	40.3034	40.624700000000004	39.901599999999995	39.135	41.2569	41.0227	39.8082	44.083299999999994	43.3199	42.5277	42.0452	41.7368	41.6811	42.144999999999996	41.6344	42.1444	42.051	42.1162	42.1655	42.1182	41.5442	41.6523	41.6798	41.7349	41.5896	42.193000000000005	41.8456	42.1598	42.296099999999996	41.9	41.7796	42.0358	41.7651	41.6717	41.6975	41.9477	42.0253	42.2417	41.266000000000005	41.906	42.1248	41.7843	41.7732	41.786699999999996	41.4904	42.1598	41.620200000000004	41.6667	41.5565	41.2303	41.426	41.902	41.7189	41.9671	41.6625	41.9581	41.464800000000004	41.4207	41.225699999999996	41.2947	41.0783	41.1378	41.2447	41.6582	41.5045	41.3742	41.603899999999996	41.7513	40.681400000000004	41.0034	41.28	41.075	40.9043	41.6621	41.0456	41.0618	40.906	41.3273	40.820299999999996	41.0304	40.6299	41.0207	41.0635	41.220099999999995	41.0384	41.0658	40.7907	40.8682	40.8237	41.105599999999995	41.6454	41.3632	41.7005	40.991499999999995	41.369	41.368100000000005	41.5176	40.6744	41.1385	41.181	41.4272	41.080299999999994	41.524899999999995	41.716300000000004	41.3647	41.6367	41.2978	41.1416	41.349599999999995	41.4318	40.6746	41.997099999999996	42.0443	41.3373	41.4403	41.8386	41.6145	41.753099999999996	40.666000000000004	40.820299999999996	40.9345	41.3138	41.5697	41.9738	41.6903	41.2486	41.355	41.8735	41.3891	41.9054	40.9471	41.917500000000004	42.052800000000005	41.727799999999995	41.5154	41.9007	41.659600000000005	41.6482	41.756	42.3977	41.515	42.4949	42.9728	41.479	42.928	42.5752	45.0074
Sin-CPnd_061-Ex1-9A-lcwgs-1-2.clmp.r1r2_fastp	54.6745	42.3843	40.309	39.7199	40.6112	39.8225	39.048500000000004	40.690599999999996	40.9188	39.7946	43.5725	43.1375	42.3968	41.9985	41.7402	41.4859	41.928599999999996	41.7639	42.0572	42.0418	42.3114	41.8249	42.091	41.741299999999995	41.4782	41.326499999999996	41.5084	41.4628	41.8581	41.444399999999995	41.936299999999996	42.113499999999995	41.8504	41.7022	42.012899999999995	41.5774	41.3924	41.8045	41.6954	41.486200000000004	42.0767	41.4615	41.4647	41.7124	41.6007	41.5459	41.754599999999996	41.4551	41.967	41.4379	41.8669	41.301700000000004	41.5007	41.125299999999996	41.369099999999996	41.4626	41.8812	41.5487	41.9063	41.4953	41.3123	41.010000000000005	41.322399999999995	40.7678	40.9986	41.0439	41.3782	41.7445	41.4009	41.7156	41.417300000000004	41.2462	40.7436	41.153800000000004	41.1144	41.1984	41.5226	40.971999999999994	41.0754	40.944599999999994	41.3821	40.9858	41.0766	40.8977	41.1078	41.2839	40.990300000000005	41.2528	41.5544	41.1081	41.3241	41.098	41.552299999999995	41.3903	41.204299999999996	41.5899	41.2094	41.3713	41.031800000000004	41.4719	40.9052	41.2213	41.0951	41.3769	41.6643	41.3454	41.5201	41.464	40.7177	41.1353	41.6873	41.2054	41.315400000000004	40.9384	40.8287	41.759800000000006	41.6834	41.204800000000006	41.0715	40.9358	41.0261	41.0528	40.9929	40.5634	41.3288	41.5257	41.444399999999995	41.7708	41.6612	41.4791	41.3175	40.9239	41.4989	41.7028	41.5012	41.9904	41.3553	40.689	41.067	41.0684	41.7992	41.6929	41.335	41.3879	42.1915	41.4977	41.9601	41.9553	42.3927	44.0385
Sin-CPnd_062-Ex1-11D-lcwgs-1-2.clmp.r1r2_fastp	54.2064	40.6491	40.2293	39.0751	39.4917	38.663599999999995	38.3668	39.8246	40.022000000000006	38.892900000000004	42.8748	42.3885	41.6107	41.0364	40.7433	40.9129	40.9673	40.956900000000005	41.1338	41.0197	41.4761	41.0029	41.042699999999996	40.5831	40.6878	40.503	40.7689	40.492	41.0349	40.6402	41.0322	41.119099999999996	41.1113	40.7688	41.0593	40.7023	40.7641	40.976099999999995	40.8732	40.9231	41.315000000000005	40.9066	40.7647	41.0078	40.9004	40.9864	41.2486	40.3425	40.9517	41.06	40.9394	40.5773	40.8309	40.2961	40.7282	40.732	40.9867	40.6526	40.9912	40.829100000000004	40.5541	40.4234	40.5839	40.2042	40.327200000000005	40.2497	40.481899999999996	40.6986	40.6834	40.795700000000004	40.5768	40.356700000000004	39.9162	40.0312	40.1613	40.4567	40.4402	40.4472	40.572900000000004	40.225100000000005	40.4771	40.1895	40.2061	40.291700000000006	40.2315	39.9306	40.1102	40.3971	40.5581	40.1982	39.9113	40.2932	40.437400000000004	40.347899999999996	39.9862	40.7094	40.1912	40.6343	40.4806	40.5111	40.2591	40.195100000000004	40.4111	40.1865	40.6342	40.3338	40.2697	40.576499999999996	40.1464	40.4121	40.3426	40.0304	40.4325	40.384100000000004	40.5165	40.1102	40.335300000000004	40.3746	40.259499999999996	40.1129	39.9046	40.334399999999995	40.3643	39.9174	40.2179	40.2035	40.7212	40.3551	40.1266	40.4926	40.3708	40.2238	40.2547	40.3384	40.134	40.9814	40.825	40.280100000000004	40.7375	40.5439	40.4382	40.2351	40.5055	40.802899999999994	40.1794	41.043600000000005	40.7817	40.6712	41.1522	42.606899999999996
Sin-CPnd_063-Ex1-9F-lcwgs-1-2.clmp.r1r2_fastp	55.1177	42.4943	41.0163	40.1027	41.2188	40.0227	39.608	41.1112	41.342	40.0726	43.9753	43.7385	42.8044	42.233399999999996	42.3566	42.111399999999996	42.2971	42.139700000000005	42.533300000000004	42.261700000000005	42.5171	42.1871	42.2028	41.9599	41.7045	41.7898	41.9659	42.025400000000005	42.21	42.0104	42.2881	42.3765	42.4336	41.875	42.323699999999995	42.0365	42.0176	42.0496	42.1766	42.0422	42.3373	41.653099999999995	42.084500000000006	42.1607	41.7549	41.944700000000005	42.1018	41.849199999999996	42.297200000000004	41.619	41.9287	41.6406	41.943599999999996	41.2995	41.7988	41.8821	41.9085	42.0021	41.9066	41.332	41.5711	41.5542	41.4593	41.475899999999996	41.6444	41.3283	41.5148	41.7435	41.491699999999994	41.2481	41.7674	41.256	41.0938	41.2941	41.139399999999995	41.1611	41.6611	41.3532	41.2293	41.2646	41.2923	41.3381	41.3065	41.3673	40.8306	41.3649	41.4424	41.2493	41.4276	41.0704	41.3872	41.5807	41.3803	41.0892	41.529700000000005	40.9281	41.4665	41.4735	40.971999999999994	41.4978	41.059200000000004	41.53	41.064099999999996	41.145399999999995	41.828199999999995	41.4195	41.8045	41.6034	41.0069	41.462900000000005	41.7304	41.0732	41.6266	40.990300000000005	41.118900000000004	41.8775	40.7461	41.768699999999995	41.672599999999996	40.7221	41.4974	41.4618	41.043	41.6148	41.4407	41.9261	41.6978	41.7351	40.8904	41.3543	41.214800000000004	41.2255	41.882000000000005	42.0154	41.414699999999996	41.5022	42.6218	41.2573	41.4514	41.531400000000005	41.6751	41.6346	41.7625	41.3679	41.2233	42.0762	41.5894	41.6117	42.370799999999996	43.2208
Sin-CPnd_065-Ex1-11B-lcwgs-1-2.clmp.r1r2_fastp	53.7834	40.8463	40.1815	39.0403	40.0061	39.042300000000004	38.5289	39.9639	40.0691	39.3539	43.1597	42.7769	41.7984	41.3252	41.1442	40.9851	41.436499999999995	41.1854	41.572199999999995	41.4731	41.5163	41.262100000000004	41.6149	40.921600000000005	40.8677	40.6374	41.0192	40.8814	41.1493	40.9109	41.1498	41.4024	41.1727	41.0912	41.1285	41.037800000000004	40.8619	41.1535	41.2253	41.142	41.247699999999995	41.0419	41.2044	41.0983	40.8701	40.902	40.787	40.777	41.3682	41.0113	40.8225	40.676	40.527	40.6188	40.651700000000005	40.9428	40.9404	40.751	41.0267	40.9779	40.6378	40.4666	40.7543	40.2923	40.4918	40.2194	40.7686	40.6192	40.6074	40.692699999999995	40.6993	40.361999999999995	40.166000000000004	40.2128	40.0643	40.3374	40.342800000000004	40.3269	39.976800000000004	40.5045	40.173500000000004	40.1123	40.4275	40.045700000000004	40.104299999999995	40.137699999999995	40.4852	40.4527	40.557	40.2614	39.909	40.3853	40.4979	40.4745	40.4378	40.396300000000004	40.6105	40.6643	40.4913	40.2202	40.2481	39.7159	39.9303	40.028200000000005	40.3662	40.3007	40.4754	40.6316	40.0694	40.248400000000004	40.3023	40.2598	40.1445	40.6332	40.3538	40.111000000000004	40.3987	40.5332	40.5256	40.2273	40.0422	40.035199999999996	40.104099999999995	40.192499999999995	40.3642	40.1656	40.9183	40.0528	40.3476	39.9862	39.880500000000005	40.3311	40.342800000000004	40.4236	40.201	40.347100000000005	40.7215	40.0201	40.518	40.374700000000004	39.9299	40.1696	40.1295	40.0698	40.4807	40.787	40.8104	40.2231	42.1648	43.196200000000005
Sin-CPnd_067-Ex1-9C-lcwgs-1-2.clmp.r1r2_fastp	55.035199999999996	42.1835	40.690599999999996	39.679700000000004	40.5957	39.6777	39.0178	40.5472	40.8572	39.7367	43.7228	43.4766	42.4709	42.017500000000005	41.7918	41.6345	42.131	41.9146	42.1091	42.0109	42.2326	42.0069	42.2452	41.8848	41.5476	41.5974	41.7786	41.4493	42.085899999999995	41.5569	42.0195	42.113099999999996	41.8815	42.0107	41.8165	41.8022	41.9638	41.929100000000005	41.7897	41.6223	41.8947	41.6501	41.529500000000006	41.995599999999996	41.8701	41.7841	41.4584	41.2881	41.776799999999994	41.6292	41.551300000000005	41.347699999999996	41.4959	41.0049	41.4376	41.6689	41.7802	41.619	41.862700000000004	41.5602	41.3542	41.2143	41.2092	40.9315	41.051500000000004	41.0637	41.0417	41.5765	41.2174	41.144999999999996	41.2568	41.0077	40.9261	40.8239	40.9831	41.0757	41.165600000000005	40.929500000000004	41.1206	40.9043	40.9841	40.829	41.3397	40.5583	40.9391	41.0361	41.1842	41.134	41.1093	40.9046	41.0687	41.0603	41.2639	40.997099999999996	41.2292	41.234300000000005	40.9875	41.1086	41.5499	41.1053	41.2229	41.2397	41.1304	41.388000000000005	41.412	41.2824	41.8715	41.2574	40.8112	41.4563	40.9458	41.2321	41.1164	40.9461	42.0107	41.7643	42.0831	41.7728	41.612100000000005	41.2724	41.417500000000004	41.762899999999995	41.5428	40.8728	41.6622	41.5971	42.541000000000004	41.127900000000004	41.5756	41.6159	41.586800000000004	41.3299	42.0819	42.052299999999995	41.3598	41.7056	41.478300000000004	41.531	41.5797	41.849	41.4356	41.7829	42.3008	41.4927	41.951100000000004	41.948	42.0675	43.1982	42.8471	44.4444
Sin-CPnd_074-Ex1-12A-lcwgs-1-2.clmp.r1r2_fastp	54.5093	41.025099999999995	40.027499999999996	38.990700000000004	39.4599	38.529799999999994	38.035799999999995	39.4001	40.042	39.118700000000004	42.6714	42.859199999999994	41.5411	41.0347	40.8854	40.7341	40.8854	41.0058	41.0203	40.9563	41.5858	41.2349	41.2328	40.7072	40.6804	40.5717	40.9859	40.6935	41.0464	41.0437	41.1744	41.2246	41.1847	40.863699999999994	41.1316	40.7648	40.6691	41.25	40.9881	41.0931	41.0051	40.9057	41.1061	41.3234	41.0755	41.0838	41.3715	40.7223	41.237899999999996	40.930499999999995	41.034	40.9066	40.586299999999994	40.5588	40.7204	40.800399999999996	41.131099999999996	40.9911	41.3112	40.8895	40.8998	40.2718	40.8255	40.043099999999995	40.3181	40.3117	41.1026	40.9248	40.8905	40.7339	40.8981	40.4615	40.527	40.1954	40.0467	40.5029	40.5472	40.0405	40.612700000000004	40.503099999999996	40.7196	40.644999999999996	40.8151	40.597100000000005	40.3117	40.563900000000004	40.8327	40.5004	40.7886	40.5755	41.117599999999996	41.018	40.9563	41.0362	41.077999999999996	40.822199999999995	41.012100000000004	41.320800000000006	40.9128	40.9068	40.691	40.8511	40.813300000000005	40.863699999999994	41.2648	41.0468	41.3089	41.2977	40.983999999999995	40.9744	40.9435	40.921800000000005	41.324	40.667500000000004	41.144999999999996	41.2104	41.3151	41.028	41.0	40.9587	40.595	41.0011	40.7316	41.057100000000005	41.0322	41.0597	41.5274	41.1175	41.5733	40.831	41.006	40.737899999999996	41.3977	40.9246	40.8105	41.5673	41.4323	41.5225	41.2999	41.2303	41.1198	40.529900000000005	41.1515	41.0952	40.655	41.068	41.359	41.793	42.3769	42.734899999999996
Sin-CPnd_075-Ex1-11G-lcwgs-1-2.clmp.r1r2_fastp	53.5031	40.6965	39.739200000000004	38.7312	39.4724	38.4543	38.2727	39.5861	39.804899999999996	38.684000000000005	42.573	42.276799999999994	41.3234	40.538999999999994	40.640100000000004	40.5963	40.995799999999996	40.672000000000004	41.0951	40.7188	41.2211	40.7862	40.8916	40.427	40.4638	40.1308	40.2905	40.2787	40.644000000000005	40.5163	40.9126	40.9669	40.759499999999996	40.370400000000004	40.7688	40.3632	40.4698	40.566	40.6995	40.6511	40.705799999999996	40.2271	40.7163	40.5848	40.3639	40.5684	40.5443	40.2845	40.7695	40.3014	40.4329	40.2115	40.0735	40.016	40.212399999999995	40.1361	40.636	40.3966	40.373999999999995	40.3667	40.3727	39.9638	39.8625	39.6888	39.913	39.9947	40.2454	40.3713	40.2999	40.2704	40.1747	39.8204	39.713300000000004	39.5198	39.5646	40.0411	40.1179	40.0059	39.8594	39.860600000000005	40.0327	39.7856	39.730900000000005	39.5524	39.7234	39.8442	39.8639	39.8761	39.95	39.4976	39.5664	39.8388	39.8833	39.691500000000005	40.2137	40.0755	39.631699999999995	40.0855	40.064	39.650200000000005	39.8433	39.3768	39.8467	39.6525	39.832499999999996	39.9504	39.846599999999995	40.1372	39.8022	39.9923	39.352399999999996	39.6619	39.8848	39.9451	40.342800000000004	40.076699999999995	40.1277	40.205200000000005	39.8611	39.8159	39.1764	39.4972	39.4558	39.655699999999996	39.9239	39.9027	40.2902	39.947	39.8268	39.409	39.6186	39.4974	39.6543	39.404	39.5088	40.2005	39.8729	40.0529	39.6537	39.5859	39.9632	39.109300000000005	40.1667	39.2956	39.887	40.4498	39.8166	40.262	40.5623	42.7359
Sin-CPnd_076-Ex1-10E-lcwgs-1-2.clmp.r1r2_fastp	55.7451	41.1092	39.5642	38.6652	39.6966	38.7142	38.2723	40.0182	40.2908	38.6691	43.3812	42.808	42.0881	41.4943	41.4227	41.145399999999995	41.5854	41.169200000000004	41.4912	41.3327	41.556599999999996	41.104600000000005	41.550799999999995	40.9161	41.1275	40.774	41.053200000000004	40.8051	41.294599999999996	40.8464	41.1887	41.1466	41.2108	40.8808	41.1466	40.8947	41.0225	40.901399999999995	41.0707	40.934	41.3712	40.717999999999996	41.1124	40.9957	40.8706	40.935700000000004	41.0935	40.742	41.100300000000004	40.7529	40.9919	40.7205	40.915600000000005	40.735	40.8609	40.7572	40.8571	40.8688	41.007	40.7007	40.8871	40.6284	40.8638	40.4439	40.9056	40.413700000000006	40.945100000000004	40.7354	41.1644	40.853899999999996	41.1028	40.5957	40.5959	40.664	40.6304	40.6012	40.7119	40.6388	40.6677	40.981899999999996	40.7101	40.7383	40.7557	40.581	40.7925	40.780899999999995	40.7983	40.895199999999996	40.8836	40.4283	41.0138	40.8476	40.9049	40.8746	40.9925	40.7118	40.8458	40.7678	40.8795	40.6228	41.023399999999995	40.7658	40.997699999999995	40.9194	41.1306	40.7056	41.1212	40.6312	40.8793	40.703	40.8084	40.6124	40.7333	40.4935	40.9107	40.854800000000004	40.836800000000004	40.523399999999995	40.9781	40.669	40.4442	40.8076	40.7642	40.6385	40.7447	41.0987	40.867599999999996	40.7999	41.0464	40.7903	40.6897	40.5873	40.736	40.9602	41.0531	40.624700000000004	41.3904	40.7159	40.7491	40.7855	40.8045	40.5896	41.2329	40.963699999999996	41.4743	41.1532	41.2195	41.2159	42.1643	43.3143
Sin-CPnd_079-Ex1-9H-lcwgs-1-2.clmp.r1r2_fastp	54.1472	41.9435	40.4184	39.699200000000005	40.4066	39.448299999999996	39.2021	40.3847	40.5005	39.724	43.4125	42.7778	42.0574	41.803000000000004	41.4139	41.5113	41.688399999999994	41.747499999999995	41.8838	41.7652	41.8124	41.6967	41.9736	41.3241	41.3519	41.3029	41.1883	41.2851	41.743900000000004	41.5615	41.517199999999995	41.5243	41.8024	41.5732	41.650999999999996	41.207899999999995	41.545700000000004	41.3331	41.4972	41.5539	41.7132	41.0313	41.3807	41.5291	41.1883	41.4495	41.4669	41.070299999999996	41.493900000000004	41.401199999999996	41.1227	41.0983	40.868300000000005	40.8698	41.0523	41.2191	41.3018	41.3667	41.3831	41.0635	41.226800000000004	40.6239	40.914	40.515499999999996	41.005399999999995	40.827200000000005	40.772999999999996	41.2686	40.977999999999994	41.0414	41.105799999999995	40.5527	40.5259	40.5947	40.5817	40.6319	41.036699999999996	40.612500000000004	40.8036	40.8422	41.0079	40.6832	40.7136	40.261599999999994	40.3501	40.6214	40.7843	40.626400000000004	41.0683	40.3395	40.9723	41.035	40.9074	40.9941	40.861399999999996	40.902300000000004	40.8945	41.1639	40.722	41.3063	40.7667	40.6267	41.1122	40.8302	41.059200000000004	41.2789	41.1407	41.0116	41.005399999999995	41.068599999999996	40.793	40.6085	41.0887	41.3783	41.5087	41.3889	41.151199999999996	41.3158	40.5113	40.8391	40.719	40.6883	41.453	40.9508	41.2483	41.2996	42.1309	41.1246	41.085100000000004	41.233	40.6158	41.0818	41.1062	41.8008	41.456199999999995	41.4607	42.1256	41.8682	41.544	41.631099999999996	41.1268	41.7529	41.4435	41.160000000000004	41.5606	42.6	40.8376	41.466300000000004	43.8247	44.8876
Sin-CPnd_080-Ex1-2E-lcwgs-1-2.clmp.r1r2_fastp	60.6105	41.580099999999995	43.885000000000005	42.1408	43.303599999999996	40.074799999999996	40.936499999999995	41.8708	41.8086	40.9261	46.0341	45.2969	44.6532	43.0544	43.7604	43.210100000000004	44.456	42.6495	43.8331	43.6877	43.7085	43.6566	43.438500000000005	42.9713	42.9194	42.5145	42.3588	43.6358	43.9576	43.5424	43.9369	42.9713	43.1063	43.039699999999996	44.226	43.2993	43.532700000000006	42.5505	43.2407	43.3649	43.8436	43.1111	43.5434	44.2609	43.1123	43.0275	43.3877	42.8013	43.5579	44.350699999999996	44.3832	43.5775	43.4511	42.484	43.348	44.2316	43.1701	43.712	43.3934	44.3696	43.2455	43.6769	43.349199999999996	43.750699999999995	42.9777	44.0559	42.9288	43.453599999999994	43.5128	43.2483	42.5854	42.8154	43.9225	42.9033	43.7687	42.8178	43.2113	43.2812	43.4964	43.7551	42.9611	43.8349	43.4625	43.825900000000004	43.1135	42.3868	43.5938	42.4082	43.3778	42.4374	42.6626	43.451699999999995	43.1178	43.8944	43.3123	42.8868	43.6402	43.241	44.1868	43.0917	42.7923	43.4908	43.8166	41.9875	44.4288	43.3979	44.4045	42.776399999999995	43.608200000000004	43.0996	43.2054	43.0728	42.8765	41.5656	41.9202	42.3339	42.8369	43.385400000000004	43.452	42.9903	43.1197	42.328500000000005	43.261	42.6708	43.1104	41.5985	43.101099999999995	41.5324	42.786	42.6583	43.7014	42.7796	43.861	42.4227	42.3117	42.363099999999996	43.7666	42.1761	42.814099999999996	40.862300000000005	41.8999	42.7628	42.531400000000005	43.0856	42.2603	41.763600000000004	43.3012	41.5867	43.815	45.406200000000005
Sin-CPnd_081-Ex1-10G-lcwgs-1-2.clmp.r1r2_fastp	55.97	40.2611	40.8521	39.5837	39.835	39.3534	38.5193	40.169	40.6049	39.186	43.0861	42.7653	41.923	41.4805	41.1811	41.053200000000004	41.361599999999996	41.2292	41.6434	41.4608	41.6166	41.2395	41.316399999999994	40.6625	40.6941	41.0014	41.117799999999995	41.0145	41.3867	41.003	41.3801	41.4118	41.1186	40.9275	41.1233	41.0107	40.8868	41.2034	41.3375	40.9934	41.2183	40.8772	41.0356	41.292	40.9859	40.947	41.0124	41.054	41.3847	41.1071	41.0394	40.874	40.687	40.5935	40.5955	40.947	41.0848	41.0869	41.0372	40.9463	41.0758	40.6248	40.818	40.2493	40.517399999999995	40.4308	41.071400000000004	40.9671	40.915600000000005	41.1586	40.855999999999995	40.2365	40.4526	40.3987	40.4118	40.5783	40.6424	40.4557	40.362700000000004	40.559	40.641	40.163900000000005	40.5847	40.2748	40.4662	40.5156	40.7476	40.7375	40.6528	40.1013	40.5315	40.8275	40.355000000000004	40.5785	40.5934	40.6698	40.4313	40.717999999999996	40.5978	40.4268	40.4361	40.3035	40.259699999999995	40.4983	40.6173	40.4536	40.710800000000006	40.7454	40.4841	40.4283	40.739399999999996	40.3447	40.4711	40.333200000000005	40.3166	40.6777	40.586	40.901700000000005	40.32	40.1076	40.1453	40.0831	39.926899999999996	40.0987	40.2368	40.0749	40.7274	40.3572	40.1089	40.046	39.922000000000004	40.1907	40.425	40.143299999999996	39.9582	40.054	40.5353	39.8448	39.8395	39.6828	39.338699999999996	39.8602	39.8843	39.9782	40.1527	40.7295	40.090599999999995	40.510200000000005	40.7695	42.0827
Sin-CPnd_085-Ex1-4H-lcwgs-1-2.clmp.r1r2_fastp	58.5661	39.042100000000005	41.2029	39.0347	40.8184	39.1447	38.7544	40.2865	40.451	38.6186	43.9409	43.8394	42.8307	42.3934	42.470200000000006	41.9194	42.0913	41.794399999999996	42.0036	41.975	42.1183	41.5205	41.8002	41.662	41.595	41.2333	41.5291	41.3308	41.5818	41.3709	41.6678	41.672399999999996	41.8867	41.4895	41.5879	41.4608	41.6431	41.3889	41.3665	41.551500000000004	41.608200000000004	41.3313	41.8476	41.7059	41.3979	41.619099999999996	41.4867	41.5489	41.5505	41.4463	41.3742	41.427	41.4188	41.562599999999996	41.2323	41.6629	41.5413	41.626000000000005	41.674299999999995	41.3648	41.6109	41.4	41.5288	41.0964	41.3356	41.2567	41.5291	41.5836	41.4135	41.6199	41.6363	41.4496	41.5764	41.3745	41.490500000000004	41.4128	41.6354	41.463	41.4459	41.2064	41.454800000000006	41.1171	41.550399999999996	41.2701	41.374	41.492200000000004	41.438900000000004	41.0696	41.741099999999996	41.21	41.5091	41.383700000000005	41.4419	41.7233	41.5193	41.1557	41.6323	41.2588	41.3769	41.444399999999995	41.1771	41.1441	41.5764	41.545500000000004	41.4097	41.5403	41.597699999999996	41.1448	41.387299999999996	41.1895	41.406	41.0949	41.4415	41.029199999999996	41.3271	41.1896	41.3388	41.1448	41.227599999999995	40.9773	41.2019	40.9183	41.0187	40.955000000000005	41.0379	41.137299999999996	41.0752	40.9818	41.0319	41.3524	41.0086	40.991499999999995	40.9196	41.0194	40.9199	41.0091	40.9424	40.8172	41.1053	40.975	40.7718	40.9054	41.2524	40.7959	41.3778	41.2977	41.0817	41.3871	42.107	43.3841
Sin-CPnd_088-Ex1-2D-lcwgs-1-2.clmp.r1r2_fastp	54.874	44.4361	42.0816	40.7169	42.3815	41.8866	40.9718	42.9514	40.9118	41.1818	44.4661	44.406099999999995	44.3611	43.8512	43.566300000000005	43.221399999999996	42.9814	44.256099999999996	43.1914	43.4463	43.4913	43.7463	44.4211	43.8362	43.0414	43.3413	44.1062	41.9916	43.8662	43.7463	42.5615	44.5861	43.6713	43.5647	43.425000000000004	42.8745	42.7632	43.2758	43.303799999999995	42.2774	44.0146	41.998400000000004	43.9012	43.673899999999996	41.882999999999996	44.270199999999996	42.4077	41.8791	43.2408	43.065799999999996	43.5834	42.344100000000005	43.2331	41.205000000000005	41.8302	42.5699	41.545500000000004	42.4767	43.2741	42.479499999999994	42.2717	42.4621	41.560399999999994	42.623	41.6864	42.7994	42.5118	42.0617	43.1684	42.356500000000004	41.2753	43.258799999999994	41.5627	42.524499999999996	42.3302	43.9319	42.6503	42.07	41.462500000000006	42.918800000000005	42.4707	41.3549	41.448800000000006	41.3398	40.7289	43.5921	42.7679	40.535199999999996	44.4501	41.1053	41.3196	41.698800000000006	42.6462	42.0686	42.1996	42.611900000000006	42.902	40.2082	43.5216	44.7115	41.094	42.7443	42.1324	41.3845	41.7311	42.0428	42.3701	42.131600000000006	41.438399999999994	41.8728	39.764500000000005	39.759	46.0152	42.7175	43.7186	39.8148	44.1983	38.9009	42.0242	43.75	40.0468	42.3123	39.731100000000005	40.829100000000004	41.2678	41.2234	41.5531	40.960499999999996	39.4509	42.8144	43.9324	43.1034	42.4	41.584199999999996	45.4701	43.2292	44.0285	40.0729	42.329	36.9606	43.6538	37.7246	39.5492	42.4116	44.4681	40.1316	41.4414	41.9204	38.8614	41.025600000000004
Sin-CPnd_089-Ex1-9E-lcwgs-1-2.clmp.r1r2_fastp	55.777	41.5282	40.2511	39.3802	40.5184	39.3033	39.1963	40.4162	40.8069	39.2817	43.9125	43.4276	42.619	42.082	41.977	41.7228	42.1862	41.6243	42.0863	41.8527	42.0548	41.8363	42.058099999999996	41.599000000000004	41.5873	41.38	41.606	41.523900000000005	41.653400000000005	41.5122	41.8433	41.8893	41.8363	41.436499999999995	41.6993	41.4853	41.4667	41.566900000000004	41.536	41.5259	41.8117	41.455799999999996	41.67	41.8012	41.4177	41.6247	41.5622	41.310900000000004	41.7871	41.5223	41.524699999999996	41.2906	41.6002	41.2703	41.2594	41.5602	41.5854	41.3114	41.7642	41.438199999999995	41.263	41.1789	41.2587	41.0402	41.1893	41.0366	41.455799999999996	41.570800000000006	41.186499999999995	41.467	41.382000000000005	41.570800000000006	41.0658	41.1286	41.248000000000005	41.2344	41.326499999999996	41.096500000000006	41.1173	41.0423	41.4403	41.243	41.1893	41.1051	41.2479	41.315000000000005	41.261199999999995	41.401900000000005	41.3631	41.246500000000005	41.5697	41.7811	41.382200000000005	41.341499999999996	41.6093	41.370200000000004	41.4937	41.5109	41.419	41.5028	41.4944	41.320499999999996	41.4851	41.3943	41.4924	41.3354	41.7361	41.5622	41.1738	41.2787	41.564299999999996	41.1776	41.7812	41.4986	41.6267	41.6256	41.5244	41.775800000000004	41.414699999999996	41.411300000000004	41.3423	41.201100000000004	41.1552	41.2397	41.9149	41.6223	41.4955	41.854400000000005	41.501	41.4131	41.6283	41.3171	41.7027	41.5418	41.5244	41.4537	42.0678	41.0754	41.5115	41.647	41.8113	41.4419	42.013400000000004	41.2848	41.9831	41.9516	41.9726	42.113299999999995	42.877500000000005	43.7741
Sin-CPnd_090-Ex1-12F-lcwgs-1-2.clmp.r1r2_fastp	59.623099999999994	38.7778	43.1556	40.071600000000004	40.5225	39.4748	39.0936	40.6181	41.029700000000005	39.0323	44.5575	44.293	43.2258	42.7159	42.708	42.262699999999995	42.7112	42.376799999999996	42.7909	42.3944	42.808	42.193599999999996	42.4739	41.949	42.1254	42.0356	42.1963	42.0566	42.4119	42.118100000000005	42.518299999999996	42.3154	42.367	42.199	42.4013	42.1417	42.3078	42.1545	42.4631	42.2388	42.4495	42.188199999999995	42.4108	42.4249	42.2248	42.3316	42.3612	42.2801	42.539100000000005	42.3146	42.4844	42.233599999999996	42.3309	42.1385	42.2465	42.3504	42.517700000000005	42.4411	42.497	42.4687	42.5986	42.3213	42.4794	42.0909	42.2901	42.1875	42.43	42.4934	42.6072	42.5897	42.5242	42.390899999999995	42.2922	42.2684	42.386	42.411100000000005	42.4914	42.4465	42.479299999999995	42.5394	42.385	42.4338	42.4423	42.4221	42.3859	42.3265	42.3603	42.3592	42.5896	42.2632	42.4037	42.5396	42.493199999999995	42.5703	42.4491	42.531200000000005	42.4659	42.4275	42.5234	42.5197	42.5976	42.4386	42.3738	42.4393	42.458200000000005	42.432700000000004	42.4967	42.3709	42.4136	42.4201	42.4857	42.2902	42.4126	42.2476	42.3524	42.282	42.3224	42.2444	42.361599999999996	42.2671	42.337399999999995	42.0879	42.1483	42.1419	42.2577	42.220800000000004	42.302800000000005	42.1324	42.2793	42.114200000000004	42.0901	42.162	42.2123	42.0257	42.1831	42.099199999999996	42.219	41.979499999999994	42.2028	42.0264	41.8668	42.077	42.239599999999996	42.0784	42.3056	42.1734	42.2441	42.4281	42.8838	44.1749
Sin-CPnd_092-Ex1-11F-lcwgs-1-2.clmp.r1r2_fastp	53.9574	41.0918	40.4771	39.1299	39.9152	39.0812	38.3459	40.154	40.1439	39.118700000000004	42.9854	42.7966	41.8997	41.381099999999996	41.2962	40.8917	41.478500000000004	41.2772	41.580099999999995	41.4203	41.7001	41.2986	41.5361	41.1441	40.8341	40.895199999999996	41.096	40.8958	41.156	41.2356	41.403099999999995	41.423300000000005	41.3003	41.1302	41.181200000000004	40.9279	41.1653	41.2576	41.0844	41.0219	41.213899999999995	40.8966	41.2483	41.3647	41.1554	41.0452	41.0483	41.0326	41.2003	40.7901	40.9407	40.5769	40.8669	40.8155	40.7481	40.9673	40.9611	40.7687	40.8634	40.941	40.7057	40.5615	40.585	40.1539	40.7341	40.4349	40.766999999999996	40.8596	40.666999999999994	40.615	40.3296	40.4444	40.248	40.1868	40.1858	40.5064	40.5235	40.1938	40.1064	40.1827	40.6864	39.8556	40.5331	39.9445	39.9084	40.171800000000005	40.3945	40.1486	40.4541	39.8868	40.1813	40.178999999999995	40.023599999999995	40.1764	39.960499999999996	40.1425	39.953300000000006	40.2116	40.1431	40.624300000000005	39.6864	40.3449	40.179700000000004	40.3238	40.515499999999996	39.5576	40.6397	40.3255	39.9634	40.0135	40.0915	40.0407	40.1575	40.0372	39.9248	40.2457	40.8097	39.7754	39.9632	40.2139	39.8103	39.8836	39.7468	40.2526	40.1148	40.097699999999996	40.1271	40.5845	40.018100000000004	40.4131	39.535599999999995	39.956199999999995	40.4576	39.9837	40.5512	40.2613	40.2953	40.4773	39.9073	39.8202	39.7281	39.9824	40.2493	39.738800000000005	40.3243	40.8496	40.4658	40.8785	41.448	42.766
Sin-CPnd_093-Ex1-10C-lcwgs-1-2.clmp.r1r2_fastp	55.950900000000004	41.7398	40.2306	39.4642	40.3965	39.5252	38.893100000000004	40.5993	40.671	39.3266	43.6942	43.298199999999994	42.618	41.8602	41.894999999999996	41.8682	42.1048	41.8206	42.047000000000004	41.8099	42.2171	41.9105	41.9105	41.620400000000004	41.7082	41.5193	41.6086	41.3325	41.9367	41.2924	42.0239	41.8302	41.8008	41.6017	41.767700000000005	41.5458	41.4613	41.695	41.4972	41.6287	41.7974	41.5089	41.655	41.4817	41.542699999999996	41.443999999999996	41.7583	41.0953	42.1539	41.6345	41.5547	41.5018	41.3377	41.1845	41.3035	41.5207	41.476	41.5157	41.5184	41.4339	41.660199999999996	41.2699	41.3915	40.9756	41.2192	40.9173	41.5346	41.519	41.3786	41.5711	41.4478	41.3288	41.418	41.1094	41.4477	41.017700000000005	41.321400000000004	41.0776	41.1453	41.593799999999995	41.3522	41.2942	41.726600000000005	40.8194	41.0937	41.0709	41.2762	41.222300000000004	41.4459	41.0127	41.3022	41.381299999999996	41.2928	41.6171	41.2769	41.4067	41.497099999999996	41.484700000000004	41.139199999999995	41.4925	41.348	41.387	41.293600000000005	41.3416	41.7481	41.3791	41.5456	41.4737	41.3724	41.349599999999995	41.117599999999996	41.2631	41.7728	40.9887	41.2713	41.5686	41.0404	41.4525	41.4613	40.954299999999996	41.3079	41.404	41.0762	41.3219	41.4985	41.4135	41.585699999999996	41.4968	41.7028	41.1567	41.7435	41.188	41.42	40.9171	41.157	41.2221	40.958	41.0083	41.279900000000005	41.026	41.4172	41.5184	41.4745	40.8482	41.3174	40.9554	41.74	41.9818	42.2644	43.878
Sin-CPnd_094-Ex1-3H-lcwgs-1-2.clmp.r1r2_fastp	58.453900000000004	37.8392	42.155300000000004	39.6939	39.893	38.711400000000005	38.0419	39.3323	40.2277	38.3654	43.4255	43.052600000000005	42.4221	41.7849	41.8129	41.5425	41.6742	41.6106	41.8411	41.6559	41.9921	41.6595	41.6722	41.4065	41.2775	41.2402	41.391099999999994	41.4131	41.532799999999995	41.5338	41.7462	41.5481	41.6891	41.518699999999995	41.5554	41.3733	41.4761	41.4595	41.4821	41.5214	41.6041	41.431200000000004	41.5032	41.6504	41.4749	41.4878	41.4318	41.4251	41.652	41.5089	41.609899999999996	41.673100000000005	41.4966	41.4503	41.3879	41.5243	41.4989	41.6545	41.4719	41.5695	41.6879	41.5675	41.6405	41.3765	41.5322	41.3723	41.576	41.6609	41.5697	41.761199999999995	41.6385	41.463	41.5721	41.4298	41.5141	41.3221	41.4714	41.4696	41.5062	41.6155	41.556599999999996	41.538199999999996	41.5837	41.5123	41.5171	41.5916	41.4322	41.503099999999996	41.6637	41.4241	41.5203	41.6645	41.5987	41.665	41.461999999999996	41.6222	41.4445	41.499	41.4618	41.6374	41.6144	41.474	41.6481	41.4948	41.6681	41.5893	41.5827	41.3504	41.478300000000004	41.3808	41.5209	41.517199999999995	41.435100000000006	41.269600000000004	41.4904	41.4398	41.3896	41.3932	41.4729	41.4691	41.3067	41.2991	41.4602	41.5553	41.431000000000004	41.3538	41.4296	41.4151	41.1694	41.3348	41.2444	41.315000000000005	41.2095	41.3576	41.3592	41.234500000000004	41.2012	41.2328	41.281600000000005	41.2288	40.9931	41.3239	41.4399	41.5336	41.442299999999996	41.733	41.485699999999994	41.6252	42.2524	43.905499999999996
Sin-CPnd_095-Ex1-2B-lcwgs-1-2.clmp.r1r2_fastp	58.40689999999999	40.8997	41.212700000000005	39.5374	41.2232	40.0137	40.0402	40.6825	41.5438	39.9245	44.7331	43.8082	43.6251	42.8748	42.8909	42.5105	43.0246	42.1718	43.1299	42.8065	43.1243	42.188900000000004	42.7467	42.1007	42.482	42.3416	42.3815	42.355900000000005	42.6699	42.1965	42.3606	42.205999999999996	42.5484	42.3001	42.4306	42.1167	42.3543	42.5107	42.167300000000004	42.0571	42.3063	42.1599	42.2911	42.2392	41.7714	41.9604	42.018299999999996	41.7855	42.3319	41.6756	41.9719	41.8404	42.1834	41.748400000000004	42.2503	41.5299	42.2335	42.0425	42.1012	42.014	42.1019	41.7451	41.4985	41.3874	41.8538	41.686800000000005	41.9737	41.836800000000004	42.1085	42.156	42.0657	41.758	41.6987	41.5449	41.7273	41.809200000000004	41.5828	42.0338	41.9493	41.6716	41.7042	41.6701	41.9857	41.8645	41.5715	41.2979	41.552099999999996	41.1107	41.734	41.1516	41.530499999999996	41.0715	41.9544	41.8184	41.5771	42.0089	41.3193	41.7184	41.4232	41.581	41.409	41.6641	41.7407	41.7562	41.2988	41.2426	41.3345	41.388000000000005	41.7908	41.0502	41.847699999999996	41.1584	41.0971	40.6221	41.589	41.497499999999995	41.076	40.988400000000006	41.1409	41.1472	41.2594	40.983599999999996	40.7056	41.1757	41.072900000000004	41.5974	41.106300000000005	41.3889	41.2759	40.7823	40.951	40.9032	40.9397	40.9632	40.5057	41.2782	40.9598	40.953	41.181400000000004	40.7842	40.1474	40.765499999999996	41.143299999999996	41.221799999999995	41.3176	41.292	41.2327	40.5384	41.9316	42.8534
Undetermined.clmp.r1r2_fastp	54.3859	41.091	41.3877	40.2951	40.0541	39.1765	39.3662	40.3781	40.211000000000006	39.7014	42.901	43.378499999999995	41.603699999999996	41.970200000000006	41.0846	41.8233	41.1496	41.146300000000004	42.1471	41.2845	41.4519	41.225	41.421400000000006	41.7453	40.861399999999996	41.5687	41.6893	40.8504	41.0992	41.0629	42.0068	41.2832	41.7928	41.007	41.2987	41.2082	40.9535	41.2785	41.0896	41.3512	41.5008	40.8031	41.0452	41.4188	40.836600000000004	41.0394	40.8089	40.634	41.0994	40.8828	40.8316	40.642	40.5762	40.4385	40.635	40.8117	41.177	40.9034	41.043800000000005	40.9597	40.489399999999996	40.3434	40.5385	40.1126	40.2711	40.3246	40.6826	40.8233	40.6337	40.7793	40.6216	40.2144	40.0607	40.039	40.0175	40.3218	40.496700000000004	40.2223	40.2174	40.1794	40.2623	40.1656	40.3758	40.0179	40.1197	40.3095	40.4141	40.413399999999996	40.4488	40.1938	40.211200000000005	40.5062	40.4942	40.6308	40.7134	40.7486	40.661199999999994	40.884100000000004	40.671400000000006	40.6959	40.4809	40.389	40.606500000000004	40.7609	41.0602	40.8314	41.146899999999995	40.996	40.6634	40.9011	40.6883	40.5621	40.8118	40.6782	40.9366	41.491	41.0858	41.2964	41.0788	40.8906	40.726	40.6237	40.4619	40.7295	40.9645	41.3308	41.573100000000004	41.6027	41.353	41.1835	41.221999999999994	41.2701	41.301100000000005	41.6025	41.4134	41.745	41.970200000000006	41.510799999999996	41.7023	41.6547	41.3858	41.6584	41.995	41.8303	42.2427	42.560700000000004	42.539500000000004	43.1204	44.1578	45.509899999999995
