Sample	1	2	3	4	5	6	7	8	9	10	11	12	13	14	15	16	17	18	19	20	21	22	23	24	25	26	27	28	29	30	31	32	33	34	35	36	37	38	39	40	41	42	43	44	45	46	47	48	49	50	51	52	53	54	55	56	57	58	59	60	61	62	63	64	65	66	67	68	69	70	71	72	73	74	75	76	77	78	79	80	81	82	83	84	85	86	87	88	89	90	91	92	93	94	95	96	97	98	99	100	101	102	103	104	105	106	107	108	109	110	111	112	113	114	115	116	117	118	119	120	121	122	123	124	125	126	127	128	129	130	131	132	133	134	135	136	137	138	139	140	141	142	143	144	145	146	147	148	149	150
Sin-APnd_001-Ex1-6G-lcwgs-1-2.clmp.r1r2_fastp	48.2566	37.824799999999996	38.8872	37.6165	37.9469	37.4763	37.3526	38.0618	38.1921	37.9559	40.6229	40.3979	39.1661	39.0214	38.878800000000005	38.817800000000005	39.0213	39.080999999999996	39.1214	39.111000000000004	39.4149	39.1627	39.165499999999994	38.7369	38.5772	38.5593	38.6888	38.6332	38.8915	38.852599999999995	39.043299999999995	39.0981	39.096399999999996	38.8295	39.0936	39.0006	38.7269	39.300200000000004	39.156400000000005	39.1265	39.3509	39.095800000000004	39.069900000000004	39.3187	39.0441	39.2876	39.1064	39.1248	39.524300000000004	39.2613	39.2787	39.083400000000005	38.783	38.9284	39.0846	39.0723	39.6077	39.516	39.5858	39.501	38.8932	38.762600000000006	38.8638	38.332699999999996	38.5179	38.6867	38.7693	38.891	38.608	39.159	38.6481	38.346999999999994	38.1839	38.0667	38.0192	38.4876	38.5455	38.1941	38.0285	38.0178	38.1817	37.949	38.053	37.5871	37.672	37.8609	37.992799999999995	38.0154	37.9035	37.810100000000006	37.7008	38.0405	37.9682	38.1397	37.9747	38.222	38.0292	38.2556	38.0086	37.892700000000005	37.4631	37.6419	37.6632	37.8892	38.485	38.215199999999996	38.6066	38.4536	37.8967	37.9218	37.8735	37.5636	37.8761	38.0066	38.1279	38.7588	38.3768	38.3874	37.910700000000006	37.7302	37.1777	36.9243	37.0082	37.1232	37.3901	38.0311	38.3768	38.032700000000006	38.0291	37.5913	37.3294	37.505	37.4773	37.732	37.7498	38.0454	38.2857	37.9039	37.9955	37.6862	37.575900000000004	37.937	38.1994	38.0472	38.6205	38.6432	38.9044	38.796	38.561299999999996	35.419
Sin-APnd_002-Ex1-3G-lcwgs-1-2.clmp.r1r2_fastp	48.8339	38.2228	39.7339	38.3018	38.8205	38.2708	38.1241	38.8282	38.9714	38.508199999999995	41.4864	41.2327	40.2373	40.1678	40.0955	40.0453	40.200599999999994	40.2414	40.3048	40.3235	40.528999999999996	40.3534	40.3711	40.0831	39.996700000000004	39.9525	40.0346	40.0253	40.1962	40.1656	40.32	40.367999999999995	40.3296	40.1625	40.2962	40.1833	40.0178	40.3496	40.2605	40.2247	40.3819	40.199400000000004	40.1537	40.2922	40.0642	40.1552	40.0534	40.0453	40.2692	40.1312	40.1332	39.9625	39.807700000000004	39.8523	39.8814	39.9125	40.2106	40.1361	40.159099999999995	40.0815	39.7151	39.602399999999996	39.668	39.2618	39.358	39.4022	39.466499999999996	39.5169	39.3752	39.6648	39.3602	39.1824	39.0222	38.9394	38.911699999999996	39.163	39.0751	38.9288	38.8236	38.7621	38.8534	38.7295	38.7537	38.4195	38.4814	38.5408	38.5991	38.5719	38.5393	38.4519	38.3426	38.5453	38.502399999999994	38.5396	38.480799999999995	38.6481	38.5101	38.617200000000004	38.431	38.3488	38.1162	38.1274	38.0571	38.2061	38.6607	38.521	38.765	38.6602	38.196400000000004	38.257799999999996	38.1733	37.9253	38.196799999999996	38.1589	38.3765	38.7592	38.449299999999994	38.5293	38.1475	38.006099999999996	37.6687	37.4227	37.3961	37.5535	37.6934	38.169599999999996	38.37	38.1582	38.0124	37.759	37.725500000000004	37.669399999999996	37.6803	37.9224	37.874	38.104	38.2962	38.014900000000004	38.118	37.8232	37.7399	38.0766	38.2545	38.2	38.6805	38.6945	38.9208	38.9297	38.615300000000005	35.3432
Sin-APnd_003-Ex1-3H-lcwgs-1-2.clmp.r1r2_fastp	47.4199	36.619800000000005	38.2098	36.7697	37.1713	36.6173	36.345499999999994	36.9368	37.0175	36.6872	39.422200000000004	39.1779	38.1452	38.0212	37.8944	37.7929	37.954100000000004	37.9628	37.9879	37.9878	38.1985	38.0081	37.963	37.6374	37.5172	37.4421	37.512299999999996	37.4665	37.6728	37.669599999999996	37.811499999999995	37.8786	37.8268	37.6525	37.7905	37.688100000000006	37.4869	37.884	37.810100000000006	37.803399999999996	37.9878	37.7872	37.7732	37.918099999999995	37.6864	37.843900000000005	37.7338	37.719	38.025	37.8631	37.903999999999996	37.7477	37.5729	37.6367	37.7336	37.7577	38.1042	38.007400000000004	38.082	38.023	37.6455	37.5729	37.6564	37.2469	37.3764	37.4552	37.5096	37.5842	37.4503	37.7952	37.4907	37.3272	37.1697	37.1242	37.0846	37.3747	37.3579	37.1488	37.0944	37.0882	37.2129	37.0556	37.1233	36.7935	36.894	36.9435	37.0412	37.0379	37.013400000000004	36.937599999999996	36.8748	37.1151	37.081199999999995	37.1665	37.0589	37.2155	37.100699999999996	37.269000000000005	37.0954	37.054500000000004	36.7995	36.8593	36.8354	36.9962	37.425599999999996	37.2678	37.5513	37.438500000000005	37.0424	37.1103	37.0423	36.8145	37.0648	37.077	37.2678	37.6685	37.410900000000005	37.4322	37.086200000000005	36.9706	36.6496	36.3668	36.4899	36.6422	36.7933	37.1803	37.4463	37.1835	37.1419	36.8408	36.7677	36.7839	36.8811	37.044399999999996	37.0836	37.237500000000004	37.419599999999996	37.1721	37.2031	37.0084	37.0469	37.4139	37.556	37.417699999999996	37.8966	37.9584	38.1592	38.0843	37.8964	34.8086
Sin-APnd_004-Ex1-4A-lcwgs-1-2.clmp.r1r2_fastp	49.1691	38.3219	38.8209	37.703900000000004	37.9176	37.5496	37.5702	38.338100000000004	38.550200000000004	38.6601	41.04	40.8495	39.4159	39.263	39.0779	39.068999999999996	39.3095	39.378800000000005	39.4558	39.485	39.8922	39.641	39.644400000000005	39.0528	38.8688	38.8741	39.0437	39.0038	39.392700000000005	39.2746	39.5462	39.64	39.6139	39.2281	39.6216	39.5587	39.1784	40.116099999999996	39.8598	39.7975	40.1253	39.7798	39.6886	40.0908	39.667	40.130700000000004	39.9431	39.9285	40.5793	40.1916	40.1611	39.9315	39.48	39.706	39.987	40.0253	40.8534	40.7035	40.8192	40.7412	39.7619	39.6531	39.806599999999996	39.0062	39.2887	39.5743	39.73	39.9389	39.5332	40.3897	39.6389	39.1193	38.858	38.7737	38.6945	39.4105	39.597300000000004	39.0188	38.8602	38.832100000000004	39.0803	38.7404	38.8901	38.1582	38.3255	38.7156	38.893499999999996	39.0208	38.8341	38.6726	38.5069	39.0907	38.9844	39.2663	39.116	39.4688	39.2908	39.6563	39.2119	39.049499999999995	38.401	38.6503	38.7084	39.143499999999996	40.1337	39.690599999999996	40.4066	40.2275	39.2977	39.362399999999994	39.2905	38.811	39.4248	39.5751	39.907399999999996	40.9602	40.3458	40.352900000000005	39.6677	39.287	38.5171	38.1068	38.2137	38.513799999999996	38.9166	39.8921	40.535700000000006	40.0868	39.8905	39.3358	38.9571	39.036	39.1539	39.603300000000004	39.6173	40.2151	40.666000000000004	39.9523	40.008300000000006	39.609100000000005	39.5188	39.9936	40.492	40.0657	41.062	41.2033	41.504999999999995	41.437200000000004	41.2178	37.8384
Sin-APnd_005-Ex1-4B-lcwgs-1-2.clmp.r1r2_fastp	50.274300000000004	37.831399999999995	40.092	38.4845	39.0118	38.454	38.4489	39.3985	39.5383	38.786300000000004	42.2553	41.7829	40.5948	40.4499	40.437	40.323100000000004	40.6338	40.6157	40.765499999999996	40.7356	41.002300000000005	40.7289	40.774899999999995	40.3309	40.3033	40.265699999999995	40.4057	40.3255	40.6215	40.5362	40.7748	40.766000000000005	40.746700000000004	40.5076	40.7318	40.5696	40.4584	40.835	40.7056	40.6516	40.8295	40.6203	40.5694	40.7289	40.5039	40.6655	40.5858	40.5304	40.869699999999995	40.6343	40.6676	40.4781	40.3043	40.3213	40.4856	40.4615	40.8797	40.7782	40.855399999999996	40.706399999999995	40.3018	40.2051	40.2639	39.7915	39.9322	39.9899	40.1227	40.198499999999996	39.9853	40.3556	39.9613	39.664100000000005	39.5478	39.4641	39.4202	39.7492	39.7694	39.4712	39.3816	39.3648	39.498400000000004	39.2636	39.3144	38.943	39.0281	39.1289	39.257	39.2444	39.1846	39.0399	38.98	39.248	39.2231	39.348499999999994	39.2613	39.4248	39.266400000000004	39.4309	39.2496	39.1401	38.7662	38.935199999999995	38.9098	39.1094	39.6678	39.4082	39.7592	39.5407	39.1396	39.1781	39.117000000000004	38.9012	39.211400000000005	39.2493	39.453700000000005	39.905499999999996	39.6152	39.643499999999996	39.217200000000005	39.0505	38.6123	38.41	38.5103	38.6815	38.9424	39.4001	39.6785	39.4037	39.3657	38.9949	38.85	38.9236	39.0309	39.3109	39.2621	39.5319	39.8087	39.3234	39.4387	39.1962	39.1787	39.4708	39.894800000000004	39.6073	40.244099999999996	40.3733	40.4227	40.3716	40.2382	36.9067
Sin-APnd_006-Ex1-4C-lcwgs-1-2.clmp.r1r2_fastp	49.4981	38.0038	40.0641	38.5456	38.9638	38.3736	38.3367	39.1602	39.2301	38.640600000000006	41.875099999999996	41.4496	40.3869	40.2933	40.2231	40.1801	40.4043	40.4568	40.5197	40.5627	40.747499999999995	40.5581	40.5328	40.2225	40.129	40.1142	40.2058	40.2027	40.4144	40.4128	40.5799	40.6105	40.5833	40.4272	40.6034	40.4782	40.3569	40.692699999999995	40.5961	40.5824	40.7659	40.5779	40.5657	40.7036	40.4983	40.67	40.5464	40.527	40.7916	40.641	40.6408	40.5144	40.333200000000005	40.363	40.4996	40.477999999999994	40.7788	40.7025	40.7611	40.6663	40.3184	40.2357	40.266400000000004	39.8889	40.0316	40.0775	40.135799999999996	40.2019	40.035900000000005	40.3734	40.0545	39.8095	39.704699999999995	39.6613	39.5809	39.885	39.9173	39.6413	39.6139	39.6034	39.7144	39.529399999999995	39.579	39.2238	39.330799999999996	39.4193	39.5185	39.5011	39.4856	39.374900000000004	39.3272	39.5732	39.5124	39.6211	39.545700000000004	39.6796	39.5837	39.697500000000005	39.5434	39.5032	39.2296	39.332899999999995	39.3719	39.5472	39.9539	39.7866	40.071600000000004	39.8825	39.5849	39.628600000000006	39.5797	39.4206	39.730199999999996	39.705200000000005	39.9362	40.3134	40.0717	40.130300000000005	39.7479	39.644400000000005	39.3241	39.1657	39.2754	39.4185	39.6429	40.0325	40.314899999999994	40.1244	40.069300000000005	39.7721	39.697500000000005	39.7824	39.8712	40.055099999999996	40.0513	40.4289	40.7059	40.2565	40.4754	40.2733	40.2315	40.6328	40.8341	40.692	41.2709	41.4336	41.5428	41.6117	41.4266	38.617200000000004
Sin-APnd_007-Ex1-4D-lcwgs-1-2.clmp.r1r2_fastp	49.1161	37.7254	38.7698	37.392900000000004	37.7465	37.0736	37.000499999999995	37.7608	37.82	37.353500000000004	40.394200000000005	40.0447	38.9267	38.7599	38.7293	38.6341	38.8708	38.8577	38.9752	38.9906	39.1978	38.9504	38.9592	38.5603	38.4294	38.440200000000004	38.5152	38.4582	38.739200000000004	38.6879	38.8337	38.9091	38.873400000000004	38.6428	38.822	38.6959	38.556200000000004	38.954100000000004	38.8104	38.7641	38.9895	38.7395	38.6974	38.8864	38.640600000000006	38.779599999999995	38.683099999999996	38.661	38.982499999999995	38.7547	38.7556	38.6357	38.4204	38.462	38.6374	38.6174	38.9922	38.8764	38.9905	38.888400000000004	38.4814	38.3799	38.4447	38.0107	38.1648	38.2399	38.321	38.4088	38.1674	38.62	38.2518	37.951800000000006	37.8315	37.7977	37.6671	38.0233	38.1108	37.8307	37.730999999999995	37.7144	37.8718	37.6469	37.7004	37.3093	37.3906	37.4753	37.6138	37.6099	37.5982	37.4423	37.346000000000004	37.6768	37.6036	37.721199999999996	37.6173	37.7646	37.6015	37.8225	37.5831	37.4876	37.1689	37.254	37.3247	37.4859	37.9596	37.7776	38.0718	37.8737	37.4283	37.4984	37.411	37.1708	37.46	37.5724	37.681799999999996	38.181	37.846000000000004	37.911699999999996	37.3684	37.2404	36.8741	36.6045	36.634699999999995	36.8269	37.0429	37.500699999999995	37.7522	37.501200000000004	37.3637	37.052099999999996	36.851099999999995	36.9229	36.9647	37.2761	37.250699999999995	37.5285	37.749	37.250699999999995	37.3366	37.118	37.086000000000006	37.347	37.6743	37.3963	38.0512	38.0382	38.2952	38.2054	37.926300000000005	34.708800000000004
Sin-APnd_008-Ex1-4E-lcwgs-1-2.clmp.r1r2_fastp	49.5178	38.7483	39.1827	38.0652	38.563900000000004	37.9115	37.7536	38.6993	38.8082	38.509	41.389900000000004	41.137	39.842499999999994	39.6959	39.5321	39.4978	39.7299	39.768100000000004	39.8045	39.8431	40.158	39.9233	39.9539	39.4362	39.3107	39.3424	39.4341	39.4011	39.702	39.5807	39.8653	39.9411	39.8812	39.6021	39.9162	39.7894	39.5646	40.2021	40.015	40.0249	40.2773	39.9124	39.9187	40.1856	39.8635	40.1693	40.0702	39.9983	40.475899999999996	40.2442	40.2091	40.0152	39.7327	39.8125	40.0532	40.0547	40.6244	40.542899999999996	40.6564	40.5472	39.8793	39.8359	39.8947	39.305800000000005	39.574799999999996	39.6764	39.852199999999996	40.0187	39.656000000000006	40.2946	39.8906	39.4465	39.2806	39.2023	39.1366	39.6017	39.7893	39.339	39.2225	39.2742	39.4592	39.2693	39.3947	38.8438	38.9741	39.2016	39.3446	39.4137	39.4031	39.2301	39.118	39.583800000000004	39.4728	39.6148	39.610099999999996	39.8054	39.698299999999996	40.001999999999995	39.7232	39.711200000000005	39.1952	39.3273	39.4424	39.714	40.344	40.163	40.632000000000005	40.4127	39.8913	39.990700000000004	39.9026	39.6265	40.0335	40.0401	40.3364	40.9964	40.584199999999996	40.653099999999995	40.191900000000004	39.9335	39.542699999999996	39.317600000000006	39.326899999999995	39.5367	39.9067	40.409	40.8161	40.6221	40.4722	40.1121	40.015699999999995	40.016400000000004	40.0888	40.456399999999995	40.291399999999996	40.7215	41.045300000000005	40.6222	40.6998	40.589	40.3773	40.7241	41.104600000000005	40.859	41.457699999999996	41.5809	41.685100000000006	41.8319	41.6646	38.356899999999996
Sin-APnd_009-Ex1-4F-lcwgs-1-2.clmp.r1r2_fastp	50.072399999999995	39.4768	40.7355	39.420300000000005	39.903499999999994	39.3607	39.4159	40.1955	40.2953	39.8081	42.8752	42.41	41.4133	41.3167	41.2486	41.2322	41.5365	41.5668	41.6335	41.6719	41.898	41.6315	41.6636	41.2899	41.2015	41.1963	41.309400000000004	41.2903	41.5834	41.5233	41.7219	41.7784	41.7419	41.5572	41.7857	41.6493	41.4945	41.9503	41.8035	41.763600000000004	41.9792	41.7251	41.722	41.9037	41.6631	41.8481	41.7708	41.6961	42.0548	41.8386	41.8333	41.6725	41.4638	41.4967	41.6404	41.6258	42.0201	41.9205	41.9801	41.8735	41.4331	41.3115	41.3383	40.9069	41.0644	41.1062	41.189	41.28	41.0351	41.4203	41.052	40.7339	40.5541	40.5148	40.4199	40.7628	40.8253	40.4924	40.4069	40.3648	40.4603	40.2362	40.3153	39.8835	39.9635	40.0527	40.1837	40.1729	40.1104	39.9837	39.851	40.136300000000006	40.0404	40.1554	40.0586	40.2337	40.0804	40.239999999999995	39.961999999999996	39.9216	39.5054	39.6323	39.6586	39.7868	40.313500000000005	40.104800000000004	40.4439	40.225899999999996	39.8011	39.7813	39.7588	39.4699	39.7658	39.7744	39.9901	40.4613	40.0858	40.1258	39.650600000000004	39.449400000000004	39.056999999999995	38.7868	38.8159	38.9505	39.1937	39.7483	39.949600000000004	39.6931	39.6422	39.1772	39.0615	39.1252	39.148300000000006	39.4188	39.3945	39.6973	39.8881	39.4501	39.4386	39.23	39.1732	39.5053	39.8241	39.543099999999995	40.1714	40.2782	40.419	40.265699999999995	40.1285	36.747
Sin-APnd_010-Ex1-4G-lcwgs-1-2.clmp.r1r2_fastp	49.221	37.7371	39.3351	37.7896	38.1256	37.7305	37.8677	38.587900000000005	38.7117	38.4863	41.2495	40.935300000000005	39.6818	39.5152	39.407199999999996	39.408	39.6395	39.6899	39.803	39.8081	40.1025	39.8355	39.8441	39.362399999999994	39.2539	39.2436	39.3905	39.3423	39.6671	39.623999999999995	39.8694	39.8752	39.874900000000004	39.557900000000004	39.8692	39.7836	39.536100000000005	40.1849	40.052	39.989799999999995	40.2628	39.9794	39.928399999999996	40.2167	39.8626	40.193200000000004	40.068	40.0092	40.538999999999994	40.2293	40.2169	40.028999999999996	39.7039	39.840900000000005	40.030100000000004	40.042899999999996	40.6665	40.510200000000005	40.5972	40.485	39.8504	39.7391	39.8894	39.2627	39.4728	39.637499999999996	39.7619	39.8864	39.6313	40.1841	39.6154	39.2505	39.0923	39.022400000000005	38.957	39.4558	39.535	39.1468	39.0441	39.0148	39.1662	38.9015	38.9979	38.485	38.5625	38.8198	38.975	38.9998	38.879999999999995	38.7298	38.5938	39.0136	38.9683	39.124700000000004	38.997	39.2103	39.0227	39.2531	38.9376	38.8598	38.3536	38.515899999999995	38.5101	38.8163	39.543499999999995	39.2202	39.6343	39.503899999999994	38.8143	38.829	38.7755	38.4506	38.7926	38.9038	39.0926	39.7868	39.4056	39.4303	38.771499999999996	38.4558	37.9345	37.472899999999996	37.66	37.8676	38.1242	38.9071	39.187	38.8365	38.6704	38.129200000000004	37.8779	37.9581	37.969	38.3624	38.4208	38.7637	38.9843	38.509100000000004	38.5102	38.0441	38.0229	38.398900000000005	38.5994	38.4088	39.1812	39.2106	39.4462	39.3638	39.0455	35.8244
Sin-APnd_011-Ex1-4H-lcwgs-1-2.clmp.r1r2_fastp	49.204	38.6019	39.517	38.3534	38.9009	38.3945	38.2297	39.0672	39.199600000000004	38.8735	41.6547	41.3768	40.215	40.112500000000004	39.9868	39.968599999999995	40.2336	40.254	40.333999999999996	40.3624	40.6403	40.3645	40.4058	39.9454	39.8613	39.8384	39.957100000000004	39.919	40.2005	40.1265	40.3533	40.4422	40.3716	40.124500000000005	40.3865	40.2817	40.0585	40.6347	40.4762	40.4444	40.6841	40.387699999999995	40.3633	40.6339	40.313500000000005	40.6009	40.5147	40.457	40.9121	40.6805	40.653099999999995	40.464099999999995	40.1652	40.273199999999996	40.4475	40.4841	41.0408	40.9316	41.0226	40.9121	40.326	40.2285	40.3171	39.7824	39.984199999999994	40.0777	40.2267	40.3474	40.067099999999996	40.6026	40.1695	39.807900000000004	39.6123	39.5931	39.5074	39.9548	40.059400000000004	39.672000000000004	39.5668	39.5658	39.712599999999995	39.537299999999995	39.6443	39.157	39.270500000000006	39.4122	39.5986	39.6255	39.5929	39.4586	39.3242	39.7415	39.6623	39.8183	39.7496	39.9931	39.8259	40.1064	39.874500000000005	39.7731	39.400200000000005	39.4721	39.4986	39.7761	40.4351	40.2053	40.6648	40.4332	39.9648	40.049600000000005	39.9857	39.7024	40.069700000000005	40.050000000000004	40.3199	40.9169	40.58	40.6122	40.2305	39.981899999999996	39.5935	39.3691	39.381899999999995	39.593	39.9442	40.3723	40.7795	40.5038	40.4456	40.0932	40.0208	40.0079	40.075	40.3505	40.3652	40.5948	40.9702	40.482099999999996	40.6223	40.468399999999995	40.3602	40.6071	41.0405	40.762	41.375	41.5122	41.63	41.5274	41.402899999999995	38.1125
Sin-APnd_012-Ex1-5A-lcwgs-1-2.clmp.r1r2_fastp	48.9408	37.766	38.5969	37.301899999999996	37.7064	37.1185	36.9046	37.604	37.753	37.76	40.413900000000005	40.2531	38.9958	38.8491	38.6463	38.5497	38.7956	38.8045	38.8551	38.8731	39.2474	39.021899999999995	38.996399999999994	38.5535	38.385999999999996	38.3221	38.4824	38.4327	38.7182	38.6747	38.9163	38.9747	38.922200000000004	38.650600000000004	38.9629	38.879999999999995	38.5378	39.25	39.086999999999996	39.0523	39.2885	39.0316	38.9731	39.2711	38.9281	39.2594	39.0792	39.047399999999996	39.541900000000005	39.284	39.2698	39.0722	38.7576	38.8889	39.068799999999996	39.091300000000004	39.703	39.5736	39.6605	39.628099999999996	38.9451	38.823800000000006	38.9671	38.2604	38.4766	38.6534	38.7761	38.9303	38.6325	39.314	38.7596	38.4424	38.1909	38.0839	37.983	38.5535	38.575199999999995	38.229600000000005	38.0722	38.0518	38.2533	37.9942	38.135200000000005	37.5484	37.7053	37.9253	38.0689	38.095	37.986799999999995	37.8631	37.685	38.1516	38.0235	38.2288	38.1005	38.3945	38.189499999999995	38.4774	38.1751	38.0669	37.5424	37.7052	37.724000000000004	37.9588	38.7355	38.4405	38.893499999999996	38.7643	38.075199999999995	38.196400000000004	38.129400000000004	37.71	38.1695	38.1916	38.393899999999995	39.2057	38.7374	38.746199999999995	38.2551	38.0428	37.44	37.0574	37.1176	37.263200000000005	37.4978	38.2712	38.8029	38.368900000000004	38.2894	37.7931	37.5797	37.5965	37.6239	37.9758	37.8539	38.2343	38.546	38.1573	38.1651	37.7543	37.7307	38.1693	38.3469	38.1323	38.9603	38.9601	39.260099999999994	39.2812	38.8982	35.9065
Sin-APnd_013-Ex1-5B-lcwgs-1-2.clmp.r1r2_fastp	48.3317	38.9178	39.151	38.0734	38.5174	38.0436	37.909	38.7027	38.8913	38.6021	41.2387	41.0209	39.9272	39.7687	39.6772	39.624700000000004	39.892	39.920899999999996	39.9995	40.0398	40.2951	40.0059	40.057900000000004	39.5953	39.4734	39.4793	39.6148	39.532000000000004	39.8382	39.7973	39.964	40.0533	40.005	39.7333	39.961999999999996	39.8577	39.6231	40.1746	39.9906	39.9334	40.172000000000004	39.8511	39.8277	40.0612	39.743	39.966499999999996	39.8723	39.7776	40.1916	39.940999999999995	39.9033	39.7091	39.4308	39.4994	39.6947	39.6842	40.2174	40.0783	40.1807	40.0899	39.481	39.380900000000004	39.4414	38.9048	39.0911	39.2488	39.305	39.4748	39.1528	39.7214	39.2572	38.919	38.670100000000005	38.6569	38.557	38.9972	39.1676	38.751799999999996	38.6179	38.6041	38.7706	38.505	38.6399	38.0911	38.2323	38.3753	38.5787	38.5717	38.501200000000004	38.4002	38.196200000000005	38.65	38.5059	38.688	38.5971	38.833600000000004	38.6177	38.8543	38.5559	38.4776	38.0542	38.1108	38.172	38.411699999999996	39.069900000000004	38.7936	39.295	39.090399999999995	38.439099999999996	38.4811	38.4043	38.0619	38.4553	38.488099999999996	38.8129	39.4699	39.0381	39.0708	38.521899999999995	38.2011	37.623200000000004	37.3585	37.3485	37.5647	37.8313	38.5661	38.9495	38.5813	38.4418	37.9778	37.7881	37.8247	37.8554	38.1759	38.0923	38.5706	38.9137	38.3664	38.418400000000005	38.083299999999994	37.9651	38.319399999999995	38.6295	38.3826	39.1571	39.199600000000004	39.441500000000005	39.3815	39.1584	35.889500000000005
Sin-APnd_014-Ex1-5C-lcwgs-1-2.clmp.r1r2_fastp	48.8451	37.9247	38.832100000000004	37.576	37.7558	37.3422	37.3257	38.197900000000004	38.311	37.9288	40.9035	40.590399999999995	39.2377	39.1487	39.008199999999995	38.9661	39.2473	39.3382	39.3512	39.4332	39.6878	39.425900000000006	39.4015	39.0064	38.8384	38.8852	38.982	38.9664	39.223	39.1971	39.4099	39.4699	39.4242	39.155499999999996	39.4162	39.3086	39.054899999999996	39.585	39.4291	39.3863	39.6009	39.359899999999996	39.319500000000005	39.535599999999995	39.2632	39.5271	39.3808	39.3102	39.7217	39.4983	39.4789	39.3082	39.0119	39.143899999999995	39.2953	39.2648	39.8516	39.7324	39.783699999999996	39.6822	39.0685	38.9745	39.0335	38.487100000000005	38.6826	38.8082	38.9602	39.0882	38.784600000000005	39.3202	38.8018	38.4158	38.2381	38.2084	38.1113	38.6135	38.7308	38.2624	38.1526	38.1609	38.2672	38.0368	38.14	37.6416	37.7344	37.9637	38.1323	38.165	38.0291	37.9428	37.8399	38.2168	38.1486	38.412400000000005	38.244299999999996	38.4963	38.3834	38.5755	38.3074	38.216	37.6479	37.941399999999994	37.9716	38.2977	39.0162	38.7002	39.149699999999996	38.9062	38.3042	38.3822	38.386399999999995	38.0513	38.5165	38.5638	38.7879	39.6256	39.136900000000004	39.162400000000005	38.6062	38.3092	37.8352	37.5924	37.653	37.8638	38.242	38.9508	39.3853	39.0179	38.8911	38.4478	38.2796	38.3499	38.515899999999995	38.925	38.9687	39.367999999999995	39.7806	39.1192	39.2318	39.0428	38.885	39.3653	39.7988	39.5478	40.3123	40.4398	40.7965	40.6678	40.4885	37.2347
Sin-APnd_015-Ex1-5D-lcwgs-1-2.clmp.r1r2_fastp	48.1584	37.7568	39.1303	37.789	37.9785	37.5104	37.4016	38.0658	38.268	38.0421	40.659099999999995	40.436899999999994	39.3345	39.2096	39.0616	39.039	39.2161	39.362399999999994	39.346	39.4238	39.6777	39.44	39.4175	39.057900000000004	38.9323	38.8813	38.9641	38.9828	39.2534	39.2179	39.425399999999996	39.5068	39.4401	39.2188	39.442899999999995	39.3619	39.0935	39.6387	39.5093	39.4985	39.6588	39.4713	39.4033	39.604800000000004	39.338899999999995	39.6137	39.4701	39.4216	39.7941	39.551700000000004	39.5831	39.4068	39.188	39.274300000000004	39.43	39.3442	39.8549	39.7475	39.7686	39.7432	39.1763	39.0857	39.1616	38.704100000000004	38.8488	38.9805	39.0218	39.097300000000004	38.8894	39.3283	38.9277	38.6041	38.455	38.4015	38.3163	38.7046	38.7949	38.386199999999995	38.3368	38.2757	38.4286	38.1971	38.3262	37.9074	37.912400000000005	38.087700000000005	38.2054	38.2436	38.1975	38.0632	37.9803	38.294	38.199600000000004	38.368900000000004	38.2806	38.421499999999995	38.3496	38.5301	38.3193	38.1673	37.803	37.9191	37.993700000000004	38.1599	38.8407	38.5507	38.9309	38.765	38.2145	38.2815	38.2374	37.919599999999996	38.3805	38.4096	38.5985	39.163399999999996	38.805800000000005	38.733000000000004	38.291199999999996	38.0983	37.6537	37.4074	37.4884	37.6278	37.8956	38.437599999999996	38.9579	38.5592	38.4232	38.0443	37.9429	37.9162	38.095099999999995	38.3669	38.3155	38.689	38.9778	38.5455	38.7316	38.2539	38.2307	38.7175	38.8537	38.7388	39.4343	39.6121	39.801500000000004	39.8258	39.5669	36.436800000000005
Sin-APnd_016-Ex1-5E-lcwgs-1-2.clmp.r1r2_fastp	48.6502	38.2933	38.3121	37.2079	37.6176	37.028299999999994	36.9158	37.7681	37.920700000000004	37.716899999999995	40.469699999999996	40.2192	38.9641	38.7973	38.6849	38.6333	38.8532	38.9586	39.002199999999995	39.036100000000005	39.2762	39.0645	39.0584	38.6219	38.4745	38.4582	38.559	38.5687	38.848	38.7699	38.949099999999994	39.0467	38.986399999999996	38.7214	38.934999999999995	38.844699999999996	38.5731	39.1325	38.9521	38.9538	39.1339	38.8222	38.8167	39.029399999999995	38.7387	38.9878	38.8278	38.8077	39.1991	38.9759	38.9625	38.760099999999994	38.4598	38.5652	38.7405	38.6944	39.292	39.1907	39.2881	39.2235	38.557900000000004	38.4372	38.4777	37.938300000000005	38.1407	38.3247	38.4364	38.5927	38.2606	38.8652	38.3874	37.990899999999996	37.7431	37.6998	37.613400000000006	38.1538	38.2801	37.8239	37.6996	37.6635	37.833	37.669599999999996	37.7423	37.2329	37.315	37.6036	37.6926	37.7831	37.649899999999995	37.5708	37.357	37.8498	37.7631	37.9392	37.8309	38.1091	37.958	38.2144	37.9067	37.8206	37.2502	37.439699999999995	37.5546	37.7821	38.562400000000004	38.3272	38.7597	38.5391	37.8761	37.9445	37.933499999999995	37.5295	37.9478	38.0722	38.3489	39.077400000000004	38.6549	38.6914	38.0652	37.8627	37.2626	36.9491	37.0266	37.2207	37.478699999999996	38.3108	38.7763	38.378	38.2492	37.8136	37.6522	37.7198	37.7887	38.1012	38.116	38.4555	38.8695	38.3899	38.331700000000005	37.96	37.8938	38.5081	38.780300000000004	38.5133	39.2827	39.4371	39.699	39.6429	39.3472	36.147800000000004
Sin-APnd_017-Ex1-5F-lcwgs-1-2.clmp.r1r2_fastp	49.077799999999996	38.6389	39.1764	38.0863	38.4772	37.9516	37.8431	38.7265	38.8341	38.4314	41.4202	41.0749	39.8823	39.7622	39.6328	39.5908	39.8555	39.933099999999996	39.9456	40.022999999999996	40.2072	39.9606	39.9586	39.5323	39.426	39.4067	39.5115	39.4975	39.8143	39.6999	39.8777	39.9831	39.9148	39.6671	39.9231	39.8014	39.5858	40.1467	39.9444	39.9267	40.1438	39.819500000000005	39.8354	40.0612	39.764500000000005	39.999	39.915099999999995	39.8453	40.2313	40.016600000000004	40.0179	39.8354	39.5988	39.6648	39.800200000000004	39.7954	40.3178	40.2278	40.3148	40.232299999999995	39.676899999999996	39.6175	39.6431	39.1534	39.3727	39.4217	39.5843	39.728	39.4574	39.9265	39.5343	39.1883	39.0374	39.0002	38.9153	39.3642	39.494299999999996	39.1115	39.021899999999995	39.0302	39.1157	38.9891	39.1162	38.6462	38.7564	39.0071	39.098	39.1561	39.089800000000004	38.920500000000004	38.8438	39.2627	39.1939	39.3618	39.3436	39.554	39.414	39.6273	39.373200000000004	39.308	38.986399999999996	39.122800000000005	39.148300000000006	39.3921	39.9499	39.7504	40.2082	39.9914	39.5109	39.6519	39.5212	39.2973	39.7434	39.732099999999996	39.951100000000004	40.543	40.1741	40.167500000000004	39.9127	39.6134	39.2146	39.100699999999996	39.0331	39.2708	39.5506	40.1175	40.4957	40.2417	40.0872	39.7326	39.7289	39.820499999999996	39.8427	40.2475	40.1979	40.4094	40.8146	40.423500000000004	40.470099999999995	40.3387	40.3174	40.652300000000004	41.119499999999995	40.8296	41.4528	41.7055	41.671200000000006	41.7707	41.7054	38.43
Sin-APnd_018-Ex1-5G-lcwgs-1-2.clmp.r1r2_fastp	47.8744	37.634	38.791399999999996	37.4944	37.8979	37.3079	37.2395	37.938300000000005	38.0971	37.7538	40.5381	40.291199999999996	39.2378	39.129799999999996	39.082499999999996	39.0494	39.242	39.3313	39.3577	39.3984	39.583	39.378099999999996	39.3697	39.0192	38.905699999999996	38.9022	38.9712	38.9416	39.2125	39.1708	39.312000000000005	39.4124	39.3645	39.1522	39.3208	39.2171	39.050200000000004	39.4198	39.2992	39.286100000000005	39.452999999999996	39.2177	39.165299999999995	39.343	39.079	39.2389	39.1193	39.0794	39.3561	39.1799	39.1476	39.021899999999995	38.8167	38.8575	38.9849	38.917699999999996	39.273799999999994	39.155699999999996	39.2464	39.1724	38.6933	38.6271	38.6942	38.2816	38.368	38.4698	38.4835	38.581700000000005	38.3782	38.7434	38.4049	38.1235	37.9557	37.9247	37.8531	38.1142	38.2471	37.874	37.7955	37.7617	37.9165	37.696000000000005	37.7923	37.424600000000005	37.4485	37.5523	37.6646	37.6846	37.5655	37.5047	37.3693	37.7506	37.6394	37.7548	37.6608	37.7856	37.6697	37.8093	37.6174	37.486999999999995	37.1908	37.3003	37.3407	37.5284	38.006299999999996	37.750299999999996	38.0494	37.9082	37.4508	37.507600000000004	37.445	37.1733	37.4871	37.6203	37.6729	38.1201	37.824400000000004	37.7652	37.3687	37.1661	36.8452	36.6712	36.675200000000004	36.7996	37.0475	37.5229	37.8279	37.4927	37.4225	37.087900000000005	37.0239	36.9799	37.0769	37.3146	37.2951	37.6909	37.8257	37.3908	37.4563	37.252	37.2334	37.573	37.855199999999996	37.5901	38.1753	38.2619	38.475500000000004	38.4512	38.069399999999995	34.9375
Sin-APnd_019-Ex1-5H-lcwgs-1-2.clmp.r1r2_fastp	48.220400000000005	38.019999999999996	38.7335	37.516	37.8564	37.318200000000004	37.2383	37.9505	38.0873	37.9063	40.5511	40.3046	39.131899999999995	39.0046	38.927299999999995	38.9127	39.1605	39.2658	39.2911	39.306400000000004	39.5988	39.3295	39.3349	38.9052	38.776500000000006	38.7507	38.9045	38.873799999999996	39.1809	39.1021	39.2915	39.379599999999996	39.3653	39.1143	39.3878	39.306999999999995	39.0454	39.622800000000005	39.4702	39.4258	39.6723	39.3859	39.3525	39.6124	39.3116	39.596199999999996	39.4653	39.3978	39.854099999999995	39.5509	39.5722	39.3848	39.095	39.2041	39.3753	39.326699999999995	39.913	39.7463	39.8407	39.8031	39.151799999999994	39.0441	39.1243	38.5747	38.7674	38.9052	38.9852	39.108399999999996	38.8256	39.346	38.8873	38.516600000000004	38.3202	38.2667	38.190400000000004	38.6248	38.799	38.324799999999996	38.2314	38.2222	38.378099999999996	38.1603	38.272800000000004	37.7797	37.8544	38.0234	38.2054	38.255	38.1393	38.0168	37.8834	38.2739	38.2088	38.358799999999995	38.2815	38.474799999999995	38.3638	38.5292	38.2773	38.1338	37.7127	37.861200000000004	37.9367	38.1415	38.8622	38.587700000000005	38.9509	38.7516	38.182700000000004	38.1659	38.1855	37.8301	38.224799999999995	38.3148	38.495200000000004	39.1534	38.7867	38.6813	38.1602	37.992399999999996	37.4485	37.1099	37.214000000000006	37.4407	37.6377	38.3299	38.7541	38.3412	38.2652	37.7799	37.697599999999994	37.718	37.741400000000006	38.0623	38.055299999999995	38.4251	38.6541	38.2084	38.3519	37.9666	37.9108	38.2552	38.527	38.3932	39.001599999999996	39.0206	39.3071	39.433	38.983200000000004	35.950199999999995
Sin-APnd_020-Ex1-6A-lcwgs-1-2.clmp.r1r2_fastp	47.3296	38.8378	38.7939	37.906099999999995	37.9017	37.899	37.7147	38.3075	38.6921	39.0325	40.7142	40.793	39.3952	39.3144	38.995400000000004	38.9785	39.253	39.3894	39.3369	39.4219	39.854800000000004	39.576499999999996	39.571600000000004	39.0621	38.8797	38.7824	39.0075	38.9606	39.2633	39.2975	39.5473	39.7331	39.582899999999995	39.2335	39.6352	39.6356	39.1412	40.1219	39.891799999999996	39.8717	40.1201	39.8477	39.666000000000004	40.139	39.6372	40.1998	39.9997	39.8657	40.5646	40.1881	40.1588	39.8103	39.3272	39.5928	39.8437	39.8866	40.87	40.6782	40.7026	40.5866	39.5154	39.4399	39.6058	38.718799999999995	38.940000000000005	39.2866	39.3604	39.5775	39.1424	40.057700000000004	39.1647	38.7617	38.4019	38.3023	38.1815	38.9716	39.1021	38.4137	38.2611	38.182	38.4543	38.059	38.3267	37.473600000000005	37.6057	37.936	38.2774	38.286	38.122499999999995	38.078	37.7784	38.414500000000004	38.255	38.6794	38.393899999999995	38.7927	38.632600000000004	39.009	38.6465	38.4287	37.6543	37.9387	37.9361	38.3287	39.6445	39.0708	39.829	39.6803	38.5581	38.571	38.6214	38.0111	38.7171	38.8278	39.265899999999995	40.4718	39.7566	39.6702	38.8293	38.431599999999996	37.3812	36.8859	37.1349	37.4553	37.7079	38.947900000000004	39.7821	38.978699999999996	38.9287	38.291799999999995	37.8835	37.845099999999995	37.9841	38.4932	38.4664	38.9966	39.4861	38.729200000000006	38.7475	38.1293	38.0198	38.5996	38.9504	38.6152	39.7173	39.941700000000004	40.2851	40.342	39.879	36.5757
Sin-APnd_021-Ex1-6B-lcwgs-1-2.clmp.r1r2_fastp	49.0341	38.8914	39.4737	38.3105	38.508399999999995	38.2181	38.2319	39.0596	39.2406	39.3184	41.6575	41.5238	40.043	39.961200000000005	39.7598	39.7504	40.007	40.1576	40.1565	40.2733	40.6449	40.3909	40.3592	39.8549	39.625899999999994	39.6503	39.8213	39.79	40.139399999999995	40.1105	40.3525	40.435700000000004	40.3945	40.0636	40.45	40.3605	39.9927	40.9051	40.6567	40.649499999999996	40.9565	40.6061	40.5204	40.915400000000005	40.4923	40.9429	40.7204	40.7274	41.32	40.9955	40.9732	40.7066	40.244	40.4618	40.7103	40.7174	41.537400000000005	41.3712	41.4653	41.369699999999995	40.415	40.328	40.4717	39.704899999999995	39.982800000000005	40.2362	40.3889	40.5404	40.152	40.976	40.1819	39.7832	39.4921	39.420300000000005	39.2811	40.0394	40.1271	39.583800000000004	39.4366	39.414	39.6198	39.306000000000004	39.4636	38.757200000000005	38.8888	39.224199999999996	39.4123	39.4666	39.3572	39.1881	39.0	39.54	39.3698	39.6098	39.466699999999996	39.8525	39.6604	39.947	39.549800000000005	39.394400000000005	38.7706	38.9726	38.9302	39.2853	40.2815	39.9912	40.6032	40.4244	39.4428	39.5448	39.3777	38.9627	39.4704	39.5582	39.8926	40.9591	40.4236	40.4522	39.6635	39.238800000000005	38.4571	37.9921	38.1135	38.4285	38.6697	39.738800000000005	40.403	39.848299999999995	39.6333	38.9982	38.6456	38.7986	38.8204	39.3143	39.2455	39.8039	40.1652	39.482099999999996	39.4608	39.0399	38.8268	39.4045	39.6489	39.3099	40.4032	40.5316	40.8193	40.753	40.3714	37.1917
Sin-APnd_022-Ex1-6C-lcwgs-1-2.clmp.r1r2_fastp	48.4858	38.6525	39.171499999999995	38.225500000000004	38.3005	37.9828	37.947199999999995	38.834999999999994	38.975300000000004	38.8716	41.4324	41.2291	39.8838	39.7512	39.6185	39.6894	39.8816	40.0454	39.9894	40.141799999999996	40.35	40.2058	40.0873	39.6766	39.423	39.5833	39.6759	39.6352	39.9808	39.9536	40.1219	40.2802	40.2219	39.909800000000004	40.2941	40.1928	39.8985	40.6762	40.4086	40.3864	40.6082	40.3448	40.253299999999996	40.643299999999996	40.2051	40.6165	40.448299999999996	40.400999999999996	40.9082	40.6069	40.543800000000005	40.4195	40.0684	40.2118	40.4966	40.3723	41.0519	40.8671	40.9953	40.862300000000005	40.0228	40.0308	40.0887	39.4854	39.7245	39.9694	39.961	40.1297	39.767	40.5125	39.8953	39.4061	39.2525	39.3008	39.102	39.7058	39.9467	39.272400000000005	39.1986	39.2266	39.4191	39.1532	39.333	38.752700000000004	38.871	39.2097	39.3438	39.4698	39.2085	39.211200000000005	39.0445	39.6736	39.5468	39.879599999999996	39.7257	39.9275	39.8164	40.177099999999996	39.7618	39.6656	39.2254	39.461800000000004	39.6399	40.0194	40.6779	40.3191	40.8943	40.6763	40.0317	40.1878	40.0815	39.8976	40.3804	40.5117	40.8646	41.5958	41.037800000000004	41.0771	40.6133	40.395199999999996	39.812799999999996	39.7099	39.661699999999996	39.9934	40.468900000000005	41.1041	41.5982	41.3135	41.166199999999996	40.8523	40.7357	40.731	40.8918	41.4359	41.1852	41.876999999999995	42.3233	41.6631	41.7569	41.6564	41.4763	42.1567	42.6075	42.3274	43.1223	43.4431	43.5726	43.681	43.5704	40.212399999999995
Sin-APnd_023-Ex1-6D-lcwgs-1-2.clmp.r1r2_fastp	48.1	40.3021	39.5944	39.9299	39.2765	39.0985	38.5451	39.8566	40.031	39.7601	42.0816	41.7979	40.5319	40.5263	40.192099999999996	40.2134	40.411500000000004	40.6763	40.6471	40.7569	41.0957	40.8559	40.8174	40.3292	40.158100000000005	40.1799	40.2512	40.2656	40.6628	40.6835	40.8365	41.0766	40.877	40.6606	40.9037	40.8218	40.547	41.2059	41.0671	41.1689	41.363299999999995	41.1004	41.0144	41.3213	40.8876	41.348	41.1935	41.1217	41.6655	41.4117	41.3846	41.1804	40.8512	40.990300000000005	41.118300000000005	41.126400000000004	41.6858	41.5813	41.7113	41.5794	40.9061	40.8201	40.902	40.4813	40.5437	40.7439	40.8425	40.9324	40.6234	41.2106	40.7295	40.3288	40.135	40.1306	39.973	40.451	40.6426	40.1736	40.1751	40.1252	40.146100000000004	39.9812	40.0115	39.5063	39.6637	39.8859	39.963100000000004	40.0744	40.1006	39.9953	39.7677	40.1477	39.9367	40.163	40.1286	40.3192	40.3244	40.4404	40.2264	40.0922	39.706399999999995	39.7387	39.7769	40.0734	40.6974	40.5007	41.0008	40.9255	40.266200000000005	40.2582	40.173700000000004	39.9069	40.2566	40.298899999999996	40.6112	41.2537	40.8449	40.8994	40.3714	40.0859	39.6073	39.3218	39.3506	39.6475	39.8913	40.4855	40.9219	40.6624	40.523199999999996	40.0375	39.947500000000005	39.8587	39.968399999999995	40.3234	40.395900000000005	40.814499999999995	41.0792	40.694599999999994	40.7031	40.389	40.2325	40.6829	40.8797	40.6122	41.2977	41.673100000000005	41.7777	41.9326	41.836600000000004	38.644600000000004
Sin-APnd_024-Ex1-6E-lcwgs-1-2.clmp.r1r2_fastp	48.2566	40.031299999999995	39.2063	39.4654	39.004	38.5944	38.0078	39.2519	39.4743	39.1465	41.588	41.333999999999996	40.2339	40.1416	39.9031	39.8648	40.109899999999996	40.2719	40.2573	40.2778	40.6403	40.3609	40.3635	39.9342	39.797399999999996	39.800200000000004	39.8957	39.8604	40.1708	40.167199999999994	40.3249	40.5139	40.3785	40.2027	40.4041	40.3084	40.084900000000005	40.588499999999996	40.4532	40.4366	40.653299999999994	40.3907	40.3566	40.583200000000005	40.2308	40.5051	40.4266	40.313300000000005	40.7498	40.509299999999996	40.490700000000004	40.3275	40.0863	40.137299999999996	40.2183	40.2313	40.6834	40.5898	40.636	40.575	39.970299999999995	39.8839	39.9403	39.544000000000004	39.567	39.7177	39.8016	39.8778	39.6201	40.0648	39.7286	39.353500000000004	39.185900000000004	39.1473	38.9425	39.3696	39.5314	39.0854	39.079	38.9831	39.1317	38.909	38.9805	38.5391	38.6123	38.826100000000004	38.874900000000004	38.9473	38.8849	38.811800000000005	38.600699999999996	39.033	38.82	38.9989	39.0257	39.1533	39.0524	39.2343	39.0831	38.8681	38.5998	38.58	38.6637	38.8664	39.4666	39.2679	39.685199999999995	39.5148	39.0011	39.055099999999996	38.9046	38.7372	39.0389	39.053900000000006	39.4135	39.9056	39.5082	39.5557	39.0732	38.9252	38.4526	38.159	38.2956	38.332699999999996	38.6651	39.2975	39.566	39.2984	39.3223	38.9001	38.8202	38.7739	38.8284	39.0714	39.0881	39.4128	39.871	39.3029	39.454499999999996	39.2014	39.2141	39.4822	39.7385	39.5668	40.179700000000004	40.3991	40.644400000000005	40.586299999999994	40.5989	37.0914
Sin-APnd_025-Ex1-6F-lcwgs-1-2.clmp.r1r2_fastp	47.2209	37.7202	38.9966	37.749	37.8883	37.511	37.4211	38.0995	38.2322	37.851600000000005	40.4437	40.2121	39.1878	39.068799999999996	38.968399999999995	38.9466	39.163199999999996	39.2431	39.269999999999996	39.3277	39.4999	39.2939	39.2622	38.955	38.817099999999996	38.7939	38.8953	38.8472	39.1001	39.1119	39.2639	39.3266	39.2937	39.0843	39.2746	39.1947	38.9713	39.3688	39.2695	39.2567	39.415800000000004	39.2408	39.1579	39.333	39.0592	39.266400000000004	39.143499999999996	39.0881	39.3845	39.1851	39.1867	39.0494	38.8222	38.9056	39.0268	38.9482	39.3312	39.231899999999996	39.24	39.1872	38.7075	38.6507	38.6784	38.3226	38.386700000000005	38.4579	38.487700000000004	38.5454	38.3405	38.6957	38.3249	38.1048	37.922	37.912	37.7921	38.0767	38.095800000000004	37.7817	37.7002	37.7141	37.7798	37.5837	37.633	37.2851	37.314	37.3804	37.4843	37.457499999999996	37.4055	37.3724	37.2209	37.5175	37.3958	37.5465	37.4543	37.5978	37.4668	37.587900000000005	37.4086	37.3074	37.0036	37.0809	37.0572	37.2969	37.7789	37.532700000000006	37.8143	37.6416	37.2336	37.2067	37.1745	36.9362	37.2019	37.2414	37.4285	37.8524	37.5579	37.5247	37.1687	36.9685	36.543	36.3262	36.3665	36.5535	36.7126	37.2285	37.3881	37.2204	37.0642	36.7503	36.5765	36.6386	36.703599999999994	36.8615	36.9865	37.2249	37.398399999999995	37.0292	37.1094	36.8815	36.836999999999996	37.1838	37.446400000000004	37.1891	37.7653	38.0079	37.966899999999995	38.0884	37.8165	34.4712
Sin-CPnd_013-Ex1-4E-lcwgs-1-2.clmp.r1r2_fastp	60.443999999999996	49.0485	47.2361	47.8251	49.8414	47.0775	46.239200000000004	47.6212	48.3462	47.8024	52.6733	52.288199999999996	50.9289	51.0648	51.0874	49.8414	51.903	48.4594	49.478899999999996	50.1586	49.1391	49.0938	49.0938	50.2266	49.8867	49.7734	49.365700000000004	48.7313	49.4336	49.342999999999996	50.0	50.339800000000004	51.6312	49.0587	48.8404	49.817299999999996	49.7136	50.7016	48.7506	49.349399999999996	50.1634	49.8594	50.12950000000001	50.1778	49.2498	49.186600000000006	49.7955	50.3027	50.4395	49.9631	49.343900000000005	49.9501	50.590599999999995	50.1903	48.1	50.7089	50.3117	49.4238	49.6564	51.5879	48.721399999999996	50.9352	49.003	49.6557	51.3363	50.0702	50.354	50.429100000000005	49.7832	50.248599999999996	49.9705	50.8378	52.256899999999995	51.453	50.1394	48.8583	51.897499999999994	50.22410000000001	51.7185	50.4097	51.0942	50.9073	50.304899999999996	51.7973	50.5715	50.0701	50.5861	51.4823	51.8152	51.4613	50.41139999999999	51.9377	50.0384	51.0903	51.6423	50.6019	51.276900000000005	50.618300000000005	50.9845	49.5748	50.907500000000006	50.547	48.8899	51.691500000000005	51.6159	50.4221	51.313900000000004	51.6489	52.269299999999994	52.3664	50.0	51.3969	50.0537	52.2478	52.2538	51.7594	48.9914	49.471199999999996	51.29280000000001	48.4288	49.2735	51.3583	47.688199999999995	49.695299999999996	50.2762	50.604099999999995	52.2661	51.6393	48.4315	49.374	49.1987	48.2275	48.9865	51.5679	49.8208	51.1029	51.60979999999999	50.2449	48.851099999999995	49.3333	51.987399999999994	51.657799999999995	52.112700000000004	51.545300000000005	48.938500000000005	50.631499999999996	53.7296	51.612899999999996	49.4282	46.4939
Sin-CPnd_015-Ex1-4A-lcwgs-1-2.clmp.r1r2_fastp	55.4677	40.6268	40.781099999999995	39.4214	41.2729	39.595	39.4503	40.675	40.4532	39.296	44.6673	43.1919	43.201499999999996	42.9412	42.5458	42.0154	41.7165	42.7387	42.3819	42.3144	42.478300000000004	41.369299999999996	41.4658	43.1726	41.6393	41.6779	41.5622	41.3983	42.189	42.3915	41.5526	41.9672	42.295100000000005	42.322199999999995	42.4468	41.9552	41.0553	41.2212	40.8926	41.815000000000005	41.9253	41.7155	42.444199999999995	41.3367	41.998799999999996	41.1771	42.1074	41.131499999999996	42.2181	40.9926	42.0541	41.9424	41.637	41.281400000000005	41.7416	41.6611	42.3615	40.7177	42.038399999999996	41.6946	41.5156	41.3389	42.0724	41.1494	41.423300000000005	41.6449	41.5913	41.4957	41.841899999999995	41.0488	42.259299999999996	41.674499999999995	41.6406	42.174800000000005	41.413	41.066599999999994	41.1605	42.2012	40.0119	41.610200000000006	41.133199999999995	40.516200000000005	42.5142	41.387	40.901700000000005	42.3267	41.225699999999996	40.6886	40.816	39.8671	40.7026	40.6987	41.9367	42.2748	42.4806	40.535900000000005	40.8636	41.1671	41.124	40.7599	41.4947	41.2532	41.413	42.2479	40.4265	41.0262	42.1152	41.6747	40.8779	41.5146	42.472	40.631499999999996	42.3321	41.3682	40.4834	40.6285	39.7194	42.4597	41.2665	41.268899999999995	40.559200000000004	40.1542	41.518699999999995	41.0498	41.2435	40.9059	39.9637	41.5613	41.087	40.9073	39.7624	41.1098	39.2189	40.3494	40.3913	41.110600000000005	38.2812	41.0377	40.6599	38.803	39.397	40.5236	41.9012	40.1294	39.6258	41.843599999999995	40.5822	40.3283	40.5505	38.791799999999995
Sin-CPnd_018-Ex1-11A-lcwgs-1-2.clmp.r1r2_fastp	52.1513	39.6002	39.6149	38.6785	39.781	38.750800000000005	38.0911	39.372	39.8583	39.0512	42.484100000000005	42.3926	41.2144	40.9874	40.5288	40.6999	40.701	40.8767	40.9738	40.8016	41.4613	40.8518	41.1489	40.5723	40.4311	40.3847	40.3876	40.396	40.7118	40.4034	40.8129	41.016799999999996	40.7795	40.4585	40.7834	40.6004	40.295700000000004	40.931	40.8096	40.6439	41.2783	40.6884	40.8792	40.8456	40.6731	40.9339	40.5501	40.837	41.132400000000004	40.9179	41.0039	40.7304	40.3559	40.5336	40.6679	40.9793	41.2991	41.0109	41.121	41.2253	40.9655	40.6194	40.6692	40.202799999999996	40.4181	40.4435	40.4851	40.7358	40.699600000000004	40.8507	40.4822	40.4294	40.3032	40.2027	39.9789	40.7232	40.3698	40.3067	40.3602	40.5426	40.3445	40.150999999999996	40.1578	39.9917	40.2017	40.036899999999996	40.3318	40.3256	40.295500000000004	40.0228	40.145399999999995	40.2776	39.880900000000004	40.448499999999996	40.2688	40.442699999999995	40.4557	40.567	40.2519	40.3723	39.919900000000005	40.022000000000006	40.2762	40.398	40.5401	40.629599999999996	40.6593	40.474900000000005	40.471000000000004	40.435700000000004	40.6028	40.4319	40.213	39.9662	40.4128	40.977799999999995	40.1687	40.6271	40.1897	40.226800000000004	39.921	39.7216	39.763999999999996	39.8597	39.6637	40.0944	40.5171	39.928599999999996	39.9481	39.9486	39.814	39.184200000000004	39.8498	40.2215	39.8382	39.462599999999995	40.3984	39.732299999999995	39.4824	40.4431	39.6698	39.886500000000005	40.2339	39.3213	40.3585	40.4992	40.550999999999995	39.4315	40.022000000000006	35.8981
Sin-CPnd_019-Ex1-1H-lcwgs-1-2.clmp.r1r2_fastp	56.1097	38.1236	39.4778	37.8559	40.1755	37.9067	38.1393	39.4564	39.657599999999995	38.3835	43.1223	43.3901	42.413000000000004	41.644999999999996	41.897099999999995	41.0236	41.5766	41.4476	41.4555	41.6509	41.6157	40.9669	41.6431	41.1154	41.529700000000005	41.342099999999995	41.2288	41.3792	41.0451	41.1604	41.6939	41.2112	41.3617	41.3722	41.3451	41.0761	40.9842	41.1939	41.0884	41.0498	41.5186	40.8581	41.4251	41.3158	41.071999999999996	41.498400000000004	41.2553	41.1545	40.9815	40.9298	40.8173	41.2917	41.454	41.518899999999995	41.306799999999996	41.3201	40.8034	40.9764	41.0702	40.944599999999994	41.1285	41.0384	40.9296	41.025	41.151199999999996	40.9756	41.1111	41.0823	41.3373	41.240300000000005	41.285	41.3034	41.3022	40.7999	41.5779	40.9664	41.2121	41.1411	41.058299999999996	40.997	41.565200000000004	40.88	41.4583	40.8658	41.4282	41.444399999999995	40.6199	40.7015	41.5771	40.5214	41.017399999999995	41.0991	41.2705	40.8691	41.890699999999995	40.908699999999996	41.1929	40.793800000000005	41.232600000000005	41.1939	41.9229	41.2852	41.4433	40.8048	41.3363	41.2848	40.804	40.5531	42.1357	40.835300000000004	41.607499999999995	41.049400000000006	41.7641	41.0519	42.071999999999996	40.785900000000005	41.693400000000004	41.045500000000004	41.0136	40.9197	41.415800000000004	41.8005	40.3091	41.314499999999995	40.8359	41.083999999999996	41.1282	41.3043	40.639900000000004	40.4585	40.7512	41.848	41.300399999999996	41.152699999999996	41.7752	40.6544	41.1593	40.9122	41.8073	41.180699999999995	40.6953	41.735499999999995	41.3181	41.626200000000004	42.5901	41.0878	42.5768	42.7119	41.6667	36.7798
Sin-CPnd_020-Ex1-12E-lcwgs-1-2.clmp.r1r2_fastp	55.00429999999999	39.6274	40.9829	39.1398	40.1331	39.2202	38.427	39.9611	40.666000000000004	39.123999999999995	43.4056	43.2995	42.404799999999994	41.9107	41.5723	41.4844	41.6097	41.6186	41.523700000000005	41.8028	41.9327	41.635	41.7733	41.404999999999994	41.4251	41.193200000000004	41.433	41.4321	41.5555	41.462500000000006	41.771	41.648	41.756	41.5493	41.4941	41.4884	41.3437	41.5023	41.5233	41.2879	41.5229	41.384	41.584199999999996	41.799	41.4455	41.492000000000004	41.3789	41.5243	41.6601	41.417500000000004	41.6648	41.340199999999996	41.511700000000005	41.2545	41.4969	41.6918	41.667	41.482200000000006	41.6697	41.6441	41.297	41.4528	41.5075	41.1551	41.2709	41.5214	41.5135	41.6398	41.52	41.5792	41.6093	41.4512	41.5135	41.4072	41.4476	41.5259	41.6638	41.6816	41.8286	41.573100000000004	41.6498	41.4691	41.4258	41.234	41.3934	41.6129	41.769400000000005	41.429500000000004	41.604200000000006	41.3937	41.7649	42.0766	41.7399	41.626200000000004	41.7391	41.4487	41.785	41.8632	41.5348	41.7847	41.734	41.923100000000005	41.351	41.7326	41.675000000000004	41.7236	41.8384	41.8545	41.46	41.8042	41.6026	41.8431	41.362300000000005	41.5387	41.7338	41.8802	41.2628	41.905300000000004	41.4368	41.3985	41.4765	41.7215	41.6226	41.5043	41.707300000000004	41.4467	42.3429	41.1556	41.8269	41.3572	41.5401	41.8881	40.9881	41.0516	41.8603	41.267199999999995	41.8447	41.4446	41.2408	41.3007	41.2951	42.295700000000004	41.6289	42.2315	41.833	41.5898	42.302099999999996	41.990100000000005	41.568	38.8642
Sin-CPnd_021-Ex1-3D-lcwgs-1-2.clmp.r1r2_fastp	52.0995	40.8033	42.2752	40.814699999999995	42.6518	41.0885	40.381099999999996	42.0698	41.5792	41.0543	44.8539	43.7814	45.3902	43.1766	43.416199999999996	43.3478	42.6632	43.655899999999995	43.769999999999996	44.2492	43.0968	43.0169	42.7659	43.0283	42.742999999999995	43.256499999999996	43.576	42.0812	44.1807	42.822900000000004	42.4007	43.5988	43.0968	42.8915	43.8822	42.2001	42.9236	43.4752	42.553200000000004	42.6937	44.0548	43.6128	43.2091	43.0784	42.3942	43.5907	43.0066	42.2443	42.5555	42.7355	42.1284	42.181000000000004	42.676199999999994	42.111399999999996	41.6445	42.6126	42.9643	43.2336	42.1153	42.9198	42.6227	41.1586	42.592	41.8812	42.9696	41.834500000000006	42.5895	41.2956	41.9159	42.2253	41.0678	41.499900000000004	43.316900000000004	41.613699999999994	41.3058	42.126999999999995	41.7644	41.3388	43.335	43.1566	42.912499999999994	41.429300000000005	43.3009	41.9399	41.821799999999996	42.3797	42.0619	41.7919	41.3538	43.6278	40.813700000000004	42.0724	42.592	42.2984	42.7305	40.9306	41.2728	43.5097	40.8825	43.08	42.5714	40.1092	42.3242	41.6078	40.8842	40.0372	42.1555	39.577200000000005	42.5842	42.560900000000004	40.5434	41.3296	41.6905	40.3767	40.254200000000004	41.1396	41.898	42.126200000000004	40.6314	41.247299999999996	44.0962	39.759899999999995	41.221999999999994	40.5728	40.7195	41.7085	40.531299999999995	43.0346	42.1918	41.7541	41.041	43.4426	41.3249	41.125499999999995	38.196000000000005	40.2762	41.342800000000004	41.2776	39.899	44.3286	42.4324	38.9197	44.318200000000004	44.7368	38.080999999999996	40.0	43.416900000000005	43.689299999999996	41.438399999999994	39.4
Sin-CPnd_022-Ex1-1D-lcwgs-1-2.clmp.r1r2_fastp	56.4795	40.1053	40.6129	39.1415	40.3861	39.6976	38.777	40.2457	41.098800000000004	38.5313	44.128	43.7311	42.9293	42.2462	42.6674	41.6496	42.4487	42.2462	42.6566	42.0518	42.6188	41.6442	42.6161	41.8737	41.7063	41.6442	41.6982	41.8035	41.7765	41.5956	41.9033	41.8332	42.119299999999996	41.7169	42.1552	41.6885	42.1526	41.5694	42.1511	41.614000000000004	41.7624	41.5347	42.315999999999995	41.9671	41.5828	41.4965	41.9391	41.4279	41.5089	41.808099999999996	41.8529	41.550599999999996	41.680099999999996	40.8718	41.2244	41.8214	41.4159	41.3917	41.9496	41.753099999999996	41.1982	41.6266	41.3387	41.6508	41.554	41.1974	41.2493	41.4174	41.5199	41.5498	41.8481	41.934900000000006	41.6875	41.6555	41.3951	41.455799999999996	41.1761	41.1826	41.4925	41.336099999999995	41.680299999999995	41.5145	41.5303	40.7363	41.6859	41.1759	40.7366	41.2577	41.8024	40.779399999999995	41.925000000000004	41.3724	41.638	41.0693	41.1416	41.112	41.139700000000005	41.54	41.3767	40.699999999999996	41.403800000000004	40.9113	41.1563	40.8181	41.0913	40.7026	41.6917	40.6657	41.0304	41.4241	40.8114	41.076299999999996	40.897	40.4264	40.1352	40.632600000000004	40.8876	40.6609	41.2839	40.3396	40.4003	40.9769	40.2464	39.7008	40.5373	40.1772	40.814299999999996	40.1086	40.1333	39.8722	39.738800000000005	39.9831	39.623000000000005	40.5975	39.8399	40.0076	40.361200000000004	39.526	40.760999999999996	39.6005	40.6417	39.2628	41.1475	40.751	40.8787	40.2486	40.5246	39.8831	39.233200000000004	36.736200000000004
Sin-CPnd_023-Ex1-12B-lcwgs-1-2.clmp.r1r2_fastp	52.7003	39.8711	40.247899999999994	39.163399999999996	40.043099999999995	39.2526	38.515	40.0548	40.2725	39.622299999999996	42.7741	42.9402	41.6216	41.6774	41.339999999999996	40.969699999999996	41.457899999999995	41.4309	41.420899999999996	41.6422	41.6563	41.4585	41.5888	41.179700000000004	41.144	40.957300000000004	40.8881	41.0647	41.3493	41.0636	41.3259	41.639199999999995	41.2202	41.3727	41.2351	41.2273	41.1468	41.4193	41.275099999999995	41.4528	41.3272	41.0533	41.1309	41.4262	41.2198	41.1941	41.388799999999996	41.2995	41.2294	41.3613	41.135	40.8939	40.7513	40.9337	40.996	41.0668	41.084700000000005	41.3794	41.606	41.2661	41.2112	40.8878	41.0698	40.835	41.0548	40.9773	41.0233	41.171	41.0175	40.9831	40.8524	40.935300000000005	40.7699	40.7086	40.6922	40.9844	41.0136	40.8572	40.8667	41.0015	40.9832	40.7098	40.8988	40.2391	40.7007	40.549400000000006	40.5014	40.8726	40.7121	40.4416	40.7761	40.9404	41.0563	40.8121	40.720299999999995	40.9402	40.884	41.0355	40.6935	41.004400000000004	40.8022	40.7457	40.7299	41.0966	41.3861	40.995599999999996	41.593999999999994	41.0304	40.7988	40.666000000000004	40.7598	41.0216	40.9567	41.0058	40.7474	41.2063	41.0117	41.0826	40.832800000000006	40.7466	40.8108	40.3667	41.2775	40.014300000000006	40.4915	40.8157	41.079100000000004	40.6613	40.5086	39.9447	40.7507	40.5244	40.3895	41.0879	40.295700000000004	40.7312	40.3388	40.706900000000005	41.096700000000006	40.3673	41.3884	40.5871	40.4979	40.800599999999996	41.305	40.8936	41.059	41.2947	40.9902	38.419
Sin-CPnd_024-Ex1-12C-lcwgs-1-2.clmp.r1r2_fastp	52.790499999999994	39.7568	39.9305	38.9582	39.7505	38.589400000000005	38.0287	39.3936	39.971000000000004	39.0772	42.6167	42.6913	41.4786	41.167	41.116200000000006	40.7688	41.4802	41.1321	41.100300000000004	41.2764	41.328700000000005	41.278	41.1876	40.5713	40.5824	40.7228	40.9798	40.519	41.1852	41.0107	41.0972	41.393	41.1963	40.9726	40.9016	40.8727	40.694599999999994	41.3166	41.043600000000005	41.3598	41.2335	41.0273	40.8767	40.9999	40.9519	40.9167	41.240700000000004	40.8962	41.509	41.0485	41.3675	40.867799999999995	40.7841	40.8968	40.6441	40.8656	41.0363	40.9559	41.2395	41.2849	40.7156	40.5002	40.7909	40.6268	40.701100000000004	40.187200000000004	40.787099999999995	40.7144	40.8295	40.654	40.731899999999996	40.7633	40.3835	40.434599999999996	40.4327	40.712900000000005	40.9203	41.1278	40.6171	40.3305	40.8588	40.422200000000004	40.623799999999996	40.525800000000004	40.4212	40.6299	40.6085	40.272400000000005	40.2099	40.2177	40.8313	40.8163	40.793099999999995	40.7812	40.833000000000006	40.9628	41.1836	40.5965	41.0294	40.644200000000005	40.401199999999996	40.578199999999995	40.233799999999995	40.9309	41.125499999999995	40.436699999999995	41.1172	40.8993	41.067	41.053	40.704	40.869299999999996	40.9118	40.724900000000005	41.0008	40.710800000000006	41.0682	40.7376	41.174699999999994	40.7366	41.0405	40.6608	40.0151	41.097	40.4013	40.8737	40.7547	40.5377	40.266400000000004	40.5272	40.279900000000005	40.504	40.5894	40.4422	40.509	40.9707	40.6019	40.5759	40.983000000000004	41.4188	40.813500000000005	40.8096	41.5021	41.8384	41.1604	41.6825	40.919200000000004	40.737899999999996	40.4445	37.6728
Sin-CPnd_025-Ex1-3B-lcwgs-1-2.clmp.r1r2_fastp	54.0329	40.8472	40.187400000000004	39.0856	41.7133	39.7926	39.2211	40.2286	41.0593	39.3036	43.4573	43.9757	42.874	42.1139	42.2789	42.3319	42.161100000000005	42.5912	42.1257	43.1391	41.848800000000004	42.002	41.8253	41.6603	42.4557	41.9018	42.2671	42.0197	42.161100000000005	42.3084	41.9431	42.025600000000004	42.5617	41.7931	42.1305	42.4733	41.7803	42.1679	41.3617	41.9042	41.9995	41.9496	41.9084	41.9867	41.5402	41.2176	41.861	41.2387	41.5555	41.411500000000004	41.7488	41.4328	41.592400000000005	42.0649	40.8852	41.8344	41.6592	41.0539	41.6106	41.7014	41.869099999999996	41.4821	40.6163	40.9655	41.119699999999995	41.1555	41.253099999999996	41.8313	40.5951	40.951	41.1518	41.9418	40.8798	40.8491	40.9298	40.6416	41.124300000000005	40.6608	41.050799999999995	41.2742	41.379599999999996	40.4419	41.2116	41.3846	41.4015	42.2796	40.7623	40.9678	41.1285	40.1827	41.2123	40.0934	41.5051	40.671099999999996	41.511399999999995	40.5795	41.1903	40.6725	41.4049	40.232600000000005	41.3715	40.1873	40.997499999999995	40.751599999999996	40.4594	40.9186	40.289	41.2511	40.1086	41.501	41.0076	39.9937	41.3284	41.071400000000004	41.6723	41.369299999999996	41.6053	40.0861	41.1506	40.4503	42.6239	38.189	40.3862	41.239399999999996	40.3542	40.1724	41.0651	40.4767	40.8986	40.2164	40.7649	41.2144	39.8021	39.7816	40.787	41.146	39.4641	39.7487	40.935700000000004	40.3535	40.700900000000004	41.0417	40.832	39.4293	41.3043	40.477000000000004	38.4536	40.1547	40.338	37.8211
Sin-CPnd_028-Ex1-12H-lcwgs-1-2.clmp.r1r2_fastp	54.865399999999994	39.4445	40.1976	38.8147	40.0432	38.9906	38.3552	39.9806	40.354800000000004	38.8442	43.0568	42.865700000000004	42.077999999999996	41.4453	41.4936	41.0927	41.5383	41.263	41.5825	41.3233	41.7186	41.336	41.391099999999994	40.903600000000004	40.9946	40.7748	41.1888	40.823100000000004	41.1777	41.0624	41.2479	41.336	41.2323	40.8838	41.0144	40.9883	41.071400000000004	41.0302	41.0539	40.9943	41.392	40.9395	41.2051	40.991	41.0196	40.9955	41.2755	40.8391	41.5277	40.9926	41.1103	40.9415	40.8394	40.8501	40.9676	40.879599999999996	41.2498	41.1335	41.2203	41.053	40.9052	40.839	41.1217	40.7669	40.6887	40.786699999999996	40.9412	40.777	40.8785	41.106500000000004	41.016200000000005	40.8864	40.6219	40.7158	40.6301	41.072900000000004	40.8962	41.1393	40.8931	40.8746	41.0296	40.880300000000005	41.0167	40.8718	40.7825	40.8591	41.063	40.809200000000004	41.1506	40.8456	40.862500000000004	40.9052	41.2819	40.8778	40.950399999999995	40.867599999999996	40.9732	40.6383	41.0402	40.8577	40.8995	40.7387	40.890100000000004	40.912	40.9837	41.1885	40.8984	40.9049	40.9883	41.1071	41.1657	40.618500000000004	40.7507	40.7055	40.7018	40.678399999999996	40.9071	40.4795	40.5385	40.6691	40.4178	40.294799999999995	40.36	40.643299999999996	40.637699999999995	40.694900000000004	40.586800000000004	40.9488	40.077200000000005	40.354	40.2273	40.4779	40.069700000000005	40.7462	40.5866	40.276	40.3499	40.5586	40.3965	40.120400000000004	40.6061	40.1104	40.7977	40.381499999999996	40.6689	40.9311	40.981899999999996	40.263799999999996	40.225100000000005	37.2262
Sin-CPnd_029-Ex1-4D-lcwgs-1-2.clmp.r1r2_fastp	53.507400000000004	42.642	42.5086	41.1456	42.3656	41.870000000000005	40.3164	41.6317	41.8509	41.1933	44.8628	45.5395	43.9382	43.7286	44.176500000000004	42.947	43.395	43.5475	43.6142	43.4998	44.634	44.167	43.566500000000005	43.9287	43.7953	42.6706	42.4609	43.080400000000004	42.4609	44.3957	43.6809	43.3283	43.2043	43.6597	42.2004	42.5781	44.0698	42.5701	44.0967	43.545	43.3824	43.170700000000004	43.5197	42.8361	43.5236	42.746	42.9478	42.437999999999995	42.3729	43.1787	42.8605	42.0264	41.8576	42.7777	42.2695	42.5157	42.5485	42.8857	42.28	41.705999999999996	42.9382	42.2464	43.2732	43.3172	42.3095	42.194199999999995	42.382999999999996	42.5947	41.814800000000005	42.8745	42.3774	42.696400000000004	41.9373	42.843599999999995	41.8727	41.5786	41.8756	42.9912	43.473600000000005	43.0985	42.4413	42.9662	43.2503	41.3709	41.8872	41.7861	42.7447	42.5417	41.7658	42.605199999999996	42.0188	42.509	41.6002	42.037600000000005	42.8663	40.2901	42.619	41.4983	42.390499999999996	42.0279	41.320800000000006	41.6827	43.1583	42.0385	42.8752	41.0545	41.358	42.3338	43.0098	43.8839	39.0411	41.8053	42.8125	42.9936	43.4521	42.1857	41.0871	41.953	41.3084	41.2106	41.4135	41.069	43.1786	41.2064	42.6009	44.3673	42.6624	42.6188	38.6736	40.4614	41.4991	38.789	42.2027	42.627900000000004	42.199	44.9024	42.5197	42.7262	42.2986	41.9951	43.9547	42.268	43.8411	40.8163	42.3989	41.3352	40.2032	41.704	38.6749	36.2454
Sin-CPnd_031-Ex1-3G-lcwgs-1-2.clmp.r1r2_fastp	56.95289999999999	39.3609	40.1553	38.771899999999995	39.8429	39.1289	39.6376	39.753699999999995	40.4231	39.0396	43.6808	42.2885	42.145700000000005	41.9672	41.877900000000004	41.0746	41.5387	41.9136	42.0743	41.6637	42.5205	41.279900000000005	41.9672	41.654799999999994	41.1371	42.4223	41.4138	41.440599999999996	42.0118	41.146	41.2174	42.1278	40.9497	40.5064	41.965599999999995	40.8474	41.6862	41.1972	41.2423	41.809000000000005	41.231	41.1113	41.6582	41.2313	41.0743	40.754400000000004	40.1388	40.9191	40.597899999999996	41.1565	41.6242	41.099799999999995	41.2198	40.6627	40.6663	40.5133	41.1149	40.9909	41.4609	41.0275	40.5942	41.428399999999996	40.713899999999995	40.6059	41.2025	40.272200000000005	40.072	42.2215	40.9974	41.5399	40.9208	41.2642	40.2127	40.8181	40.8497	40.5756	40.7911	40.3844	40.5719	41.5202	40.3589	40.1827	40.842800000000004	40.4414	40.1729	40.5405	40.902699999999996	40.239599999999996	40.494400000000006	41.312599999999996	39.2963	42.1797	39.8476	40.747	40.338499999999996	40.436	39.553700000000006	41.018100000000004	40.8455	40.7508	40.8621	39.7015	39.474199999999996	40.548899999999996	39.8035	40.584900000000005	40.766400000000004	39.7609	39.2978	40.872	41.4867	40.0678	39.8016	40.7842	39.743	40.4953	41.2453	38.9486	40.7218	40.135	38.212	39.9895	39.8448	38.251400000000004	40.8101	37.6969	40.1115	38.9373	40.509	40.9404	40.5918	40.4731	39.1114	40.2065	38.1254	39.69	38.191900000000004	39.645399999999995	38.6935	40.9234	39.3952	40.0247	41.400999999999996	40.910999999999994	38.262	39.5595	39.6421	39.486900000000006	39.4837	35.808099999999996
Sin-CPnd_032-Ex1-3E-lcwgs-1-2.clmp.r1r2_fastp	59.24	41.0895	42.187999999999995	40.4804	42.3528	40.565200000000004	40.590199999999996	41.6588	41.409099999999995	41.1744	46.0129	45.1041	43.8508	43.8658	43.341499999999996	42.5575	43.9756	43.1418	43.9157	43.2316	43.7459	43.4963	43.136799999999994	42.997	42.997	43.0169	43.0269	42.7173	42.7373	42.5975	42.8771	43.6311	43.2616	43.0706	43.2518	42.908	43.6954	43.1796	42.4591	42.5772	42.5214	43.282199999999996	43.3277	42.991299999999995	42.2074	42.5649	43.2697	42.2526	43.8711	43.0928	42.3874	42.9761	42.4022	42.466	43.2004	42.3663	42.3722	42.9194	43.107099999999996	42.7656	42.3493	43.3134	42.574	42.6869	42.8996	42.5657	43.2792	43.4449	43.083	42.6548	43.0316	42.4191	43.021300000000004	42.9054	43.1922	42.6555	43.311699999999995	43.4151	42.3517	43.2053	42.4189	42.2271	43.1735	42.5008	42.877500000000005	42.369	42.649	42.898199999999996	42.915	42.647	42.837399999999995	43.6788	43.027	41.9398	42.9692	42.302099999999996	42.9274	42.9205	43.1701	42.3846	43.2934	42.3695	42.342999999999996	42.3622	42.5663	42.6357	43.0446	42.6085	41.7588	42.5587	42.0828	41.9742	42.6475	42.503600000000006	42.5704	42.2858	41.7741	43.4657	41.7829	42.6853	42.0835	41.0598	42.2563	42.0959	41.6321	41.741499999999995	42.8263	41.3418	42.4405	41.992200000000004	41.009299999999996	41.813	42.2743	41.227000000000004	41.774	41.417300000000004	41.0418	40.9369	42.3373	41.2815	41.056	41.283500000000004	42.064099999999996	41.461999999999996	42.648	41.8919	43.294399999999996	42.0514	42.4395	38.547
Sin-CPnd_033-Ex1-1B-lcwgs-1-2.clmp.r1r2_fastp	50.8767	39.4663	41.1182	40.432	42.033	41.2198	38.2211	40.609899999999996	39.720499999999994	42.007600000000004	43.5578	44.472699999999996	42.0584	42.1855	43.3037	41.5756	43.227399999999996	42.871700000000004	42.1093	42.4396	42.7192	41.5502	42.1601	42.0839	41.6518	41.3215	41.6773	42.4905	42.77	43.3799	42.287200000000006	42.3126	42.4651	40.2038	42.5798	42.4468	42.628899999999994	42.471399999999996	43.4623	43.083	41.7486	42.749700000000004	41.6779	41.2151	41.784	41.9508	42.6912	41.2356	41.989	41.597899999999996	43.010799999999996	41.8259	41.5123	41.7424	42.2123	39.8644	40.964299999999994	42.087799999999994	42.0447	41.79	41.3394	43.030699999999996	42.768699999999995	41.3076	42.0197	42.0424	42.3729	42.5394	41.659800000000004	41.2114	41.5111	42.0959	42.3391	41.9295	41.2683	40.3763	42.5162	41.653800000000004	41.2849	43.1163	40.490500000000004	40.0335	40.5128	41.6667	40.5893	41.682	42.353699999999996	39.9353	41.8883	41.445100000000004	41.4566	41.2824	40.705400000000004	42.5227	41.7771	41.1622	41.874	41.3118	42.0227	45.1351	40.463	42.274899999999995	40.0387	39.056200000000004	42.8131	41.1765	39.5374	40.090599999999995	40.14	41.133900000000004	41.0224	37.468	40.612500000000004	39.4231	42.2475	37.7581	43.464999999999996	39.556999999999995	39.2157	40.577200000000005	43.63	44.5455	40.8503	38.8145	38.800000000000004	39.094699999999996	37.6344	41.02	39.861799999999995	41.726600000000005	44.3069	35.5844	46.612500000000004	42.816900000000004	43.2277	39.2857	39.2523	41.9355	44.4816	42.9553	37.8571	41.8182	43.2836	36.3281	42.4	43.2653	39.1667	41.1017	41.3333	34.9727
Sin-CPnd_034-Ex1-3C-lcwgs-1-2.clmp.r1r2_fastp	54.3859	39.446799999999996	41.0407	38.983200000000004	40.9626	39.785399999999996	38.4415	40.103100000000005	41.223	39.4729	44.041000000000004	42.8899	43.0357	42.5044	42.1294	41.5147	42.8065	42.1919	42.7649	42.046	42.1346	42.629400000000004	42.119	41.9367	41.9054	42.27	41.9627	42.046	42.8534	41.6971	42.4732	42.3221	41.6762	41.8027	42.242200000000004	42.4093	41.2996	41.9689	41.808499999999995	41.5007	41.0548	41.4076	41.8332	42.0699	42.4416	41.8963	42.0002	41.6415	42.3321	41.729	41.9209	41.1989	42.1243	42.463	41.6323	41.8341	42.0428	41.760000000000005	41.9672	41.6095	41.6968	41.2402	41.5283	41.1783	42.3195	42.0896	41.6384	41.814499999999995	41.5963	41.4439	41.482400000000005	41.5106	41.5865	41.1986	41.586800000000004	41.7255	41.613699999999994	41.8125	41.176	41.1774	41.7627	41.4846	41.6876	41.1325	42.249700000000004	40.7204	41.3087	41.7604	41.9746	41.726200000000006	40.563	42.2616	41.0007	41.356500000000004	41.7261	42.3084	42.1089	41.7296	40.7918	41.645700000000005	41.0287	42.6747	41.565400000000004	40.990300000000005	40.9022	40.8615	42.4121	41.3694	41.6922	42.5972	41.3636	40.9322	42.1595	41.7369	41.1229	41.1918	41.1978	41.6977	41.591899999999995	40.5262	40.8819	41.213499999999996	40.688	42.2923	41.1316	41.3877	41.0091	40.1746	41.488	42.4071	41.707499999999996	41.9402	40.144200000000005	41.4809	41.8962	42.4583	42.068	42.1903	41.228300000000004	41.364200000000004	39.954699999999995	40.7097	40.7061	40.6328	39.8463	42.868	41.598800000000004	42.7545	40.211400000000005	38.8471
Sin-CPnd_035-Ex1-12D-lcwgs-1-2.clmp.r1r2_fastp	53.831700000000005	39.4854	40.143299999999996	38.7928	40.2275	38.7667	37.979800000000004	39.4635	40.0619	38.6752	42.8822	42.7153	41.9037	41.4133	41.3323	41.0994	41.1566	41.2692	41.3259	41.3542	41.5574	41.1328	41.3035	40.9544	40.874300000000005	40.722	40.758100000000006	40.5761	41.1891	40.98	41.1196	41.33	41.2239	41.003699999999995	41.2036	41.0627	40.769800000000004	41.1904	41.071200000000005	40.995799999999996	41.4204	40.838	40.969100000000005	41.1808	41.0544	40.9139	41.144	40.924	41.1565	40.9006	41.0687	40.9246	40.886	40.895900000000005	40.9574	41.0458	41.2625	41.1813	41.183	41.1371	41.0312	40.927	41.207899999999995	40.5542	40.7682	40.8717	40.9341	41.139900000000004	40.869699999999995	41.1299	40.9998	40.998400000000004	40.6775	41.021800000000006	40.529900000000005	40.875699999999995	40.8418	41.0677	40.869	40.9529	40.8903	40.860600000000005	40.9323	40.645900000000005	40.638999999999996	41.0103	41.0148	40.817	41.1899	40.7527	40.7697	41.1002	40.8268	41.2455	40.9116	40.775099999999995	40.9655	40.9541	40.8149	40.852500000000006	41.004400000000004	40.651700000000005	40.8478	40.8213	41.5162	40.8183	41.0869	41.239399999999996	40.7217	40.804	41.0344	40.5796	40.9814	40.6798	41.0322	40.719100000000005	40.8157	40.4661	40.4659	40.8076	40.263	40.692	40.4119	40.659	40.8378	40.9419	40.5889	40.6798	40.7363	40.5285	40.7552	40.015699999999995	40.2439	40.5041	40.8926	40.3011	40.6457	40.4476	40.6696	40.2837	40.5727	40.5002	40.7863	41.2192	41.132000000000005	40.7578	40.5916	40.9277	40.5793	37.1751
Sin-CPnd_038-Ex1-11C-lcwgs-1-2.clmp.r1r2_fastp	53.177	39.638	39.886300000000006	38.355	39.660000000000004	38.9403	38.099199999999996	39.781499999999994	39.9637	38.7404	42.6747	42.5022	41.5428	41.2149	41.110600000000005	40.7812	41.2832	41.0107	41.297200000000004	41.1246	41.566399999999994	41.1284	41.102	40.7882	40.7065	40.7065	40.6522	40.6645	40.9306	40.6715	40.9532	41.1907	40.9666	40.8091	40.9368	40.9034	40.801500000000004	41.0749	40.983799999999995	40.9521	41.0262	40.9315	41.1582	41.0565	41.0479	40.8112	41.0304	40.628	41.016200000000005	41.2485	40.9045	40.787600000000005	40.5931	40.596900000000005	40.9131	40.9559	41.0642	41.098800000000004	41.0983	40.7903	40.7984	40.490700000000004	40.8122	40.2978	40.4176	40.6556	40.7183	40.6362	40.644200000000005	40.5829	40.5407	40.4062	40.2012	40.4537	40.3457	40.7007	40.3369	40.6576	40.21	40.427	40.5704	40.1717	40.342099999999995	40.5326	40.4841	40.27	40.5314	40.716499999999996	40.1518	40.3605	40.309	40.3419	40.507	40.8317	40.5331	40.3864	40.724900000000005	40.3985	40.2782	40.6034	40.334900000000005	40.0571	40.2178	40.3279	40.8236	40.773399999999995	40.7173	40.2625	40.740700000000004	40.6817	40.2491	40.5312	40.3358	40.3816	40.6346	40.300999999999995	40.681	40.2168	40.220800000000004	39.9196	40.010200000000005	40.1032	39.6152	40.3632	39.9499	40.3433	39.9484	40.3492	39.6926	39.7684	40.097500000000004	39.7835	40.0586	40.5557	39.916000000000004	39.911	40.173700000000004	39.6455	39.8631	39.7642	39.9747	40.2425	40.2627	40.2633	40.113	40.3427	40.0312	40.6035	39.618199999999995	37.3968
Sin-CPnd_039-Ex1-10F-lcwgs-1-2.clmp.r1r2_fastp	55.2801	40.7539	40.5557	39.2648	40.8007	39.6005	39.0307	40.5541	40.7815	39.5111	43.8023	43.303999999999995	42.6485	42.003	42.0051	41.692800000000005	42.0595	41.7856	42.1406	41.9993	42.3529	41.957899999999995	41.9336	41.4997	41.6335	41.521	41.6293	41.641	41.8174	41.632200000000005	41.7806	41.862100000000005	41.715	41.5334	41.6714	41.5561	41.4217	41.5289	41.6503	41.6807	41.673300000000005	41.5929	41.7184	41.6413	41.3309	41.5397	41.592400000000005	41.3056	41.7723	41.4914	41.6316	41.4005	41.5784	41.2515	41.3784	41.4605	41.408	41.5754	41.793	41.371	41.5065	41.4191	41.347899999999996	41.106700000000004	41.078900000000004	41.105999999999995	41.3133	41.5151	41.4775	41.4272	41.348400000000005	41.5242	41.052	41.1161	41.221999999999994	41.2404	41.3196	41.0982	41.435	41.010999999999996	41.4546	41.1916	41.307500000000005	40.9587	41.030899999999995	41.1207	41.449000000000005	40.9106	41.437400000000004	41.003699999999995	41.2163	41.2827	41.2183	41.2378	41.3885	41.1771	41.334700000000005	41.1819	41.2219	41.1337	41.4121	40.9668	41.3866	41.026	41.3314	41.4849	41.2049	41.2852	40.9004	41.3183	41.238	40.6884	41.0916	40.7967	41.2613	41.056799999999996	40.977799999999995	41.0934	40.9615	40.6806	40.7079	40.4771	40.4375	40.699999999999996	40.7623	40.499	40.8036	40.7401	40.6965	40.211000000000006	40.752500000000005	40.747299999999996	40.611000000000004	40.2999	40.7304	40.3491	40.578599999999994	40.373999999999995	40.2181	40.581	40.4623	40.430899999999994	40.435700000000004	41.0248	40.8915	40.5653	40.3044	40.2528	40.4883	37.4263
Sin-CPnd_040-Ex1-11E-lcwgs-1-2.clmp.r1r2_fastp	53.9017	40.091100000000004	40.8247	39.4513	39.6183	38.8789	38.0324	39.5204	39.8331	38.8404	42.6928	42.367399999999996	41.3332	40.8984	40.7625	40.6462	40.9595	40.7147	41.0735	41.0015	41.4397	41.0407	41.023399999999995	40.482099999999996	40.4113	40.299600000000005	40.6744	40.427400000000006	41.043600000000005	40.7769	40.9503	41.1443	40.865	40.751	40.8062	40.8005	40.680699999999995	40.8536	40.8463	40.977999999999994	40.956199999999995	40.8089	41.0582	40.814	40.8967	40.7975	40.7239	40.6372	41.1627	40.7791	40.8513	40.6703	40.6474	40.6882	40.6316	40.7312	40.895199999999996	40.8958	40.9043	41.1216	40.760200000000005	40.583999999999996	40.591899999999995	40.3288	40.3083	40.6234	40.7022	40.6712	40.6686	40.5833	40.7804	40.195100000000004	40.387	40.252700000000004	40.392	40.5331	40.496900000000004	40.7709	40.7971	40.4326	40.568799999999996	40.3011	40.5991	40.4126	40.5295	40.591699999999996	40.3876	40.5002	40.541199999999996	40.4192	40.3679	40.4048	40.490500000000004	40.7331	40.6256	40.5901	40.9459	40.4238	40.4602	40.376400000000004	40.428	40.607	40.4867	40.6567	40.821200000000005	40.7106	40.446799999999996	40.578900000000004	40.4837	40.7274	40.6824	40.5802	40.3808	40.4712	40.541700000000006	40.3485	40.3067	40.706399999999995	40.1047	40.1793	40.409	40.226099999999995	40.195	39.9577	39.9148	40.417199999999994	40.309200000000004	40.6286	40.5648	39.2415	39.7159	40.061600000000006	39.9938	40.5147	39.7907	40.382200000000005	39.6912	39.7872	39.504400000000004	40.2814	40.771	39.7063	40.5509	40.0107	40.859899999999996	40.1378	39.7848	39.908300000000004	40.1027	36.6264
Sin-CPnd_042-Ex1-10D-lcwgs-1-2.clmp.r1r2_fastp	52.883500000000005	41.141	40.3617	39.7575	41.0757	39.5482	38.8135	40.3362	40.7708	39.7862	43.466100000000004	43.0092	41.7189	42.1201	41.4212	41.343999999999994	41.5278	41.8239	41.3838	41.9059	41.9983	41.591499999999996	41.882000000000005	41.3893	41.1298	41.307300000000005	41.1298	41.2699	41.531	41.5549	41.7802	42.106500000000004	41.523900000000005	41.5497	41.7301	41.4574	41.4142	41.5923	41.5679	41.4995	41.8238	41.4393	41.5257	41.8182	41.1643	41.6616	41.3946	41.4111	41.5454	41.468500000000006	41.4727	41.467	41.489599999999996	41.5397	41.3471	41.5135	41.565200000000004	41.7004	41.5693	41.4611	41.280499999999996	41.3729	41.417500000000004	40.9604	41.2234	40.8982	41.1576	41.3983	41.0157	41.0764	41.4731	40.8744	41.1496	40.6869	40.8268	41.0133	40.8691	41.2615	40.6226	40.9811	41.245599999999996	40.5807	41.019	40.4208	40.8549	40.9718	40.7215	40.6228	41.049	40.7078	41.0473	40.8609	40.9392	41.1635	41.1849	41.2118	41.280499999999996	41.2349	41.310900000000004	41.5141	40.5905	40.5961	40.7787	41.098600000000005	41.0207	41.213100000000004	41.5003	41.0603	40.5835	40.987	41.1745	41.0379	41.1294	40.895900000000005	40.7951	41.3354	40.7709	40.851	41.0514	40.850500000000004	40.7478	40.692499999999995	40.930699999999995	41.0077	40.7067	41.171400000000006	40.9204	40.5151	40.8592	40.334399999999995	40.4553	40.9941	40.4354	40.474	40.1426	40.9371	41.4763	40.4249	40.6909	40.2736	40.8733	40.9436	41.450900000000004	41.1623	40.8748	41.0235	41.132200000000005	42.1094	41.0207	37.525
Sin-CPnd_043-Ex1-1C-lcwgs-1-2.clmp.r1r2_fastp	57.5325	40.6404	40.515699999999995	38.722699999999996	41.3321	39.488800000000005	38.9413	40.178799999999995	41.0178	38.576899999999995	43.973800000000004	43.8297	43.0781	42.2423	42.198600000000006	41.8164	42.4529	41.8568	42.1192	41.8115	42.391400000000004	41.1879	42.3282	41.218700000000005	41.9281	41.196	42.023700000000005	41.612300000000005	41.358	41.571799999999996	41.8147	41.7467	41.9459	41.348800000000004	41.5896	41.131499999999996	41.8829	41.5534	41.5612	41.1639	41.586800000000004	41.0762	41.8507	41.640899999999995	41.2466	41.302299999999995	41.3581	40.9409	42.037600000000005	41.2654	41.394	41.2987	41.646	40.7631	41.1953	41.0183	41.531600000000005	41.3404	41.4726	41.2442	41.9528	41.2381	41.5953	41.1292	41.1997	40.7985	41.5955	41.1808	41.008	41.225699999999996	41.476800000000004	40.921600000000005	40.782000000000004	41.0593	41.3871	41.2459	41.2532	41.2697	40.977599999999995	41.0233	41.0557	40.8741	40.9084	40.6465	41.252	40.704499999999996	40.9848	41.3795	41.4767	40.975699999999996	40.6662	41.1831	40.942099999999996	41.119699999999995	41.218700000000005	41.1765	40.882600000000004	41.0167	40.8314	40.944	40.9369	41.1928	41.0147	40.517900000000004	41.1722	40.7826	40.7154	40.602700000000006	40.726	40.689	40.5667	40.3728	40.744	40.7665	40.8767	40.5096	40.285900000000005	40.2238	40.4966	40.1928	40.2106	40.6627	40.147800000000004	40.1871	40.5063	40.2215	40.3475	40.2745	40.2752	39.6359	40.5138	40.5268	40.2173	40.1451	40.4741	39.7505	40.3242	39.8711	39.976099999999995	39.953300000000006	39.9463	40.6102	40.623599999999996	40.2782	40.9707	39.5536	40.3595	40.0829	40.6137	36.024899999999995
Sin-CPnd_044-Ex1-2C-lcwgs-1-2.clmp.r1r2_fastp	51.6773	42.2495	41.5479	41.635600000000004	42.4907	41.3067	41.5479	42.687999999999995	42.2714	42.1618	44.9901	45.3848	43.1046	42.9292	43.8939	43.345800000000004	43.0388	44.0254	43.4992	43.301899999999996	44.9901	44.0693	43.5212	44.1789	43.1923	42.9292	44.0693	43.1265	44.1789	44.6174	44.1789	43.148399999999995	43.7185	44.2142	43.9495	43.3066	43.7472	43.2518	43.242599999999996	42.8373	42.667300000000004	45.1263	43.666700000000006	43.6762	44.101800000000004	42.654399999999995	43.6299	43.424800000000005	42.9168	42.736200000000004	43.7752	42.9901	43.0808	42.085699999999996	42.626799999999996	42.376999999999995	42.9141	41.8685	44.3943	41.938700000000004	43.8305	43.604	42.531200000000005	42.721599999999995	41.8189	42.6223	43.573699999999995	42.1944	44.053	41.762	42.262699999999995	42.7041	43.0201	44.0113	41.068	44.366499999999995	40.629799999999996	42.8193	40.7046	45.2673	41.2707	42.0682	41.6767	42.243	43.0032	40.704499999999996	41.8464	42.6694	40.7275	40.073	42.578700000000005	44.832899999999995	44.1341	41.2346	44.3412	41.7678	40.4614	42.0664	43.5606	40.664699999999996	40.968700000000005	41.4079	45.010600000000004	42.1858	42.9696	43.3832	42.1931	45.086	43.6637	39.5532	43.1081	38.8039	42.857099999999996	43.3628	43.951	41.5482	42.7419	44.9153	40.8696	40.501799999999996	41.989	37.6894	45.2975	39.4059	39.3075	40.461200000000005	40.645199999999996	38.4956	45.022600000000004	38.6417	41.5865	41.604	42.051300000000005	42.2043	43.7673	43.2665	36.2018	43.3022	40.1274	39.8693	40.1361	41.2371	41.844	39.0511	42.750899999999994	42.9658	40.5405	45.082	38.1579	35.2332
Sin-CPnd_045-Ex1-11H-lcwgs-1-2.clmp.r1r2_fastp	56.4715	37.5846	39.3648	37.345600000000005	39.2507	37.871500000000005	37.331199999999995	39.0043	39.3771	37.228899999999996	42.9388	42.3722	41.457100000000004	40.9043	40.8926	40.3827	40.8852	40.4955	40.7887	40.5807	40.7983	40.3392	40.550000000000004	40.025800000000004	40.212900000000005	39.979	40.1093	40.0041	40.2988	40.0668	40.429500000000004	40.266400000000004	40.299099999999996	40.0667	40.2024	39.963100000000004	40.098299999999995	40.0205	40.070499999999996	40.0307	40.2222	40.0015	40.2297	40.1582	40.106700000000004	39.9534	40.090399999999995	39.9347	40.1234	39.9839	40.1251	39.9764	40.0995	39.841	39.974399999999996	39.9932	40.070699999999995	39.9688	40.0943	39.9894	40.1262	40.0002	39.9692	39.820299999999996	39.9737	39.786	39.9635	39.948899999999995	39.9362	40.035399999999996	40.0103	39.8417	39.9121	39.895	39.8908	39.816	39.9412	39.8692	39.9063	39.8945	39.9247	39.9152	39.9774	39.7299	39.9013	39.716699999999996	39.8281	39.713100000000004	39.927	39.7219	39.825	39.8735	39.8152	39.8129	39.834599999999995	39.6485	39.7256	39.7236	39.6695	39.7034	39.7502	39.6256	39.6146	39.6429	39.6815	39.675399999999996	39.719100000000005	39.575700000000005	39.6181	39.6667	39.5793	39.496199999999995	39.575900000000004	39.4449	39.4453	39.4127	39.374900000000004	39.2913	39.2598	39.2365	39.1697	39.1231	39.109899999999996	39.1791	39.2219	39.169	39.1901	39.063900000000004	39.022400000000005	38.9989	39.0185	38.928000000000004	38.9577	39.0745	38.926	39.0188	38.952799999999996	38.7928	38.8763	38.7951	38.9608	38.9364	39.2091	39.127	39.2513	39.2481	39.018	39.020700000000005	38.7763	35.3895
Sin-CPnd_049-Ex1-4C-lcwgs-1-2.clmp.r1r2_fastp	54.3656	41.0003	42.2294	41.862100000000005	42.6109	41.1981	40.9296	42.7522	41.8339	41.7632	45.1399	43.5434	44.8856	44.1085	42.8935	43.289100000000005	43.5575	43.8118	43.2749	44.2357	43.628099999999996	43.5292	43.769400000000005	42.3001	44.3063	42.8228	43.3738	43.6564	43.5292	43.628099999999996	43.939	43.317299999999996	43.8825	43.1128	43.2174	43.8556	43.5027	43.1094	43.3566	43.5363	42.916399999999996	44.771	43.0292	43.6768	42.712	42.2568	43.329699999999995	42.573899999999995	44.3202	42.676700000000004	43.3245	42.1851	43.4753	42.3572	42.259299999999996	42.6897	43.370599999999996	42.2048	42.8653	42.5024	43.0575	43.8882	43.190200000000004	40.978500000000004	42.8602	42.4675	42.9674	42.6454	42.313	42.533300000000004	40.963	41.5209	42.832300000000004	42.3586	42.2234	41.753299999999996	42.5689	41.7662	41.7664	40.732099999999996	41.8322	42.3311	42.102000000000004	42.8344	42.5456	42.1807	41.828700000000005	41.4566	42.9996	41.868100000000005	40.442299999999996	43.1186	42.6287	42.289300000000004	41.3919	43.4692	43.0396	43.068200000000004	43.1311	42.0812	41.1929	43.0629	41.0029	41.6162	44.18	42.5147	43.2388	41.2227	41.9931	43.1939	43.7237	42.3529	42.6845	41.1841	43.446400000000004	44.1156	40.409	40.896	41.4381	43.716699999999996	40.3467	39.886300000000006	43.3222	42.7586	41.1922	43.7558	42.8298	39.4325	41.6834	38.414	36.887	43.0143	41.8286	37.735800000000005	43.067499999999995	40.3509	42.3027	41.3102	43.6813	38.256	41.5827	39.7898	39.0169	41.4557	35.5155	37.479	42.9553	38.6243	40.8163	37.3853
Sin-CPnd_050-Ex1-9B-lcwgs-1-2.clmp.r1r2_fastp	52.5795	40.679500000000004	40.7041	39.721000000000004	41.1026	39.9353	39.2331	40.5871	41.1314	40.4328	43.5957	43.5087	42.426	41.9981	42.115700000000004	41.794599999999996	42.0083	41.8834	42.2567	42.3311	42.453	42.1853	42.5586	41.5371	41.8156	41.5707	41.7862	41.948800000000006	41.922399999999996	42.1235	42.3522	42.3137	42.2303	41.8124	42.315799999999996	41.531400000000005	42.0045	42.1021	42.0111	42.0549	42.4942	41.7335	41.743900000000004	41.9668	41.8611	42.0159	41.9474	41.598	42.2825	41.85	41.877900000000004	41.919000000000004	41.517199999999995	41.8186	41.800599999999996	41.9996	42.2063	42.0156	42.2522	42.0675	41.5893	41.6422	41.6021	41.3029	41.4946	41.3631	41.712500000000006	41.680299999999995	41.592	41.639900000000004	41.4889	41.3493	41.1687	41.4441	41.1821	41.354600000000005	41.7107	41.1966	41.0331	41.2588	41.5201	41.0001	41.2356	40.864200000000004	41.144999999999996	41.0147	41.1917	41.448499999999996	41.4275	40.8103	40.940799999999996	41.2692	41.2849	41.3121	41.1283	41.543600000000005	41.165800000000004	41.2985	41.6482	41.259299999999996	41.0328	40.8422	41.2592	41.653	42.0236	41.4177	41.7836	41.194399999999995	41.0501	41.1132	41.2291	41.014	41.4815	42.058499999999995	41.233799999999995	41.9149	41.555	41.6451	41.164899999999996	41.023199999999996	40.8964	41.5377	40.9993	41.0081	41.524	41.2267	41.6309	41.958400000000005	41.162	41.383700000000005	42.0094	41.0348	40.3262	41.6605	40.8997	41.3284	41.4223	40.5306	41.6349	42.0762	41.1286	42.0645	40.987	41.4735	42.093799999999995	42.3264	41.6862	42.5131	42.0931	38.3474
Sin-CPnd_051-Ex1-12G-lcwgs-1-2.clmp.r1r2_fastp	52.8821	39.164100000000005	40.5559	39.2611	39.9046	38.9566	38.3089	39.623999999999995	40.1387	39.2773	42.6302	42.5578	41.450199999999995	41.2166	40.7884	40.9068	40.9704	41.076800000000006	41.0554	41.2395	41.2176	41.0653	41.187400000000004	40.8448	40.7061	40.7645	40.73	40.8406	41.058	40.8912	41.203	41.1702	40.9532	40.7324	41.109899999999996	40.8161	40.4254	41.100500000000004	40.8463	41.0209	41.251599999999996	40.9412	40.8915	41.2021	40.614	41.1676	40.822599999999994	40.786899999999996	41.2842	40.911500000000004	40.959	40.794999999999995	40.733200000000004	40.847	40.7025	41.0345	41.285500000000006	41.1749	41.1518	41.2198	40.8985	40.7461	40.713100000000004	40.5583	40.1993	40.5463	40.611599999999996	40.8624	40.87	40.8848	40.7941	40.8588	40.4403	40.5117	40.5316	41.066900000000004	40.7112	40.6148	40.7561	40.8005	40.7851	40.6469	40.6881	40.407199999999996	40.5435	40.368500000000004	40.6705	41.0492	40.8636	40.709	40.362500000000004	41.045	40.888000000000005	41.2742	40.967	41.0966	41.0345	41.057900000000004	40.8843	40.7035	40.8245	40.8018	40.7306	40.779199999999996	41.2431	40.8806	41.2454	40.8972	40.9636	40.6881	40.739599999999996	40.781	41.282000000000004	40.8759	40.9818	41.274300000000004	40.9058	41.1953	40.592299999999994	40.747299999999996	41.050799999999995	40.8287	40.6701	40.8903	40.8984	40.8266	41.1491	40.8427	40.652899999999995	41.4124	40.8025	40.8311	40.8496	40.708	40.597699999999996	40.8492	40.8964	40.875	41.151700000000005	41.326299999999996	40.2684	40.1354	40.8756	41.5634	40.6346	41.7382	41.0135	41.4092	41.5401	37.3365
Sin-CPnd_053-Ex1-9G-lcwgs-1-2.clmp.r1r2_fastp	52.902800000000006	40.6471	40.7361	39.5855	40.7806	39.937400000000004	38.9503	40.5272	40.8893	40.045700000000004	43.4632	43.322500000000005	42.1579	41.7711	41.7784	41.6909	41.8079	41.8673	41.834500000000006	41.876999999999995	42.0409	41.8562	41.8654	41.640100000000004	41.4322	41.490300000000005	41.600500000000004	41.4318	41.7097	41.5744	41.836400000000005	42.0051	41.9882	41.4726	41.917100000000005	41.9309	41.3732	41.660000000000004	41.4705	41.701	41.667300000000004	41.6261	41.6993	41.7089	41.472500000000004	41.6944	41.4424	41.4602	41.7923	41.4679	41.3696	41.4151	41.3457	41.110400000000006	41.5047	41.348600000000005	41.528	41.462900000000005	41.3585	41.48	41.3396	41.2337	41.0774	40.8844	40.7827	41.218700000000005	41.198	41.265	41.275600000000004	41.0672	41.3914	40.962199999999996	40.834399999999995	40.8974	40.6696	41.214600000000004	41.218199999999996	40.8484	40.9049	40.685900000000004	41.015299999999996	40.9575	41.062799999999996	40.5816	40.7444	40.9716	40.984300000000005	40.7632	40.663199999999996	40.7784	40.4445	41.1013	40.922799999999995	40.9246	41.1708	40.7656	41.3253	41.213699999999996	41.1359	40.6933	40.789500000000004	41.0441	40.6692	41.0138	41.208299999999994	41.228500000000004	41.314499999999995	41.8286	40.6266	40.7337	41.005	40.7647	40.4946	41.435	41.0164	41.358	41.4004	41.3248	40.9277	41.213	40.8439	40.7793	41.0613	40.6837	40.8849	41.1581	41.1293	40.947	40.949400000000004	40.846	41.204299999999996	41.280499999999996	40.4893	41.1954	41.0326	41.9121	40.7496	41.2727	40.9604	41.1826	40.8136	41.269600000000004	40.7863	41.5014	41.9366	41.257	41.5096	41.9833	40.7503	36.662499999999994
Sin-CPnd_058-Ex1-9D-lcwgs-1-2.clmp.r1r2_fastp	52.6212	41.4489	40.758100000000006	39.9972	41.188399999999994	40.0197	39.051	40.5503	41.225699999999996	39.9579	43.4655	43.1934	42.114000000000004	42.206700000000005	41.955799999999996	41.732	42.0606	42.1571	42.125	42.100500000000004	42.2916	41.9294	42.013	41.6232	41.490100000000005	41.5364	41.719699999999996	41.701100000000004	41.9352	41.7107	41.821999999999996	42.1333	41.9597	41.6402	42.1134	41.7128	41.7092	41.9638	41.948299999999996	41.8018	42.2182	41.8196	41.8392	41.8655	41.7721	41.7518	41.7901	41.6858	42.1184	41.7936	41.7267	41.4678	41.4864	41.4676	41.6178	41.793400000000005	42.0065	41.7033	41.9514	41.869	41.6978	41.4068	41.6698	41.0939	41.5835	41.3217	41.4864	41.6112	41.4424	41.5308	41.343	41.2443	40.8914	41.4801	41.024300000000004	41.624100000000006	41.3519	41.043400000000005	41.180099999999996	41.0619	41.076	41.2822	41.287	40.774100000000004	41.13	40.958299999999994	41.1306	41.1155	41.1924	40.9825	40.8988	40.9954	40.9615	41.0663	41.071200000000005	41.200900000000004	41.4151	41.457899999999995	41.4715	41.2186	40.6342	41.053	41.0045	41.0303	41.562	41.2853	41.495	41.2557	41.0497	41.3385	41.0171	41.6224	41.3785	41.1535	41.145199999999996	41.8578	41.516999999999996	40.9914	41.846	40.9191	40.7216	40.7722	41.2254	40.623799999999996	41.170899999999996	41.2981	41.1652	41.7092	41.2008	40.8679	41.3153	40.3716	40.7171	41.501	41.6047	41.7132	41.7627	41.6261	40.4533	41.037	41.368	41.672399999999996	41.2962	41.5433	41.9311	41.3766	41.5368	42.471	41.976	38.4913
Sin-CPnd_061-Ex1-9A-lcwgs-1-2.clmp.r1r2_fastp	53.07340000000001	40.8919	40.6862	39.497	40.644999999999996	39.913900000000005	38.7015	40.2705	40.648	39.9377	43.433699999999995	43.365700000000004	42.229	42.0155	41.9165	41.5813	41.8652	41.5921	41.8658	41.6708	42.1944	41.9076	42.0906	41.4006	41.564	41.3672	41.4042	41.4263	41.5205	41.463899999999995	41.794799999999995	41.861599999999996	41.9559	41.4938	41.8224	41.6206	41.5103	41.8123	41.6377	41.8458	41.9933	41.4454	41.580600000000004	41.9249	41.4748	41.8132	41.4874	41.5402	41.7305	41.7446	41.8309	41.4172	41.599399999999996	41.5582	41.4332	41.4107	42.1118	41.9749	41.9376	41.7753	41.6166	41.3455	41.3158	40.956199999999995	41.220099999999995	41.2501	41.5432	41.2126	41.478	41.6403	41.6385	41.2623	41.354600000000005	40.8471	40.9234	41.305	41.3857	41.2502	41.4462	41.2331	41.179	40.8303	41.4926	40.7483	40.9456	41.0347	41.181	41.1843	41.2056	41.311	41.063300000000005	41.6873	41.2421	41.3686	41.049600000000005	41.0943	41.2826	41.5468	41.1622	41.083999999999996	41.0764	40.748	41.0844	41.5493	41.4385	41.4193	41.462199999999996	41.417300000000004	41.4616	40.860400000000006	41.1844	41.243	41.355599999999995	41.0287	41.5454	41.2511	41.2932	41.323	40.5907	41.0027	40.986200000000004	40.67	40.7171	41.252	40.2164	41.1436	41.139700000000005	41.1557	40.5987	40.522999999999996	41.0637	40.3691	40.6265	41.118700000000004	40.172200000000004	41.4176	40.7314	41.204800000000006	40.3509	40.8574	40.944399999999995	40.874300000000005	41.5271	40.706399999999995	41.2038	41.4739	41.134100000000004	41.2648	41.0891	37.8269
Sin-CPnd_062-Ex1-11D-lcwgs-1-2.clmp.r1r2_fastp	52.3725	39.7473	39.9558	38.9675	39.787800000000004	38.927499999999995	38.2783	39.527699999999996	39.7868	38.897	42.7779	42.1903	41.2615	40.9804	40.9482	40.679700000000004	41.1746	40.8393	41.1541	41.211	41.4026	41.1825	41.1704	40.469100000000005	40.733399999999996	40.5007	40.4107	40.5476	40.996700000000004	40.8324	40.964600000000004	41.098800000000004	40.8972	40.8535	41.0043	40.7329	40.531299999999995	41.037600000000005	40.921400000000006	40.9439	40.9193	40.8657	41.1007	41.1146	40.7669	40.8124	40.8574	40.7616	41.0049	40.809400000000004	41.0622	40.7628	40.549400000000006	40.77	40.690599999999996	40.7654	41.0835	40.9332	41.159600000000005	40.7967	40.698	40.6216	40.7446	40.3069	40.5364	40.284	40.7264	40.787600000000005	40.1246	40.7764	40.6748	40.5208	40.422799999999995	40.2457	40.055600000000005	40.3775	40.361599999999996	40.4902	40.610600000000005	40.3652	40.256	40.2981	40.457100000000004	39.9712	40.2053	40.3035	40.1136	40.3415	40.3509	40.0723	40.1549	40.4676	40.2979	40.0952	40.6379	40.5402	40.1505	40.2096	40.2874	40.2997	39.9399	39.955	40.4152	40.1578	40.5079	40.568599999999996	40.6143	40.4064	40.435500000000005	40.5618	40.262	40.4166	39.7016	39.9912	40.605000000000004	40.5659	40.6562	40.157	40.2281	40.2391	39.7292	39.6308	39.4502	40.0398	39.8386	39.671	40.2087	40.2445	39.989000000000004	39.5623	40.0668	39.8958	39.9388	40.118900000000004	39.4459	40.4489	40.0819	39.9324	40.0746	39.6895	40.1805	39.9618	40.902300000000004	39.6887	40.293800000000005	40.6186	40.076	40.1368	39.635799999999996	36.089
Sin-CPnd_063-Ex1-9F-lcwgs-1-2.clmp.r1r2_fastp	53.2008	41.2497	40.9143	40.0434	41.2824	40.258	39.4312	40.908899999999996	41.2649	40.2646	43.7875	43.7132	42.775800000000004	42.4059	42.2403	41.936299999999996	42.308	42.2518	42.3425	42.2228	42.573899999999995	42.146	42.3207	42.0403	41.8825	41.754999999999995	41.9158	41.6783	42.2113	42.0705	41.9671	42.5371	42.0113	42.046299999999995	42.239900000000006	42.1149	41.7861	41.932399999999994	42.412	41.9455	42.2862	41.9217	41.8473	42.115399999999994	41.7862	42.174299999999995	41.8173	41.6624	42.093	42.0664	41.958800000000004	41.5194	41.8548	41.7143	41.6878	41.699799999999996	42.0215	41.9953	42.1826	41.6967	41.6249	41.5629	41.586800000000004	41.6045	41.5558	41.2378	41.4835	41.5522	41.5197	41.5665	41.793200000000006	41.613299999999995	41.272999999999996	41.387800000000006	41.0844	41.591899999999995	41.723	41.3215	41.543400000000005	41.585100000000004	41.3705	41.5086	41.2783	41.2933	41.2847	41.4001	41.517900000000004	41.3583	41.5017	41.2965	41.304	41.2387	41.67	41.5918	41.1192	41.4276	41.0491	41.6022	41.2426	41.458099999999995	41.2771	41.2667	41.1866	41.3236	41.1347	42.0768	42.0133	41.6078	41.3807	41.199000000000005	41.3236	41.2692	41.6038	41.362300000000005	41.1146	41.524100000000004	41.4732	41.6713	40.7528	40.647	40.887	41.0154	40.6941	41.0541	42.067	40.1955	41.0776	40.718199999999996	41.3192	41.5149	40.8501	41.9413	40.405	41.8379	41.2174	41.0972	41.1678	40.4281	39.663399999999996	40.935	41.2856	41.2021	41.9159	40.8688	42.0115	41.5092	40.6604	41.165	41.5808	37.565
Sin-CPnd_065-Ex1-11B-lcwgs-1-2.clmp.r1r2_fastp	51.8964	39.7058	40.0796	38.6453	40.0739	39.1577	38.3912	39.7288	40.1547	39.406200000000005	42.632	42.607	41.3364	41.4974	40.9478	41.0735	41.205999999999996	41.1426	41.3583	41.1288	41.736200000000004	41.252	41.3139	40.8772	40.7034	40.7847	40.912	40.881299999999996	41.190599999999996	41.1298	41.238200000000006	41.4514	41.2842	40.7776	41.2446	40.9146	40.7368	41.330600000000004	41.078399999999995	41.169200000000004	41.312	41.051	41.167300000000004	41.079	40.9112	41.0663	41.0045	40.8853	41.2293	41.1937	40.945	40.982	40.8063	40.6685	40.951	41.0341	41.1907	41.1939	41.363699999999994	41.1822	40.9686	40.4786	40.6535	40.3903	40.544200000000004	40.8269	40.6909	40.836099999999995	40.6501	40.6451	40.9427	40.4256	40.4957	40.138400000000004	40.247699999999995	40.5182	40.1413	40.3244	40.2522	40.2364	40.515299999999996	40.2163	40.693	40.110299999999995	39.8335	40.6316	40.4853	40.2909	40.5156	40.168	40.1068	40.1527	40.1422	40.1227	40.522200000000005	40.5623	40.3172	40.4636	40.3429	40.2395	40.347100000000005	40.1552	39.9156	40.5603	40.36	40.415	40.4063	40.1076	40.3989	40.549400000000006	39.9807	40.1597	39.9228	40.455799999999996	40.3732	40.5611	39.921	40.0413	39.999	40.2806	39.678999999999995	39.576	39.576	40.165800000000004	39.5937	39.9976	39.7776	39.8594	39.8182	39.4207	39.970800000000004	39.917	40.0886	39.6312	39.8381	40.0535	40.215	39.9275	39.4934	39.766	39.6021	39.284200000000006	40.4049	39.6106	40.257799999999996	40.3016	39.778200000000005	39.9841	40.2898	36.0449
Sin-CPnd_067-Ex1-9C-lcwgs-1-2.clmp.r1r2_fastp	53.028600000000004	40.842800000000004	40.5062	39.5773	40.8228	39.6674	39.045	40.3326	40.7834	39.8424	43.283	43.351099999999995	42.4088	41.8666	41.7203	41.6802	41.8759	41.8626	41.9487	42.0275	42.1751	41.9354	41.8659	41.7317	41.546699999999994	41.7757	41.534	41.505900000000004	41.6308	41.949999999999996	42.0095	42.0749	41.9247	41.2763	41.8711	41.7084	41.7597	41.7658	41.999700000000004	41.772999999999996	41.848	41.624100000000006	41.8037	41.9176	41.6002	41.6778	41.4606	41.7763	42.0226	41.694199999999995	41.6852	41.581	41.274	41.2351	41.5394	41.6194	41.720400000000005	41.7351	41.8134	41.623900000000006	41.4347	41.4505	41.4854	40.9939	41.2188	41.3101	41.3612	41.0057	41.0465	41.1963	41.1622	41.1188	41.0884	41.1029	40.9279	41.3493	41.6486	40.9636	41.065400000000004	41.725699999999996	41.165099999999995	41.3993	41.0509	41.058099999999996	40.902300000000004	40.9477	41.0653	40.9887	41.292	40.9787	41.2163	41.2108	40.950399999999995	41.0908	41.6138	41.415600000000005	41.1785	41.2942	41.139199999999995	40.821000000000005	41.4517	40.5881	40.5558	41.5006	41.5041	41.2641	41.915	41.4478	41.2697	41.571999999999996	41.3734	41.0591	40.955799999999996	40.9849	41.312	41.3115	42.125099999999996	41.4236	41.4084	41.1377	41.1289	40.4184	41.4155	41.361799999999995	41.513099999999994	41.3326	41.524699999999996	41.6505	40.8898	41.3646	41.105999999999995	41.7402	41.5308	41.2184	40.4787	41.8509	40.6805	42.0931	40.7661	41.355799999999995	40.523399999999995	41.0891	41.5125	42.0441	41.8728	41.199400000000004	41.3344	40.3751	40.713300000000004	37.644
Sin-CPnd_074-Ex1-12A-lcwgs-1-2.clmp.r1r2_fastp	53.081900000000005	39.4841	39.9413	38.8365	39.7549	38.853100000000005	37.7671	39.5298	39.9274	39.0118	42.8475	42.655	41.3293	41.2344	40.7496	40.7135	40.9172	40.8583	41.001	41.0869	41.4138	41.253099999999996	41.0238	40.4358	40.7267	40.4947	40.6505	40.3769	40.9553	40.69	41.17	40.9906	41.2046	40.4859	40.8213	40.8434	40.8635	41.194199999999995	41.0439	41.0113	41.2428	41.063100000000006	40.9127	41.1344	41.092	41.013	40.9135	40.9746	41.3744	41.0655	41.0672	40.8644	40.834900000000005	41.1286	40.6627	41.0667	41.3485	41.4082	41.5341	41.3127	40.8518	41.171	40.740700000000004	40.6072	40.505	40.450199999999995	40.9883	40.8859	40.976800000000004	41.0605	40.7864	40.5075	40.6044	40.4893	40.516999999999996	40.8458	40.988400000000006	40.651700000000005	40.6038	40.7113	40.625299999999996	40.7181	40.6462	40.2718	40.677600000000005	40.3756	40.5186	40.7503	40.7791	40.602700000000006	40.824	40.6568	40.997099999999996	40.695	40.573100000000004	41.046	40.504400000000004	40.8276	40.7873	40.9568	40.7149	40.5089	40.7333	40.9924	40.9106	41.6218	41.0488	40.937	40.6902	40.8857	40.5332	41.0711	40.7104	40.8956	41.204299999999996	40.8658	40.8854	41.1196	40.5534	40.7392	40.3215	40.5403	40.2823	40.409800000000004	40.530699999999996	41.3001	41.199400000000004	41.1592	41.071999999999996	40.5642	40.3253	40.4287	40.557500000000005	40.211200000000005	40.5887	40.5925	39.8941	40.7111	40.4045	40.148	40.822900000000004	40.5043	40.7067	40.840700000000005	40.554	40.6836	40.7275	40.5651	40.7372	36.8813
Sin-CPnd_075-Ex1-11G-lcwgs-1-2.clmp.r1r2_fastp	51.5884	39.4711	39.7774	38.6015	39.6714	38.8511	38.0559	39.480399999999996	39.4716	39.1235	42.3223	41.9153	41.0479	40.7209	40.6267	40.542699999999996	40.6439	40.700199999999995	40.8771	40.8041	41.007	40.5418	40.605599999999995	40.4705	40.267199999999995	40.1044	40.3482	40.314299999999996	40.4388	40.706399999999995	40.4978	40.6545	40.838	40.3591	40.639199999999995	40.4243	40.2728	40.6919	40.5295	40.4336	40.9714	40.4325	40.5957	40.8054	40.4855	40.688	40.380700000000004	40.7152	40.6901	40.6746	40.4397	40.449200000000005	40.0216	40.2187	40.2284	40.5441	40.5771	40.7819	40.677600000000005	40.7028	40.3569	40.015299999999996	40.0189	40.0091	39.975100000000005	39.9966	40.0456	40.3249	40.0189	40.305400000000006	40.1957	39.8516	39.736900000000006	39.8127	40.0235	40.173700000000004	39.9603	40.0026	39.933	39.652100000000004	39.779399999999995	39.6429	40.1936	39.7864	39.6884	39.9565	40.017399999999995	39.7327	39.6618	39.7483	39.6762	40.0265	39.9094	39.6868	40.036500000000004	39.953300000000006	40.0565	39.923500000000004	39.716499999999996	39.8375	39.486	39.6399	39.4901	39.365899999999996	40.1409	39.8041	39.7327	39.8982	39.6898	39.859899999999996	39.8176	39.333200000000005	39.6684	39.640100000000004	39.942299999999996	39.859899999999996	40.3642	39.991	39.781800000000004	39.5752	39.467	39.3517	39.346	39.06	39.9608	39.0608	39.4683	39.1278	39.5852	39.1666	39.697700000000005	39.3036	39.2099	39.3037	39.189099999999996	39.3618	39.975300000000004	38.872099999999996	39.2305	39.2849	39.4736	39.2671	39.983200000000004	39.936	40.2094	39.6862	39.535	39.589	39.391	35.673500000000004
Sin-CPnd_076-Ex1-10E-lcwgs-1-2.clmp.r1r2_fastp	54.510400000000004	40.1428	39.5608	38.446999999999996	40.4205	38.8096	38.1137	39.985	40.048	38.7266	43.2603	42.7367	41.8406	41.6283	41.3095	41.1638	41.4501	41.2226	41.4889	41.2237	41.5488	41.167	41.4924	40.9578	40.8062	41.0538	40.9931	40.8999	41.3569	40.8701	41.1783	41.2778	41.078399999999995	41.169	41.2897	40.8878	40.9401	40.968199999999996	41.0419	40.9445	41.2583	40.919200000000004	41.1038	41.031800000000004	40.9327	40.8938	40.955200000000005	40.792699999999996	41.0642	40.7918	40.8612	40.8023	40.9052	40.646300000000004	41.1408	40.9624	41.1377	40.8593	40.9343	40.8302	40.934	40.8791	40.5897	40.657199999999996	40.6557	40.557300000000005	40.9427	40.8436	40.6871	40.9993	40.7103	40.705000000000005	40.604	40.6625	40.5502	41.0103	40.9277	40.69	40.8818	40.8439	40.8176	40.7974	40.869499999999995	40.5963	40.8381	40.701	40.7964	40.725899999999996	40.8975	40.7079	40.591699999999996	40.8269	40.680699999999995	40.8307	40.8583	40.6904	40.835300000000004	40.8501	40.615899999999996	40.7349	40.7494	40.6729	40.7532	40.5843	40.995799999999996	40.6349	40.6854	40.694599999999994	40.7693	40.5947	40.8696	40.6457	40.8454	40.6053	40.4713	40.732800000000005	40.5099	40.4976	40.1265	40.4382	40.260600000000004	40.334900000000005	40.265699999999995	40.5421	40.124700000000004	40.663	40.842299999999994	40.2497	40.555099999999996	40.401399999999995	40.3502	40.0272	40.3109	40.4333	40.3213	40.4939	40.6673	40.3122	40.3748	39.543099999999995	40.1092	40.5778	40.4184	40.4645	40.620400000000004	40.003499999999995	40.5802	41.1625	40.3698	36.1324
Sin-CPnd_079-Ex1-9H-lcwgs-1-2.clmp.r1r2_fastp	52.568000000000005	40.808499999999995	40.5158	39.61	40.6049	39.550000000000004	38.790200000000006	40.198299999999996	40.6096	39.738800000000005	43.1141	43.0636	41.8159	41.522	41.484	41.1926	41.8099	41.5416	41.4152	41.617	41.890100000000004	41.5796	41.9049	41.381299999999996	41.1552	41.0394	41.187200000000004	41.2976	41.591499999999996	41.4294	41.5737	41.7423	41.4935	41.2755	41.5345	41.4591	41.3875	41.237	41.4439	41.5146	41.6444	41.3999	41.2507	41.5925	41.238200000000006	41.1546	41.3918	41.1806	41.559000000000005	41.354800000000004	41.3105	41.1475	41.1813	41.0736	41.2281	41.1403	41.4042	41.6312	41.652699999999996	41.6367	41.0732	41.108	41.1207	40.8358	41.097699999999996	41.0937	41.0699	40.7984	41.228500000000004	41.223	41.0327	40.868300000000005	40.903600000000004	40.5817	40.7211	40.955000000000005	40.9067	40.737899999999996	40.8838	40.5773	40.9352	40.901399999999995	40.6654	40.5682	40.528999999999996	40.744	40.844	40.785900000000005	40.6358	40.3443	40.8018	41.1338	40.637699999999995	41.0006	41.2178	40.6063	40.8088	41.1225	41.0364	40.675200000000004	40.9704	40.6391	40.7383	41.4876	41.1436	41.0985	41.2395	41.221799999999995	40.8012	41.1516	41.0025	41.1933	41.419200000000004	40.2567	41.0125	41.455999999999996	41.4821	40.9986	41.204800000000006	40.9245	40.714800000000004	39.701	40.311	40.4201	40.819	40.8919	40.8279	40.8183	40.5396	40.6335	40.7119	40.5522	40.5221	40.9257	39.9462	40.8071	40.896300000000004	40.7784	41.3647	41.1061	41.3712	40.6347	41.1634	40.1411	42.0315	42.1547	41.1553	41.7507	40.9331	36.3048
Sin-CPnd_080-Ex1-2E-lcwgs-1-2.clmp.r1r2_fastp	59.643299999999996	41.5771	44.3726	41.1495	43.1522	40.8991	40.8157	41.817	42.6619	40.242	45.9059	46.6256	44.174400000000006	44.6438	44.1118	43.4338	43.7885	43.7259	43.5277	44.1118	44.4247	42.985299999999995	43.6216	43.0792	43.600699999999996	44.4352	43.851	43.4234	43.1626	44.0597	42.954	44.0597	43.308600000000006	43.3671	43.9193	43.0606	42.9891	43.4709	44.4304	43.3224	43.8249	42.8997	44.4623	43.425599999999996	43.6262	43.6777	43.5747	42.763400000000004	44.0294	43.3731	43.3063	42.4151	42.518299999999996	43.039699999999996	43.4076	43.730000000000004	42.8176	42.6203	42.633900000000004	42.5267	43.8484	43.2681	43.672	43.391000000000005	43.7386	41.0493	43.1171	43.7695	43.3995	43.5328	43.194900000000004	43.7016	42.6896	43.4103	42.4917	44.3168	43.2969	42.781200000000005	43.2347	43.3556	42.3919	43.835	43.4583	43.4833	42.2605	43.460300000000004	42.763400000000004	43.668800000000005	43.3879	42.4257	44.1729	44.8435	43.876599999999996	43.703199999999995	43.2949	43.250499999999995	43.123	43.4611	43.0154	42.062	42.396699999999996	42.9088	43.1088	43.8557	42.6434	42.9698	43.2707	42.646499999999996	43.5029	42.5716	43.1278	43.303399999999996	43.2468	40.9989	41.6085	42.7093	43.1898	43.175799999999995	42.073	44.3664	41.7602	42.8757	42.8269	42.6609	42.7313	41.7252	43.2479	43.954100000000004	40.8735	41.1638	42.298	41.849199999999996	41.6557	42.6125	42.545100000000005	41.9	44.509100000000004	42.7398	42.409200000000006	42.1654	43.289	43.115500000000004	41.016000000000005	42.0426	41.9229	41.3534	42.4202	43.3042	40.0483	39.5869
Sin-CPnd_081-Ex1-10G-lcwgs-1-2.clmp.r1r2_fastp	54.6674	39.3705	40.7296	39.3515	40.1102	39.642300000000006	38.386700000000005	40.1561	40.231	39.5881	42.8792	42.7804	41.9591	41.2525	41.1789	40.8938	41.463100000000004	41.0564	41.5545	41.510200000000005	41.7047	41.3067	41.4205	40.8189	40.907	41.094500000000004	40.9393	40.9004	41.3175	41.086600000000004	41.3787	41.2852	41.129599999999996	40.964800000000004	41.0775	40.793	41.2053	41.064499999999995	41.3239	41.2724	41.5216	40.8701	41.1109	41.142	40.9384	40.9616	41.0244	41.141299999999994	41.393	41.2652	41.0387	40.962900000000005	40.6348	40.592800000000004	40.6798	40.8268	41.2393	40.9518	41.567	41.0883	41.0956	40.9676	40.793400000000005	40.4004	40.4811	40.3347	40.6469	40.7762	40.4201	40.980199999999996	40.7459	40.616600000000005	40.4658	40.2075	40.2481	40.598299999999995	40.4127	40.6706	40.512100000000004	40.5558	40.6279	40.5432	40.4927	40.1542	40.7495	40.4824	40.8459	40.618900000000004	40.6987	40.139599999999994	40.3516	40.6077	40.4938	40.6314	40.7072	40.535399999999996	40.3876	41.143	40.3063	40.6535	40.1332	40.1482	40.0794	40.130700000000004	40.536899999999996	40.597100000000005	40.594	40.4653	40.2331	40.4371	40.443400000000004	40.1662	40.2215	40.2641	40.102399999999996	40.6504	39.9889	40.4908	40.0792	40.0237	40.1842	39.7545	39.6931	39.7776	39.4093	40.5756	39.9267	39.6817	39.7461	39.2851	39.303	39.156600000000005	39.3651	39.306000000000004	39.635999999999996	39.1414	39.3416	39.2225	39.193099999999994	39.211	39.599000000000004	39.3975	39.6387	40.2334	39.9442	39.7636	40.0918	39.868900000000004	39.045	35.4427
Sin-CPnd_085-Ex1-4H-lcwgs-1-2.clmp.r1r2_fastp	58.0198	38.8966	41.212700000000005	39.0202	40.9206	39.4279	39.0566	40.4534	40.5816	38.8031	44.0515	43.6114	42.8059	42.3243	42.4208	41.9397	42.2279	42.0599	42.329499999999996	41.8139	42.3572	41.6747	41.8549	41.530899999999995	41.5661	41.3467	41.7659	41.425200000000004	41.6395	41.5298	41.9184	41.7244	41.7931	41.2832	41.653099999999995	41.3908	41.5897	41.6187	41.436	41.3711	41.6118	41.3771	41.7432	41.453	41.754400000000004	41.2443	41.7376	41.2915	41.4138	41.6335	41.4835	41.201100000000004	41.4095	41.4464	41.315200000000004	41.621900000000004	41.6208	41.3321	41.6117	41.387	41.6447	41.491499999999995	41.3098	41.3653	41.3759	41.1761	41.6306	41.321200000000005	41.4355	41.342600000000004	41.4281	41.3941	41.3652	41.4638	41.4542	41.4737	41.3383	41.375	41.511199999999995	41.3669	41.3783	41.3883	41.4568	41.3455	41.2984	41.3174	41.2826	41.2074	41.5122	41.279900000000005	41.294399999999996	41.3926	41.462900000000005	41.3036	41.2629	41.347699999999996	41.3798	41.1419	41.4369	41.2718	41.1287	41.2393	41.106500000000004	41.4099	40.948499999999996	41.186499999999995	40.9587	41.010999999999996	41.1864	41.1576	41.0994	41.0341	41.0024	40.903	41.0685	40.836299999999994	40.8312	40.7438	41.0486	40.901900000000005	40.6948	40.638200000000005	40.503499999999995	40.97	40.557900000000004	40.7381	40.1837	40.7569	40.7364	40.5804	40.3178	40.5373	40.4614	40.4674	40.327	40.5077	40.605799999999995	40.252700000000004	39.9154	40.1203	39.9994	40.643	40.2714	40.6909	40.6763	40.700199999999995	40.8551	40.102900000000005	40.2425	36.7173
Sin-CPnd_088-Ex1-2D-lcwgs-1-2.clmp.r1r2_fastp	53.6192	42.0468	41.4538	41.8339	42.0773	41.6363	40.2372	42.062	42.9136	41.6363	44.4799	43.8108	45.513999999999996	43.385	43.674	43.5979	43.5523	43.8564	42.943999999999996	42.7464	44.0845	43.2786	44.0085	43.5827	43.263400000000004	43.0201	43.4002	43.7804	43.4155	44.6928	44.4039	43.932500000000005	42.548700000000004	44.0	43.339	42.8395	43.3473	44.080799999999996	42.5209	43.4915	42.755500000000005	43.7459	43.6025	43.1718	41.7601	43.9572	42.8801	42.4941	43.0155	43.2392	41.9473	44.0945	41.8802	42.0565	43.212	42.5766	42.2193	42.4633	42.611900000000006	41.6329	41.5366	43.7251	42.1012	43.1362	42.5287	42.5865	41.3413	42.0517	41.3793	41.0769	42.8526	41.394999999999996	41.7196	42.478500000000004	41.696	43.7885	42.4668	41.4801	43.1863	41.7367	42.3331	42.257099999999994	41.863499999999995	42.870000000000005	42.411500000000004	46.2901	42.2452	41.311	42.4163	40.5742	40.5345	42.8328	41.7402	41.953	42.8394	41.991099999999996	38.939800000000005	44.0299	42.2516	41.9611	41.1374	40.7267	40.9798	40.7526	40.661199999999994	40.6117	41.5425	42.585899999999995	39.5327	41.763600000000004	41.958	41.2731	38.7949	40.765	39.7971	42.6249	37.9686	42.1446	41.3793	42.4202	44.26	38.9444	43.491099999999996	40.2778	40.5751	39.6007	41.8403	41.090900000000005	41.8386	43.5294	44.8485	44.1909	39.102599999999995	42.0	39.627	38.6635	39.012299999999996	36.6162	43.782399999999996	42.6667	42.4242	41.2104	38.8724	44.6108	42.153800000000004	36.1905	40.9677	42.3333	37.3239	37.6518
Sin-CPnd_089-Ex1-9E-lcwgs-1-2.clmp.r1r2_fastp	54.5779	40.5816	40.2231	39.414100000000005	40.8142	39.525	38.6589	40.3132	40.4213	39.3551	43.806400000000004	43.3951	42.1818	41.886	41.828900000000004	41.6407	41.8648	41.6468	41.8643	41.8067	41.8926	41.6699	41.942099999999996	41.3515	41.491099999999996	41.455799999999996	41.4109	41.3251	41.6638	41.4355	41.8251	41.719899999999996	41.8723	41.5871	41.6759	41.5912	41.4953	41.6361	41.624100000000006	41.67	41.7987	41.303200000000004	41.7198	41.795700000000004	41.5111	41.6584	41.6493	41.4426	41.761900000000004	41.525099999999995	41.542699999999996	41.5018	41.5092	41.375299999999996	41.3561	41.607699999999994	41.6144	41.4551	41.6661	41.6448	41.2328	41.145399999999995	41.2898	41.1436	41.3998	41.2631	41.219899999999996	41.570299999999996	41.2513	41.5717	41.5879	41.408899999999996	41.3885	41.2159	40.991499999999995	41.3652	41.191	41.448299999999996	41.3667	41.4936	41.6263	41.073100000000004	41.4889	40.9477	41.4536	41.4713	41.2568	41.350300000000004	41.4798	41.1027	41.2093	41.7404	41.5206	41.3312	41.436299999999996	41.4464	41.1804	41.5213	41.4342	41.564299999999996	41.268100000000004	41.5701	41.2863	41.359	41.128	41.3768	41.457699999999996	41.4941	41.3875	40.8837	41.2702	41.2786	41.5563	41.5107	41.7213	41.6423	41.348	41.7228	41.0601	40.982400000000005	40.9784	41.151700000000005	40.9327	41.0808	41.0473	41.320800000000006	41.0971	41.102199999999996	41.0546	40.7072	41.3903	41.2365	41.0147	41.3535	41.2476	41.2042	41.1156	40.8528	41.1473	40.245599999999996	40.2643	41.2039	41.2227	40.7448	41.4259	41.549	40.9112	41.4777	41.1557	37.464
Sin-CPnd_090-Ex1-12F-lcwgs-1-2.clmp.r1r2_fastp	58.760999999999996	38.778	42.9556	40.0764	40.7185	39.753699999999995	39.0982	40.678599999999996	41.2271	39.3688	44.6537	44.223800000000004	43.2325	42.7199	42.7179	42.2107	42.7646	42.409200000000006	42.8705	42.5507	42.9176	42.4072	42.5017	42.0265	42.1794	42.1497	42.2555	42.1989	42.504599999999996	42.2227	42.5407	42.517300000000006	42.4017	42.321999999999996	42.4018	42.1497	42.3752	42.3396	42.3961	42.4017	42.517700000000005	42.2624	42.4987	42.3858	42.402	42.328900000000004	42.4112	42.2779	42.544399999999996	42.3971	42.3979	42.3541	42.3523	42.1561	42.1933	42.3534	42.4632	42.3442	42.5595	42.4333	42.6722	42.4371	42.517500000000005	42.204	42.3613	42.1728	42.336400000000005	42.399100000000004	42.4921	42.4437	42.5218	42.3474	42.423	42.2761	42.321999999999996	42.329899999999995	42.295700000000004	42.4052	42.3944	42.3423	42.5323	42.3927	42.5034	42.2871	42.3677	42.2358	42.349	42.2691	42.4134	42.2739	42.3746	42.375099999999996	42.464800000000004	42.4167	42.3729	42.3521	42.2003	42.3607	42.271	42.335	42.2112	42.309799999999996	42.3142	42.2095	42.3787	42.3831	42.3585	42.193799999999996	42.1903	42.2725	42.2033	42.1159	42.074	41.9484	42.0182	41.9822	41.8284	41.9169	41.8545	41.9009	41.7263	41.6359	41.6448	41.7897	41.603	41.713	41.6289	41.4707	41.4935	41.3458	41.4538	41.493900000000004	41.3838	41.482	41.4464	41.4033	41.4187	41.2735	41.2092	41.3666	41.307	41.3518	41.6555	41.551500000000004	41.6721	41.5903	41.658699999999996	41.5113	41.394	37.9989
Sin-CPnd_092-Ex1-11F-lcwgs-1-2.clmp.r1r2_fastp	52.2382	39.9385	40.1027	38.795	40.0621	39.1856	38.4517	39.9385	40.086	39.158100000000005	42.8977	42.604	41.5375	41.3501	41.1632	40.949400000000004	41.3972	41.2939	41.3333	41.424699999999994	41.706500000000005	41.2772	41.1703	41.190599999999996	40.895700000000005	40.8783	41.0539	41.0306	41.321999999999996	41.0306	41.4623	41.5572	41.031800000000004	41.0259	41.3641	41.009499999999996	41.038000000000004	41.1436	41.2365	41.2108	41.7034	40.896100000000004	41.3116	41.1222	40.888400000000004	40.884100000000004	41.1267	41.1177	41.428	41.0838	41.2356	40.8624	40.7549	40.765	40.7861	40.9321	41.0122	40.977000000000004	41.316199999999995	41.1188	41.0814	40.7951	40.7005	40.324	40.662	40.598099999999995	40.501	40.699600000000004	40.6671	40.772000000000006	40.5098	40.4877	40.1439	40.4853	40.0887	40.6307	40.6878	40.2461	40.035399999999996	40.5056	40.4818	40.544200000000004	40.5272	40.0717	40.2099	40.3378	40.4108	40.0086	40.4663	40.1301	39.9112	40.4094	40.393299999999996	39.9431	40.256	40.1794	40.1198	40.441300000000005	39.886500000000005	40.239799999999995	39.6222	40.167	40.017399999999995	40.1999	40.3891	40.0538	40.274100000000004	40.5951	39.8987	40.3684	39.888	39.877	39.7524	40.140100000000004	39.4036	40.225100000000005	40.275800000000004	39.8703	40.1276	39.830799999999996	39.7494	39.2637	39.6129	39.8229	39.5462	39.7436	39.9885	39.2919	39.7607	39.7497	39.401399999999995	39.440999999999995	39.8367	39.5859	39.902	39.4713	38.927499999999995	39.3701	39.9175	40.0997	40.0481	40.2574	39.6907	40.0041	39.6338	39.8323	40.0793	39.5384	39.3042	35.796299999999995
Sin-CPnd_093-Ex1-10C-lcwgs-1-2.clmp.r1r2_fastp	54.339400000000005	40.8601	40.2128	39.1116	40.8358	39.7438	39.019	40.5897	40.767399999999995	39.5128	43.5993	43.3748	42.487399999999994	42.0431	41.8848	41.5342	41.951	41.6635	41.929	42.1185	42.072700000000005	41.7469	41.9074	41.4454	41.347899999999996	41.3377	41.5262	41.4255	41.759299999999996	41.6371	41.604200000000006	41.7728	41.6576	41.707699999999996	41.6866	41.5933	41.6076	41.4681	41.6051	41.5183	41.7251	41.8362	41.5319	41.6953	41.591899999999995	41.4338	41.4912	41.3847	41.71	41.5482	41.4503	41.2998	41.5655	41.3153	41.322900000000004	41.6365	41.4248	41.7417	41.9304	41.6404	41.6094	41.2564	41.6081	40.9165	41.4152	41.3276	41.5671	41.273700000000005	41.490899999999996	41.5012	41.4269	41.140100000000004	41.2823	41.262	41.3018	41.1295	41.283500000000004	41.4923	41.308	41.4942	41.4448	41.2907	41.5342	41.180699999999995	41.326499999999996	41.4183	41.4313	41.4242	41.2854	41.1036	41.5078	41.2682	41.3064	41.2537	41.0182	41.3852	41.2428	41.518899999999995	40.943200000000004	41.7142	41.0678	41.288399999999996	41.1727	41.3406	41.0096	41.7579	41.3785	41.2585	41.5809	41.2678	41.2034	40.9872	41.4124	40.832499999999996	41.2966	40.9724	40.949000000000005	41.0103	41.1053	40.8692	40.7637	40.4753	40.5627	40.8292	41.0884	40.9867	41.024100000000004	41.4272	40.5479	40.6601	40.4281	40.498	40.940799999999996	40.739799999999995	40.197300000000006	40.9866	40.6511	40.5177	40.3162	40.6963	40.8279	40.4609	40.697100000000006	41.0614	40.4557	40.6966	40.798	40.903099999999995	40.4921	36.916399999999996
Sin-CPnd_094-Ex1-3H-lcwgs-1-2.clmp.r1r2_fastp	57.606	37.8806	41.9769	39.5548	40.125899999999994	39.0118	37.9848	39.4015	40.360099999999996	38.709900000000005	43.307	43.203599999999994	42.297200000000004	41.9608	42.0232	41.3946	41.8617	41.6316	41.9705	41.6376	41.996	41.6783	41.7634	41.3307	41.4801	41.321400000000004	41.3825	41.3437	41.6129	41.4794	41.7766	41.782599999999995	41.7407	41.5557	41.6258	41.381499999999996	41.4874	41.3482	41.5317	41.5686	41.6275	41.4638	41.6935	41.700900000000004	41.5199	41.4531	41.5644	41.355799999999995	41.7419	41.456900000000005	41.6374	41.4864	41.6187	41.3885	41.5786	41.644999999999996	41.6698	41.5773	41.6098	41.6267	41.6154	41.5635	41.673500000000004	41.3457	41.4271	41.36	41.5086	41.538199999999996	41.616	41.512	41.7141	41.4568	41.4938	41.4471	41.3857	41.4515	41.3527	41.6306	41.4272	41.4967	41.6571	41.5449	41.524899999999995	41.4948	41.465	41.3718	41.3906	41.3213	41.490700000000004	41.4285	41.4823	41.4655	41.340700000000005	41.546499999999995	41.3677	41.2203	41.294	41.2763	41.3072	41.5483	41.429300000000005	41.4311	41.3518	41.2213	41.3219	41.2793	41.3478	41.1928	41.1756	41.3439	41.2754	41.266000000000005	41.2821	41.2029	40.980199999999996	41.1141	40.9097	41.1004	41.0327	41.0442	41.0075	40.989599999999996	40.7275	40.8992	40.915099999999995	40.9018	40.778	40.6891	40.7077	40.6347	40.7169	40.6026	40.808	40.5841	40.7874	40.6568	40.7557	40.6036	40.751599999999996	40.5403	40.694	40.887499999999996	40.855999999999995	40.822	41.058499999999995	40.9853	40.814699999999995	40.9436	40.7988	37.133300000000006
Sin-CPnd_095-Ex1-2B-lcwgs-1-2.clmp.r1r2_fastp	58.209900000000005	40.8217	41.5344	39.5031	41.5736	40.2635	39.976299999999995	40.929500000000004	41.3427	39.8284	45.1344	44.1373	43.7967	43.3215	43.0649	42.723299999999995	43.3444	42.625	43.292	42.6145	42.946600000000004	42.6365	42.9542	42.3846	42.6031	42.3808	42.7004	42.3311	42.6737	42.2624	42.8969	42.4666	42.794900000000005	42.4005	42.6597	42.201499999999996	42.722100000000005	42.2914	42.2919	42.1222	42.2352	42.0422	42.530499999999996	42.4348	42.1267	42.247099999999996	42.363299999999995	41.9021	42.3688	42.0217	42.3178	41.834500000000006	41.9545	41.5552	41.6504	41.9353	42.012	41.8499	41.8533	42.0828	42.2232	41.6781	41.7622	41.6091	41.8847	41.545500000000004	41.5706	41.5869	41.7813	41.9064	41.9529	41.6196	41.836800000000004	41.5589	41.4213	41.7507	41.7892	41.2293	41.803200000000004	41.3902	41.6519	41.6694	41.3108	41.0814	41.6266	41.5162	41.2306	41.467999999999996	41.6556	41.863099999999996	41.501	41.4196	41.577999999999996	41.5456	41.3434	40.910999999999994	41.544799999999995	41.578900000000004	41.0373	41.3046	41.3689	41.0711	41.2307	41.363	40.8219	41.5081	41.0725	40.9572	41.193999999999996	41.2435	41.5829	41.0115	41.3578	40.8293	41.1061	41.297200000000004	40.7628	41.3321	40.8012	40.5158	40.89	40.7392	40.7406	41.3348	40.4804	40.733000000000004	40.720800000000004	40.6852	40.225	41.333999999999996	40.2774	40.8887	40.3695	41.353699999999996	39.818	40.1111	41.105999999999995	40.6912	40.036699999999996	40.8532	39.861200000000004	40.4679	40.8538	40.4437	40.0826	41.0421	40.1139	40.0341	40.328199999999995	37.1812
Undetermined.clmp.r1r2_fastp	48.8276	39.2197	40.1277	39.3822	39.6633	39.1817	38.9911	39.8221	39.9133	39.6337	42.355599999999995	42.1177	41.1027	41.015	40.808	40.7449	40.9779	40.9246	40.9827	41.0764	41.2121	41.036699999999996	41.0188	40.7428	40.565	40.550399999999996	40.624	40.6445	40.8846	40.8652	40.9681	41.1345	41.0063	40.8534	41.0322	40.8949	40.747499999999995	41.0995	40.961	40.974500000000006	41.1364	40.9028	40.9187	41.0887	40.8412	40.990500000000004	40.907199999999996	40.8716	41.1574	41.0238	40.9462	40.834900000000005	40.7061	40.7287	40.8292	40.9223	41.1588	41.0978	41.1663	41.098	40.7254	40.6909	40.7439	40.3962	40.5732	40.6191	40.7008	40.8071	40.6044	40.8557	40.6816	40.439	40.3201	40.3278	40.291	40.5808	40.7003	40.3999	40.4018	40.430899999999994	40.4846	40.3206	40.4773	40.1561	40.21	40.3799	40.4852	40.5011	40.4575	40.321200000000005	40.253499999999995	40.5953	40.5123	40.6509	40.6743	40.7236	40.6432	40.8816	40.6821	40.6506	40.464800000000004	40.4329	40.4968	40.7858	41.112	40.9818	41.2564	41.1511	40.864	41.0511	40.8487	40.8057	41.0416	41.0123	41.1815	41.7018	41.3404	41.433	41.2194	41.1417	40.8705	40.7965	40.7049	40.8976	41.1674	41.494	41.653800000000004	41.6601	41.496300000000005	41.3422	41.4874	41.468500000000006	41.4906	41.7693	41.6372	41.9277	42.1657	41.8365	41.9807	42.018299999999996	41.9058	42.266799999999996	42.5068	42.4172	42.7513	43.0051	42.9201	43.0149	42.9222	39.5406
