Sample	1	2	3	4	5	6	7	8	9	10	11	12	13	14	15	16	17	18	19	20	21	22	23	24	25	26	27	28	29	30	31	32	33	34	35	36	37	38	39	40	41	42	43	44	45	46	47	48	49	50	51	52	53	54	55	56	57	58	59	60	61	62	63	64	65	66	67	68	69	70	71	72	73	74	75	76	77	78	79	80	81	82	83	84	85	86	87	88	89	90	91	92	93	94	95	96	97	98	99	100	101	102	103	104	105	106	107	108	109	110	111	112	113	114	115	116	117	118	119	120	121	122	123	124	125	126	127	128	129	130	131	132	133	134	135	136	137	138	139	140	141	142	143	144	145	146	147	148	149	150
Sin-APnd_001-Ex1-6G-lcwgs-1-2.clmp.r1r2_fastp	48.637	37.912400000000005	39.099000000000004	37.839600000000004	38.126	37.6399	37.4971	38.1886	38.3255	38.0392	40.752	40.583200000000005	39.293499999999995	39.1527	38.9617	38.9377	39.1416	39.1825	39.2357	39.191700000000004	39.5	39.248	39.293499999999995	38.8289	38.682100000000005	38.669799999999995	38.7759	38.7286	39.0174	38.945299999999996	39.1467	39.2093	39.162200000000006	38.9307	39.204899999999995	39.1211	38.8168	39.4116	39.2637	39.2446	39.488	39.2075	39.178200000000004	39.4251	39.1017	39.412000000000006	39.2236	39.2394	39.6867	39.3868	39.4197	39.203500000000005	38.8866	38.9937	39.2009	39.1952	39.756	39.6042	39.745200000000004	39.6731	38.9978	38.897	39.0404	38.4857	38.6795	38.8548	38.8806	39.062799999999996	38.7141	39.359100000000005	38.867200000000004	38.5282	38.4161	38.2756	38.2119	38.6408	38.766600000000004	38.4155	38.2472	38.1635	38.4016	38.1771	38.2621	37.796800000000005	37.913999999999994	38.0524	38.1776	38.2532	38.1315	38.017	37.9081	38.2511	38.1749	38.3195	38.1481	38.4213	38.2325	38.455600000000004	38.2131	38.106	37.659	37.7545	37.8349	38.1027	38.7043	38.4558	38.8331	38.6587	38.0479	38.1189	38.0382	37.6198	37.9132	37.986399999999996	37.995200000000004	38.5538	38.2172	38.221	37.7282	37.5576	37.0959	36.8446	36.9354	37.103	37.385000000000005	38.000699999999995	38.3265	38.097500000000004	38.1314	37.8083	37.5897	37.798500000000004	37.901	38.1399	38.1911	38.4909	38.7062	38.4237	38.5628	38.382	38.2624	38.5969	38.9939	38.9502	39.4598	39.5869	39.8412	39.752500000000005	39.392500000000005	36.507
Sin-APnd_002-Ex1-3G-lcwgs-1-2.clmp.r1r2_fastp	49.126599999999996	38.268	39.896100000000004	38.466	38.9619	38.392700000000005	38.217099999999995	38.919399999999996	39.0718	38.5369	41.5666	41.346199999999996	40.3014	40.2297	40.1192	40.1153	40.269	40.2994	40.368700000000004	40.3636	40.5689	40.3921	40.4404	40.1316	40.050999999999995	40.0133	40.0857	40.0739	40.273199999999996	40.213100000000004	40.38	40.4291	40.3512	40.2187	40.359899999999996	40.2451	40.069	40.4123	40.318799999999996	40.287	40.4628	40.260400000000004	40.2164	40.3531	40.0812	40.2322	40.119899999999994	40.1141	40.3658	40.2	40.2167	40.0331	39.871	39.885	39.9493	39.987	40.3009	40.1793	40.2543	40.1887	39.771	39.6895	39.7758	39.3605	39.4562	39.5127	39.515299999999996	39.6293	39.4208	39.7894	39.501999999999995	39.3074	39.1702	39.0821	39.0315	39.2504	39.2236	39.082	38.97	38.8479	39.0085	38.885799999999996	38.889	38.5612	38.6442	38.676	38.7284	38.737100000000005	38.7044	38.6078	38.4939	38.6938	38.6521	38.6808	38.5932	38.805	38.6652	38.7495	38.580999999999996	38.5097	38.236599999999996	38.201	38.1659	38.3506	38.7908	38.6598	38.8913	38.7732	38.2614	38.3404	38.210499999999996	37.8925	38.1152	38.033699999999996	38.1243	38.4661	38.1629	38.2415	37.8357	37.683	37.3736	37.1494	37.105700000000006	37.2749	37.466	37.8784	38.082	37.9338	37.8426	37.629200000000004	37.6138	37.5904	37.727199999999996	37.9508	37.9087	38.1142	38.2773	38.104	38.191	38.080000000000005	37.9803	38.2708	38.5724	38.6096	39.009	39.167	39.3487	39.3376	38.9992	36.2469
Sin-APnd_003-Ex1-3H-lcwgs-1-2.clmp.r1r2_fastp	47.800599999999996	36.6905	38.4109	36.9676	37.347	36.773	36.471599999999995	37.0492	37.1398	36.7331	39.521699999999996	39.312200000000004	38.2386	38.1051	37.9443	37.882	38.047599999999996	38.0386	38.0695	38.0374	38.2541	38.063900000000004	38.054100000000005	37.6996	37.5897	37.5216	37.5777	37.5391	37.7628	37.7396	37.8937	37.959199999999996	37.8658	37.7295	37.8711	37.7726	37.553799999999995	37.9642	37.8902	37.8876	38.0919	37.8722	37.8554	37.9953	37.7327	37.940400000000004	37.8216	37.810300000000005	38.1528	37.9547	38.0121	37.8467	37.6581	37.688	37.830799999999996	37.857	38.2272	38.0778	38.2094	38.1647	37.7261	37.691599999999994	37.805299999999995	37.3714	37.512299999999996	37.6002	37.5929	37.7318	37.538700000000006	37.964999999999996	37.669599999999996	37.4881	37.3641	37.3057	37.252	37.5073	37.5505	37.3425	37.2828	37.2129	37.413999999999994	37.2534	37.3015	36.9753	37.107800000000005	37.1175	37.2079	37.2525	37.2125	37.1369	37.0688	37.3054	37.2792	37.3435	37.228	37.403999999999996	37.2874	37.462	37.288199999999996	37.2481	36.9632	36.9698	36.975	37.1797	37.6066	37.4503	37.7124	37.5924	37.128299999999996	37.2242	37.1055	36.803799999999995	37.0178	36.9816	37.0501	37.4093	37.148900000000005	37.1803	36.7978	36.682500000000005	36.384899999999995	36.1093	36.200700000000005	36.3772	36.5434	36.951699999999995	37.1894	37.0112	36.9838	36.7914	36.7127	36.7701	36.9266	37.0957	37.184	37.3353	37.492	37.3426	37.391200000000005	37.3082	37.2895	37.6263	37.9547	37.8344	38.2833	38.4302	38.605000000000004	38.4426	38.3285	35.6931
Sin-APnd_004-Ex1-4A-lcwgs-1-2.clmp.r1r2_fastp	49.607099999999996	38.398700000000005	39.002900000000004	37.9231	38.0772	37.7021	37.7016	38.4371	38.6608	38.7163	41.1437	41.0161	39.5242	39.360099999999996	39.1275	39.1809	39.4195	39.4507	39.562999999999995	39.5331	39.9478	39.711600000000004	39.7764	39.118199999999995	38.9606	38.9713	39.1113	39.073600000000006	39.5142	39.3414	39.6427	39.7325	39.662	39.3158	39.7109	39.657199999999996	39.251599999999996	40.2085	39.9548	39.908100000000005	40.2552	39.8758	39.7935	40.1733	39.7036	40.2453	40.0583	40.0172	40.7468	40.2956	40.2851	40.051700000000004	39.5608	39.7485	40.088499999999996	40.1369	40.994	40.773900000000005	40.984300000000005	40.9176	39.8602	39.7823	39.9746	39.151799999999994	39.4435	39.727000000000004	39.8401	40.0984	39.6083	40.596199999999996	39.8588	39.2809	39.0989	38.979200000000006	38.874399999999994	39.5598	39.8127	39.2345	39.0764	38.954	39.2751	38.972899999999996	39.081900000000005	38.3639	38.5566	38.8885	39.0441	39.2557	39.055499999999995	38.8543	38.6839	39.271899999999995	39.1652	39.401799999999994	39.226499999999994	39.6349	39.4718	39.803	39.388400000000004	39.2416	38.5374	38.7052	38.8381	39.2944	40.2958	39.856700000000004	40.5434	40.3758	39.3654	39.4827	39.3784	38.8089	39.3645	39.5098	39.6538	40.578199999999995	40.043099999999995	40.0468	39.2907	38.9663	38.269999999999996	37.9167	38.0569	38.333	38.7556	39.6801	40.212399999999995	39.8836	39.7592	39.300200000000004	38.953700000000005	39.0648	39.2918	39.7113	39.7361	40.257799999999996	40.666999999999994	40.0406	40.1281	39.8978	39.7445	40.196799999999996	40.7788	40.4347	41.3021	41.5034	41.7183	41.7166	41.4081	38.602399999999996
Sin-APnd_005-Ex1-4B-lcwgs-1-2.clmp.r1r2_fastp	50.61059999999999	37.872499999999995	40.2637	38.661899999999996	39.1471	38.5851	38.5424	39.503	39.639	38.8219	42.3473	41.9211	40.6742	40.5349	40.474	40.4101	40.7177	40.685900000000004	40.8396	40.7908	41.057100000000005	40.785	40.8661	40.3953	40.3729	40.3424	40.4647	40.3927	40.705200000000005	40.6024	40.846199999999996	40.8492	40.7854	40.5773	40.8082	40.653800000000004	40.518	40.9171	40.7873	40.7364	40.9245	40.706399999999995	40.6486	40.8059	40.5321	40.7624	40.6742	40.616	40.9913	40.7269	40.7727	40.5709	40.3818	40.3716	40.5722	40.5565	40.9944	40.841499999999996	40.9763	40.844500000000004	40.3761	40.313	40.402300000000004	39.9127	40.0598	40.132400000000004	40.192499999999995	40.3379	40.0612	40.5256	40.1354	39.8213	39.7329	39.6409	39.570699999999995	39.8711	39.9456	39.6537	39.5552	39.4756	39.6744	39.4581	39.4812	39.1254	39.2132	39.2926	39.4043	39.449	39.3719	39.2298	39.1486	39.4318	39.3952	39.5221	39.3979	39.6135	39.4458	39.6078	39.4444	39.3399	38.931900000000006	39.0538	39.056400000000004	39.2918	39.875899999999994	39.6154	39.9535	39.760400000000004	39.2853	39.3693	39.2629	38.96	39.2459	39.240199999999994	39.3129	39.7625	39.475500000000004	39.476299999999995	39.0589	38.92	38.5156	38.3353	38.4149	38.6312	38.8905	39.3673	39.632	39.455400000000004	39.4387	39.196999999999996	39.074799999999996	39.1735	39.3504	39.664300000000004	39.6274	39.846900000000005	40.102900000000005	39.748400000000004	39.8554	39.7337	39.679700000000004	39.948499999999996	40.440799999999996	40.2949	40.8487	41.044000000000004	41.1699	41.0943	40.977000000000004	38.0713
Sin-APnd_006-Ex1-4C-lcwgs-1-2.clmp.r1r2_fastp	49.8928	38.0633	40.2543	38.7446	39.1289	38.5185	38.4523	39.2778	39.3517	38.6817	41.978300000000004	41.5937	40.483599999999996	40.3887	40.27	40.2751	40.5019	40.5321	40.6079	40.6233	40.8093	40.6219	40.6306	40.295199999999994	40.2048	40.200399999999995	40.271699999999996	40.2718	40.5165	40.480199999999996	40.6633	40.6957	40.625299999999996	40.5099	40.6937	40.5735	40.431400000000004	40.780300000000004	40.6791	40.6757	40.880100000000006	40.659600000000005	40.6555	40.7894	40.537099999999995	40.7716	40.644200000000005	40.6177	40.9241	40.7419	40.754200000000004	40.618900000000004	40.4293	40.4128	40.605599999999995	40.5876	40.9056	40.768	40.9037	40.8111	40.4011	40.3635	40.414	40.0253	40.1766	40.2267	40.2212	40.3509	40.1295	40.5478	40.252500000000005	39.9783	39.9078	39.8573	39.750099999999996	40.0335	40.1133	39.8384	39.8057	39.7439	39.9108	39.7377	39.7675	39.412000000000006	39.5432	39.5995	39.6717	39.7134	39.684999999999995	39.5636	39.505	39.759	39.6893	39.772200000000005	39.687	39.854800000000004	39.7439	39.8626	39.7111	39.672200000000004	39.358599999999996	39.3916	39.4679	39.687400000000004	40.1119	39.928000000000004	40.2119	40.0004	39.6115	39.711600000000004	39.5768	39.311099999999996	39.5796	39.5149	39.585	39.9283	39.6871	39.7179	39.327400000000004	39.2292	38.947199999999995	38.7829	38.8859	39.025	39.2988	39.6844	39.9068	39.8174	39.818	39.5803	39.546	39.6755	39.8414	40.055	40.0206	40.3633	40.6434	40.3573	40.5537	40.5423	40.4585	40.8067	41.1613	41.0452	41.5772	41.8576	41.9856	41.9652	41.8059	39.5399
Sin-APnd_007-Ex1-4D-lcwgs-1-2.clmp.r1r2_fastp	49.5016	37.758399999999995	38.9146	37.5493	37.8964	37.1831	37.0952	37.8416	37.9215	37.3803	40.479	40.1577	39.0137	38.8306	38.762	38.7069	38.954899999999995	38.9168	39.055800000000005	39.0306	39.250299999999996	39.001799999999996	39.051	38.609700000000004	38.498	38.5102	38.573	38.5144	38.8279	38.7442	38.908100000000005	38.9766	38.9029	38.7134	38.8994	38.765899999999995	38.628	39.0305	38.8816	38.846199999999996	39.089800000000004	38.8104	38.779599999999995	38.9559	38.6814	38.87	38.7703	38.7397	39.11	38.838699999999996	38.856	38.730199999999996	38.5028	38.5011	38.7309	38.7111	39.1058	38.9314	39.116099999999996	39.018	38.555499999999995	38.487500000000004	38.5828	38.1252	38.2961	38.3631	38.4094	38.5402	38.242	38.779599999999995	38.4277	38.088699999999996	38.021300000000004	37.9658	37.816100000000006	38.1389	38.2905	38.0045	37.918400000000005	37.8178	38.0525	37.837199999999996	37.8664	37.4773	37.5885	37.6243	37.7613	37.8009	37.7881	37.608799999999995	37.5181	37.845800000000004	37.7789	37.8628	37.7544	37.9208	37.7687	37.9647	37.750699999999995	37.6521	37.317	37.3209	37.4716	37.648199999999996	38.1339	37.934400000000004	38.2538	38.0266	37.532199999999996	37.618	37.507000000000005	37.175000000000004	37.4377	37.5172	37.5206	37.9272	37.6623	37.7083	37.1534	37.0085	36.7117	36.4628	36.4669	36.670700000000004	36.938900000000004	37.3755	37.6034	37.443799999999996	37.373400000000004	37.1446	36.9649	37.105199999999996	37.2359	37.5439	37.5093	37.8	37.9814	37.577	37.7119	37.632	37.562400000000004	37.812200000000004	38.245200000000004	38.020399999999995	38.6315	38.728	38.9325	38.8416	38.5095	35.6097
Sin-APnd_008-Ex1-4E-lcwgs-1-2.clmp.r1r2_fastp	49.9363	38.8272	39.3664	38.2588	38.7438	38.0669	37.8736	38.8091	38.932	38.5582	41.4962	41.2862	39.9546	39.795	39.586	39.602	39.8386	39.8463	39.898	39.901399999999995	40.2239	39.989599999999996	40.0678	39.507999999999996	39.3986	39.4329	39.5043	39.4782	39.8059	39.651199999999996	39.954	40.035	39.9285	39.684999999999995	40.0067	39.882400000000004	39.6368	40.295199999999994	40.1011	40.125899999999994	40.3999	40.0003	40.0151	40.2749	39.9005	40.2737	40.1756	40.0926	40.6239	40.3534	40.3268	40.1258	39.819900000000004	39.8573	40.1582	40.1584	40.7555	40.617999999999995	40.7977	40.705999999999996	39.973	39.9491	40.0521	39.4399	39.7266	39.8249	39.9456	40.173700000000004	39.7433	40.4758	40.0899	39.6153	39.494	39.3952	39.3087	39.7438	39.9865	39.5447	39.4185	39.394800000000004	39.6554	39.4796	39.578	39.0251	39.1882	39.360800000000005	39.4884	39.615899999999996	39.596900000000005	39.4053	39.279799999999994	39.7473	39.6302	39.7377	39.7158	39.9404	39.8366	40.1239	39.866	39.8474	39.300000000000004	39.354299999999995	39.5021	39.8275	40.4536	40.283	40.7219	40.499	39.9168	40.035199999999996	39.9015	39.5341	39.9122	39.8456	40.0053	40.6002	40.225300000000004	40.2528	39.7757	39.5612	39.2075	38.9905	38.9927	39.23	39.623599999999996	40.0682	40.451	40.3553	40.2427	39.997899999999994	39.873	39.9776	40.0719	40.483799999999995	40.3067	40.724199999999996	41.0072	40.671	40.7455	40.733200000000004	40.4998	40.875	41.3485	41.1435	41.644999999999996	41.8566	41.9631	42.0721	41.9767	39.2183
Sin-APnd_009-Ex1-4F-lcwgs-1-2.clmp.r1r2_fastp	50.4084	39.5187	40.8896	39.5883	40.0335	39.4833	39.5065	40.2872	40.396100000000004	39.8357	42.9607	42.5313	41.4948	41.3912	41.2793	41.307700000000004	41.614200000000004	41.632200000000005	41.7037	41.7162	41.9527	41.6789	41.7514	41.3471	41.267399999999995	41.2662	41.362	41.3482	41.6643	41.5836	41.7917	41.848200000000006	41.7713	41.6243	41.8603	41.7249	41.5558	42.0178	41.877700000000004	41.842400000000005	42.0757	41.794399999999996	41.7999	41.9672	41.6908	41.9362	41.850500000000004	41.7732	42.1717	41.9189	41.93	41.760000000000005	41.5349	41.5278	41.727599999999995	41.707499999999996	42.1301	41.9653	42.093199999999996	41.9953	41.501900000000006	41.4086	41.462900000000005	41.013	41.185300000000005	41.226600000000005	41.2493	41.407500000000006	41.0944	41.567	41.2099	40.8734	40.725899999999996	40.664699999999996	40.564499999999995	40.8701	40.9849	40.6565	40.571400000000004	40.4524	40.63	40.4088	40.4658	40.0328	40.1459	40.1854	40.3202	40.3426	40.2783	40.1361	40.003699999999995	40.2841	40.184799999999996	40.2757	40.1659	40.379	40.2276	40.3643	40.1094	40.0554	39.6269	39.6762	39.7576	39.9192	40.464099999999995	40.2468	40.568	40.3379	39.8613	39.848	39.8025	39.4251	39.6842	39.6453	39.727000000000004	40.139399999999995	39.813700000000004	39.8316	39.3384	39.1528	38.7723	38.5345	38.5521	38.7237	38.9939	39.506099999999996	39.6962	39.5326	39.525	39.205	39.066	39.191900000000004	39.325500000000005	39.6154	39.5651	39.876	40.0468	39.7148	39.7528	39.677099999999996	39.5614	39.878	40.3445	40.1458	40.7186	40.9191	41.1088	40.9248	40.7617	37.7583
Sin-APnd_010-Ex1-4G-lcwgs-1-2.clmp.r1r2_fastp	49.620599999999996	37.7812	39.5064	37.9824	38.2729	37.8668	37.982	38.6839	38.818200000000004	38.5319	41.3457	41.0836	39.7793	39.6017	39.4506	39.5086	39.7303	39.766	39.888600000000004	39.8586	40.158100000000005	39.8973	39.9499	39.426	39.3271	39.3278	39.448	39.4121	39.7692	39.683099999999996	39.9524	39.9586	39.9119	39.6341	39.951	39.8716	39.5994	40.2691	40.1332	40.078399999999995	40.3716	40.0643	40.0163	40.2932	39.894	40.2945	40.1592	40.090199999999996	40.678399999999996	40.318	40.328	40.1282	39.781800000000004	39.881499999999996	40.1177	40.1366	40.785	40.5692	40.725	40.633	39.9311	39.8417	40.03	39.3854	39.597500000000004	39.7714	39.8416	40.0289	39.6939	40.355799999999995	39.7917	39.3941	39.286100000000005	39.1928	39.1079	39.5758	39.7147	39.3328	39.220699999999994	39.1121	39.3441	39.0933	39.1619	38.649899999999995	38.758199999999995	38.9701	39.1049	39.190599999999996	39.0574	38.893100000000004	38.7428	39.1642	39.122099999999996	39.2487	39.1082	39.3604	39.1735	39.379799999999996	39.0812	38.9984	38.4712	38.5435	38.598	38.9469	39.6815	39.3377	39.7762	39.6295	38.8489	38.9168	38.8106	38.4012	38.7086	38.777699999999996	38.8367	39.4576	39.1137	39.1392	38.451800000000006	38.1667	37.6921	37.254	37.4143	37.6664	37.9477	38.6865	38.9582	38.675	38.5774	38.1401	37.8953	38.0411	38.1774	38.5306	38.6178	38.9172	39.1403	38.766099999999994	38.7893	38.482	38.4379	38.7825	39.1276	38.9912	39.7005	39.874700000000004	40.0522	39.9593	39.5976	36.7631
Sin-APnd_011-Ex1-4H-lcwgs-1-2.clmp.r1r2_fastp	49.582300000000004	38.6563	39.6944	38.5332	39.0603	38.5322	38.3404	39.1651	39.3161	38.918	41.7566	41.5164	40.3138	40.202799999999996	40.0321	40.0617	40.3321	40.3271	40.4242	40.415600000000005	40.7008	40.4247	40.5082	40.0109	39.9402	39.9249	40.0214	39.9921	40.295700000000004	40.192699999999995	40.4411	40.5252	40.4117	40.2057	40.4729	40.367999999999995	40.1289	40.720299999999995	40.562599999999996	40.5329	40.7988	40.4739	40.4516	40.7161	40.3501	40.6997	40.6141	40.544000000000004	41.050399999999996	40.7776	40.7623	40.5604	40.2488	40.3201	40.5379	40.5783	41.1628	40.994	41.1556	41.06	40.4045	40.3378	40.468900000000005	39.9031	40.1225	40.220800000000004	40.3048	40.4933	40.1459	40.7688	40.3467	39.9657	39.8088	39.778000000000006	39.665800000000004	40.0805	40.2415	39.8697	39.746900000000004	39.6756	39.896	39.73	39.8091	39.332	39.4714	39.5691	39.7476	39.8152	39.7768	39.6355	39.483000000000004	39.9046	39.820499999999996	39.9585	39.8724	40.1343	39.9733	40.2429	40.0218	39.921	39.5194	39.5267	39.6004	39.9048	40.5735	40.3501	40.7768	40.5518	40.0255	40.1256	40.0165	39.6579	39.987899999999996	39.913	40.0578	40.6015	40.2973	40.3016	39.8928	39.7015	39.3296	39.1059	39.1203	39.361200000000004	39.7005	40.131299999999996	40.498200000000004	40.295199999999994	40.2928	40.054	39.959	40.0225	40.1477	40.433	40.468199999999996	40.6745	40.9914	40.658699999999996	40.753499999999995	40.6981	40.5723	40.836299999999994	41.349000000000004	41.143800000000006	41.693400000000004	41.864000000000004	41.9912	41.8667	41.741	39.0211
Sin-APnd_012-Ex1-5A-lcwgs-1-2.clmp.r1r2_fastp	49.3455	37.8722	38.807399999999994	37.5296	37.8917	37.2947	37.0518	37.728	37.8879	37.8353	40.5462	40.4394	39.1214	38.9852	38.7291	38.676300000000005	38.920100000000005	38.9102	38.9696	38.9557	39.3299	39.1125	39.1329	38.6507	38.4971	38.4353	38.5755	38.5276	38.8508	38.771	39.0259	39.0937	38.990700000000004	38.7607	39.076899999999995	39.005	38.6293	39.3669	39.2069	39.1788	39.4306	39.1619	39.0921	39.3854	38.9913	39.394600000000004	39.2113	39.165499999999994	39.717	39.4188	39.4217	39.2071	38.873799999999996	38.9673	39.1976	39.230199999999996	39.87	39.6747	39.8303	39.8282	39.0663	38.980199999999996	39.1594	38.4314	38.66	38.8471	38.901799999999994	39.122800000000005	38.7523	39.5402	38.9995	38.655	38.4475	38.323299999999996	38.2102	38.735	38.825500000000005	38.4843	38.3166	38.224399999999996	38.4962	38.255	38.366	37.7914	37.9634	38.137	38.2673	38.3641	38.2263	38.1066	37.9101	38.3762	38.2434	38.4206	38.2609	38.6008	38.3996	38.6753	38.386700000000005	38.2806	37.7155	37.810300000000005	37.8769	38.1536	38.9459	38.6515	39.08	38.9484	38.2064	38.3566	38.2399	37.7233	38.139	38.12	38.1637	38.8973	38.488	38.4896	37.9565	37.7914	37.2522	36.887	36.9649	37.1625	37.392399999999995	38.1391	38.6255	38.2948	38.2748	37.912400000000005	37.6944	37.759	37.929899999999996	38.2545	38.1648	38.5273	38.8184	38.4947	38.5888	38.3016	38.256299999999996	38.6785	38.9985	38.8069	39.5079	39.6088	39.846	39.866299999999995	39.339600000000004	36.65
Sin-APnd_013-Ex1-5B-lcwgs-1-2.clmp.r1r2_fastp	48.6845	38.9949	39.3235	38.2724	38.675	38.1808	38.0304	38.8098	39.0076	38.6655	41.3457	41.1777	40.0338	39.8731	39.737	39.7223	39.989599999999996	40.0012	40.0949	40.102199999999996	40.3669	40.0676	40.1686	39.6715	39.5598	39.567	39.6858	39.6117	39.940999999999995	39.873	40.0534	40.1522	40.0537	39.8215	40.0534	39.9539	39.7023	40.2685	40.0882	40.0383	40.2904	39.942499999999995	39.9256	40.1525	39.7917	40.0719	39.9808	39.8758	40.3431	40.049099999999996	40.0289	39.820899999999995	39.5188	39.5559	39.7994	39.7903	40.3583	40.1565	40.324	40.254200000000004	39.5746	39.502900000000004	39.603	39.0377	39.2464	39.4024	39.4049	39.637499999999996	39.2464	39.9005	39.4553	39.0911	38.8836	38.855000000000004	38.7299	39.136500000000005	39.372	38.953199999999995	38.824799999999996	38.7316	38.9761	38.712999999999994	38.8333	38.2824	38.4526	38.548700000000004	38.7351	38.796	38.7106	38.5971	38.384299999999996	38.8432	38.689099999999996	38.8409	38.7397	39.0116	38.811	39.0174	38.7627	38.672000000000004	38.2336	38.2026	38.3284	38.6143	39.2864	39.0185	39.5169	39.2984	38.6195	38.6973	38.6023	38.1668	38.5366	38.5343	38.729	39.3142	38.9852	38.9793	38.420300000000005	38.144099999999995	37.6786	37.4048	37.452000000000005	37.6703	37.99	38.6897	39.054899999999996	38.7872	38.6828	38.3362	38.1961	38.307	38.5042	38.8181	38.7818	39.1595	39.5075	39.043499999999995	39.148300000000006	38.9119	38.7689	39.109899999999996	39.5583	39.4048	40.1003	40.2905	40.5483	40.4333	40.194	37.0678
Sin-APnd_014-Ex1-5C-lcwgs-1-2.clmp.r1r2_fastp	49.1939	38.0105	39.0196	37.7842	37.9164	37.492	37.439699999999995	38.3153	38.4292	37.994699999999995	41.0206	40.7644	39.3491	39.265499999999996	39.0721	39.0777	39.345400000000005	39.4311	39.449400000000004	39.5051	39.7588	39.5052	39.5197	39.0969	38.9284	38.988	39.0571	39.0531	39.3345	39.2822	39.5049	39.5786	39.4841	39.2494	39.522	39.425900000000006	39.1395	39.6921	39.5333	39.4963	39.730199999999996	39.4664	39.4234	39.637499999999996	39.3167	39.6441	39.5022	39.4196	39.8777	39.62	39.6092	39.4347	39.1038	39.2144	39.4101	39.3832	39.995799999999996	39.820699999999995	39.9362	39.8576	39.1693	39.1126	39.1995	38.634800000000006	38.8417	38.9789	39.0631	39.2584	38.8761	39.522200000000005	39.0188	38.6029	38.4656	38.419799999999995	38.3013	38.7648	38.9459	38.4812	38.3614	38.3017	38.468799999999995	38.2685	38.3376	37.8554	37.9647	38.154900000000005	38.3027	38.4097	38.2507	38.1414	38.0419	38.423	38.3383	38.5756	38.392900000000004	38.6897	38.5646	38.7643	38.5125	38.4152	37.827	38.0432	38.1291	38.474599999999995	39.2272	38.9034	39.364	39.1276	38.446999999999996	38.5714	38.5608	38.1072	38.5664	38.5728	38.6988	39.408100000000005	39.0146	38.9963	38.448	38.2216	37.7989	37.5995	37.6573	37.9063	38.304500000000004	38.9724	39.372600000000006	39.1476	39.056999999999995	38.7528	38.589800000000004	38.7398	39.0113	39.431	39.4585	39.8389	40.1889	39.7276	39.9039	39.847	39.7556	40.1353	40.7256	40.4974	41.254999999999995	41.5468	41.8234	41.758	41.485699999999994	38.5804
Sin-APnd_015-Ex1-5D-lcwgs-1-2.clmp.r1r2_fastp	48.4832	37.8429	39.3264	37.987300000000005	38.1348	37.664500000000004	37.5248	38.1865	38.3861	38.1166	40.7746	40.6029	39.4397	39.3302	39.1254	39.142900000000004	39.3194	39.460899999999995	39.4425	39.5011	39.7594	39.5162	39.5297	39.1457	39.025999999999996	38.9801	39.0453	39.0778	39.3554	39.3102	39.5183	39.6141	39.4986	39.313700000000004	39.548899999999996	39.4784	39.176	39.7426	39.6132	39.6093	39.7846	39.5828	39.509	39.7079	39.3895	39.7375	39.5869	39.534200000000006	39.9454	39.6735	39.7147	39.5276	39.2945	39.3429	39.5408	39.4619	39.9968	39.8348	39.9168	39.9114	39.2765	39.2229	39.3213	38.85	39.008900000000004	39.1501	39.1206	39.2714	38.9934	39.5177	39.1331	38.7892	38.6633	38.605000000000004	38.5121	38.8561	39.011	38.6023	38.5497	38.4218	38.6352	38.420100000000005	38.526500000000006	38.113	38.140299999999996	38.278400000000005	38.379999999999995	38.48	38.4093	38.2746	38.1855	38.4955	38.3924	38.557	38.4436	38.626	38.5394	38.7217	38.5333	38.365500000000004	37.9812	38.0458	38.1511	38.3737	39.0642	38.7808	39.1603	38.980399999999996	38.368900000000004	38.4662	38.383	38.008199999999995	38.4009	38.3863	38.448100000000004	38.9601	38.640600000000006	38.5643	38.0984	37.9399	37.5689	37.3361	37.4312	37.6593	37.929899999999996	38.4585	38.9356	38.6562	38.5702	38.2965	38.2618	38.313900000000004	38.5881	38.8808	38.8758	39.196999999999996	39.442899999999995	39.1297	39.3244	39.0451	38.962	39.4102	39.7079	39.686	40.3053	40.617599999999996	40.7439	40.7526	40.444	37.5316
Sin-APnd_016-Ex1-5E-lcwgs-1-2.clmp.r1r2_fastp	48.9844	38.3985	38.504599999999996	37.3996	37.7797	37.18	37.0383	37.8847	38.045	37.7926	40.5877	40.3856	39.0739	38.9189	38.746	38.7384	38.96	39.0478	39.1016	39.114399999999996	39.3583	39.1374	39.174	38.708999999999996	38.5712	38.554	38.643499999999996	38.662800000000004	38.958	38.8587	39.0443	39.161	39.0429	38.8185	39.0405	38.9588	38.6563	39.2411	39.056000000000004	39.0666	39.2646	38.9307	38.9241	39.137499999999996	38.7955	39.1079	38.9485	38.9199	39.3487	39.1067	39.0933	38.8822	38.5588	38.6394	38.8521	38.8119	39.434200000000004	39.2857	39.4402	39.4029	38.663399999999996	38.5727	38.6457	38.086	38.303799999999995	38.4946	38.543699999999994	38.7665	38.3717	39.057700000000004	38.601600000000005	38.1781	37.9602	37.9127	37.8131	38.3084	38.5081	38.0552	37.9161	37.8144	38.0526	37.9027	37.9447	37.453900000000004	37.5523	37.7937	37.8824	38.028800000000004	37.8819	37.7955	37.5796	38.0629	37.9664	38.1347	37.9975	38.3148	38.1795	38.4173	38.1219	38.0521	37.4628	37.5766	37.7391	38.0167	38.8014	38.561299999999996	38.9851	38.7975	38.0718	38.1939	38.1359	37.6678	38.068999999999996	38.1085	38.2622	38.9151	38.5693	38.5798	37.992799999999995	37.8041	37.2902	37.026900000000005	37.114200000000004	37.3504	37.668400000000005	38.4091	38.894800000000004	38.594	38.5316	38.1984	38.087199999999996	38.2573	38.417	38.8229	38.7978	39.176	39.5182	39.144	39.0919	38.899699999999996	38.8169	39.3363	39.780100000000004	39.6321	40.2946	40.541	40.8651	40.765299999999996	40.4452	37.521100000000004
Sin-APnd_017-Ex1-5F-lcwgs-1-2.clmp.r1r2_fastp	49.406499999999994	38.734	39.3558	38.2738	38.629400000000004	38.1017	37.9537	38.8358	38.949	38.4914	41.5301	41.2312	39.9878	39.8686	39.6865	39.6914	39.9516	40.0151	40.0413	40.0937	40.2836	40.027499999999996	40.0694	39.6142	39.509699999999995	39.502500000000005	39.5845	39.5817	39.9163	39.7876	39.967000000000006	40.0857	39.9712	39.7552	40.025	39.9114	39.6652	40.246700000000004	40.043299999999995	40.0298	40.2656	39.917	39.9352	40.1613	39.8125	40.1122	40.0268	39.951100000000004	40.373	40.1337	40.1419	39.951100000000004	39.6936	39.7281	39.9008	39.9054	40.455000000000005	40.3083	40.4592	40.3904	39.767799999999994	39.7425	39.8054	39.2894	39.5213	39.577	39.6772	39.888	39.5488	40.1044	39.7288	39.3657	39.2337	39.2024	39.0918	39.4939	39.7023	39.311	39.2096	39.1575	39.307900000000004	39.190599999999996	39.2977	38.8279	38.9654	39.1681	39.2498	39.3574	39.2886	39.1072	39.009	39.4559	39.3573	39.5081	39.4785	39.7215	39.5734	39.7772	39.535	39.465	39.12	39.1836	39.256	39.5405	40.1344	39.919700000000006	40.3677	40.1582	39.5968	39.7761	39.589600000000004	39.2894	39.6952	39.6347	39.7227	40.2524	39.9302	39.9076	39.630900000000004	39.3695	39.0109	38.947199999999995	38.8678	39.135	39.448100000000004	40.0159	40.3495	40.1734	40.132400000000004	39.8598	39.8914	40.0117	40.164899999999996	40.569100000000006	40.5435	40.714800000000004	41.0578	40.8187	40.8872	40.8749	40.7922	41.1393	41.6761	41.5588	42.085699999999996	42.4059	42.4811	42.51	42.4665	39.5307
Sin-APnd_018-Ex1-5G-lcwgs-1-2.clmp.r1r2_fastp	48.2042	37.6894	38.9503	37.6685	38.0394	37.4348	37.344300000000004	38.0357	38.2065	37.8061	40.6338	40.427800000000005	39.3312	39.2221	39.127	39.1411	39.3275	39.406200000000005	39.4414	39.4603	39.644200000000005	39.440999999999995	39.4639	39.0878	38.9803	38.988	39.037	39.0129	39.305	39.2475	39.3887	39.4996	39.4093	39.2335	39.408	39.3097	39.123999999999995	39.5082	39.378800000000005	39.3804	39.5591	39.3092	39.2509	39.427800000000005	39.1218	39.3442	39.210899999999995	39.176899999999996	39.4885	39.2806	39.261	39.124199999999995	38.9093	38.9106	39.0799	39.022	39.3913	39.2297	39.374199999999995	39.3148	38.7768	38.7415	38.8357	38.4084	38.4995	38.6115	38.5691	38.7261	38.460899999999995	38.905699999999996	38.583	38.2774	38.1455	38.099199999999996	38.0155	38.2416	38.4343	38.0633	37.9762	37.8837	38.1027	37.8904	37.960899999999995	37.6072	37.6589	37.705	37.823499999999996	37.886900000000004	37.7601	37.6991	37.5409	37.9366	37.824000000000005	37.9197	37.81	37.9645	37.8544	37.9773	37.8086	37.6909	37.3607	37.3953	37.4974	37.716899999999995	38.1998	37.9766	38.2588	38.1188	37.595	37.6963	37.5803	37.2543	37.5212	37.62	37.569599999999994	37.9633	37.6907	37.668099999999995	37.2408	37.0782	36.8219	36.6636	36.641	36.811	37.1286	37.551	37.824600000000004	37.656600000000005	37.6367	37.3778	37.3416	37.3997	37.5632	37.8292	37.884299999999996	38.2233	38.323299999999996	38.0775	38.1845	38.0788	38.1	38.3768	38.8085	38.651799999999994	39.2139	39.4123	39.6684	39.5965	39.1148	36.221399999999996
Sin-APnd_019-Ex1-5H-lcwgs-1-2.clmp.r1r2_fastp	48.605	38.106899999999996	38.9248	37.7216	38.027300000000004	37.4634	37.371900000000004	38.0608	38.2132	37.979800000000004	40.6641	40.466800000000006	39.253	39.1142	38.9919	39.0148	39.2632	39.353300000000004	39.395799999999994	39.3731	39.6742	39.4034	39.449	38.9854	38.8719	38.850699999999996	38.9818	38.960699999999996	39.2913	39.1892	39.3882	39.481	39.419399999999996	39.2087	39.4911	39.4103	39.1366	39.724199999999996	39.5713	39.5353	39.805600000000005	39.4846	39.4604	39.7179	39.3617	39.716	39.583600000000004	39.506	40.016400000000004	39.6724	39.6982	39.509899999999995	39.196999999999996	39.2642	39.4939	39.4376	40.0633	39.8352	39.996900000000004	39.9726	39.261	39.1816	39.2975	38.7237	38.9299	39.0763	39.0983	39.2885	38.933299999999996	39.5482	39.1052	38.7027	38.5475	38.4895	38.3907	38.7849	39.0268	38.5558	38.4503	38.374900000000004	38.6011	38.3915	38.4779	37.991	38.0944	38.221	38.3813	38.4897	38.366099999999996	38.2286	38.0927	38.482699999999994	38.4046	38.5488	38.4356	38.6662	38.562000000000005	38.7036	38.4947	38.3506	37.8881	37.96	38.1208	38.345	39.0685	38.8153	39.1766	38.9838	38.3386	38.3884	38.349	37.9084	38.264199999999995	38.318799999999996	38.3876	38.9606	38.6709	38.5649	38.0068	37.8776	37.4238	37.1126	37.2306	37.4898	37.7471	38.423	38.7773	38.4938	38.5148	38.1545	38.0825	38.2201	38.3362	38.6747	38.688	39.0781	39.2533	38.9396	39.0917	38.8378	38.819900000000004	39.0832	39.6215	39.4903	40.0357	40.163700000000006	40.462900000000005	40.498400000000004	40.0456	37.1554
Sin-APnd_020-Ex1-6A-lcwgs-1-2.clmp.r1r2_fastp	47.6848	38.988299999999995	39.0411	38.171699999999994	38.0774	38.1001	37.8824	38.4438	38.8268	39.1469	40.860400000000006	41.018	39.530300000000004	39.4659	39.095600000000005	39.123999999999995	39.3887	39.5026	39.4649	39.5031	39.9387	39.6719	39.7212	39.179700000000004	39.0007	38.9111	39.1055	39.0751	39.4088	39.3987	39.6637	39.875899999999994	39.6586	39.3495	39.757	39.786300000000004	39.2249	40.2447	40.0271	40.0126	40.2748	39.9916	39.798	40.260600000000004	39.6849	40.3448	40.147	39.9951	40.7476	40.3389	40.3184	39.9481	39.434200000000004	39.6764	39.9643	40.0202	41.0541	40.786699999999996	40.885	40.813700000000004	39.631499999999996	39.5872	39.813700000000004	38.8984	39.1277	39.496900000000004	39.486399999999996	39.780100000000004	39.258500000000005	40.2903	39.4053	38.987500000000004	38.6716	38.5582	38.4108	39.1591	39.3618	38.6758	38.508399999999995	38.3444	38.6894	38.3213	38.5587	37.7257	37.8677	38.1469	38.4723	38.5762	38.357	38.325700000000005	38.0126	38.6393	38.4576	38.8883	38.5454	39.0046	38.8532	39.2316	38.884299999999996	38.670700000000004	37.8681	38.0847	38.1173	38.5559	39.908100000000005	39.3146	40.0563	39.940599999999996	38.7394	38.8323	38.841300000000004	38.1432	38.817	38.858599999999996	39.1036	40.2281	39.5877	39.4793	38.6291	38.3223	37.370999999999995	36.9622	37.2379	37.5625	37.791599999999995	38.9705	39.7265	39.0986	39.0771	38.547599999999996	38.217	38.2515	38.513999999999996	38.9602	39.0064	39.4659	39.8521	39.2245	39.346	38.8596	38.804300000000005	39.338499999999996	39.7758	39.5048	40.4928	40.766799999999996	40.9567	41.044000000000004	40.5773	37.6734
Sin-APnd_021-Ex1-6B-lcwgs-1-2.clmp.r1r2_fastp	49.443799999999996	38.989200000000004	39.6884	38.5565	38.6719	38.3883	38.376900000000006	39.1784	39.3645	39.3968	41.784	41.7196	40.158500000000004	40.0823	39.842499999999994	39.8665	40.124900000000004	40.246700000000004	40.2613	40.3367	40.7096	40.4649	40.4901	39.9405	39.7217	39.756099999999996	39.894	39.8725	40.2637	40.1893	40.4459	40.5444	40.4548	40.1541	40.5472	40.4773	40.0564	41.0127	40.7677	40.758	41.090900000000005	40.713899999999995	40.6235	41.0142	40.533	41.0548	40.8393	40.8255	41.4899	41.1128	41.111	40.8233	40.328199999999995	40.5193	40.8178	40.8293	41.6911	41.444199999999995	41.6234	41.5605	40.510200000000005	40.455999999999996	40.6462	39.847	40.1522	40.4071	40.492	40.7128	40.2416	41.178	40.402	39.9651	39.7234	39.6291	39.4654	40.1881	40.346	39.8092	39.638	39.5389	39.8204	39.528999999999996	39.6511	38.948100000000004	39.1079	39.3959	39.571600000000004	39.7019	39.561099999999996	39.3818	39.178200000000004	39.7081	39.543800000000005	39.7473	39.5725	40.0108	39.8231	40.111799999999995	39.7279	39.5753	38.8988	39.035599999999995	39.0479	39.4473	40.4661	40.1464	40.7605	40.5937	39.5453	39.6971	39.5111	38.976	39.4527	39.5364	39.6959	40.6641	40.2095	40.2023	39.4044	39.0396	38.344699999999996	37.9269	38.1075	38.407000000000004	38.6939	39.6809	40.3042	39.8731	39.7344	39.217	38.8926	39.134600000000006	39.260400000000004	39.7832	39.6622	40.2383	40.549400000000006	39.9783	39.988800000000005	39.690799999999996	39.502900000000004	39.9893	40.4458	40.151199999999996	41.1462	41.2701	41.573100000000004	41.508	41.1616	38.3428
Sin-APnd_022-Ex1-6C-lcwgs-1-2.clmp.r1r2_fastp	48.8943	38.7261	39.3444	38.4439	38.4608	38.125	38.0696	38.9456	39.089400000000005	38.9228	41.530499999999996	41.410599999999995	39.9866	39.8519	39.6837	39.7866	39.9815	40.122099999999996	40.078	40.2038	40.3941	40.2682	40.2104	39.7445	39.4975	39.683800000000005	39.737	39.6953	40.091	40.0298	40.201	40.3748	40.2692	39.9953	40.384100000000004	40.2937	39.963	40.764	40.5005	40.4846	40.7307	40.4402	40.3485	40.7286	40.2425	40.7241	40.5525	40.4955	41.0582	40.7049	40.6699	40.5317	40.1531	40.253299999999996	40.5976	40.489799999999995	41.185300000000005	40.9405	41.1458	41.0362	40.1007	40.1616	40.2474	39.6229	39.8729	40.122600000000006	40.055800000000005	40.2876	39.839400000000005	40.7029	40.1007	39.5603	39.4669	39.4978	39.2707	39.832499999999996	40.1447	39.4702	39.3882	39.3256	39.6018	39.352900000000005	39.5094	38.9283	39.0565	39.362399999999994	39.463	39.6785	39.3967	39.3698	39.1749	39.8393	39.6793	39.9786	39.802	40.0591	39.9385	40.2843	39.9262	39.791	39.3169	39.488800000000005	39.7061	40.130300000000005	40.791	40.4463	40.9929	40.7585	40.050999999999995	40.2733	40.1436	39.789	40.2933	40.366600000000005	40.5808	41.1984	40.7488	40.7558	40.233799999999995	40.0685	39.5601	39.4955	39.413	39.7335	40.2154	40.855599999999995	41.2425	41.1012	40.9638	40.7152	40.6835	40.6891	40.9201	41.5008	41.2687	41.8043	42.3016	41.734100000000005	41.8963	41.9615	41.7547	42.326	42.9315	42.667100000000005	43.3485	43.7519	43.896	43.9545	43.9418	41.1669
Sin-APnd_023-Ex1-6D-lcwgs-1-2.clmp.r1r2_fastp	48.4743	40.469699999999996	39.8241	40.2032	39.4777	39.304899999999996	38.7062	40.006	40.2008	39.861000000000004	42.2455	42.0062	40.6819	40.6712	40.2962	40.3406	40.5505	40.799	40.7691	40.8555	41.198499999999996	40.9522	40.963899999999995	40.4368	40.282000000000004	40.3067	40.348800000000004	40.3624	40.8076	40.7844	40.953	41.2092	40.9516	40.7733	41.0353	40.959	40.6443	41.3281	41.2017	41.302499999999995	41.5199	41.2302	41.1427	41.442299999999996	40.9507	41.4884	41.335499999999996	41.2518	41.8551	41.553200000000004	41.5462	41.3129	40.9762	41.071600000000004	41.2518	41.2629	41.869	41.6864	41.902	41.7858	41.03	40.976800000000004	41.0963	40.6611	40.7357	40.949200000000005	40.9618	41.147099999999995	40.7634	41.4403	40.983000000000004	40.550999999999995	40.3987	40.3759	40.2102	40.6346	40.9082	40.4272	40.4302	40.2889	40.398	40.2278	40.238600000000005	39.7414	39.9227	40.0996	40.1643	40.3262	40.324	40.2107	39.9756	40.3502	40.1415	40.325100000000006	40.275800000000004	40.5002	40.5149	40.6153	40.4225	40.252300000000005	39.8602	39.820899999999995	39.8719	40.2393	40.8719	40.6875	41.1682	41.0802	40.3255	40.3746	40.2236	39.8428	40.1703	40.1219	40.285700000000006	40.842600000000004	40.483599999999996	40.4936	39.967999999999996	39.7072	39.2876	39.0357	39.0516	39.3891	39.6758	40.2359	40.5935	40.4619	40.4018	40.018	39.9799	39.974	40.1559	40.5132	40.611399999999996	40.9495	41.2061	40.9567	40.9082	40.7731	40.657199999999996	40.99	41.369499999999995	41.1451	41.7502	42.1895	42.2724	42.4069	42.2089	39.5446
Sin-APnd_024-Ex1-6E-lcwgs-1-2.clmp.r1r2_fastp	48.5597	40.126400000000004	39.3746	39.6591	39.1573	38.7461	38.1182	39.3611	39.5951	39.2153	41.6995	41.489	40.3384	40.2503	39.9627	39.9608	40.207100000000004	40.3561	40.3476	40.3403	40.720299999999995	40.421600000000005	40.4676	40.0116	39.882400000000004	39.8885	39.9635	39.939	40.2714	40.2431	40.403800000000004	40.6143	40.4243	40.292699999999996	40.4874	40.4041	40.1547	40.6823	40.5478	40.5282	40.7695	40.4854	40.4464	40.6778	40.2697	40.6069	40.5356	40.4059	40.8833	40.6229	40.5991	40.4351	40.178799999999995	40.1977	40.313	40.3303	40.8061	40.671099999999996	40.7654	40.7255	40.062999999999995	39.9917	40.0998	39.6747	39.7123	39.8686	39.8838	40.035	39.7177	40.2376	39.913	39.5252	39.3863	39.3293	39.118900000000004	39.5052	39.7269	39.2889	39.263999999999996	39.110499999999995	39.3253	39.0995	39.1538	38.732699999999994	38.8174	38.9843	39.041	39.1533	39.0659	39.0131	38.7805	39.2027	39.000299999999996	39.1571	39.1626	39.3249	39.2328	39.3892	39.2593	39.048300000000005	38.7479	38.666	38.7807	39.0419	39.6477	39.4294	39.839999999999996	39.6786	39.0986	39.172200000000004	38.9582	38.7274	38.9913	38.962599999999995	39.1646	39.648	39.2245	39.2755	38.7932	38.6877	38.229800000000004	37.9797	38.115500000000004	38.2203	38.5645	39.1082	39.402300000000004	39.1947	39.3084	38.9827	38.9425	38.9146	39.110099999999996	39.3982	39.3436	39.659	40.1151	39.6465	39.8231	39.5786	39.6828	39.8632	40.368500000000004	40.149699999999996	40.7687	41.0398	41.2663	41.2947	41.228300000000004	38.1671
Sin-APnd_025-Ex1-6F-lcwgs-1-2.clmp.r1r2_fastp	47.5099	37.7858	39.1733	37.926300000000005	38.022600000000004	37.6451	37.5268	38.2036	38.3394	37.9153	40.544599999999996	40.3528	39.2836	39.1712	39.017	39.0367	39.2593	39.3235	39.3547	39.396300000000004	39.5679	39.3557	39.3566	39.0333	38.8976	38.8791	38.967400000000005	38.926300000000005	39.193099999999994	39.1878	39.3421	39.422200000000004	39.3456	39.1688	39.3679	39.293	39.0458	39.457	39.3643	39.348	39.5254	39.334599999999995	39.250299999999996	39.423	39.1073	39.3686	39.2442	39.1817	39.5229	39.286500000000004	39.3025	39.1532	38.912600000000005	38.966699999999996	39.1267	39.054100000000005	39.4596	39.3047	39.3706	39.3268	38.7965	38.7706	38.8221	38.452999999999996	38.5227	38.6032	38.5734	38.6933	38.4345	38.868900000000004	38.5099	38.2631	38.113200000000006	38.0892	37.9569	38.210100000000004	38.289	37.9725	37.8838	37.8401	37.9685	37.777300000000004	37.8153	37.4708	37.522299999999994	37.5455	37.6567	37.6639	37.598	37.5747	37.405300000000004	37.7051	37.5779	37.731300000000005	37.620799999999996	37.7912	37.6644	37.7831	37.6236	37.524	37.195499999999996	37.2251	37.221900000000005	37.499700000000004	38.006499999999996	37.785000000000004	38.0415	37.8748	37.410900000000005	37.4152	37.348	37.0372	37.3042	37.2791	37.3446	37.7648	37.4611	37.4537	37.0653	36.9255	36.5181	36.375	36.3885	36.615199999999994	36.8264	37.338	37.5088	37.3831	37.362	37.1235	37.033100000000005	37.1635	37.2943	37.547799999999995	37.660700000000006	37.913999999999994	38.0768	37.845	37.9855	37.868	37.8284	38.1528	38.5507	38.459500000000006	39.043299999999995	39.338	39.3772	39.476	39.0287	35.8789
Sin-CPnd_013-Ex1-4E-lcwgs-1-2.clmp.r1r2_fastp	60.9038	48.9433	47.5495	47.9541	50.0	47.3022	46.1556	48.3138	48.2464	47.234700000000004	53.0351	52.9002	50.9218	51.1915	51.4613	49.5728	52.2032	48.6286	49.4829	50.4721	49.1232	48.8759	49.348	50.3597	49.6178	49.7302	49.6853	48.7635	49.4829	49.5279	49.9775	50.3147	51.7311	49.0549	49.2786	49.5583	49.7275	50.797599999999996	48.9693	49.148599999999995	49.9538	50.104400000000005	50.163199999999996	50.2228	49.7054	49.1361	49.559599999999996	50.7545	50.205200000000005	50.267399999999995	49.4618	50.012299999999996	50.2979	50.726499999999994	47.8852	50.7888	50.4999	49.2896	49.986999999999995	51.39470000000001	48.4624	50.8809	49.5563	49.336600000000004	51.3143	50.1517	50.3339	50.5615	49.815599999999996	49.8996	50.3764	50.9096	51.824400000000004	51.7975	50.363400000000006	49.0976	52.3486	50.2344	51.819	50.2713	50.9684	51.0284	50.37819999999999	51.990700000000004	50.6537	50.7291	50.531400000000005	51.2883	51.8349	51.86500000000001	50.017999999999994	51.94760000000001	50.2939	50.8915	51.7709	50.6672	51.1359	50.66349999999999	51.3236	49.2	51.3579	49.9182	48.552499999999995	51.2767	51.9386	50.021499999999996	51.351400000000005	50.81679999999999	52.032500000000006	51.280899999999995	49.722699999999996	50.1642	49.5495	51.7043	50.8968	51.7883	48.1113	48.8442	50.1783	47.7789	48.1871	49.7079	48.1462	48.8562	49.0909	50.055899999999994	51.504799999999996	51.37930000000001	48.1935	49.1445	48.416	47.2508	48.9846	50.3121	49.8417	48.6521	50.065000000000005	49.0079	48.4302	49.2193	50.8591	50.76819999999999	51.768	48.8172	49.2743	48.7389	52.391799999999996	51.4151	50.375899999999994	47.8858
Sin-CPnd_015-Ex1-4A-lcwgs-1-2.clmp.r1r2_fastp	56.0578	40.5996	40.9539	39.641799999999996	41.337	39.8142	39.5556	40.6666	40.8198	38.933099999999996	44.9095	43.2621	43.3292	43.1376	42.4576	42.2373	41.6627	42.7641	42.5342	42.3044	42.591699999999996	41.2125	41.586099999999995	43.0993	41.7968	41.6818	41.5477	41.3179	42.2948	42.3618	41.8734	41.6723	42.4002	42.2601	42.615700000000004	41.9634	41.101	41.4264	40.9241	41.8877	42.003099999999996	41.5862	42.680099999999996	41.354600000000005	41.8964	41.3977	42.058299999999996	41.0034	42.3307	40.962900000000005	42.2213	41.990300000000005	41.7483	41.406	41.707300000000004	41.8353	42.2588	40.8182	42.253800000000005	41.6904	41.6849	41.227399999999996	42.2385	41.251	41.5145	41.7187	41.6605	41.4239	41.8371	41.354400000000005	42.1368	41.9533	41.5409	42.1573	41.5661	40.9419	41.6022	42.0737	40.3078	41.4042	41.5619	40.2063	42.8219	41.5265	41.1755	42.160199999999996	41.246300000000005	40.7773	40.9045	39.8951	40.8538	40.8412	42.134	42.1844	42.8052	40.9049	40.7914	41.4161	41.016799999999996	41.0502	41.533	40.7905	41.4381	41.854200000000006	40.5797	41.4103	41.969699999999996	41.6026	40.7341	41.910799999999995	41.5735	40.203100000000006	41.4537	41.245	40.467	40.4983	39.3203	41.6499	40.8707	40.9316	39.6888	39.812799999999996	41.0201	40.7591	39.9608	40.352900000000005	38.9337	40.3151	40.7276	39.4839	39.114599999999996	40.2893	38.245400000000004	41.312599999999996	41.038799999999995	40.4373	37.915	40.0473	40.9435	38.951	38.8377	40.9848	41.187200000000004	40.699400000000004	39.7805	40.0154	41.6732	40.0818	39.055	38.7853
Sin-CPnd_018-Ex1-11A-lcwgs-1-2.clmp.r1r2_fastp	52.720299999999995	39.5961	39.765	38.8006	39.9581	38.8624	38.2022	39.4192	39.9924	39.0229	42.547000000000004	42.515	41.275600000000004	41.1078	40.5296	40.799600000000005	40.7844	40.8737	41.0454	40.8198	41.5142	40.8557	41.2442	40.6149	40.5212	40.3982	40.488	40.4611	40.768100000000004	40.413900000000005	40.8377	41.0875	40.7839	40.4807	40.8517	40.6772	40.3102	40.978500000000004	40.8476	40.733799999999995	41.3053	40.7552	40.9232	40.9063	40.624500000000005	41.023700000000005	40.6551	40.833000000000006	41.279900000000005	40.8466	41.1094	40.7995	40.4328	40.5623	40.632400000000004	41.0692	41.3575	41.015499999999996	41.168	41.3211	41.0167	40.68	40.6956	40.31	40.5175	40.558	40.4671	40.8617	40.664699999999996	41.0045	40.6214	40.4597	40.4265	40.3255	40.07	40.7848	40.4918	40.375299999999996	40.4469	40.630300000000005	40.369	40.2815	40.2696	40.1162	40.2907	40.055099999999996	40.3607	40.4324	40.375	40.0681	40.2293	40.3808	39.9938	40.4531	40.4005	40.5045	40.4791	40.6708	40.2736	40.392	39.8962	40.0399	40.2279	40.414699999999996	40.5003	40.6466	40.5803	40.5129	40.3997	40.3083	40.4777	40.354299999999995	40.0309	39.7136	39.8853	40.5129	39.8029	40.0146	39.5253	39.7594	39.3304	38.9121	39.2299	39.3949	39.019	39.573	39.8655	39.5362	39.3045	39.5841	39.1835	38.9861	39.1758	39.7492	39.250299999999996	38.9998	39.746700000000004	39.2764	39.1774	39.5711	39.658	39.3683	39.9353	39.2428	39.9667	40.169700000000006	40.2116	39.4937	39.8532	36.3812
Sin-CPnd_019-Ex1-1H-lcwgs-1-2.clmp.r1r2_fastp	56.4989	38.115	39.5786	38.0255	40.286100000000005	37.973099999999995	38.2121	39.5339	39.8624	38.2879	43.2601	43.4778	42.4534	41.6895	42.0355	40.935300000000005	41.6565	41.5359	41.5437	41.6273	41.777	40.954800000000006	41.7556	41.0481	41.666199999999996	41.3474	41.3804	41.3746	41.1239	41.139399999999995	41.8256	41.2522	41.4213	41.4935	41.403600000000004	41.1033	41.0445	41.2496	41.1468	41.047	41.4906	40.9428	41.4717	41.3476	41.1403	41.4851	41.3533	41.2712	41.0574	41.0176	40.8395	41.353	41.4355	41.6541	41.3119	41.4561	40.7756	41.044599999999996	41.157	40.9795	41.1528	41.1031	41.0008	41.184799999999996	41.1821	41.1098	41.2104	41.0931	41.4395	41.3576	41.3079	41.3187	41.4163	40.8979	41.6064	41.092800000000004	41.2998	41.1827	41.1642	41.0898	41.6252	41.0245	41.6066	41.0274	41.5501	41.5293	40.6082	40.9418	41.534	40.6152	41.1297	41.3037	41.3213	41.0284	42.140899999999995	40.9236	41.3474	40.8725	41.2561	41.1583	41.9321	41.2117	41.4378	40.7282	41.179100000000005	41.3097	40.9384	40.4064	41.8893	40.5588	41.1685	40.734700000000004	41.4347	40.8273	41.3124	40.5019	40.7694	40.6307	40.2212	40.493	40.8838	40.909099999999995	39.6321	40.0779	40.2097	40.1892	40.4858	40.513	40.0572	39.726800000000004	40.0809	40.9735	40.4928	40.2384	41.0982	40.1271	40.307500000000005	40.7486	41.4131	40.8104	40.3321	40.8111	40.4595	40.72	41.7151	40.9046	41.3272	41.8945	41.6827	38.0828
Sin-CPnd_020-Ex1-12E-lcwgs-1-2.clmp.r1r2_fastp	55.4559	39.6073	41.1446	39.2261	40.291199999999996	39.3784	38.4559	40.0447	40.7745	39.0961	43.4586	43.4377	42.4752	41.9311	41.679	41.5518	41.666	41.6632	41.586600000000004	41.8192	42.0221	41.6432	41.8308	41.4645	41.4413	41.2583	41.4942	41.4821	41.6358	41.4979	41.8057	41.7486	41.7584	41.6166	41.5488	41.5646	41.3908	41.6108	41.5848	41.3514	41.5805	41.4388	41.639700000000005	41.842400000000005	41.4949	41.545	41.4689	41.5549	41.749900000000004	41.4904	41.7769	41.3883	41.617599999999996	41.287800000000004	41.5601	41.742200000000004	41.7487	41.5211	41.731899999999996	41.761700000000005	41.3608	41.496100000000006	41.613	41.2028	41.370200000000004	41.646899999999995	41.4974	41.7083	41.557	41.6948	41.7155	41.6088	41.608200000000004	41.5255	41.551700000000004	41.5677	41.7509	41.7767	41.9965	41.6027	41.7549	41.6229	41.559200000000004	41.367599999999996	41.5522	41.7732	41.9021	41.468500000000006	41.7537	41.4833	41.858200000000004	42.1674	41.8784	41.7527	41.7674	41.5967	41.795700000000004	41.9788	41.6514	41.8134	41.797200000000004	41.8977	41.3821	41.6964	41.6601	41.8919	41.8594	41.919000000000004	41.4005	41.7651	41.344500000000004	41.641099999999994	41.2244	41.1967	41.1953	41.5023	40.821200000000005	41.2896	40.8649	40.883900000000004	40.8808	40.9955	40.9665	41.038599999999995	41.0635	40.8223	41.5713	40.4339	41.1697	40.7667	40.9593	41.0608	40.6173	40.8624	41.1449	40.6186	41.3657	40.8669	40.6393	40.8097	41.0781	41.6579	41.0668	41.695100000000004	41.397800000000004	41.4489	41.664899999999996	41.567	41.3794	39.2497
Sin-CPnd_021-Ex1-3D-lcwgs-1-2.clmp.r1r2_fastp	52.4901	40.6126	42.2462	40.9075	42.9836	41.0777	40.578599999999994	42.0306	41.6336	41.066399999999994	45.116299999999995	43.959199999999996	45.4226	43.3466	43.2104	43.3579	42.5752	43.7777	43.8003	44.186	43.0516	43.3919	42.7453	43.0176	42.7907	43.3239	43.6075	42.1327	44.0953	42.768	42.5298	43.675599999999996	43.097	42.797000000000004	44.217099999999995	42.1633	42.8869	43.8206	42.515	42.7438	43.9743	43.7568	43.2482	43.2718	42.3317	43.684400000000004	43.106100000000005	42.2029	42.452600000000004	42.8016	42.3879	42.0186	42.9176	42.1348	41.7581	42.668099999999995	42.6448	43.0071	42.2622	43.091499999999996	42.5549	41.202	42.692	42.0478	42.8192	41.7919	42.8757	41.085300000000004	41.9822	42.1937	40.8196	41.6198	43.6387	41.6071	41.3174	42.3207	41.7651	41.4634	43.3624	43.091499999999996	42.6396	41.6106	43.1185	42.1736	42.032599999999995	42.0964	42.3587	42.096000000000004	41.3606	44.016	41.1136	42.0327	42.4541	42.2767	42.842400000000005	41.2074	41.0625	43.4432	41.1919	42.8352	42.7457	40.143699999999995	42.3467	41.4512	41.242000000000004	40.1135	42.1053	39.808	42.9302	41.9202	40.6508	41.009	41.483399999999996	40.0938	39.8301	40.5773	41.0615	41.1832	39.524100000000004	41.5824	42.4261	39.2747	40.376200000000004	39.731300000000005	40.0392	40.728500000000004	39.312200000000004	41.0665	42.7562	40.4797	40.494	42.3458	40.9339	41.0501	38.561	38.7336	40.3333	37.7246	40.3493	43.967800000000004	42.4242	38.7278	43.6312	42.870999999999995	39.005	39.6341	41.0417	42.810500000000005	39.0698	39.049
Sin-CPnd_022-Ex1-1D-lcwgs-1-2.clmp.r1r2_fastp	57.2432	40.0289	40.865	39.415299999999995	40.5274	39.8735	38.9062	40.3183	41.2616	38.3836	44.2467	43.8368	43.0623	42.3844	42.6791	41.7171	42.553200000000004	42.274499999999996	42.730000000000004	42.1298	42.6443	41.789500000000004	42.5452	41.8672	41.848400000000005	41.5028	41.819	41.8699	41.8377	41.6126	42.0039	41.9208	42.1057	41.7592	42.1869	41.6765	42.2138	41.5958	42.2328	41.7162	41.7742	41.5903	42.4477	41.9313	41.663	41.4782	42.1362	41.2772	41.840500000000006	41.686099999999996	41.9837	41.6059	41.722	40.9634	41.2459	41.8367	41.4345	41.5493	42.0357	41.6679	41.3945	41.5838	41.4248	41.7254	41.5419	41.3175	41.3607	41.3874	41.547	41.6157	41.9296	42.1006	41.8578	41.640899999999995	41.5553	41.6961	41.294	41.2891	41.6916	41.2483	41.9401	41.4399	41.6523	40.7057	41.814499999999995	41.1665	40.9052	41.336	42.0297	40.9165	41.998200000000004	41.524	41.7906	41.0578	41.3939	41.208299999999994	41.1838	41.6292	41.4962	40.667500000000004	41.4871	40.8532	41.0245	40.8348	41.0242	40.9576	41.409099999999995	40.624	40.964800000000004	41.1584	40.6378	40.874500000000005	40.7081	40.0492	39.8501	40.2335	40.1602	40.2718	40.657199999999996	40.1506	39.8052	40.0768	39.7575	39.474199999999996	39.658100000000005	39.811099999999996	39.9792	39.7866	39.437	39.4226	39.2205	39.3552	39.3789	40.0396	39.6569	39.6739	39.5713	39.289699999999996	40.0272	39.3797	40.3259	38.6603	40.6085	40.274100000000004	40.1144	39.7891	40.449400000000004	39.9486	39.300000000000004	36.8602
Sin-CPnd_023-Ex1-12B-lcwgs-1-2.clmp.r1r2_fastp	53.1536	39.8321	40.4513	39.2893	40.165299999999995	39.3574	38.5926	40.1001	40.407	39.5793	42.9059	43.0643	41.6355	41.7712	41.3996	41.0588	41.5149	41.4613	41.4998	41.6396	41.7718	41.4753	41.6413	41.2586	41.2184	41.0443	40.9126	41.1025	41.4182	41.092600000000004	41.4322	41.6885	41.2854	41.4205	41.3024	41.3191	41.1844	41.4386	41.3475	41.5213	41.4045	41.096	41.21	41.5271	41.184	41.3326	41.4591	41.3745	41.2808	41.4489	41.1839	41.0684	40.7754	40.9671	41.0235	41.1698	41.233599999999996	41.335899999999995	41.7447	41.3799	41.254999999999995	40.982400000000005	41.1607	40.9202	41.1704	41.036699999999996	41.0623	41.2925	41.0317	41.0775	40.9557	40.984300000000005	40.909800000000004	40.8515	40.7175	41.045300000000005	41.0875	41.089999999999996	40.9304	41.1359	40.982600000000005	40.902699999999996	41.048	40.3708	40.9794	40.592600000000004	40.5342	41.0964	40.7605	40.686099999999996	40.8309	41.0913	41.091699999999996	40.8401	40.8179	41.1206	40.877	41.169	40.7785	41.1165	40.809200000000004	40.6163	40.7311	41.0815	41.4531	41.1385	41.6765	41.094500000000004	40.7981	40.645199999999996	40.5237	40.818799999999996	40.6721	40.8996	40.4755	40.7855	40.598099999999995	40.7169	40.1345	40.365	40.152	40.0185	40.6829	39.7301	39.9912	40.5845	40.5545	40.293	40.045199999999994	39.616299999999995	40.3597	40.0692	40.2226	40.4437	40.3562	40.2773	40.2093	40.1684	40.8682	40.5399	40.8151	40.2911	40.7735	40.4696	40.897800000000004	40.6447	40.6893	41.2384	40.7538	38.8326
Sin-CPnd_024-Ex1-12C-lcwgs-1-2.clmp.r1r2_fastp	53.25020000000001	39.699600000000004	40.1391	39.101	39.8784	38.6875	38.1062	39.4932	40.0879	39.094699999999996	42.6982	42.8281	41.601	41.1961	41.2205	40.8306	41.5301	41.178799999999995	41.1496	41.3466	41.3694	41.3489	41.2449	40.6558	40.649499999999996	40.753499999999995	41.0024	40.67	41.2119	41.0709	41.0819	41.5025	41.165400000000005	41.0343	40.989799999999995	40.9478	40.7173	41.387800000000006	41.1043	41.424	41.357699999999994	41.0723	40.9612	41.0732	40.9382	41.03	41.2902	40.9279	41.6703	41.1293	41.4517	40.9261	40.8511	40.9313	40.6729	40.9837	41.0541	40.9857	41.341	41.314299999999996	40.8123	40.5207	40.9043	40.740500000000004	40.7499	40.349000000000004	40.792899999999996	40.870200000000004	40.7893	40.8632	40.8093	40.8726	40.512100000000004	40.5451	40.4764	40.8302	41.0336	41.185300000000005	40.7659	40.515699999999995	40.9461	40.5817	40.692699999999995	40.553200000000004	40.5859	40.6697	40.6817	40.4195	40.3114	40.3517	41.0651	40.8912	40.75	40.9215	40.9465	41.0082	41.1713	40.605000000000004	41.0663	40.697	40.5473	40.6504	40.2972	41.084199999999996	41.1948	40.5855	41.017900000000004	41.0118	40.8919	41.2548	40.7545	40.6285	40.7651	40.4277	40.6661	40.498400000000004	40.8179	40.315	40.7913	40.0771	40.6036	40.2823	39.5444	40.2648	39.7949	40.3649	40.4108	40.0052	40.1229	40.2289	39.8628	40.2192	39.948899999999995	40.3974	39.8031	40.4727	40.1205	40.6437	40.5199	41.2721	40.7374	40.4715	40.8861	40.7149	41.5032	41.1256	40.4945	40.9075	40.3316	38.5302
Sin-CPnd_025-Ex1-3B-lcwgs-1-2.clmp.r1r2_fastp	54.7495	40.7325	40.4336	39.2499	41.781400000000005	40.2168	39.109300000000005	40.1758	41.207100000000004	39.2675	43.5101	44.0492	42.9827	42.097899999999996	42.308800000000005	42.385	42.3498	42.566700000000004	42.0041	43.2113	42.01	41.9221	41.9396	41.652499999999996	42.4963	41.869299999999996	42.4963	42.0744	42.0627	42.5139	41.781400000000005	42.103699999999996	42.5315	41.8393	42.1195	42.417500000000004	41.8738	42.2181	41.417300000000004	41.9131	42.101499999999994	41.9033	41.9917	42.0831	41.458600000000004	41.2034	42.0311	41.0693	41.702	41.4875	41.7207	41.5964	41.627399999999994	42.214	40.9112	41.8782	41.719899999999996	41.058099999999996	41.647600000000004	41.7868	41.9182	41.3953	40.9173	40.9758	41.076	41.4486	41.268	41.7354	40.8173	41.076499999999996	41.1835	41.9155	41.2457	40.836600000000004	40.9722	40.775099999999995	41.414699999999996	40.705799999999996	41.2703	41.3667	41.5579	40.550399999999996	41.2695	41.288399999999996	41.6033	41.9938	41.0554	41.1852	41.0675	40.3746	41.5737	40.136500000000005	41.759800000000006	40.6402	41.775099999999995	40.6849	41.202299999999994	40.867599999999996	41.7457	40.3211	41.1464	40.238600000000005	41.1578	40.6254	40.314899999999994	41.3074	40.3506	41.4814	40.2078	41.1503	40.7676	39.4979	41.234	40.5787	40.5685	41.0013	41.2844	40.082499999999996	40.1207	39.78	41.8156	38.9655	40.5516	39.590599999999995	40.502700000000004	39.5826	40.8705	39.9789	40.4575	38.9984	40.5778	39.921800000000005	39.0861	39.242	39.7908	39.9961	39.792699999999996	38.6745	39.942499999999995	40.7562	40.034	40.3247	40.3956	39.2157	40.720600000000005	40.7356	38.1065	40.2652	39.9163	37.1586
Sin-CPnd_028-Ex1-12H-lcwgs-1-2.clmp.r1r2_fastp	55.407700000000006	39.428999999999995	40.3721	38.9865	40.182	39.1394	38.390800000000006	40.0742	40.4743	38.8344	43.1496	42.952	42.132	41.552499999999995	41.5082	41.1691	41.6317	41.308499999999995	41.6496	41.3553	41.7914	41.3485	41.4559	40.9746	41.0245	40.8538	41.2099	40.8922	41.2016	41.132999999999996	41.2808	41.381	41.3018	40.9055	41.072399999999995	41.0477	41.1248	41.0796	41.1363	41.0437	41.4813	40.9936	41.2833	41.0634	41.02	41.0342	41.367599999999996	40.9124	41.5972	41.0509	41.1999	40.9702	40.9052	40.8597	40.9976	40.9762	41.306	41.1641	41.330299999999994	41.1624	40.9204	40.937	41.2348	40.847899999999996	40.7671	40.8791	40.9666	40.9177	40.8889	41.2428	41.0754	41.0538	40.7551	40.8326	40.7455	41.063100000000006	41.0213	41.2722	41.019800000000004	40.8867	41.1349	40.9758	41.1628	40.9978	40.9119	40.9524	41.1482	40.9877	41.2311	40.9612	40.913199999999996	41.121	41.2786	40.9939	40.931400000000004	41.0459	40.9897	40.734700000000004	41.0751	40.9436	40.8921	40.7418	40.8268	40.8907	41.0801	41.1338	40.8679	41.0007	40.888799999999996	41.039500000000004	40.9892	40.3785	40.6071	40.4114	40.401900000000005	40.216	40.4389	40.2213	40.0557	40.267199999999995	39.9203	39.7416	39.724199999999996	40.1862	40.204299999999996	40.252500000000005	40.1896	40.2574	39.6712	40.0722	39.7812	40.0403	39.5918	40.318599999999996	40.2058	39.9865	39.9906	40.1689	40.14	40.146100000000004	40.1551	40.1052	40.3181	40.291199999999996	40.380300000000005	40.7388	40.5119	40.4145	40.1391	37.641200000000005
Sin-CPnd_029-Ex1-4D-lcwgs-1-2.clmp.r1r2_fastp	54.0059	42.4007	42.7041	41.2914	42.4576	41.9456	40.4096	41.680099999999996	41.8223	41.3103	44.7615	45.5201	44.1453	43.766	44.1168	43.310900000000004	43.3204	43.529	43.6427	43.6238	44.4487	44.278	43.538399999999996	43.917699999999996	43.9936	42.7989	42.3817	43.017	42.6946	44.2021	43.7944	43.377300000000005	43.2919	43.791000000000004	42.1485	42.5538	44.0926	42.7111	44.1024	43.4895	43.5587	43.0844	43.5381	43.046299999999995	43.5935	42.6842	43.1438	42.481	42.309799999999996	43.1531	42.8803	42.3254	41.9099	42.7995	42.4141	42.381099999999996	42.4203	42.9043	42.1696	41.8174	43.013200000000005	42.4546	43.3241	43.2791	42.574	42.1946	42.574600000000004	42.489	42.057	43.008	42.5223	42.773	41.693999999999996	43.1772	41.9392	41.911500000000004	42.059999999999995	43.1641	43.5484	42.9615	42.6237	43.1803	43.2677	41.7181	41.9528	41.9323	42.7259	42.662800000000004	41.753800000000005	42.896499999999996	42.1038	42.3557	41.890699999999995	42.4306	42.9454	40.4739	42.7039	41.6112	42.0205	42.2781	41.5622	41.4171	43.082100000000004	41.762899999999995	42.3562	40.6677	41.7178	41.9139	43.3135	43.0	38.847	42.1244	42.039100000000005	42.7286	43.4191	42.2542	41.0987	41.139900000000004	40.0743	40.5995	40.6215	40.747	41.6667	40.6436	42.1372	43.850899999999996	41.161500000000004	41.578900000000004	37.7868	41.786899999999996	40.9986	39.1053	41.232600000000005	41.123599999999996	41.2126	43.058800000000005	40.0	42.376999999999995	41.995	41.7384	43.0837	41.134100000000004	43.0286	39.4712	42.1965	42.702200000000005	38.827099999999994	42.4658	40.287	35.6653
Sin-CPnd_031-Ex1-3G-lcwgs-1-2.clmp.r1r2_fastp	57.569	39.3501	40.1492	39.0837	40.0337	39.0837	39.6431	39.900600000000004	40.5576	38.9772	43.6562	42.5286	42.120200000000004	42.1113	41.800599999999996	41.2856	41.623	41.8894	42.2356	41.6408	42.5908	41.1436	42.2001	41.623	41.3034	42.395500000000006	41.4898	41.4277	42.146899999999995	41.019299999999994	41.4632	41.995900000000006	41.179100000000005	40.4823	42.199999999999996	40.847699999999996	41.7265	41.3321	41.2599	41.7196	41.3014	41.0691	41.7465	41.302299999999995	41.084900000000005	40.7056	40.322599999999994	40.8318	40.7365	41.2683	41.7857	41.0101	41.1817	40.6748	40.7922	40.4961	41.0898	40.9403	41.5927	40.8528	40.731	41.334700000000005	41.001	40.5861	41.193200000000004	40.1389	40.1468	42.2597	40.916799999999995	41.6113	41.032999999999994	41.5149	40.103699999999996	41.1192	40.6366	40.765	40.8879	40.5238	40.5886	41.6857	40.4233	40.2151	41.2065	40.5187	40.2009	40.7221	41.1999	40.2219	40.722	41.5352	39.4105	42.2545	40.0059	40.803	40.5304	40.4762	39.8331	41.286	40.658100000000005	41.1567	40.7028	39.8018	39.3371	40.3729	40.192699999999995	40.3903	40.590199999999996	39.939099999999996	39.5535	40.794599999999996	40.9726	39.7772	40.313300000000005	39.8794	39.5751	40.413700000000006	40.8036	38.389	40.054	40.194	38.1176	39.7084	39.2511	37.4749	40.8524	38.1182	39.8224	38.8297	38.8876	39.611200000000004	41.13	39.2142	38.055299999999995	39.8866	38.2968	38.7636	38.5031	38.3183	38.5623	40.3281	38.311299999999996	39.4453	40.457100000000004	40.2472	38.9332	39.1997	39.4258	39.0404	40.3503	36.051
Sin-CPnd_032-Ex1-3E-lcwgs-1-2.clmp.r1r2_fastp	59.9047	41.057700000000004	42.4021	40.6013	42.6055	40.690599999999996	40.5963	41.9358	41.5736	41.1222	46.1626	45.150600000000004	44.0244	43.9996	43.3447	42.620400000000004	44.1534	42.8933	44.1534	43.1761	43.7516	43.627500000000005	43.3795	42.8685	43.195899999999995	43.0421	42.9627	42.9231	42.8536	42.689899999999994	42.8338	43.697	43.3447	43.1331	43.3265	42.9133	43.7787	43.140299999999996	42.505500000000005	42.6766	42.5706	43.255900000000004	43.2533	43.2413	42.2366	42.5957	43.3649	42.1881	44.168099999999995	43.1469	42.3545	42.84	42.4546	42.5	43.203	42.5237	42.450900000000004	42.9133	43.100500000000004	42.6942	42.4941	43.4744	42.591	42.7699	43.1319	42.5696	43.418	43.4158	43.0929	42.7014	43.0222	42.6213	43.0417	42.92	43.3433	42.7924	43.1497	43.3358	42.8115	43.2467	42.4914	42.408	43.0826	42.710100000000004	42.7483	42.6145	42.5913	42.952400000000004	42.868	42.7263	42.8952	43.9038	43.0933	42.1554	43.0261	42.5146	43.034	43.1262	42.9127	42.2562	43.339299999999994	42.4276	42.281400000000005	42.5551	42.4624	42.5681	42.869	42.4571	41.885	42.3292	42.0411	41.8153	42.0709	41.8455	42.399	41.8585	41.350500000000004	42.5775	41.5657	42.051	41.450700000000005	40.6659	41.5475	41.1377	41.3843	40.8904	42.148	40.4322	41.956700000000005	41.0393	40.2051	40.7517	41.5208	40.6081	40.9535	40.266200000000005	40.909600000000005	41.031099999999995	41.8487	41.187000000000005	40.7325	41.1975	42.0202	41.5317	41.9679	41.808299999999996	43.3744	41.8686	42.2244	38.988
Sin-CPnd_033-Ex1-1B-lcwgs-1-2.clmp.r1r2_fastp	51.299499999999995	39.566	41.408	40.7015	41.660399999999996	41.5342	38.102399999999996	40.4996	40.070699999999995	41.837	43.8809	44.4108	42.341699999999996	42.1146	43.3762	41.6351	43.477199999999996	43.048199999999994	42.0893	42.266	42.972500000000004	41.4333	42.4678	42.266	41.660399999999996	41.1305	41.8118	42.6192	43.048199999999994	43.426700000000004	42.4678	42.2407	42.770599999999995	40.2683	42.6541	42.1146	42.7547	42.4446	43.3654	43.3394	41.858000000000004	42.9485	41.4719	41.119	41.9364	42.314099999999996	42.4754	41.391099999999994	42.0491	42.0298	42.692	41.9801	41.2305	42.0006	42.0157	40.2751	40.8766	42.132999999999996	42.0047	41.6297	41.4931	43.14	42.620000000000005	41.442800000000005	42.455999999999996	41.5396	42.1893	42.7887	41.4117	41.4471	41.727199999999996	41.408	42.8699	42.3481	41.4532	40.3517	42.4792	42.0627	41.5026	42.887100000000004	41.220600000000005	40.1644	40.4589	41.5094	41.0136	41.335699999999996	42.7603	40.5063	41.661300000000004	41.4068	41.8541	41.4856	40.428599999999996	43.2334	41.1898	42.0109	41.2281	41.9592	42.3333	45.189	40.1754	41.4503	40.4392	39.6405	42.1559	41.8164	40.0205	41.2565	39.957300000000004	41.1894	39.8641	37.067	39.881	39.756099999999996	41.4179	36.0719	43.4783	38.8889	38.365700000000004	39.372299999999996	42.4818	43.7406	40.5199	39.6552	37.987	38.206	36.6438	38.8112	39.6057	41.774499999999996	41.3084	34.4961	42.8287	40.163900000000005	41.5449	39.3162	38.022	41.2162	44.907399999999996	44.811299999999996	38.3495	43.4568	40.954800000000006	38.082899999999995	41.4248	41.8919	40.0	38.5714	43.636399999999995	36.5759
Sin-CPnd_034-Ex1-3C-lcwgs-1-2.clmp.r1r2_fastp	54.730000000000004	39.4294	41.0552	39.1136	41.1329	39.8851	38.4508	40.087	41.314099999999996	39.4553	44.0895	43.085	43.0021	42.6656	42.1322	41.5834	42.795	42.2203	42.8054	42.0494	42.0908	42.795	42.1581	41.9873	41.930299999999995	42.2772	42.0287	42.0546	42.810500000000005	41.8682	42.5879	42.386	41.6507	41.8196	42.4508	42.2185	41.4458	42.0281	41.7787	41.4918	41.0522	41.574600000000004	41.6808	42.289500000000004	42.446600000000004	41.876000000000005	41.9929	41.6599	42.3344	41.7911	41.955799999999996	41.1895	42.287200000000006	42.381600000000006	41.635	42.0087	41.965	41.8877	41.878	41.7651	41.6895	41.2918	41.5477	41.436499999999995	42.1864	42.2047	41.695100000000004	41.9641	41.4941	41.5433	41.4608	41.619299999999996	41.567	41.4678	41.5477	41.7777	41.640100000000004	42.0364	41.3042	41.2151	41.867900000000006	41.5611	41.8035	41.2021	42.2268	40.9748	41.3513	41.869299999999996	41.9719	41.904599999999995	40.7509	42.172399999999996	41.2777	41.2926	41.8745	42.4406	41.7906	41.8979	40.8578	41.798	41.1556	42.3855	41.5993	41.0918	40.837	40.649499999999996	42.5439	41.136	41.7105	42.3852	41.0821	40.8095	41.781400000000005	41.246300000000005	41.002	40.8375	40.1537	41.212700000000005	41.121	39.4891	39.8987	40.543800000000005	39.9627	40.680699999999995	40.4669	40.8376	40.5483	40.0034	40.800599999999996	41.923300000000005	41.2479	40.863699999999994	39.3752	41.0408	41.007	41.8077	41.504200000000004	41.402499999999996	40.3298	40.1963	39.826499999999996	40.024100000000004	40.0595	40.686099999999996	40.6152	40.936	42.0819	41.071400000000004	39.8382	39.3674
Sin-CPnd_035-Ex1-12D-lcwgs-1-2.clmp.r1r2_fastp	54.2883	39.5048	40.2573	38.9717	40.3277	38.8895	38.0688	39.5411	40.1773	38.6405	42.992000000000004	42.8411	41.9405	41.5224	41.344300000000004	41.1539	41.251599999999996	41.272	41.4306	41.3802	41.6237	41.1888	41.3456	40.9939	40.9144	40.7899	40.808499999999995	40.6458	41.197	41.0593	41.1175	41.432	41.2511	41.0361	41.245599999999996	41.0892	40.8124	41.2925	41.0734	41.0456	41.477599999999995	40.9626	41.0222	41.179	41.0937	41.0011	41.1917	40.969100000000005	41.2397	40.977799999999995	41.076299999999996	41.031099999999995	40.960800000000006	40.8804	41.052699999999994	41.1321	41.3413	41.1943	41.255199999999995	41.2156	41.0937	40.9565	41.2996	40.662	40.8209	40.9707	40.9584	41.2329	40.8701	41.2262	41.131499999999996	41.1061	40.8432	41.0983	40.624	40.943200000000004	40.9334	41.166799999999995	40.971000000000004	41.0543	40.9985	40.9032	41.083	40.7624	40.7843	41.0481	41.1258	40.9302	41.268100000000004	40.8449	40.908699999999996	41.1893	40.9535	41.320499999999996	41.0199	40.8737	41.0958	41.0024	40.9041	40.9457	40.9085	40.7048	40.8256	40.836600000000004	41.5281	40.8585	41.0891	41.180099999999996	40.5905	40.6575	40.8977	40.427099999999996	40.8517	40.3048	40.604	40.3949	40.381	40.0381	40.0925	40.3196	39.8011	40.1344	39.7658	40.1113	40.169700000000006	40.4212	40.3394	40.242	40.3455	40.0991	40.2077	39.879799999999996	39.800799999999995	40.016600000000004	40.4909	39.839	40.341300000000004	40.2246	40.2777	39.799800000000005	40.318799999999996	39.987	40.685500000000005	40.8459	40.9055	40.659099999999995	40.8185	40.4304	40.413199999999996	37.5604
Sin-CPnd_038-Ex1-11C-lcwgs-1-2.clmp.r1r2_fastp	53.70890000000001	39.612	40.102900000000005	38.4741	39.813900000000004	39.1162	38.1402	39.8331	40.058	38.704899999999995	42.751400000000004	42.6334	41.5922	41.3326	41.097	40.8123	41.3454	41.0586	41.3348	41.1868	41.5639	41.1611	41.1713	40.836299999999994	40.7648	40.7701	40.6707	40.7092	40.9993	40.7033	40.9945	41.2386	40.9752	40.8598	40.9493	40.9897	40.8247	41.1181	40.9937	41.0564	41.0709	41.0029	41.159600000000005	41.1335	41.0351	40.8581	41.1652	40.6076	41.0752	41.3151	40.9155	40.8748	40.6562	40.6448	40.9522	40.9715	41.1329	41.105000000000004	41.1331	40.862500000000004	40.821200000000005	40.5408	40.9198	40.4186	40.466499999999996	40.7689	40.6641	40.797200000000004	40.6802	40.7042	40.6828	40.4477	40.3644	40.5664	40.4162	40.7924	40.431200000000004	40.765299999999996	40.3709	40.4974	40.623599999999996	40.332	40.4475	40.6069	40.6074	40.353699999999996	40.6028	40.7678	40.2963	40.409099999999995	40.420899999999996	40.4495	40.5523	40.8861	40.5761	40.5193	40.773700000000005	40.4858	40.4461	40.6013	40.3801	40.0333	40.4192	40.265	40.8523	40.9276	40.766400000000004	40.2651	40.6487	40.6969	40.1136	40.2355	40.205200000000005	40.2315	40.3182	39.937400000000004	40.366600000000005	39.732	39.7727	39.6217	39.5443	39.3897	39.2224	39.8355	39.433099999999996	39.891	39.4532	39.798899999999996	39.2941	39.404	39.4878	39.3289	39.5264	39.9601	39.4011	39.6471	39.7596	39.265699999999995	39.4713	39.6283	39.4122	40.1695	40.0126	40.173700000000004	39.672000000000004	39.8097	39.7437	40.1525	39.7044	37.4076
Sin-CPnd_039-Ex1-10F-lcwgs-1-2.clmp.r1r2_fastp	55.7389	40.686499999999995	40.7301	39.3734	40.9388	39.725100000000005	39.0546	40.6428	40.9101	39.5069	43.8554	43.4073	42.7153	42.0843	42.0502	41.7248	42.132999999999996	41.815799999999996	42.1824	42.0182	42.4198	41.9692	42.0282	41.528999999999996	41.693599999999996	41.5677	41.6304	41.6886	41.8757	41.6732	41.780899999999995	41.9513	41.7664	41.5676	41.6848	41.667300000000004	41.4528	41.597	41.7138	41.7012	41.7495	41.6484	41.7508	41.6642	41.4246	41.560399999999994	41.6354	41.4123	41.843	41.537400000000005	41.6907	41.4591	41.651500000000006	41.2626	41.4662	41.5526	41.4187	41.599799999999995	41.8796	41.4402	41.5366	41.5207	41.4333	41.2019	41.1448	41.2536	41.2942	41.629	41.5323	41.501599999999996	41.509800000000006	41.5912	41.188900000000004	41.245599999999996	41.3	41.2562	41.4668	41.188	41.4935	41.096	41.5407	41.3382	41.3936	41.120200000000004	41.1618	41.2036	41.5673	41.0499	41.5082	41.1034	41.287099999999995	41.3422	41.2866	41.3051	41.499	41.302699999999994	41.4263	41.2803	41.2096	41.192099999999996	41.363	40.977599999999995	41.4539	41.0677	41.3493	41.4804	41.2449	41.2937	40.8323	41.0796	41.1036	40.5305	40.77	40.4537	40.769	40.6215	40.4911	40.5464	40.611399999999996	40.2313	40.230199999999996	40.005	39.7445	40.1635	40.2772	39.941900000000004	40.201	40.0658	40.2013	39.772800000000004	40.220800000000004	40.0739	40.2248	39.8827	40.178799999999995	40.001599999999996	40.025800000000004	40.063900000000004	40.0487	40.294200000000004	40.089200000000005	40.0375	40.2153	40.4999	40.760400000000004	40.2258	40.043099999999995	40.3549	40.1218	37.8269
Sin-CPnd_040-Ex1-11E-lcwgs-1-2.clmp.r1r2_fastp	54.4268	40.051199999999994	41.003	39.5738	39.7953	38.996900000000004	38.0892	39.5486	39.9636	38.833800000000004	42.7572	42.477900000000005	41.3962	40.9595	40.7729	40.687	40.9995	40.8038	41.1112	41.0327	41.446	41.0728	41.0757	40.5211	40.4375	40.3505	40.722	40.463300000000004	41.1289	40.803200000000004	40.9858	41.173	40.8828	40.7971	40.853699999999996	40.8301	40.7028	40.9076	40.901700000000005	41.037099999999995	41.0233	40.8241	41.1091	40.873799999999996	40.8931	40.8109	40.7761	40.6818	41.1826	40.877599999999994	40.873599999999996	40.7759	40.6739	40.7292	40.6695	40.8215	40.9947	40.8628	40.9731	41.2093	40.7439	40.6839	40.6516	40.3501	40.4499	40.700199999999995	40.7785	40.7409	40.6682	40.609	40.9275	40.2701	40.4546	40.4256	40.3401	40.6074	40.6582	40.853699999999996	40.9323	40.4993	40.672799999999995	40.3673	40.6931	40.547	40.6352	40.6756	40.498400000000004	40.5505	40.7576	40.4316	40.4865	40.535199999999996	40.658300000000004	40.732	40.7625	40.69	40.9186	40.5182	40.4781	40.4572	40.424	40.5877	40.4646	40.742200000000004	40.8359	40.7561	40.5171	40.6054	40.2436	40.557500000000005	40.4124	40.375	40.043800000000005	40.0711	40.104800000000004	39.9648	39.8432	40.4282	39.490199999999994	39.8515	39.720499999999994	39.6232	39.6724	39.3084	39.385	39.732800000000005	39.626099999999994	39.9022	39.797900000000006	38.9772	39.208999999999996	39.713	39.422200000000004	39.8593	39.3638	39.5377	39.2811	39.2814	39.3453	39.543	40.373999999999995	39.5112	39.8647	39.6467	40.4092	39.7198	39.6786	39.1897	39.7041	37.1179
Sin-CPnd_042-Ex1-10D-lcwgs-1-2.clmp.r1r2_fastp	53.254000000000005	41.2006	40.4843	39.8463	41.2766	39.6484	38.8711	40.401900000000005	40.8626	39.7371	43.5388	43.124	41.8845	42.1362	41.448299999999996	41.4665	41.5726	41.8853	41.438	41.966	42.057	41.6098	41.9478	41.4325	41.214	41.316199999999995	41.18	41.278999999999996	41.613	41.6074	41.8425	42.1528	41.5536	41.517700000000005	41.8471	41.47	41.4539	41.6209	41.6012	41.560399999999994	41.8524	41.4866	41.6053	41.8078	41.2144	41.7173	41.4626	41.4076	41.635600000000004	41.5343	41.5882	41.5265	41.4841	41.5869	41.3898	41.5771	41.674099999999996	41.6486	41.6428	41.5666	41.322199999999995	41.434	41.514	41.0182	41.3593	40.931	41.1939	41.4693	41.1299	41.1859	41.5507	40.9617	41.3009	40.755	40.9345	41.0783	40.957100000000004	41.368300000000005	40.8107	41.0379	41.3429	40.6833	41.105000000000004	40.5692	40.961999999999996	40.9849	40.9198	40.5638	41.2005	40.7745	41.0904	41.0586	41.0824	41.259499999999996	41.321400000000004	41.1922	41.364000000000004	41.185500000000005	41.389900000000004	41.583999999999996	40.6076	40.435500000000005	40.7842	41.0878	41.1736	41.249	41.403400000000005	40.936699999999995	40.4482	41.0569	40.8573	40.8789	40.6551	40.4758	40.4849	40.7959	40.294000000000004	40.225300000000004	40.5692	40.2377	40.0516	40.2899	40.1597	40.4501	40.0868	40.2592	40.2374	40.373999999999995	40.2534	39.8391	40.2121	40.0492	40.1107	40.1209	39.611000000000004	40.5314	40.553	40.4022	40.2049	39.8305	40.0775	40.7586	40.9202	41.0002	40.7659	40.7471	40.5787	41.7189	41.1835	38.013400000000004
Sin-CPnd_043-Ex1-1C-lcwgs-1-2.clmp.r1r2_fastp	58.1319	40.522000000000006	40.7552	38.8077	41.5529	39.603699999999996	38.9894	40.230900000000005	41.1878	38.5295	44.0392	43.8751	43.260799999999996	42.2364	42.2525	41.8761	42.6352	41.823100000000004	42.1286	41.9035	42.4358	41.257	42.3522	41.247299999999996	42.0852	41.1492	42.135099999999994	41.620400000000004	41.4339	41.572199999999995	41.8408	41.8729	41.934	41.3775	41.6747	41.2287	41.8979	41.5941	41.6549	41.124100000000006	41.6965	41.1126	41.8787	41.6233	41.3248	41.4253	41.429700000000004	40.940799999999996	42.1537	41.2892	41.5267	41.3019	41.7328	40.821400000000004	41.3325	41.005900000000004	41.6414	41.2974	41.5965	41.3865	41.9504	41.3377	41.6683	41.166799999999995	41.2427	40.9148	41.6944	41.2183	41.1405	41.2032	41.578900000000004	41.0452	40.9656	41.1736	41.4501	41.280499999999996	41.3626	41.414699999999996	41.0871	41.0829	41.166000000000004	40.963899999999995	40.984300000000005	40.8523	41.3527	40.799099999999996	41.0206	41.550399999999996	41.5157	41.004200000000004	40.8033	41.3207	41.1573	41.152499999999996	41.3553	41.2506	40.931	41.047	40.9952	40.9419	41.211999999999996	41.234700000000004	41.1047	40.6173	41.3252	40.827200000000005	40.679	40.779199999999996	40.7025	40.5755	40.2726	40.3553	40.632400000000004	40.6306	40.3055	40.1498	39.6749	39.8317	40.1527	39.7571	39.6459	40.0785	39.7132	39.6827	39.5991	39.7503	39.9501	39.6357	39.6487	39.3335	40.1214	40.0957	39.547900000000006	39.718199999999996	40.0397	39.1013	39.7099	39.232499999999995	39.272800000000004	39.6976	39.7115	40.225	40.0068	39.7535	40.3752	39.4109	40.254400000000004	39.3996	40.4941	36.7491
Sin-CPnd_044-Ex1-2C-lcwgs-1-2.clmp.r1r2_fastp	52.304700000000004	42.0688	42.0905	41.5711	42.9777	40.9435	42.328500000000005	42.6315	42.047200000000004	42.2203	45.3149	45.5096	43.1292	43.2374	44.167899999999996	43.259	43.2807	43.6486	43.929899999999996	43.4754	44.752199999999995	44.3627	43.2374	44.6224	43.107600000000005	43.2158	43.951499999999996	43.4538	44.2112	44.7739	44.0164	43.259	44.1896	44.0096	44.0874	43.618	43.9814	43.0738	43.3784	42.9059	43.0374	45.4144	43.345800000000004	44.018	43.995200000000004	43.0215	43.770199999999996	43.646	43.3077	42.559799999999996	44.1332	42.9917	43.5595	42.2235	42.8736	42.634100000000004	42.9647	42.1605	43.980999999999995	42.124	44.0093	43.5687	42.6126	42.9132	42.4818	42.9372	43.6398	42.041000000000004	44.4489	42.3252	42.512699999999995	43.168	42.838100000000004	43.2432	41.702099999999994	44.5959	40.4213	43.1433	41.1333	45.331900000000005	41.3525	42.4587	42.1574	42.6851	43.1832	41.1468	41.8936	42.478500000000004	40.7787	39.7069	42.7039	43.9763	43.4191	42.2777	44.5774	41.0466	40.2673	42.3744	43.783300000000004	41.4234	41.573	41.7782	44.3359	42.5723	43.6159	43.736999999999995	42.688199999999995	44.873200000000004	43.3857	39.8374	43.6385	38.9499	43.213	43.1498	43.8573	42.7408	42.6207	42.4677	39.9413	39.8496	42.9448	35.646699999999996	42.6518	39.6721	38.525999999999996	40.646300000000004	42.8076	36.5897	45.1087	38.961	42.315000000000005	42.412499999999994	42.0635	43.149300000000004	43.277300000000004	42.9185	37.1991	46.2754	40.6032	39.9527	38.3863	40.6404	41.1616	39.0625	42.9708	41.5301	38.9972	44.9704	40.7643	35.9073
Sin-CPnd_045-Ex1-11H-lcwgs-1-2.clmp.r1r2_fastp	57.0987	37.526700000000005	39.5959	37.4857	39.4244	38.021300000000004	37.3839	39.1058	39.532000000000004	37.1653	43.0427	42.491099999999996	41.5462	40.986	40.9556	40.4481	40.9566	40.5524	40.862500000000004	40.632400000000004	40.8611	40.3787	40.6244	40.0701	40.2744	40.031800000000004	40.1566	40.0658	40.361000000000004	40.1227	40.4849	40.315	40.3333	40.1314	40.2476	40.026	40.1518	40.0733	40.129599999999996	40.0812	40.2862	40.0538	40.2884	40.2007	40.1419	40.0099	40.1432	39.9962	40.1916	40.0472	40.1912	40.0381	40.1561	39.8679	40.035900000000005	40.051700000000004	40.137299999999996	40.0042	40.171800000000005	40.0583	40.172000000000004	40.0666	40.056000000000004	39.8932	40.0468	39.876	39.9977	40.041	39.9801	40.1229	40.1261	39.9382	40.0177	39.996500000000005	39.9846	39.887699999999995	40.0362	39.986	40.001599999999996	39.976	40.0274	40.015699999999995	40.0812	39.8372	40.0139	39.8318	39.9361	39.834599999999995	40.036699999999996	39.8298	39.9335	39.976299999999995	39.9298	39.905699999999996	39.933	39.7461	39.8085	39.808	39.7232	39.7739	39.8021	39.622099999999996	39.630700000000004	39.6921	39.729	39.7426	39.721000000000004	39.5786	39.561	39.5636	39.439600000000006	39.303399999999996	39.3779	39.1014	39.0919	39.0041	38.9281	38.8701	38.7668	38.7613	38.6702	38.582	38.5362	38.5932	38.6473	38.6085	38.621	38.4573	38.5408	38.5175	38.5034	38.3808	38.439099999999996	38.607200000000006	38.4909	38.486399999999996	38.4725	38.406099999999995	38.427299999999995	38.4358	38.5282	38.481300000000005	38.8291	38.7892	38.8245	38.9221	38.766	38.7485	38.608	35.8574
Sin-CPnd_049-Ex1-4C-lcwgs-1-2.clmp.r1r2_fastp	54.5799	41.3037	42.1607	42.1326	42.6946	41.3037	40.9525	42.6524	42.0062	41.8797	45.1672	43.6359	44.9424	44.1416	43.116	43.256499999999996	43.607800000000005	43.9028	43.2284	44.3102	43.8044	43.467299999999994	43.6218	42.54	44.3945	42.9194	43.298700000000004	43.8325	43.3268	44.0152	43.8466	43.411100000000005	43.8747	43.141400000000004	43.389	43.5525	43.5292	42.998999999999995	43.5166	43.719	43.105	44.6897	43.019400000000005	43.683899999999994	42.6257	42.495	43.19	42.741600000000005	44.067499999999995	42.4923	43.61	42.0903	43.5741	42.2188	42.5334	42.7347	43.3188	42.5079	42.464200000000005	42.7804	43.1109	43.7823	43.7146	41.338	42.7068	42.4145	43.0836	42.446400000000004	42.5248	42.6437	41.101	41.360400000000006	43.0454	42.2433	42.521100000000004	42.0407	42.7047	42.2325	42.1653	40.6703	41.9392	42.751	42.4196	42.8793	42.8074	42.0694	42.194199999999995	41.4998	42.9755	41.9298	40.9996	42.920199999999994	42.9432	41.9763	41.9961	42.9311	43.025600000000004	42.9341	42.3858	42.178	41.1868	42.5676	41.141299999999994	41.4818	44.0385	43.117	43.2446	40.5752	42.243199999999995	41.9872	42.9268	42.3248	42.4518	40.3569	42.580600000000004	42.6249	39.3032	39.800999999999995	40.7478	43.717600000000004	41.086800000000004	38.6965	41.1357	40.424	41.087	41.7844	41.9084	38.9752	41.0236	37.5201	36.3036	41.631299999999996	40.5405	37.0766	41.590500000000006	39.3488	41.9202	40.7551	39.6637	39.2533	42.9158	38.7473	38.2956	41.8605	39.0216	37.7049	41.6867	37.8446	39.385799999999996	36.4566
Sin-CPnd_050-Ex1-9B-lcwgs-1-2.clmp.r1r2_fastp	52.918600000000005	40.6869	40.8384	39.7746	41.3188	39.9971	39.2966	40.6594	41.2161	40.3838	43.7174	43.5843	42.4948	42.0568	42.093199999999996	41.9047	42.072900000000004	41.8963	42.354	42.328900000000004	42.4876	42.2173	42.6123	41.5932	41.848	41.607	41.8247	41.99	41.9685	42.1845	42.385	42.3975	42.2108	41.8778	42.3801	41.571000000000005	42.0527	42.118100000000005	42.0743	42.1616	42.5483	41.7468	41.8248	41.976200000000006	41.9013	42.0577	41.9645	41.7005	42.350300000000004	41.9248	41.930800000000005	41.985	41.5489	41.828700000000005	41.8685	42.0572	42.2983	42.018	42.3245	42.1903	41.6798	41.676	41.7004	41.3773	41.6027	41.4643	41.7213	41.7879	41.5884	41.7777	41.6556	41.3844	41.3444	41.5927	41.2481	41.4672	41.7967	41.3474	41.1105	41.3622	41.5478	41.281	41.2834	41.0574	41.156	41.0992	41.4285	41.5644	41.485699999999994	41.0046	41.1282	41.4232	41.3652	41.5021	41.2389	41.551700000000004	41.2128	41.4601	41.736200000000004	41.4418	41.045300000000005	40.9624	41.2455	41.6583	42.112	41.5018	41.8467	41.233399999999996	41.092	40.8859	41.0869	40.7447	41.3838	41.5616	41.0273	41.5398	41.0567	41.416199999999996	40.7366	40.5322	40.4088	40.9454	40.4285	40.6541	40.7899	40.8715	40.9222	41.598800000000004	40.8379	40.901399999999995	41.5183	40.5522	40.1432	41.2436	40.7678	41.047	41.5634	40.808299999999996	41.345	41.631099999999996	40.826	41.9898	40.6124	41.3525	41.8095	42.4626	41.621	42.094	42.0728	38.6516
Sin-CPnd_051-Ex1-12G-lcwgs-1-2.clmp.r1r2_fastp	53.3574	39.0661	40.7316	39.4009	40.0528	39.049	38.3836	39.6434	40.2507	39.2936	42.7204	42.6929	41.5078	41.261199999999995	40.8658	40.9534	40.9928	41.157	41.129	41.2353	41.280899999999995	41.0964	41.2923	40.8679	40.715	40.8088	40.7958	40.8653	41.0969	40.9751	41.2892	41.2063	40.9596	40.7981	41.2027	40.816599999999994	40.522200000000005	41.1078	40.9109	41.0871	41.3111	40.9945	40.9634	41.2922	40.604	41.2584	40.8962	40.815	41.391099999999994	40.9791	41.0298	40.868700000000004	40.7907	40.868300000000005	40.742	41.1095	41.3517	41.1738	41.2803	41.2813	40.9615	40.77	40.866400000000006	40.6343	40.327400000000004	40.6246	40.6782	40.9052	40.8996	40.9999	40.970800000000004	40.894200000000005	40.6182	40.6455	40.5586	41.1511	40.8308	40.787800000000004	40.7704	40.8581	40.9323	40.7826	40.7775	40.6	40.61	40.4835	40.7298	41.237899999999996	41.0005	40.745	40.5015	41.235	40.8684	41.3784	41.0355	41.2682	41.1096	41.0954	40.8863	40.8372	41.0022	40.769	40.9124	40.7661	41.2778	40.8805	41.27	40.8889	41.0618	40.5576	40.6785	40.5945	41.117	40.6388	40.4673	40.887299999999996	40.5778	40.6845	40.1621	40.1569	40.4122	40.287800000000004	40.0823	40.264	40.3327	40.4771	40.5681	40.4044	40.510200000000005	40.7174	40.199200000000005	40.5276	40.469500000000004	40.712199999999996	40.3046	40.4045	40.5123	40.4388	40.7351	40.9794	40.122600000000006	40.187400000000004	40.7019	41.1789	40.6259	41.2794	40.9744	40.879599999999996	41.3902	37.5541
Sin-CPnd_053-Ex1-9G-lcwgs-1-2.clmp.r1r2_fastp	53.2643	40.6428	40.815	39.719100000000005	40.873599999999996	40.0307	39.0209	40.5308	40.9587	40.0571	43.5491	43.3962	42.1907	41.8344	41.7728	41.731	41.890100000000004	41.8863	41.9065	41.8887	42.098400000000005	41.882000000000005	41.9503	41.6353	41.462199999999996	41.565999999999995	41.6396	41.450199999999995	41.819	41.5906	41.887299999999996	42.0887	41.956500000000005	41.5404	41.9409	41.9874	41.4122	41.687200000000004	41.5377	41.741099999999996	41.7359	41.6387	41.805	41.795	41.435	41.775800000000004	41.5244	41.479	41.8908	41.547	41.3996	41.4608	41.3666	41.1219	41.5622	41.4203	41.6085	41.457899999999995	41.462700000000005	41.5431	41.3487	41.3418	41.1497	40.9655	40.8259	41.3485	41.2035	41.3138	41.2425	41.1753	41.4986	41.0142	40.9287	41.050399999999996	40.746900000000004	41.2845	41.287400000000005	40.963100000000004	41.0559	40.801700000000004	41.112500000000004	41.0733	41.1351	40.7209	40.8101	41.1064	40.9749	40.8724	40.8142	40.7686	40.6199	41.2046	40.9853	41.0564	41.2323	40.8975	41.431000000000004	41.2103	41.2172	40.7294	40.8374	41.080299999999994	40.6614	41.0117	41.3705	41.0456	41.5479	41.8709	40.490300000000005	40.680899999999994	40.934	40.531299999999995	40.4495	41.1308	40.6148	40.8706	41.1101	41.0775	40.3999	40.4937	40.2058	40.3686	40.424	40.4584	40.4521	40.7378	40.422799999999995	40.431	40.4236	40.4739	40.7436	41.029199999999996	40.2285	40.8387	40.6449	41.1246	40.3694	40.8843	40.456399999999995	40.8326	40.7317	40.7092	40.4148	41.186099999999996	41.377900000000004	41.6563	41.5012	41.8931	40.980199999999996	37.358799999999995
Sin-CPnd_058-Ex1-9D-lcwgs-1-2.clmp.r1r2_fastp	52.9246	41.47	40.8768	40.120400000000004	41.2447	40.163900000000005	39.0537	40.6131	41.354800000000004	39.949600000000004	43.5554	43.2616	42.1655	42.3005	41.9396	41.7534	42.107299999999995	42.2097	42.147600000000004	42.135400000000004	42.3114	42.011900000000004	41.993399999999994	41.6754	41.558299999999996	41.5903	41.7592	41.7342	41.9473	41.7643	41.8936	42.1802	41.978	41.6723	42.1875	41.7364	41.7645	42.0561	41.9975	41.8375	42.2512	41.8648	41.9151	41.8788	41.8321	41.7464	41.886	41.7032	42.2045	41.8523	41.7911	41.4808	41.530499999999996	41.525600000000004	41.6676	41.86	42.084700000000005	41.717999999999996	42.0014	41.976200000000006	41.702099999999994	41.452	41.747099999999996	41.152	41.6597	41.3906	41.4948	41.7108	41.5203	41.6386	41.4453	41.3391	41.033500000000004	41.5886	41.096700000000006	41.692	41.4906	41.162	41.4111	41.127900000000004	41.2666	41.371900000000004	41.288599999999995	40.9762	41.2418	41.049600000000005	41.2834	41.1707	41.377900000000004	41.0519	41.0912	41.096	41.0707	41.1778	41.104	41.2736	41.583999999999996	41.4889	41.573100000000004	41.3055	40.7788	41.0278	41.1055	41.0955	41.424499999999995	41.2416	41.6348	41.394999999999996	40.9319	41.3907	40.7096	41.2036	41.057900000000004	40.8053	40.7313	41.2922	41.166199999999996	40.4753	41.3051	40.4078	40.2685	40.0327	40.7298	40.333999999999996	40.533500000000004	41.035	40.396	41.5616	40.5779	40.5176	40.5014	40.313900000000004	40.5547	41.3274	41.2116	41.3	41.1955	41.599199999999996	40.6092	40.5877	41.1576	41.2966	40.8721	40.7882	41.4606	41.0841	41.6886	41.924099999999996	41.8794	39.814
Sin-CPnd_061-Ex1-9A-lcwgs-1-2.clmp.r1r2_fastp	53.5077	40.893299999999996	40.8121	39.6589	40.7943	39.986	38.739200000000004	40.354	40.7511	39.9125	43.5304	43.4392	42.3191	42.0246	41.963	41.6447	41.9037	41.6578	41.9381	41.691	42.2219	41.9523	42.1763	41.3715	41.6021	41.4616	41.3887	41.4658	41.597899999999996	41.5398	41.8367	41.951100000000004	41.984300000000005	41.525	41.8796	41.6972	41.517199999999995	41.8886	41.6688	41.9051	42.061	41.5163	41.622	41.9763	41.4362	41.8925	41.5298	41.5965	41.7947	41.7708	41.8661	41.5166	41.6488	41.593799999999995	41.463699999999996	41.4811	42.1149	42.046499999999995	41.9856	41.8587	41.654	41.4196	41.416399999999996	41.027	41.2576	41.3655	41.5432	41.2928	41.408899999999996	41.8416	41.7561	41.3823	41.409800000000004	40.9469	41.037	41.3161	41.4597	41.2958	41.5756	41.282999999999994	41.2505	40.962900000000005	41.5815	40.8302	41.0432	41.1358	41.1428	41.3072	41.2685	41.3096	41.2452	41.7159	41.2333	41.4737	41.110600000000005	41.226	41.2825	41.7089	41.165400000000005	41.1991	41.077999999999996	40.6708	41.0201	41.5817	41.447	41.3202	41.3938	41.3998	41.3628	40.8065	41.006	41.0222	41.2055	40.8262	41.1626	40.7755	40.8609	40.864	40.1607	40.5139	40.354600000000005	39.949	40.2586	40.677400000000006	39.597500000000004	40.1805	40.466	40.6141	39.9989	40.3588	40.1352	39.9555	40.3633	39.9869	39.6131	40.5221	40.5467	40.5036	39.7336	40.1858	40.409099999999995	40.6547	40.8601	40.374500000000005	40.865	41.3386	40.6293	40.6893	40.9028	38.073800000000006
Sin-CPnd_062-Ex1-11D-lcwgs-1-2.clmp.r1r2_fastp	52.894200000000005	39.7283	40.1104	39.1138	39.9126	39.0222	38.3705	39.6116	39.8723	38.8751	42.8523	42.2911	41.349999999999994	41.0684	40.9385	40.7506	41.2207	40.892	41.1553	41.2845	41.4379	41.2353	41.2165	40.5433	40.7485	40.5994	40.415099999999995	40.5946	41.0689	40.8433	40.997699999999995	41.2029	40.940599999999996	40.8907	41.0524	40.8021	40.5695	41.0596	40.9568	41.057	40.9985	40.872	41.1528	41.1505	40.801500000000004	40.8508	40.936099999999996	40.7785	41.1205	40.846900000000005	41.166199999999996	40.8157	40.6145	40.7685	40.775	40.8057	41.2068	40.922	41.2416	40.8881	40.7377	40.7298	40.821600000000004	40.4113	40.626	40.3383	40.7574	40.8508	40.1596	40.9	40.7908	40.6059	40.5273	40.427400000000006	40.1072	40.403299999999994	40.5117	40.555400000000006	40.7065	40.519	40.333999999999996	40.4289	40.5322	40.078	40.2822	40.4628	40.1183	40.4943	40.4361	40.185500000000005	40.308	40.510200000000005	40.3367	40.225300000000004	40.6625	40.705999999999996	40.3083	40.2001	40.375299999999996	40.4375	39.8769	40.1091	40.3677	40.3134	40.5362	40.6964	40.519800000000004	40.502500000000005	40.413199999999996	40.498	40.2667	40.0891	39.6333	39.7426	40.333400000000005	40.1256	40.1884	39.8502	39.8777	39.7175	39.3075	38.986399999999996	38.987500000000004	39.3509	39.358900000000006	39.3959	39.5683	39.4766	39.6212	39.3127	39.5936	38.9828	39.2225	39.5702	38.9323	39.6746	39.5288	39.4977	39.2427	39.5641	39.5623	39.6542	40.4279	39.504099999999994	39.748400000000004	40.0317	39.8264	39.799299999999995	39.3878	36.5453
Sin-CPnd_063-Ex1-9F-lcwgs-1-2.clmp.r1r2_fastp	53.621700000000004	41.2128	41.0607	40.124900000000004	41.4484	40.3629	39.4758	40.97	41.3619	40.2601	43.8689	43.7962	42.8423	42.4522	42.207	42.0224	42.362	42.2797	42.442	42.2238	42.6295	42.1294	42.3933	42.0958	41.9401	41.7784	41.9683	41.7189	42.277300000000004	42.1324	42.0158	42.5514	42.0224	42.1077	42.2554	42.1723	41.7905	42.006	42.4353	42.018899999999995	42.3439	41.997099999999996	41.8744	42.1597	41.796299999999995	42.211999999999996	41.9033	41.6722	42.1971	42.0821	42.0132	41.5964	41.899300000000004	41.7287	41.687000000000005	41.7654	42.0995	41.9981	42.2519	41.7487	41.647099999999995	41.6319	41.6637	41.6703	41.6485	41.2567	41.5687	41.572199999999995	41.6283	41.666799999999995	41.816199999999995	41.740899999999996	41.3956	41.441	41.2335	41.6238	41.7837	41.4556	41.652	41.550799999999995	41.456900000000005	41.7365	41.3197	41.3825	41.4184	41.4992	41.570299999999996	41.458	41.659800000000004	41.3082	41.4319	41.3867	41.6768	41.6268	41.308499999999995	41.5373	41.195100000000004	41.6588	41.3155	41.5073	41.3012	41.3022	41.1295	41.5067	41.084199999999996	42.2089	41.8651	41.717999999999996	41.477399999999996	40.9852	41.2049	41.063300000000005	41.2633	41.307500000000005	40.7236	41.0245	40.9705	41.0412	40.260200000000005	40.2644	40.1806	40.4732	40.3033	40.348	41.3682	39.4824	40.2449	40.3121	40.8453	40.8392	40.4265	41.1395	39.9746	41.2291	40.7774	40.699200000000005	40.6333	39.8977	39.5815	40.8025	41.2587	40.7016	41.398	40.7244	41.3299	40.7584	40.761399999999995	41.0199	41.6562	37.864799999999995
Sin-CPnd_065-Ex1-11B-lcwgs-1-2.clmp.r1r2_fastp	52.3804	39.6742	40.2364	38.7877	40.2023	39.3168	38.4212	39.795700000000004	40.2821	39.3758	42.6874	42.723	41.445100000000004	41.4899	40.949000000000005	41.1661	41.269800000000004	41.1544	41.375499999999995	41.160999999999994	41.7872	41.286	41.3902	40.8601	40.794000000000004	40.8097	40.9129	40.9195	41.2662	41.165	41.2891	41.4741	41.3033	40.815400000000004	41.2765	40.9738	40.7968	41.3703	41.1404	41.17	41.3934	41.099599999999995	41.2232	41.086800000000004	40.915600000000005	41.1207	41.0412	40.9477	41.3281	41.2192	41.0178	41.0526	40.840199999999996	40.6916	40.976600000000005	41.1254	41.3095	41.2075	41.3884	41.2831	41.0034	40.5889	40.6836	40.4181	40.6553	40.876000000000005	40.7098	40.9229	40.7789	40.678799999999995	41.0569	40.4627	40.6328	40.2215	40.4011	40.516000000000005	40.3324	40.464099999999995	40.3504	40.352900000000005	40.6544	40.356700000000004	40.807300000000005	40.2399	40.0564	40.6678	40.5349	40.464800000000004	40.6562	40.2654	40.2433	40.185500000000005	40.3322	40.2313	40.5485	40.6678	40.376	40.524	40.397499999999994	40.3733	40.3257	40.320699999999995	39.8888	40.6199	40.5278	40.4325	40.4071	40.254200000000004	40.249	40.303	40.0538	40.0706	39.7482	40.2324	39.9734	40.0662	39.7759	39.5455	39.4829	39.793800000000005	39.1066	39.0826	39.1746	39.5623	39.0585	39.4376	39.5485	39.6403	39.2808	39.210699999999996	39.3651	39.509100000000004	39.583600000000004	39.2953	39.5742	39.6132	39.913	39.2181	39.4411	39.4669	39.5496	38.9253	40.0231	39.513799999999996	40.2627	39.8773	40.0559	40.0824	40.031099999999995	36.7571
Sin-CPnd_067-Ex1-9C-lcwgs-1-2.clmp.r1r2_fastp	53.43750000000001	40.867799999999995	40.6773	39.7135	40.958099999999995	39.754	39.1347	40.4351	40.9329	39.7713	43.344500000000004	43.5124	42.4437	41.9279	41.7301	41.7467	41.9591	41.9419	41.9877	42.0514	42.239900000000006	41.9631	41.9093	41.810399999999994	41.5715	41.843599999999995	41.5721	41.5735	41.7049	42.0069	42.0547	42.112500000000004	41.9936	41.3508	41.942	41.7483	41.8322	41.8423	42.0299	41.804	41.9388	41.6993	41.8512	41.9543	41.6375	41.7365	41.5143	41.8118	42.208800000000004	41.753099999999996	41.7877	41.669	41.341	41.2519	41.6364	41.6645	41.8385	41.7149	41.9342	41.759299999999996	41.4181	41.539300000000004	41.584199999999996	41.0771	41.3202	41.3759	41.3418	41.1218	41.0885	41.2609	41.3191	41.2635	41.2091	41.2457	40.9454	41.4691	41.7662	41.026	41.1943	41.8407	41.2352	41.4947	41.1698	41.198499999999996	40.958600000000004	40.9694	41.1811	41.1025	41.4397	41.186099999999996	41.2995	41.3042	41.0938	41.0775	41.5952	41.608200000000004	41.172399999999996	41.3483	41.2991	41.0197	41.4422	40.6595	40.6546	41.4782	41.3724	41.3056	41.9634	41.341699999999996	41.247299999999996	41.5298	41.2238	40.9037	40.5553	40.5242	40.9535	40.9739	41.4657	40.9181	40.902100000000004	40.8148	40.7904	39.935500000000005	40.9539	40.6333	41.267399999999995	40.7424	41.0477	40.9393	40.285700000000006	41.003299999999996	40.693200000000004	40.996300000000005	40.873799999999996	40.4611	40.0228	41.184	40.1885	41.1972	40.680899999999994	40.7281	40.3288	41.0055	41.218199999999996	41.7375	41.5989	41.2866	41.003499999999995	40.6481	40.321600000000004	38.2425
Sin-CPnd_074-Ex1-12A-lcwgs-1-2.clmp.r1r2_fastp	53.51240000000001	39.4875	40.141	38.9722	39.8755	39.0245	37.797799999999995	39.568599999999996	40.055	38.9859	42.930099999999996	42.7725	41.4014	41.2824	40.799400000000006	40.7554	40.941100000000006	40.957	41.0361	41.1909	41.4633	41.253499999999995	41.1083	40.483599999999996	40.8091	40.549	40.721000000000004	40.408699999999996	41.0271	40.7375	41.2466	40.9866	41.2838	40.5266	40.9058	40.903600000000004	40.8607	41.2431	41.0944	41.0622	41.360400000000006	41.1073	40.9201	41.1618	41.1551	41.0358	41.0217	40.9743	41.4827	41.138999999999996	41.167300000000004	40.9197	40.8708	41.1503	40.7649	41.0966	41.4057	41.4993	41.5771	41.4249	40.9222	41.261399999999995	40.8211	40.6534	40.6564	40.5418	40.964600000000004	40.9796	41.0753	41.1374	40.8919	40.6369	40.664699999999996	40.6566	40.5889	40.9521	41.137299999999996	40.8446	40.7118	40.8493	40.7505	40.9032	40.7444	40.4577	40.803200000000004	40.5137	40.659800000000004	40.9066	40.9242	40.7479	40.913	40.804899999999996	41.0159	40.8472	40.7016	41.1018	40.6274	40.818599999999996	40.886	41.0302	40.7974	40.4547	40.8211	41.0347	41.0397	41.7034	41.118	41.0164	40.5525	40.7768	40.3735	40.8646	40.457300000000004	40.590399999999995	40.938	40.5497	40.5537	40.87	40.149	40.1546	39.5953	39.8787	39.9157	39.9133	40.085	40.3047	40.787099999999995	40.6121	40.4188	40.191900000000004	39.9845	39.841100000000004	39.8053	40.153499999999994	40.106700000000004	40.2389	39.9639	40.4584	40.093	40.0297	40.625299999999996	40.1542	40.710800000000006	40.455400000000004	40.3785	40.4713	40.695100000000004	40.2822	40.7375	37.2134
Sin-CPnd_075-Ex1-11G-lcwgs-1-2.clmp.r1r2_fastp	52.082499999999996	39.467999999999996	39.922999999999995	38.7509	39.8412	38.936	38.144600000000004	39.5227	39.6027	39.0852	42.408	42.0173	41.1165	40.7289	40.7223	40.549099999999996	40.739799999999995	40.7166	40.9161	40.867599999999996	41.025099999999995	40.5578	40.6423	40.5145	40.3102	40.1803	40.379799999999996	40.357	40.5193	40.693400000000004	40.5513	40.724900000000005	40.8286	40.403299999999994	40.685	40.4581	40.3474	40.7219	40.5799	40.4778	41.035199999999996	40.4717	40.6604	40.8237	40.498200000000004	40.7709	40.415800000000004	40.7288	40.8213	40.6671	40.517900000000004	40.5209	40.067099999999996	40.1938	40.3019	40.5996	40.6031	40.7707	40.8112	40.7611	40.3489	40.076499999999996	40.0967	40.1019	40.0708	40.079	40.0485	40.469500000000004	40.003	40.368700000000004	40.3366	39.9756	39.876	39.9253	40.0787	40.2665	40.0941	40.0488	40.073100000000004	39.6733	39.902100000000004	39.7099	40.2097	39.880500000000005	39.8579	40.022600000000004	40.0992	39.8191	39.839400000000005	39.798899999999996	39.7944	40.1376	39.9602	39.772800000000004	40.0084	40.0225	40.107	40.0129	39.813500000000005	39.8695	39.6566	39.6982	39.586	39.419900000000005	40.206399999999995	39.8038	39.7491	40.0006	39.6387	39.8555	39.6974	39.257799999999996	39.441900000000004	39.448899999999995	39.6664	39.3364	39.927600000000005	39.5406	39.1916	39.0714	38.8745	38.9029	38.6786	38.770500000000006	39.3549	38.7353	39.0977	38.5918	39.1052	38.9697	39.3074	38.839400000000005	39.066	39.223200000000006	38.767	39.1492	39.0262	38.8566	39.1368	39.092	39.2014	39.142700000000005	39.5124	39.780300000000004	39.7367	39.6486	39.3024	39.348	39.4404	36.219
Sin-CPnd_076-Ex1-10E-lcwgs-1-2.clmp.r1r2_fastp	54.8651	40.192699999999995	39.7192	38.532	40.5684	38.980199999999996	38.1528	40.0326	40.1662	38.724399999999996	43.3216	42.837199999999996	41.8981	41.6941	41.3031	41.2455	41.5005	41.286	41.5445	41.2634	41.5792	41.1914	41.5632	40.9589	40.8795	41.104600000000005	41.0528	40.9262	41.3985	40.8772	41.222500000000004	41.3362	41.0816	41.2228	41.3504	40.9407	40.977000000000004	41.030100000000004	41.0898	41.0072	41.3158	40.952	41.1634	41.0545	40.9731	40.9676	40.997499999999995	40.849000000000004	41.1678	40.8452	40.9382	40.8447	40.9739	40.6818	41.220600000000005	41.0294	41.214	40.8787	40.9948	40.8581	40.9741	40.9505	40.7229	40.7239	40.7468	40.623599999999996	40.9941	40.9272	40.7074	41.0821	40.8155	40.7882	40.7282	40.794999999999995	40.6206	41.090900000000005	41.0462	40.7973	40.995799999999996	40.8936	40.9254	40.8912	40.988400000000006	40.6673	40.9484	40.7956	40.9239	40.8119	41.0056	40.8105	40.6411	40.9447	40.7647	40.949600000000004	40.9786	40.7252	40.8451	40.9302	40.629799999999996	40.758100000000006	40.7738	40.6252	40.8043	40.5812	40.9784	40.6792	40.606700000000004	40.7344	40.6681	40.4863	40.6851	40.4623	40.5366	40.2214	40.0742	40.2061	40.0847	40.037	39.6671	39.7362	39.960699999999996	39.7324	39.504099999999994	39.9034	39.4328	40.0739	39.9735	39.7542	39.9175	39.6921	39.7542	39.367200000000004	39.7406	39.847	39.7157	40.0597	39.9762	40.0178	39.7505	39.4192	39.501	39.926	40.1541	40.3505	40.1844	39.900600000000004	40.300200000000004	40.2342	40.1348	36.770599999999995
Sin-CPnd_079-Ex1-9H-lcwgs-1-2.clmp.r1r2_fastp	53.021300000000004	40.800399999999996	40.638000000000005	39.7299	40.780899999999995	39.6733	38.8384	40.2702	40.677	39.7352	43.1462	43.1757	41.8945	41.584500000000006	41.4576	41.2787	41.877900000000004	41.5886	41.4853	41.6329	41.921	41.6282	41.9683	41.3654	41.2361	41.1192	41.18	41.3613	41.638799999999996	41.4782	41.6365	41.807100000000005	41.5066	41.3388	41.5639	41.492200000000004	41.3972	41.3159	41.536899999999996	41.571999999999996	41.687000000000005	41.4378	41.3401	41.627399999999994	41.3158	41.1975	41.4396	41.2049	41.664	41.4101	41.4022	41.2627	41.2173	41.125699999999995	41.1831	41.2592	41.4667	41.6297	41.7178	41.7277	41.1611	41.097699999999996	41.2729	40.893499999999996	41.2181	41.1249	41.1534	40.951100000000004	41.2341	41.2891	41.1597	40.9525	41.0572	40.6265	40.832800000000006	41.0126	40.9823	40.8983	41.0284	40.7325	41.0779	41.0361	40.7775	40.6242	40.7567	40.758100000000006	40.9736	40.8941	40.7666	40.4207	40.936099999999996	41.1762	40.747	41.0142	41.1474	40.7767	41.0157	41.1976	41.0966	40.720800000000004	41.1238	40.5955	40.7427	41.5474	41.2678	41.2126	41.311	41.2885	40.8732	41.0406	40.8335	41.0605	41.152100000000004	39.9549	40.6391	40.971000000000004	41.153099999999995	40.275800000000004	40.664699999999996	40.570299999999996	40.3918	39.3823	39.3991	40.2058	40.0074	40.3319	40.2751	40.569300000000005	40.3387	39.9924	40.6239	40.1287	40.1808	40.3246	39.9437	40.6766	40.4455	40.003499999999995	40.605000000000004	40.2742	40.9001	40.4704	40.3376	40.1429	41.6875	41.6477	40.915	41.031800000000004	40.576499999999996	37.1838
Sin-CPnd_080-Ex1-2E-lcwgs-1-2.clmp.r1r2_fastp	60.278200000000005	41.2272	44.539	41.393299999999996	43.2828	41.0507	40.6458	41.891600000000004	43.0025	40.1267	46.169	46.7089	44.3314	44.4248	44.3106	43.4282	43.968	43.75	43.573499999999996	44.0511	44.705099999999995	42.794900000000005	43.698100000000004	42.8987	43.5839	44.4248	43.801899999999996	43.6254	43.1686	44.0407	43.0544	43.7915	43.6254	43.4033	43.9035	43.0388	43.0525	43.3567	44.425799999999995	43.3438	44.0649	42.9358	44.5259	43.4069	43.6778	43.7137	43.667	42.7672	43.992599999999996	43.358200000000004	43.4965	42.5357	42.530699999999996	42.959599999999995	43.4655	43.6813	42.9126	42.442	42.7911	42.6712	43.6841	43.2806	43.4917	43.6072	43.628699999999995	41.4815	43.0075	43.8462	43.4367	43.5093	43.3577	43.7913	42.776399999999995	43.383300000000006	42.5443	44.3482	43.4921	42.8743	43.3563	43.3628	42.545	43.8791	43.3268	43.9452	42.2589	43.5352	42.9402	43.8097	43.1239	42.2852	44.3856	44.589	44.1349	43.5781	43.2765	43.3998	42.8203	43.383300000000006	43.0217	41.8064	42.7106	43.1463	43.0854	43.4096	42.6287	43.105900000000005	43.1499	42.9379	43.615300000000005	42.0906	42.9947	43.5579	42.304700000000004	41.3133	41.3297	42.2885	42.321	42.3409	41.4863	43.3079	41.1966	42.4242	42.2091	42.2949	41.2517	41.2072	42.8538	42.5572	40.3555	40.6325	41.8853	40.8037	41.0692	41.924099999999996	41.918	41.4551	43.7434	42.864799999999995	42.1413	41.7224	42.342600000000004	42.7871	41.152300000000004	41.2571	41.4545	40.2847	41.193200000000004	42.3127	40.5059	39.528
Sin-CPnd_081-Ex1-10G-lcwgs-1-2.clmp.r1r2_fastp	55.198499999999996	39.2592	40.8953	39.4628	40.2541	39.814	38.463	40.199400000000004	40.3232	39.5862	42.957	42.8776	42.072700000000005	41.320499999999996	41.199200000000005	40.9923	41.5118	41.0812	41.646699999999996	41.5377	41.749900000000004	41.3501	41.4998	40.8496	40.9553	41.1284	40.9874	40.973	41.3941	41.1095	41.427	41.341899999999995	41.1219	41.0164	41.1554	40.7984	41.2609	41.0948	41.3663	41.2858	41.5916	40.9326	41.1715	41.2033	40.9549	41.0331	41.0899	41.1947	41.4795	41.2986	41.1285	40.9976	40.6642	40.6231	40.7297	40.9076	41.2742	41.0196	41.6519	41.124500000000005	41.1228	41.0503	40.8786	40.4499	40.5453	40.4555	40.6112	40.8582	40.4644	41.0526	40.864200000000004	40.7032	40.585	40.3177	40.2843	40.661199999999994	40.4419	40.8369	40.5826	40.6354	40.7601	40.6722	40.5683	40.2702	40.834399999999995	40.5899	40.977999999999994	40.7118	40.7651	40.3124	40.462199999999996	40.6534	40.633399999999995	40.664	40.7572	40.610800000000005	40.428399999999996	41.1547	40.455600000000004	40.6671	40.2288	40.1171	40.0487	40.1817	40.546	40.694900000000004	40.558899999999994	40.4458	40.2711	40.3241	40.2366	40.110800000000005	39.9027	39.8719	39.6082	40.1941	39.5471	40.0607	39.4771	39.5946	39.533	39.3056	38.8829	39.212799999999994	38.9448	39.9171	39.4361	39.0799	39.4142	38.7448	38.9809	39.001799999999996	38.7807	39.101200000000006	39.1938	38.9182	38.846399999999996	38.7693	38.8322	38.9234	39.1589	39.077600000000004	39.4365	39.8993	39.8037	39.5173	39.740199999999994	39.6548	39.0861	35.6987
Sin-CPnd_085-Ex1-4H-lcwgs-1-2.clmp.r1r2_fastp	58.7799	38.7751	41.4993	39.1751	41.1089	39.6789	39.108599999999996	40.5364	40.7725	38.7023	44.122	43.7191	42.9482	42.388799999999996	42.4662	42.0225	42.302800000000005	42.0959	42.4381	41.8328	42.376200000000004	41.707899999999995	41.9715	41.5365	41.612700000000004	41.3972	41.8219	41.4626	41.6683	41.578900000000004	41.950900000000004	41.8179	41.8042	41.3321	41.7166	41.422599999999996	41.645900000000005	41.6319	41.5414	41.375099999999996	41.6495	41.4445	41.8337	41.458800000000004	41.7961	41.2823	41.7556	41.342600000000004	41.5076	41.6257	41.501	41.2601	41.491499999999995	41.4208	41.430299999999995	41.699999999999996	41.6473	41.4383	41.6289	41.4229	41.6661	41.5148	41.4088	41.4069	41.4703	41.2271	41.675200000000004	41.381	41.4399	41.470400000000005	41.5032	41.4528	41.4781	41.5647	41.524100000000004	41.561	41.4196	41.4852	41.6402	41.4125	41.4969	41.4547	41.584500000000006	41.4683	41.4134	41.3845	41.3589	41.3579	41.5591	41.428599999999996	41.4745	41.3855	41.6276	41.4431	41.248200000000004	41.442299999999996	41.488	41.2144	41.4618	41.3406	41.186499999999995	41.195	41.0829	41.454800000000006	40.9186	41.223	40.9587	41.0627	41.0467	41.131299999999996	40.846	40.907199999999996	40.7357	40.6381	40.7085	40.4075	40.2909	40.4007	40.598	40.366800000000005	40.2478	40.0466	39.9418	40.3818	40.0736	40.237	39.6614	40.1536	40.0677	40.0263	39.772800000000004	40.076699999999995	40.0486	40.1265	39.812	39.940799999999996	39.964	39.7098	39.617599999999996	39.665099999999995	39.8574	39.9621	40.1655	40.104600000000005	40.137299999999996	40.5409	40.3958	39.9806	39.989000000000004	37.1783
Sin-CPnd_088-Ex1-2D-lcwgs-1-2.clmp.r1r2_fastp	54.1242	41.9016	41.706700000000005	42.0366	42.411500000000004	41.706700000000005	40.3569	42.1716	43.221399999999996	41.6317	44.5711	44.196200000000005	45.171	43.566300000000005	43.716300000000004	43.656299999999995	43.9412	43.806200000000004	43.2513	42.606500000000004	44.3311	43.1464	44.136199999999995	43.7463	43.506299999999996	43.2513	43.3413	43.8362	43.4463	44.5261	44.6611	44.0762	42.7415	44.1367	43.394800000000004	42.837599999999995	43.5894	44.2936	42.5261	43.6055	42.8276	43.8498	43.730599999999995	43.3333	41.8589	43.952400000000004	43.1559	42.7731	43.0903	43.282199999999996	42.228500000000004	44.0563	42.029300000000006	41.9968	43.113800000000005	42.7423	42.5005	42.5527	42.7594	41.7642	41.419	43.8081	42.2606	43.1865	42.522999999999996	42.903400000000005	41.3678	42.2165	41.6789	41.099999999999994	42.794900000000005	41.3043	42.444199999999995	42.418099999999995	41.531600000000005	43.7145	42.7744	41.505199999999995	43.5465	41.388799999999996	42.8744	41.936800000000005	41.7738	43.5242	42.6879	45.5779	42.451899999999995	41.7947	42.5369	40.578900000000004	40.9951	43.377500000000005	41.728300000000004	42.1757	43.3353	42.182700000000004	39.6736	43.534800000000004	42.2591	41.6209	41.2754	40.990700000000004	40.7788	40.451100000000004	39.7377	40.3633	42.0712	41.327799999999996	41.8942	41.637299999999996	40.8845	41.1819	39.0359	41.5774	38.8388	41.3934	39.495799999999996	41.1386	42.9825	41.8367	42.1237	38.2423	40.5603	40.4255	40.206199999999995	38.3598	41.0569	41.490899999999996	40.373599999999996	42.4107	44.817099999999996	42.4572	39.523799999999994	42.2259	38.8136	36.660900000000005	39.2226	38.6282	42.0664	41.3858	40.8478	41.199999999999996	39.6304	42.0833	40.0	39.254400000000004	42.5056	44.1038	38.5787	39.696999999999996
Sin-CPnd_089-Ex1-9E-lcwgs-1-2.clmp.r1r2_fastp	54.9858	40.588800000000006	40.368300000000005	39.4866	40.9527	39.6372	38.7161	40.4265	40.5058	39.366099999999996	43.8572	43.4688	42.2452	41.9906	41.7936	41.7308	41.929100000000005	41.6881	41.942299999999996	41.8236	41.9545	41.6993	41.985	41.3771	41.561	41.5291	41.435300000000005	41.371	41.7444	41.4841	41.890699999999995	41.7889	41.8583	41.644	41.780499999999996	41.5695	41.5152	41.7381	41.682900000000004	41.711	41.8819	41.326	41.7587	41.831	41.5554	41.7001	41.745599999999996	41.449200000000005	41.8746	41.5462	41.6379	41.5264	41.5686	41.3928	41.3603	41.6761	41.6697	41.4832	41.7697	41.7164	41.249	41.2437	41.3242	41.2468	41.4482	41.349599999999995	41.2042	41.5888	41.346	41.6294	41.6834	41.4811	41.5528	41.3217	41.039500000000004	41.383900000000004	41.3481	41.4793	41.522	41.5273	41.7024	41.1713	41.525600000000004	41.1518	41.5277	41.6246	41.3745	41.4112	41.6291	41.180499999999995	41.2505	41.8724	41.631099999999996	41.4219	41.4204	41.526	41.2605	41.6124	41.4674	41.7558	41.294399999999996	41.5175	41.3632	41.242200000000004	41.3726	41.2849	41.4358	41.4932	41.4339	40.8016	41.1372	40.9935	41.3533	41.0954	41.2204	41.2165	40.9668	41.056599999999996	40.5056	40.4092	40.3315	40.4239	40.2721	40.2947	40.3971	40.5389	40.413700000000006	40.2464	40.5732	40.0701	40.879599999999996	40.5488	40.3442	40.6109	40.5293	40.6803	40.6569	40.2212	40.597100000000005	39.9954	39.9241	40.6252	40.9105	39.9724	40.8465	41.1011	40.9577	40.6508	40.9281	38.4099
Sin-CPnd_090-Ex1-12F-lcwgs-1-2.clmp.r1r2_fastp	59.5465	38.6154	43.247	40.251	40.8905	39.9294	39.1606	40.7882	41.3947	39.3065	44.7265	44.3829	43.309799999999996	42.7979	42.7727	42.2856	42.8069	42.4919	42.9542	42.6057	42.9829	42.4544	42.5847	42.0701	42.2278	42.1922	42.3172	42.2714	42.539500000000004	42.289500000000004	42.592400000000005	42.57	42.4319	42.3868	42.44	42.2182	42.4275	42.3679	42.4547	42.4508	42.5826	42.3119	42.551899999999996	42.4406	42.442099999999996	42.376000000000005	42.454	42.3122	42.631099999999996	42.4595	42.458400000000005	42.411500000000004	42.4286	42.1893	42.2494	42.4285	42.5237	42.3805	42.609700000000004	42.540299999999995	42.707699999999996	42.5151	42.5841	42.2761	42.453	42.2495	42.3783	42.4848	42.5385	42.515	42.6162	42.4534	42.5388	42.365199999999994	42.426	42.3985	42.3892	42.5201	42.4933	42.4277	42.6307	42.4848	42.6132	42.3729	42.477900000000005	42.3134	42.4616	42.379400000000004	42.5096	42.3606	42.4595	42.466	42.580600000000004	42.483	42.484100000000005	42.4386	42.2929	42.405	42.377199999999995	42.3507	42.2786	42.264	42.3264	42.2097	42.4108	42.398799999999994	42.3859	42.1817	42.173	42.1661	42.0595	41.9234	41.896699999999996	41.638799999999996	41.6853	41.572199999999995	41.4142	41.5357	41.3745	41.4616	41.260000000000005	41.1225	41.093	41.2984	41.0997	41.1862	41.1284	40.9954	41.0109	40.954499999999996	41.0205	40.967	41.024699999999996	41.0675	41.0503	41.0372	40.9882	40.9225	40.9193	41.078900000000004	40.9634	41.0229	41.3823	41.2536	41.4463	41.4311	41.4603	41.3564	41.276	38.4309
Sin-CPnd_092-Ex1-11F-lcwgs-1-2.clmp.r1r2_fastp	52.6815	39.9164	40.2431	38.9494	40.148	39.285	38.543699999999994	40.028000000000006	40.179500000000004	39.089600000000004	42.9973	42.715199999999996	41.605	41.4375	41.1441	40.9932	41.4102	41.3603	41.3847	41.4684	41.7126	41.354400000000005	41.2118	41.222500000000004	40.893499999999996	40.9618	41.0942	41.021800000000006	41.4191	41.074	41.4744	41.5753	41.0681	41.057900000000004	41.4268	41.0487	41.0702	41.2196	41.2591	41.2191	41.7571	40.9591	41.3631	41.1731	40.9037	40.9292	41.145199999999996	41.1665	41.498000000000005	41.141	41.2287	40.9388	40.8262	40.7333	40.8275	41.0317	41.0929	40.9537	41.4016	41.1643	41.1891	40.8448	40.7402	40.3832	40.7513	40.6796	40.542899999999996	40.7442	40.6227	40.9328	40.6013	40.5973	40.259699999999995	40.6347	40.1761	40.648	40.783199999999994	40.352900000000005	40.1522	40.5224	40.5644	40.6605	40.7342	40.2127	40.3321	40.4118	40.4765	40.163199999999996	40.6266	40.1957	40.082	40.5546	40.4431	40.096199999999996	40.4051	40.3374	40.2613	40.5009	39.9851	40.3114	39.769	40.1061	40.056000000000004	40.143299999999996	40.4862	40.143299999999996	40.3223	40.4909	39.9521	40.1668	39.7731	39.6527	39.3794	39.9546	39.088699999999996	39.8871	39.8967	39.3372	39.4829	39.4308	39.4298	38.9363	39.0505	39.5124	38.9939	39.4875	39.2534	38.7857	39.1925	39.3161	38.7686	38.9644	39.234700000000004	39.1331	39.2151	39.376400000000004	38.535799999999995	39.0545	39.2945	39.942899999999995	39.6587	39.6626	39.3164	39.7254	39.529399999999995	39.704499999999996	40.1689	38.9901	39.6402	36.1569
Sin-CPnd_093-Ex1-10C-lcwgs-1-2.clmp.r1r2_fastp	54.7816	40.8856	40.3799	39.184799999999996	40.9916	39.818999999999996	39.116800000000005	40.6154	40.9359	39.4909	43.6595	43.4609	42.6287	42.0732	41.930800000000005	41.6086	42.0041	41.6755	42.0282	42.101499999999994	42.1278	41.789500000000004	42.0165	41.477000000000004	41.3641	41.3871	41.5776	41.4219	41.829100000000004	41.674499999999995	41.6338	41.8409	41.6648	41.7328	41.775	41.6271	41.6572	41.4792	41.7023	41.5206	41.8215	41.9151	41.607	41.673700000000004	41.688900000000004	41.4161	41.5706	41.3965	41.8271	41.5773	41.5449	41.3513	41.6619	41.307	41.4355	41.696	41.5051	41.7464	42.0155	41.764	41.6211	41.3737	41.6507	41.0409	41.4872	41.3889	41.6544	41.3843	41.5149	41.6071	41.4983	41.285500000000006	41.355199999999996	41.3728	41.3912	41.1978	41.4042	41.6258	41.3112	41.5684	41.537600000000005	41.330600000000004	41.6299	41.2568	41.487	41.4537	41.5403	41.4794	41.519	41.170899999999996	41.5339	41.3747	41.317	41.3876	41.0528	41.5129	41.285	41.583	40.9403	41.6895	41.187000000000005	41.1879	41.2597	41.267700000000005	41.0948	41.7738	41.2906	41.2727	41.3376	41.2255	41.0332	40.671600000000005	41.1288	40.4917	40.7971	40.659600000000005	40.483599999999996	40.617	40.6933	40.272000000000006	40.3528	40.104099999999995	39.9974	40.170899999999996	40.375699999999995	40.311	40.156	40.9364	40.0565	40.2556	39.8052	40.202799999999996	40.2975	40.300000000000004	39.8991	40.6292	40.125899999999994	40.2461	40.0439	40.3545	40.4402	39.9207	40.2453	40.4287	40.2579	40.2707	40.6248	40.637699999999995	40.2568	37.3628
Sin-CPnd_094-Ex1-3H-lcwgs-1-2.clmp.r1r2_fastp	58.444300000000005	37.6898	42.2307	39.7208	40.353699999999996	39.1834	38.055499999999995	39.4826	40.5167	38.6554	43.4324	43.2763	42.397600000000004	42.0552	42.0546	41.456900000000005	41.9383	41.6984	42.0445	41.6681	42.0841	41.7255	41.8176	41.3756	41.5248	41.3671	41.434	41.368500000000004	41.6513	41.549	41.8051	41.8253	41.822700000000005	41.558299999999996	41.71	41.3997	41.552299999999995	41.3709	41.5612	41.6306	41.7111	41.5162	41.748200000000004	41.7346	41.5671	41.484	41.606300000000005	41.4259	41.7832	41.5214	41.7045	41.5173	41.6806	41.4072	41.5925	41.7237	41.7164	41.5953	41.723	41.6685	41.6491	41.6249	41.7104	41.425	41.5021	41.4255	41.5175	41.6585	41.622	41.5904	41.809200000000004	41.557100000000005	41.579899999999995	41.484700000000004	41.4812	41.448800000000006	41.4595	41.753099999999996	41.557300000000005	41.5139	41.766799999999996	41.629599999999996	41.6281	41.5739	41.5488	41.4742	41.438199999999995	41.394	41.617	41.5021	41.578900000000004	41.5589	41.4073	41.6374	41.4863	41.264	41.3272	41.3341	41.355199999999996	41.5884	41.457100000000004	41.4066	41.320299999999996	41.1927	41.3726	41.3173	41.3101	41.2254	41.1336	41.2635	41.0522	41.016799999999996	41.038000000000004	40.898	40.5346	40.672999999999995	40.413900000000005	40.6431	40.4503	40.4692	40.497699999999995	40.3381	40.165299999999995	40.2745	40.2728	40.2693	40.1462	40.096399999999996	40.055600000000005	40.0998	40.153499999999994	40.0089	40.3446	40.0655	40.2178	40.159	40.1875	40.0524	40.1417	40.1949	40.2119	40.3104	40.3934	40.3916	40.559	40.5606	40.525	40.5403	40.503499999999995	37.655499999999996
Sin-CPnd_095-Ex1-2B-lcwgs-1-2.clmp.r1r2_fastp	58.60039999999999	40.7451	41.67	39.5972	41.7241	40.2964	40.0364	41.0648	41.4565	39.768	45.232099999999996	44.233200000000004	43.8936	43.357600000000005	43.1091	42.7571	43.4439	42.6831	43.323499999999996	42.6575	42.9962	42.7097	42.9706	42.4659	42.6329	42.4412	42.7856	42.2876	42.816900000000004	42.2676	42.9544	42.5854	42.7657	42.4724	42.6891	42.253099999999996	42.8226	42.2582	42.4328	42.0957	42.3055	42.0949	42.5773	42.517700000000005	42.0699	42.371700000000004	42.3787	42.007600000000004	42.362100000000005	42.1806	42.3677	41.8812	42.0067	41.565999999999995	41.7294	42.0105	42.083999999999996	41.877199999999995	41.9277	42.1505	42.2624	41.7634	41.8441	41.6833	41.9684	41.6858	41.5362	41.6738	41.9194	41.923300000000005	42.077999999999996	41.6342	41.948299999999996	41.6982	41.5267	41.7615	41.9309	41.2624	41.9274	41.476600000000005	41.7466	41.7991	41.3499	41.0835	41.776799999999994	41.5293	41.3384	41.619	41.7303	41.9492	41.5406	41.514	41.7154	41.7483	41.4093	40.9074	41.751599999999996	41.637800000000006	41.1248	41.3583	41.354800000000004	41.0467	41.2536	41.3264	40.8896	41.4534	41.1138	40.8735	41.1076	41.328900000000004	41.2754	40.873799999999996	41.118	40.6547	40.6723	40.7902	40.391	40.612500000000004	40.3437	40.0	40.289199999999994	40.3018	40.266600000000004	40.6708	39.7633	40.2035	40.018	40.016200000000005	39.8234	40.8634	39.8097	40.529900000000005	40.083600000000004	40.6698	39.6152	39.7922	40.0661	39.7284	39.39	40.2592	39.490199999999994	40.0392	40.720600000000005	39.9008	40.118500000000004	40.4163	40.3356	39.795700000000004	40.2187	38.0165
Undetermined.clmp.r1r2_fastp	49.4824	39.6053	40.7273	40.1998	40.0467	39.542300000000004	39.4186	40.256	40.2348	39.933600000000006	42.6353	42.7255	41.3572	41.3861	41.2919	40.9832	41.3441	41.1358	41.2692	41.2992	41.4079	41.225699999999996	41.232400000000005	40.9804	40.8155	40.8232	40.8096	40.875099999999996	41.0961	41.1173	41.152	41.4478	41.208299999999994	41.110600000000005	41.3054	41.1604	40.9899	41.3707	41.24	41.2315	41.3913	41.1915	41.131299999999996	41.4026	41.0325	41.214600000000004	41.1561	41.1416	41.5461	41.423700000000004	41.364200000000004	41.0588	40.9208	40.9899	41.058499999999995	41.1708	41.4928	41.4104	41.444399999999995	41.4671	41.0314	40.9616	41.139900000000004	40.6765	40.9647	41.0539	41.002	41.2143	41.003499999999995	41.2386	41.1019	40.8352	40.7183	40.698299999999996	40.6321	40.8714	41.0649	40.738400000000006	40.743	40.710800000000006	40.840700000000005	40.6488	40.8064	40.4899	40.542699999999996	40.6941	40.8165	40.8521	40.808699999999995	40.6688	40.5723	40.940799999999996	40.8406	40.9833	41.0109	41.0819	41.0036	41.2498	41.0785	41.0576	40.869699999999995	40.7865	40.8717	41.2205	41.5908	41.4603	41.7348	41.6357	41.2764	41.525400000000005	41.2565	41.1491	41.3584	41.248400000000004	41.3181	41.8175	41.4618	41.5226	41.3034	41.2548	40.9848	40.930299999999995	40.8023	41.0254	41.2949	41.612500000000004	41.7298	41.8049	41.6421	41.564	41.7369	41.755199999999995	41.803000000000004	42.106	42.0062	42.1915	42.4458	42.1761	42.3031	42.410599999999995	42.260999999999996	42.5443	42.9205	42.8941	43.1983	43.6003	43.5499	43.6229	43.6336	40.8347
