Sample	1	2	3	4	5	6	7	8	9	12	17	22	27	32	37	42	47	52	57	62	67	72	77	82	87	92	97	102	107	112	117	122	127	132	137	142	147	150
Sin-APnd_001-Ex1-6G-lcwgs-1-2.clmp.fp2_repr.R1	39.606749342736194	39.10378003591241	39.34324340234309	39.36277912181454	39.382093813540685	39.366942889478686	39.28135331780611	39.35420774077648	39.37379713354941	39.30857114434425	39.457363957380196	39.46292739941837	39.35564773823994	39.30506240412719	39.31482269219856	39.291763273932894	39.179228644292365	39.12548334234342	39.01591062411187	38.9939081981123	39.00188016426361	39.0902667438044	39.17714493721168	39.169978390611426	39.1650101950531	39.14063449119601	39.097787032331425	38.95818470107935	38.58061487882014	38.089975752604055	37.33451675320302	36.428053874409486	35.377873156543934	34.536462821206825	33.73682336725311	32.92949535612045	32.53079615220411	34.30459458025359
Sin-APnd_001-Ex1-6G-lcwgs-1-2.clmp.fp2_repr.R2	39.51827639771569	39.2130352423972	39.2350658168008	39.252256258205634	39.30578345659774	39.32647424186419	39.30395052697493	39.31624866057272	39.33702445127095	39.2954444393719	39.317261165174834	39.30771968689189	39.173852192957085	39.1411848321686	39.13454127692653	39.14373393293416	39.13333795703078	39.106219936768326	39.11133323813322	39.09758358278484	39.073739629144484	39.03028209154765	38.96097073847404	38.85047485678747	38.65848045121197	38.35106839220616	37.81222132803783	36.98299308199022	36.14149290276496	35.56972904360223	34.85298354368895	34.032799486318254	33.329348589922375	32.90439716466206	32.504511704528966	32.143938482395654	31.827063145629	34.05675074405602
Sin-APnd_002-Ex1-3G-lcwgs-1-2.clmp.fp2_repr.R1	39.64575985929202	39.14996641321424	39.395478743271326	39.41121034665411	39.430030264891364	39.4150183581353	39.33505181476166	39.408180037621726	39.425989239778524	39.36064469085444	39.51374887949729	39.52525293367982	39.44261622669015	39.40394735041948	39.42001203318908	39.39911856708353	39.30608847765534	39.26058603898488	39.165416127994945	39.15098029700366	39.16652188560504	39.24641116089428	39.32760336424351	39.319211147580454	39.3139718271708	39.292396120253116	39.25441571368144	39.12860425486448	38.77421427340268	38.29015764208084	37.52102801217467	36.591226970461165	35.513837608000706	34.61860363456078	33.78280741059413	32.94561453501073	32.531824074700104	34.315772259579006
Sin-APnd_002-Ex1-3G-lcwgs-1-2.clmp.fp2_repr.R2	39.54353435981945	39.26756133337559	39.300321465436454	39.32059945197231	39.372485801306574	39.390043597741794	39.38020255633073	39.39088369181874	39.41739206955719	39.400077133595616	39.41754568595138	39.41869847385267	39.31284067809655	39.288419983992235	39.28370617746008	39.29190001620291	39.2874892969066	39.26936951773187	39.277305940161455	39.2731698244832	39.25691926266704	39.220567579885966	39.16058293696692	39.064133927144105	38.88180021849171	38.57248388448852	37.99947250474365	37.11512271380426	36.22995944681376	35.630365685996914	34.93106095266491	34.130610121064834	33.460814670884	33.06177158502841	32.674979178764644	32.334716419061664	32.00548955413957	34.15264149897445
Sin-APnd_003-Ex1-3H-lcwgs-1-2.clmp.fp2_repr.R1	39.629352480809935	39.16824597268452	39.4054789367053	39.40499771343883	39.43146228342161	39.39046332075032	39.331245249604635	39.384862500027005	39.41767100022707	39.360178199809745	39.50519140012792	39.51316492764862	39.42127521675644	39.37672289252056	39.38892889164396	39.363935261752715	39.26797174497638	39.22598018722539	39.12609498945542	39.100445178485856	39.115306826484144	39.19121189908246	39.27552670479257	39.267795602191654	39.26134280356832	39.24088843030793	39.19984836494823	39.07302808613183	38.713751413104774	38.22923226751411	37.4716858753229	36.54891495364514	35.491184230602414	34.62245487543984	33.79748885760961	32.97491087746751	32.56278186201512	34.27903612282998
Sin-APnd_003-Ex1-3H-lcwgs-1-2.clmp.fp2_repr.R2	39.5128087155092	39.210096797939215	39.24594005859265	39.27011605346097	39.32519535551806	39.34282807612233	39.330750404739085	39.34358561279382	39.372121984056214	39.354341359250306	39.37177482368908	39.37098737808715	39.248023035442266	39.21845602730052	39.214942559118924	39.22474976883642	39.21698667319277	39.197757709737914	39.20386330147634	39.19723027258282	39.178486887391614	39.13994113786196	39.07759705985197	38.97872162619772	38.79489723102718	38.484159933619935	37.91612037870806	37.03851529216284	36.17813713269767	35.60640227336139	34.92323518394223	34.13058960099456	33.46943549672881	33.082151428874525	32.70656507856905	32.363102377767255	32.03488740755837	34.132427746756264
Sin-APnd_004-Ex1-4A-lcwgs-1-2.clmp.fp2_repr.R1	39.581441977554874	39.098312773015664	39.31379937417164	39.34565143399393	39.341109206264555	39.32355526974143	39.265762985154225	39.31524150857573	39.3583081616488	39.294307208005584	39.44364728376375	39.44393668938366	39.33163857549545	39.27409979253829	39.283979483488636	39.2531679925967	39.137220079213385	39.07686083078126	38.960210580539574	38.927622368445896	38.935111728518855	39.02220862209419	39.11171963056814	39.09958947629293	39.09550351894565	39.06418464504975	39.020239836497765	38.87370902548784	38.482340292913214	37.99147500457441	37.22807563133979	36.30338393756689	35.230934457735096	34.38296845822693	33.606436430271195	32.8111859184837	32.434673871618166	34.325577604483954
Sin-APnd_004-Ex1-4A-lcwgs-1-2.clmp.fp2_repr.R2	39.50003999654932	39.205029464124664	39.240835755346595	39.25581033793163	39.310535655747344	39.32433675526033	39.29950313306303	39.312165381810196	39.33968564280729	39.30575484154308	39.3197778387747	39.307961822901554	39.17326493871117	39.137266826715845	39.12897463478153	39.13685968258053	39.12187564811884	39.091688799448455	39.0943178651021	39.07777761143484	39.04880609037879	39.00378741801684	38.93307960455361	38.82229837921237	38.643092520574655	38.34605367767316	37.82821885273255	37.0362756212862	36.20941939537879	35.63823428639111	34.92026513554559	34.14993953671958	33.43734799082305	33.0356987734742	32.60191853341608	32.22486484088492	31.884335460497574	34.11059391598262
Sin-APnd_005-Ex1-4B-lcwgs-1-2.clmp.fp2_repr.R1	39.61675556095311	39.1702180599493	39.38626854128545	39.40739792617598	39.40438357863628	39.39347462227737	39.34754517387522	39.383702618708185	39.41483778715759	39.346210830906294	39.48965606949322	39.495592783378115	39.39531652573068	39.350627353006566	39.36577588649783	39.34227757423447	39.242855511290195	39.18559871249697	39.08766999840266	39.07221600028173	39.09050556038384	39.17500674816565	39.25861586521734	39.25134847932936	39.246666051998176	39.2255394443346	39.186687158488304	39.05696779873159	38.70622157752318	38.244915053059955	37.5173352597151	36.628869296413555	35.58435279591593	34.703994883509075	33.85142607648265	33.016206752383916	32.577806675668974	34.34176192163323
Sin-APnd_005-Ex1-4B-lcwgs-1-2.clmp.fp2_repr.R2	39.54655933364217	39.281996758985706	39.3169801457352	39.32852929320468	39.381447598558495	39.39511807064619	39.381903178353355	39.39008456283963	39.41267261839183	39.38183153019423	39.39189125786176	39.386978300661994	39.271751155427445	39.243175534971456	39.23533279279893	39.24274958600607	39.23501169057525	39.21213231967282	39.21782807398883	39.20714490874227	39.187629903137484	39.146766365830295	39.08275662637716	38.980387702465876	38.80017598861255	38.501646388079656	37.971570569323376	37.14025952376325	36.28796807923044	35.68852057479727	34.963983638234744	34.14556643608735	33.45242010285672	33.02943457646224	32.63536352629748	32.27687485028838	31.93893792325166	34.12060638235574
Sin-APnd_006-Ex1-4C-lcwgs-1-2.clmp.fp2_repr.R1	39.611158080650966	39.170798274682525	39.374722640417296	39.399872224429735	39.43686026095746	39.42478263533809	39.3462704511208	39.391221663728444	39.4186742550822	39.3596007836812	39.494627051833575	39.49859940902398	39.39570561610935	39.346054149664766	39.35716638188468	39.33181714414569	39.233305178460625	39.17305534102325	39.07741142541346	39.05411920611276	39.06647879301164	39.14493615928787	39.222489943573024	39.20986116982332	39.19778406061279	39.170045554871066	39.12015935271299	38.980537356630236	38.61469997157556	38.156344544951516	37.453211629658334	36.61025410042316	35.620739985253934	34.78154094641552	33.97360799602942	33.14040063321387	32.69118511473533	34.365683184645974
Sin-APnd_006-Ex1-4C-lcwgs-1-2.clmp.fp2_repr.R2	39.52750238640986	39.23875413105723	39.27667611895205	39.29042885249898	39.3449320899618	39.35894371299048	39.34474579259782	39.35184984992588	39.377532448284555	39.34791773206989	39.357458039123344	39.35190030592872	39.22410004538128	39.191114542976486	39.18376605826507	39.19296498539257	39.18469112938999	39.15903112004203	39.16116686531839	39.14658638036978	39.12048668319774	39.07268332491574	38.999650411439106	38.885835275551344	38.687511519151286	38.37682120674177	37.83100481412056	36.98747085740804	36.139358201851735	35.56147025989292	34.879420500704654	34.085585433318656	33.42628830577907	33.02620415106443	32.65444721183369	32.305715737937376	31.975883861066404	34.089766598968225
Sin-APnd_007-Ex1-4D-lcwgs-1-2.clmp.fp2_repr.R1	39.61462360115849	39.16474338415738	39.37640241965236	39.38269015609925	39.40808799365878	39.39091178393147	39.30680860087318	39.361725824333206	39.40200355215301	39.33676610196686	39.48551860172252	39.49091440162455	39.393787781173664	39.34601305908499	39.36443664726784	39.34002263430151	39.23742640019334	39.18387401163712	39.08754522496983	39.065152928377856	39.08058412555977	39.16499095451257	39.25458721371816	39.24805515561654	39.242008728814675	39.220065113769664	39.17517532441616	39.03669945864979	38.64880310188603	38.14421103464536	37.38567374622708	36.49033328078495	35.45176679305466	34.60201178017358	33.80112318487945	32.9933499229239	32.58675756159455	34.34641511417587
Sin-APnd_007-Ex1-4D-lcwgs-1-2.clmp.fp2_repr.R2	39.55767804220663	39.30171850609197	39.33838249919633	39.35188292169953	39.403635373056105	39.41745961737613	39.40111993949551	39.407457299117006	39.432009565314175	39.40220916347003	39.41297136601584	39.408085601953594	39.297197825469176	39.268578033246335	39.260014644315206	39.26710630891891	39.258549245378894	39.23530813877771	39.23968967952203	39.22949555910337	39.207786890126854	39.167294298527494	39.10290468576637	38.99774295312789	38.81330427372512	38.51284422382945	37.98295948175966	37.164635358776344	36.335061619243376	35.76541601036039	35.07541766968418	34.285219193499785	33.615160943335404	33.21763749451168	32.83476141196138	32.49679465026183	32.17445503783495	34.2911414082016
Sin-APnd_008-Ex1-4E-lcwgs-1-2.clmp.fp2_repr.R1	39.59643892193955	39.14015655008496	39.35464390818666	39.36864707445408	39.36757784774861	39.35392147070955	39.306543905524414	39.349142705523064	39.38034700230413	39.31326091947773	39.457121443062604	39.45931120781181	39.34620302950933	39.29321853521894	39.30242948837533	39.27549682871161	39.16270374400994	39.10173602081136	38.989617927399976	38.96350779564669	38.97581584454865	39.06378582347926	39.149181578853685	39.14036837398896	39.136870095623706	39.112310479418674	39.07002555399974	38.93024992241946	38.551941422374114	38.07943712445954	37.354357124448015	36.492425627989945	35.47318964283587	34.65194516383161	33.86377283420039	33.044291781564326	32.62503422213222	34.395537933945405
Sin-APnd_008-Ex1-4E-lcwgs-1-2.clmp.fp2_repr.R2	39.50957211620287	39.20979182713985	39.246528013342875	39.26342420020772	39.31862342568933	39.33462363616779	39.316984906708285	39.32735000866853	39.352510841792856	39.320904481139706	39.33261697228329	39.324176228281395	39.19217179832556	39.156931520419505	39.149569489078644	39.15570542539405	39.141723306339564	39.11288388517042	39.114100898253696	39.09803180046144	39.07290494411577	39.02796489741119	38.9590366417321	38.850438581950314	38.666138853687734	38.36401061230016	37.83655336899905	37.0244985846707	36.19069551144074	35.6130153743063	34.914861158122974	34.12389209943553	33.436433435866945	33.03402989460385	32.64649947483364	32.288911011516745	31.95187908936838	34.13146177581053
Sin-APnd_009-Ex1-4F-lcwgs-1-2.clmp.fp2_repr.R1	39.608901395605514	39.14467294295155	39.389095489810444	39.39759558011768	39.43580894293422	39.40667623625455	39.34700295075832	39.38535268155612	39.41032156144046	39.344484443191604	39.488945793727446	39.49367621377929	39.39376432222595	39.34536765458655	39.360972784453914	39.33481450935905	39.23465409466333	39.17040205413126	39.0765238985285	39.061473662126154	39.07853424686054	39.165723278187734	39.24793320035842	39.2409808635069	39.235546195070185	39.21421243518874	39.17158007736114	39.03954057874751	38.67452727210652	38.204615604314846	37.47633608701989	36.593117908424134	35.56172399339523	34.69952098236023	33.87735551177875	33.046103138729606	32.63560345437386	34.40067819906694
Sin-APnd_009-Ex1-4F-lcwgs-1-2.clmp.fp2_repr.R2	39.547621372512864	39.28324090042944	39.317517247056486	39.332435730902326	39.38355021962123	39.397549979704564	39.3831380828709	39.38977440522466	39.412802613846004	39.38323643245547	39.39381026924553	39.388267620267705	39.27371396680539	39.24299666731785	39.23410014623289	39.24116915778435	39.232020469955515	39.20808939860794	39.21266453036768	39.20393380206626	39.18307232459294	39.14292953468123	39.077836495305945	38.974284770210886	38.790852312127896	38.49196444142459	37.96251701556501	37.138515029937274	36.294207912764975	35.70097459596032	34.99951216067216	34.2021955690051	33.544205587485315	33.13473399332909	32.75664406101451	32.408303436831225	32.08178197588795	34.226745401858174
Sin-APnd_010-Ex1-4G-lcwgs-1-2.clmp.fp2_repr.R1	39.60762080425793	39.10038958478585	39.350454771130806	39.36957386294585	39.38976956398372	39.3712556837135	39.28364288389443	39.3573539388103	39.376827515406674	39.30877614238143	39.46352837720805	39.469488164572944	39.36685200526091	39.31854005234118	39.33163904499927	39.307942445601256	39.196734215506105	39.139802302878465	39.03361247133971	39.01472939297791	39.023230502330556	39.11447806078635	39.2023477230684	39.19487622194813	39.190653414575614	39.16543625928407	39.12256338940572	38.98198918504234	38.59591137429062	38.099383099643234	37.33233630528104	36.41126693389823	35.34431497918496	34.47338544015234	33.668239439721944	32.84578196299359	32.44570436321611	34.32036530657271
Sin-APnd_010-Ex1-4G-lcwgs-1-2.clmp.fp2_repr.R2	39.52422549344081	39.24960337169128	39.285161183419866	39.300076028230194	39.354398185637294	39.370158166073985	39.35318610729799	39.36263888960278	39.38695685922825	39.35662663953567	39.371308181263075	39.36594912755711	39.247338763655705	39.217103778401636	39.21024156449478	39.21831265234694	39.207271581692666	39.183592639818	39.18758187596038	39.17583280059034	39.1538898549641	39.11146264647765	39.0436206103319	38.93689025839652	38.753175765131175	38.448399673833414	37.91152310087675	37.084942072306845	36.23900009701425	35.65387864466659	34.936368526010085	34.14321147596611	33.445728690680404	33.04381894128202	32.64197783804692	32.27983797201124	31.95316894747149	34.15476144054814
Sin-APnd_011-Ex1-4H-lcwgs-1-2.clmp.fp2_repr.R1	39.599859033478126	39.12835052410265	39.37307590025844	39.37149073836038	39.40188573553504	39.35717953752989	39.29321321139002	39.345645374018204	39.3802445443458	39.31387565285555	39.46248820140568	39.466272289264055	39.360335015255565	39.3095728967028	39.32373968461907	39.29650284950786	39.18999964566951	39.127864688989675	39.023494532909965	39.003123466591596	39.019788696234116	39.10926311129829	39.19531858106913	39.18907020556209	39.18520387159437	39.16335845246542	39.122880503391265	38.98880324138683	38.62184233866825	38.15756360294286	37.430954665438165	36.5501048057716	35.515761940028725	34.663097263755844	33.84635046031006	33.00943236276551	32.57361241996817	34.36873424016892
Sin-APnd_011-Ex1-4H-lcwgs-1-2.clmp.fp2_repr.R2	39.52042892020846	39.23035417443358	39.26465737198308	39.280559584600944	39.33370053246641	39.351170673524635	39.33562696425844	39.34535509302431	39.36769716419501	39.335166751885325	39.34782434711283	39.34144053682379	39.21687485948408	39.18510267710165	39.17795747713798	39.18566766981322	39.175195265298214	39.14991523518506	39.15458488228024	39.143674595217746	39.12185328909345	39.08062595672342	39.01390153043394	38.908617572394135	38.72534904738098	38.421089632862525	37.8871632623768	37.0579881094949	36.20623083326106	35.606919599134116	34.88811719391796	34.074805498603446	33.375883088871106	32.95052467013486	32.5615836216906	32.1901809820134	31.84112884993012	34.06996059443371
Sin-APnd_012-Ex1-5A-lcwgs-1-2.clmp.fp2_repr.R1	39.596374824569885	39.131933775231666	39.33343405705729	39.36436860785583	39.36067556896489	39.34450734518006	39.2959808385113	39.343109189120156	39.38343536086913	39.32480350555096	39.463063271455084	39.46453192687231	39.35431752561696	39.29812151348742	39.30633044435329	39.27800445163301	39.16878643176444	39.110888076748566	39.00146576432056	38.96805918468796	38.97944170728597	39.06109844284769	39.144005727382776	39.12902514901307	39.120005739622755	39.08825613722555	39.03943666946422	38.89358295594694	38.510899853995326	38.03544227419972	37.30554976024424	36.45225671072724	35.44920932268977	34.65875663334745	33.89722323119635	33.103375241857556	32.72801102672426	34.445442135355684
Sin-APnd_012-Ex1-5A-lcwgs-1-2.clmp.fp2_repr.R2	39.50429243349162	39.182740984826175	39.20747830806153	39.226102700225866	39.27725257636591	39.29616943995094	39.27285176011663	39.28675232996831	39.31080005744167	39.26929175135554	39.28843582399962	39.27670954688874	39.13782177646767	39.101903122487656	39.09410668178405	39.10255116243894	39.09067196089809	39.05905172519239	39.06253550845493	39.042666012319124	39.01321053469603	38.96257878859227	38.88622228037612	38.768317510571286	38.57108508986291	38.263103708168735	37.73608538148336	36.93462400054772	36.12448012579919	35.573856582632196	34.88102584807651	34.09682847270376	33.41829761112255	33.020758405857464	32.63625253356057	32.29466217303364	31.97456495283501	34.13315182575272
Sin-APnd_013-Ex1-5B-lcwgs-1-2.clmp.fp2_repr.R1	39.597101691531314	39.14818428346018	39.362131289757386	39.39040437611451	39.386974959762924	39.37650513968641	39.32412356894281	39.361740836195246	39.39589753173415	39.329449011607515	39.471505303429076	39.475714696290225	39.36764103459573	39.318395722813634	39.33058470063385	39.30628938080649	39.20055671508923	39.14491447593127	39.03859973995248	39.0163030509936	39.035249308433464	39.12294728185315	39.204752266905885	39.19351873355765	39.18724993483785	39.1594926813965	39.1156375911553	38.969781394112054	38.583847130272595	38.0924281915254	37.345642074429236	36.46271290677292	35.44235708242762	34.619004684900574	33.839480796867036	33.03857309093853	32.65281177374506	34.45768732642371
Sin-APnd_013-Ex1-5B-lcwgs-1-2.clmp.fp2_repr.R2	39.53062221835028	39.23968454690254	39.26576401254762	39.28482674445055	39.33474926698287	39.35328438080804	39.3330957062626	39.34301201289559	39.36383340428849	39.324018389250085	39.3406551299946	39.33050133453436	39.202643896615285	39.17010782324011	39.16213675677316	39.17194995065662	39.16123210303046	39.13649062541303	39.13993539848137	39.125900870992496	39.099839732943124	39.05379484492058	38.97949720801726	38.86523394427476	38.67159005570473	38.36751252988824	37.850137401768606	37.054493745499464	36.23964772438616	35.67056273086988	34.95559442316236	34.14994144072785	33.45253106653125	33.037882908769035	32.62607037042578	32.272905486052785	31.942526844491532	34.17121217294021
Sin-APnd_014-Ex1-5C-lcwgs-1-2.clmp.fp2_repr.R1	39.6017319850662	39.160438849382196	39.36531842201151	39.39724062629921	39.43081702040993	39.41649063875342	39.33649172481396	39.38321308721708	39.414151972767094	39.352518835042915	39.48626001186398	39.48998062537207	39.387668750247215	39.33895559709076	39.350244387185136	39.323975233221624	39.22082475146253	39.16629190723737	39.06263569448119	39.036346333151826	39.049776010092174	39.13093888500602	39.21159981173092	39.19843134325332	39.19036343425486	39.160820508728	39.11743737355111	38.97321037981794	38.60293926942296	38.12325825709674	37.384555713729995	36.49481272167081	35.470095656141865	34.63647674137151	33.86985231475073	33.07784072606107	32.69221215872375	34.450015769014065
Sin-APnd_014-Ex1-5C-lcwgs-1-2.clmp.fp2_repr.R2	39.53583039487595	39.24198311252106	39.26547802658227	39.28198579483255	39.329321966017034	39.347899699964046	39.328038279997955	39.33987821637311	39.35742958793063	39.315880172454925	39.33416056507753	39.322663758151215	39.193731999844125	39.15968024638223	39.152028360016985	39.162642824832844	39.15274188175255	39.12567665413813	39.12898624357723	39.11494653963014	39.088440136982584	39.04077504867896	38.967486523908846	38.855724112599255	38.6664291368606	38.36827610013627	37.85345777118222	37.058208342798615	36.242377274721854	35.67694155790518	34.963525912760346	34.15874603181564	33.4579201708366	33.03123332434246	32.62526406253016	32.27571015889454	31.947369729831376	34.177268815780764
Sin-APnd_015-Ex1-5D-lcwgs-1-2.clmp.fp2_repr.R1	39.60429575097421	39.169666682335645	39.36218890348855	39.37416620907821	39.397320545867565	39.38249779386262	39.301406485799234	39.35709317469806	39.39558452223539	39.33648548042043	39.47567371973224	39.4806092512894	39.37482963251408	39.321451441925596	39.33454858508957	39.30692835384137	39.20381117500931	39.14673837896242	39.04401943360392	39.018692112571635	39.032829045042725	39.115852710288046	39.19676795961922	39.1851958438677	39.1762211411184	39.147927925594026	39.102366046876625	38.9609998684622	38.58553813139032	38.113226606659204	37.39159083179463	36.524033660482985	35.519541174669264	34.70642565911809	33.92841322426435	33.133796336601044	32.74307383382086	34.43947769823284
Sin-APnd_015-Ex1-5D-lcwgs-1-2.clmp.fp2_repr.R2	39.53881892798405	39.24620333061128	39.27092084789819	39.288602332818826	39.3363860452005	39.35503815642689	39.33378568726573	39.34513591748846	39.36511418753569	39.32693614042289	39.34481742109323	39.3351924666729	39.207744724807064	39.175288845319415	39.16645407741348	39.17443884505047	39.163305947901094	39.13572785204425	39.13799993878095	39.12247318174142	39.09635373040296	39.05028735160764	38.97914870995298	38.86915147375994	38.683170825166826	38.385628243222286	37.87227910572386	37.07278269270276	36.249477506475486	35.68213190297398	34.9875408480403	34.19444192063378	33.51139720486241	33.107675483237486	32.718136085376734	32.3753394882235	32.06461563839347	34.20676910821007
Sin-APnd_016-Ex1-5E-lcwgs-1-2.clmp.fp2_repr.R1	39.59909529047852	39.15828478944336	39.362880085523834	39.381444295893054	39.38048402372747	39.3709111066223	39.323406568770686	39.3663351291119	39.398916506684756	39.33180990744599	39.46866729169203	39.47238966252003	39.36362261042831	39.312573158337706	39.32372715848184	39.29787209206197	39.18830141750728	39.13428436694145	39.023960028786384	38.99729045575471	39.013384640018366	39.09902553434363	39.182422988602696	39.17140690185336	39.16715823728696	39.14010378711447	39.09667906444975	38.95245988643163	38.56710237858921	38.076898144851974	37.33150719947662	36.45501416969181	35.43369632042553	34.616499323905906	33.852159641191705	33.05721432897541	32.68099719924623	34.452264096190966
Sin-APnd_016-Ex1-5E-lcwgs-1-2.clmp.fp2_repr.R2	39.539381329319944	39.24798071449775	39.2716589071498	39.29053704428271	39.34020698063912	39.35739354635755	39.33705041766074	39.34786283423655	39.367875284706884	39.32611543258967	39.343656367889096	39.33194426723064	39.20085715277127	39.1664446258883	39.15764074979118	39.164303931434254	39.15115630130271	39.1227656648198	39.1252935659636	39.110058052473185	39.08344578082254	39.038361789105295	38.96624586349097	38.85725781922779	38.67321812858921	38.377866235588094	37.86599921785894	37.07920611928192	36.267181104379304	35.69805512140949	34.990082028328445	34.194957344012366	33.49307405844665	33.08118727166832	32.67737220756257	32.311982189423	31.98238660330992	34.22168504107418
Sin-APnd_017-Ex1-5F-lcwgs-1-2.clmp.fp2_repr.R1	39.600727907314464	39.148891836545545	39.37702982449552	39.39610518866483	39.43084183270909	39.40238853586841	39.345525917056	39.38521602524651	39.41067877156009	39.34842781736056	39.48430746424107	39.48737177320616	39.38308009192175	39.33204339753077	39.34475062596512	39.318491767422486	39.21524971319866	39.15902205205293	39.058391774554075	39.034140951681955	39.05159959380491	39.13489866030886	39.216525932378126	39.20591224625571	39.20181961344359	39.177357841313494	39.135773923310545	39.00074571860621	38.63380136688536	38.16955502035703	37.44540748346205	36.583141831860665	35.58866301979042	34.7667525221142	33.98705456331468	33.18697153608479	32.78268981142451	34.482720082391296
Sin-APnd_017-Ex1-5F-lcwgs-1-2.clmp.fp2_repr.R2	39.54430361027837	39.262737064594475	39.28728749452665	39.30650438253674	39.35229402557301	39.37017220960809	39.3522710652432	39.36196006498162	39.382160485311324	39.34121715821554	39.35659622061297	39.344439802652715	39.21821356051347	39.1841457731203	39.17590295405201	39.184034200368366	39.17162265883293	39.14484302574603	39.14792834379396	39.13425058919911	39.109775903044735	39.06476910678293	38.995101475623336	38.88651829013103	38.70343489294088	38.410335390035435	37.892539958604644	37.09470128371965	36.27221701774017	35.68966330419509	34.984320623836695	34.18236735241946	33.48811245186242	33.0635731295613	32.67933065342716	32.314097293773315	32.002969912167075	34.18086830035432
Sin-APnd_018-Ex1-5G-lcwgs-1-2.clmp.fp2_repr.R1	39.61659174766835	39.13532159100743	39.376696561445655	39.39942625701884	39.42063778924714	39.40749725040729	39.325900846144165	39.39434283507441	39.414367489602085	39.34884573987132	39.49285175901895	39.50086784649986	39.40471105062961	39.359883639665725	39.37593440978174	39.355027246405555	39.252467900774505	39.2029157949093	39.104899718194204	39.087642202528365	39.102047623258514	39.18600323719233	39.269222208874666	39.26173812828871	39.2558251668195	39.23199850638528	39.18817405896102	39.04941370276791	38.66451320964215	38.16558555434423	37.41099913958541	36.51362009926927	35.4831672672082	34.643159341221036	33.859768698348674	33.05819528047609	32.65482079290459	34.39767659252599
Sin-APnd_018-Ex1-5G-lcwgs-1-2.clmp.fp2_repr.R2	39.55927008021519	39.300969038637504	39.32818434183403	39.34503027935162	39.39295793606794	39.41206924232504	39.39408393221808	39.40193840230997	39.422553995418944	39.3858239935003	39.403380857509134	39.39661507955371	39.283168023359515	39.25447568995181	39.247142550856815	39.25321289925819	39.24548350333041	39.22176829217677	39.225782089585806	39.21320326202669	39.19015548408321	39.14543331742393	39.075881890766766	38.967347170482036	38.77733182971467	38.46990126733539	37.936102995213574	37.10900486529961	36.26917097054156	35.68262480346109	34.966784344983836	34.14274042227832	33.44708042713496	33.024022032970834	32.63189013637359	32.27929592011155	31.973741059455683	34.15784580649446
Sin-APnd_019-Ex1-5H-lcwgs-1-2.clmp.fp2_repr.R1	39.59285976916102	39.13895424141858	39.36899445838458	39.373034115659244	39.40280531055986	39.36207270276612	39.298606128407705	39.35109713109292	39.38690195902192	39.32405025328616	39.46304517235548	39.46633110008294	39.35562924122652	39.30147708194506	39.31194725561048	39.284260861678696	39.1764457429246	39.11757312442627	39.0088423681394	38.98075213395852	38.9963880070013	39.08192198617631	39.16328273070228	39.151422286394535	39.14442527582547	39.116100256047915	39.06909465139677	38.92268483030961	38.53360674884356	38.04597119072709	37.304797991293945	36.430079981968106	35.4223558928682	34.61134493421538	33.847896885771675	33.05127857701923	32.661448480831844	34.42350566374393
Sin-APnd_019-Ex1-5H-lcwgs-1-2.clmp.fp2_repr.R2	39.52384547013036	39.22190728259213	39.24822992306617	39.26732655146996	39.31773883548072	39.33521569944413	39.31637613155856	39.32602581213779	39.34699454590682	39.307048159438565	39.32432082232936	39.31247749573343	39.179579158579884	39.14472580111281	39.13633155273266	39.14442930216446	39.13044452072641	39.10105724343974	39.102051668265446	39.0845707179047	39.05511040419903	39.0062587424776	38.9294803923048	38.81277582845007	38.61726371201185	38.31139771072297	37.78900006849584	36.99216885436058	36.18235362421673	35.625729896258804	34.929491566896495	34.13859086241007	33.453548753614314	33.05330187214323	32.654933611604235	32.30842041108306	31.99433324189177	34.19328543995029
Sin-APnd_020-Ex1-6A-lcwgs-1-2.clmp.fp2_repr.R1	39.568073830449265	39.08312691044097	39.28386437539536	39.319919923864084	39.315811243748605	39.29823142249716	39.23912075514491	39.291245231821414	39.334929820048	39.27415499104244	39.41964524634092	39.41951952709259	39.29481526491169	39.2309253513395	39.236061746542056	39.20393519959102	39.08102403015265	39.02126275578565	38.89864751144474	38.863130986425006	38.87017778102498	38.96003268635905	39.04868674563977	39.03595298483163	39.031960765162026	38.99645253986913	38.953689464061725	38.80523799609081	38.41856244767331	37.93171204850431	37.15787932887213	36.20639608683605	35.088128861813914	34.23559585724989	33.45479125412031	32.653560369310675	32.318558771756344	34.29319027080891
Sin-APnd_020-Ex1-6A-lcwgs-1-2.clmp.fp2_repr.R2	39.47923394476716	39.14183491206147	39.158967286075956	39.17856199920087	39.232864861624115	39.24996854605004	39.21824981509813	39.23318201031304	39.25893413442879	39.21220984751277	39.23229458248844	39.21467707856586	39.056221005096056	39.01406660254959	39.006586516147145	39.01707041796652	39.00256779858358	38.96901414503684	38.977272523240195	38.958956304707776	38.93244265874407	38.88695674527188	38.81670191056941	38.70668560628832	38.52954093322504	38.23646327074253	37.731950960854626	36.95761212747348	36.152535467890615	35.596713536405225	34.88116905156534	34.10608945959733	33.38688024124331	32.9775700032612	32.537781741141785	32.17009579762283	31.845688049157253	34.11303891125874
Sin-APnd_021-Ex1-6B-lcwgs-1-2.clmp.fp2_repr.R1	39.583207303450635	39.118125613308415	39.33645339179278	39.3643789527814	39.35964120293326	39.347057130453486	39.28896636265302	39.331352775899326	39.36732286366199	39.30031791029653	39.45032439157198	39.45334133915439	39.33761736848873	39.28502737284184	39.291907231866084	39.263838454864384	39.15011223769547	39.08696873514094	38.971219033715784	38.944177170945025	38.95193931046609	39.04011278881934	39.12302944224982	39.10974378109453	39.104405965226775	39.07388228516321	39.02855576327602	38.88727333580801	38.50817186553438	38.02810368237818	37.27739439331057	36.36387387102383	35.29052028756428	34.431361225420034	33.64420936121896	32.83058412566227	32.44628412435667	34.362347233248045
Sin-APnd_021-Ex1-6B-lcwgs-1-2.clmp.fp2_repr.R2	39.49264813571776	39.18705259798214	39.212429924544296	39.231487527272506	39.28753282832341	39.3051326243378	39.27780179774816	39.291953451543705	39.316788491572254	39.27568417249359	39.29524776295371	39.281615513785844	39.13927278778182	39.102680031714996	39.09482607254662	39.105962319505736	39.0932598912276	39.06265196819969	39.06734382535963	39.05008878258244	39.022579141505815	38.975048374392244	38.90258529286801	38.78691651159534	38.60037696691951	38.29670196222371	37.77744309148012	36.990063628374045	36.167888954011985	35.6015672922979	34.87980054615623	34.0932251356567	33.37713046356222	32.962405734491725	32.52800239737187	32.16344860451943	31.83572890409092	34.092195279905596
Sin-APnd_022-Ex1-6C-lcwgs-1-2.clmp.fp2_repr.R1	39.585122687592474	39.121422941706705	39.350953244805055	39.38362239150468	39.41980022274294	39.40481332178652	39.3105089184963	39.36298865883732	39.39566706040694	39.332772597092095	39.48061783878914	39.486143703905135	39.38555420951637	39.33574542874506	39.34707643005612	39.32012510245458	39.21208097885492	39.15466973141253	39.047210080435754	39.02118729202009	39.02571071621365	39.10561137479698	39.19320006348883	39.181216533928534	39.17593123211979	39.146945934299914	39.1014810843305	38.96469276388748	38.587548331151325	38.11043531078429	37.367863705002286	36.46638130685179	35.42316413673991	34.58279893880151	33.81343983994975	33.02945114249101	32.629025882130975	34.46185853998022
Sin-APnd_022-Ex1-6C-lcwgs-1-2.clmp.fp2_repr.R2	39.51197001748762	39.23570180427774	39.26386736791361	39.2858128423026	39.33802201379711	39.35767228042583	39.33255592425324	39.34167006578988	39.36823072608674	39.32917337814868	39.34787578276806	39.3357719371382	39.207762113910306	39.1723900076908	39.16478615496828	39.17721550659961	39.16716083088995	39.13937248513814	39.143368767238954	39.12895279754142	39.101277497166805	39.053690118312595	38.98055943382638	38.865617981998064	38.67761346754337	38.37565125717391	37.852375002772064	37.04953440065002	36.21362159800851	35.626104106595676	34.88836326373671	34.07382803305094	33.343872819388125	32.920347499721	32.47675610587474	32.105133424313685	31.761624908179733	34.04037575595615
Sin-APnd_023-Ex1-6D-lcwgs-1-2.clmp.fp2_repr.R1	39.55977671621428	39.09747944836968	39.2928603093701	39.30887691687786	39.33147021003703	39.31583738028848	39.23370921306739	39.28972546398564	39.32560656679405	39.268878721685326	39.413137516048664	39.41562112787419	39.283438503900676	39.21846100613202	39.224077257835056	39.189323138512854	39.07259316927834	38.99956335819394	38.880859470982145	38.843056547049194	38.85342484960315	38.93890206134525	39.02193608820501	39.007573979054534	38.99532985342071	38.961611646844595	38.911448874990484	38.760701858860536	38.36672441307313	37.89712573967373	37.182520422882064	36.32789364398631	35.34824252475109	34.54601765027392	33.78333176358461	32.99860614229296	32.58848401882165	34.36498234227355
Sin-APnd_023-Ex1-6D-lcwgs-1-2.clmp.fp2_repr.R2	39.466448085946	39.10082592485026	39.132040076972785	39.15697292525785	39.210531714248425	39.233326528302875	39.20785128140477	39.21806012502288	39.23719928172488	39.19911931953156	39.22056133406286	39.20603830379385	39.04045575692427	39.00107099257705	38.991837346695355	38.999868207447086	38.98475921815049	38.94704468655989	38.94654618074703	38.92415264469513	38.89204030749601	38.83847248335983	38.75874522719901	38.635408217238606	38.43665282201609	38.12059804989457	37.59034114205779	36.7725885668785	35.95596550958159	35.41162705209514	34.73618492207297	33.96630061814549	33.29854744618571	32.92356880939138	32.53992104338155	32.209513945680214	31.888404704137496	34.05983893374092
Sin-APnd_024-Ex1-6E-lcwgs-1-2.clmp.fp2_repr.R1	39.59212385010435	39.14475427956519	39.37212550751352	39.3917749232904	39.39227377895686	39.38300399016495	39.3293689775187	39.37292781329898	39.40168372632392	39.33822656402342	39.483972159336076	39.48979094464022	39.387672114390085	39.341091738357036	39.35322996693469	39.328227369448584	39.22325521500774	39.16524943502002	39.06246037077334	39.04164067195993	39.05289018808641	39.13441923954021	39.21797095365946	39.20976030501581	39.203625752360594	39.17849345540098	39.13442515630511	38.99553017543205	38.62153106817896	38.13918945272088	37.39030573288584	36.48582246030652	35.43841872090378	34.58181943294076	33.77160419142005	32.96705898819564	32.563508036789514	34.33781123810827
Sin-APnd_024-Ex1-6E-lcwgs-1-2.clmp.fp2_repr.R2	39.534817227094585	39.25377615097065	39.28801131174955	39.31272358184356	39.361265803389635	39.38291064183238	39.3621024003993	39.36977002699345	39.3847174627651	39.35176299756464	39.3709781666959	39.360824535207634	39.23867162873381	39.206767462536085	39.200108020183755	39.2070467833409	39.19712081411306	39.17030504477411	39.17550865230285	39.160932552025336	39.136049370193305	39.09244894498913	39.025913899779354	38.91762215877132	38.73300105076389	38.43179706956935	37.9023980177124	37.08381017109309	36.23625914792363	35.6399880180909	34.92634649498267	34.10719611396597	33.41297407079922	32.97489957803143	32.57140858196843	32.219667503252865	31.894636921395904	34.09184298164358
Sin-APnd_025-Ex1-6F-lcwgs-1-2.clmp.fp2_repr.R1	39.614812586451976	39.16001844308813	39.39842416581937	39.416555621713925	39.449595563686614	39.42554337235107	39.36281914430221	39.40180239773996	39.42846246611346	39.366482055731204	39.50802153835798	39.51329864935819	39.421252071834964	39.37606780413267	39.39045325178433	39.36627931828613	39.267013681043395	39.21487216671496	39.122103378054355	39.10338924929046	39.113432323407274	39.19171799134275	39.27793641709708	39.27027839106408	39.26348898718155	39.239696754236114	39.199376877629575	39.06742658911676	38.70626068478499	38.22139752283622	37.4635417462919	36.55232656152674	35.48662831372791	34.60362836558173	33.79567745272574	32.991046995098465	32.58288766440666	34.33590753728307
Sin-APnd_025-Ex1-6F-lcwgs-1-2.clmp.fp2_repr.R2	39.566361945743026	39.30973100044058	39.332755774926184	39.34881051361286	39.397193010739954	39.417111296613086	39.396064071033315	39.40325654299576	39.421222349045	39.384402626630376	39.40152738575597	39.39248392912569	39.277677616869354	39.247746672108335	39.24060364279495	39.247169284427876	39.238902499383016	39.21561537042718	39.2210300037587	39.210394936182965	39.189067379051075	39.14663016451833	39.08105532192859	38.97739789408443	38.796352190266994	38.50043941683114	37.97649026096491	37.15669660430094	36.32529185644311	35.739274090561956	35.028742432229585	34.206903330918195	33.52015819142242	33.09530901298653	32.69333006063338	32.34104160654254	32.033928620732894	34.17928426304037
Sin-CPnd_013-Ex1-4E-lcwgs-1-2.clmp.fp2_repr.R1	39.476204910578964	38.860260685056076	39.28463170657775	39.382843285844196	39.33919369505911	39.36586844498333	39.36223097908457	39.42891785389512	39.459230069718096	39.310578963322214	39.50142467414368	39.53949681721734	39.454137617459835	39.46201080844382	39.445169111414245	39.466421104153184	39.35039583516587	39.23891419776369	39.20489248099291	39.119626372410224	39.22896332254402	39.31694516743232	39.32272921450786	39.27059909922497	39.33814108202044	39.333104822913924	39.309453930244615	39.1748948599985	38.889182277542055	38.41065392819961	37.74255414759254	36.796990672625725	35.68537359427022	34.612059629226906	33.55004189690404	32.561254035602936	31.770258840426123	33.27080181543116
Sin-CPnd_013-Ex1-4E-lcwgs-1-2.clmp.fp2_repr.R2	39.24825704759018	38.983934525613826	39.18035768414671	39.28705668384359	39.323431342831164	39.392543194907546	39.41073052440133	39.3003940588057	39.52106698999697	39.40806304940891	39.387208244922704	39.4233404061837	39.35374355865414	39.3224807870796	39.31289912842948	39.3593360817963	39.381429937967084	39.3425782268222	39.36631273071068	39.30826058203941	39.28357764684611	39.2172628054705	39.19875991779335	39.035886764758146	38.9220670433718	38.42064549127429	37.802352523673186	36.80093936805031	35.76004322585398	34.83295968015807	34.0046049283531	32.82040605592457	32.129772464277714	31.819093033183833	31.56696620449738	31.143962018372786	30.762855027209675	33.1380042462845
Sin-CPnd_015-Ex1-4A-lcwgs-1-2.clmp.fp2_repr.R1	39.61610410736071	39.020333468889795	39.3920292801952	39.42578283855226	39.448149654331026	39.38308255388369	39.280601870679135	39.372509150061	39.44164294428629	39.365189101260675	39.560390402602685	39.58243188287922	39.52517283448556	39.501660334192266	39.522514656968795	39.4964777160839	39.43465745852358	39.34805367921639	39.25059424610191	39.256748562236645	39.244156783479966	39.33441160610606	39.397974847672565	39.39125053927672	39.37120605342978	39.37457271095879	39.36850254149643	39.25848969096235	38.983823391409814	38.4955059437091	37.671734208727244	36.58097934920964	35.47796834928601	34.28886489115923	33.46935665543429	32.34785246147007	31.77762250681796	33.63503649635037
Sin-CPnd_015-Ex1-4A-lcwgs-1-2.clmp.fp2_repr.R2	39.389995933306224	39.21960146400976	39.33794225294835	39.397722651484344	39.42374949166328	39.56364375762505	39.50793005286702	39.4217161447743	39.511996746644975	39.46360309068727	39.48759658397723	39.47523383489224	39.40496136640911	39.38223203676553	39.367896271950045	39.38746863239411	39.38840873397861	39.356761992348154	39.377354367108005	39.30078724253815	39.3091829492955	39.290012945864376	39.21384801395193	39.09880869326014	38.9161591712826	38.521709050377886	37.84760497286227	36.85380408248405	35.75543748753228	35.011488907196494	34.17884686664756	33.06853599692458	32.581842299859	32.029520431982846	31.543211386458275	31.012978361101528	30.739232102327218	33.30319563522993
Sin-CPnd_018-Ex1-11A-lcwgs-1-2.clmp.fp2_repr.R1	39.5727610045231	39.05756947473456	39.36456683974355	39.38920788943793	39.40146866392213	39.3770427155345	39.33196704169978	39.37924152889229	39.405029785555946	39.34494482053979	39.53731708920132	39.558569098307274	39.49208367440832	39.464443933006976	39.48215024023934	39.464007699007574	39.384390184841855	39.33593118514009	39.240131702189764	39.23074054182155	39.22724614983954	39.30579239960993	39.39055626519755	39.377982618749975	39.38143430623339	39.35702569477324	39.3167142604896	39.196273472795035	38.84084796563699	38.36591045945824	37.57163592183996	36.51195875944863	35.294919138591524	34.220576229254576	33.298202265682164	32.35857999903526	31.799362757960388	33.93109570041609
Sin-CPnd_018-Ex1-11A-lcwgs-1-2.clmp.fp2_repr.R2	39.41588045147374	39.23067822637022	39.328907823115024	39.36769775876388	39.43693647938911	39.44793054617807	39.4492689543089	39.456845300335196	39.48033914306029	39.45674491972539	39.47915847588774	39.480597264628386	39.38975759277738	39.36426677051186	39.36453351432776	39.372292022840284	39.367638520660456	39.357289185550044	39.353901917296156	39.33084257103208	39.31418334450747	39.270383676579655	39.21462503758907	39.09596760069171	38.89957648730079	38.54590025780902	37.880082896322264	36.89858219652753	35.88826451402372	35.134347430222554	34.36562955405804	33.384332607119106	32.672511240565974	32.17969393695576	31.789857536628848	31.336471195534358	30.966086786327832	33.43980140670252
Sin-CPnd_019-Ex1-1H-lcwgs-1-2.clmp.fp2_repr.R1	39.63854251012146	39.147206477732794	39.45133603238867	39.418218623481785	39.477570850202426	39.39570850202429	39.34145748987854	39.39255060728745	39.42534412955466	39.37280971659919	39.5402914979757	39.56591093117409	39.50939271255061	39.474590436679144	39.49851661346044	39.482909191089156	39.40734475341864	39.352082378945596	39.2710282788428	39.270143315313035	39.27078071189858	39.36383215986306	39.429181268126754	39.40580469369801	39.403308621167	39.3901370722946	39.3745532608352	39.25100197235468	38.92903125779709	38.49037150857933	37.697256226910625	36.77073424905658	35.611544359894545	34.631796463105374	33.72662552274712	32.82975866133761	32.276900593305506	33.9953667953668
Sin-CPnd_019-Ex1-1H-lcwgs-1-2.clmp.fp2_repr.R2	39.54591093117409	39.277085020242914	39.352712550607286	39.3885020242915	39.40591093117409	39.441295546558706	39.42842105263158	39.467044534412956	39.44502024291498	39.44055060728745	39.461101214574896	39.46751417004049	39.38424291497976	39.370879858008266	39.36295290955789	39.37277565160638	39.37007480070962	39.339286139172465	39.354881944451975	39.359415417246886	39.33088896675248	39.29391826161999	39.21965114517077	39.13091104953946	38.9375063465172	38.58773461634771	37.991271884265046	36.99441893789156	35.930069848993554	35.268736538766966	34.42914657175474	33.54121333236638	32.82603120959207	32.31464203574795	31.936654868306356	31.40317965471487	31.068874639976382	33.63601286173633
Sin-CPnd_020-Ex1-12E-lcwgs-1-2.clmp.fp2_repr.R1	39.60856677988763	39.15749839016502	39.44598081961492	39.43713287160153	39.44041644341983	39.44080968555376	39.377320743031014	39.42435250224885	39.461769491292145	39.390600529893774	39.55129499550229	39.5649994838697	39.48734595968285	39.463503049142865	39.479520224980945	39.45873620884679	39.375869301535104	39.318419485191704	39.234570697698736	39.22943262250821	39.24405381369662	39.3168455931375	39.39952454202237	39.39103101371846	39.389373358118	39.36538042852498	39.33441066802813	39.22261962036017	38.9096881952501	38.499803280737424	37.79963027909314	36.9437712776291	35.89922825543584	34.99639377024546	34.07457909214371	33.17138997117026	32.66163294304273	34.42730676062541
Sin-CPnd_020-Ex1-12E-lcwgs-1-2.clmp.fp2_repr.R2	39.52197486199659	39.27159759532435	39.358622079562714	39.37991614111494	39.44189110142206	39.45414059389393	39.44104563083412	39.45195810005063	39.476712692381426	39.450900278710364	39.47424706420169	39.470715749839016	39.38299129460226	39.363096057080064	39.35526137602854	39.36357723000003	39.354479322957125	39.341112056731426	39.3413495499296	39.33354272971328	39.310990306362925	39.26765496633995	39.21292363627387	39.100533008916685	38.89796373105524	38.57971071578249	37.99153476860973	37.039456254572706	36.09483906856067	35.43060937851105	34.62689813923733	33.72307348240785	33.061901311110454	32.59236292674558	32.23425166674184	31.84404605363448	31.534671299085723	33.94306480920654
Sin-CPnd_021-Ex1-3D-lcwgs-1-2.clmp.fp2_repr.R1	39.599435825105786	39.12552891396333	39.50822755054067	39.429243065350256	39.4381758345087	39.37282557592854	39.35966149506347	39.44334743770569	39.46638457921956	39.34151386929948	39.56859426422191	39.578091208274564	39.5171603196991	39.51255919694563	39.54980553238419	39.52112523620556	39.43149608323038	39.40165514473508	39.293251884954216	39.287753904438055	39.31830836394552	39.405560962791085	39.455326169927176	39.39811478004529	39.40410508721731	39.371024349215794	39.29819998164054	39.21078026849476	38.873392011224055	38.37379532283004	37.56428139938801	36.72166811063528	35.541900125531456	34.27995515279525	33.1995059407556	31.992563122377014	31.41186526299569	33.507246376811594
Sin-CPnd_021-Ex1-3D-lcwgs-1-2.clmp.fp2_repr.R2	39.43958627174424	39.34743770568876	39.45275035260931	39.478608368594266	39.493182886694875	39.55665256229431	39.49083215796897	39.488481429243066	39.582980724024445	39.52496473906911	39.546497414198406	39.539069111424546	39.4589562764457	39.475060255600404	39.45870372298439	39.43990973767082	39.444731790567474	39.44550294038314	39.46204459110497	39.40438084298877	39.38117934881999	39.376546922331826	39.320846349714074	39.215003918679244	38.94385932781017	38.663710855705084	37.99142379926737	36.851877112310255	35.84155220230339	35.17482056700224	34.14471000317393	33.260187612918486	32.62759273058755	31.99017021203228	31.46493759553753	31.101732271678163	30.682532873740257	33.63333333333333
Sin-CPnd_022-Ex1-1D-lcwgs-1-2.clmp.fp2_repr.R1	39.56161907183007	38.98652656554529	39.398356071519366	39.369431969042175	39.40400531028444	39.39564443691213	39.3272886478547	39.38683162443861	39.378696720616894	39.3254131005847	39.54010677061267	39.56378837951586	39.5000649662458	39.47646012657628	39.49564623101187	39.49431793903163	39.42707510751437	39.36040810021594	39.27181104533605	39.266316565073176	39.26966944061157	39.34616503159715	39.41331745476442	39.4151044078359	39.41841125503173	39.38104197673034	39.34887610670986	39.24353093736763	38.923781811988015	38.48430570601886	37.70982162413102	36.595995165772194	35.394902160497935	34.248809949846006	33.25062897383579	32.18201995321994	31.664462078067476	33.821946169772254
Sin-CPnd_022-Ex1-1D-lcwgs-1-2.clmp.fp2_repr.R2	39.25701211761715	38.99624325622123	39.15509985029517	39.22176086772308	39.34073383611558	39.343784425048725	39.34683501398187	39.34095980566619	39.40615202101517	39.36495777194023	39.40127107872214	39.41123633590374	39.31122221280682	39.3099828586496	39.28791519436162	39.30516442739092	39.300921253928195	39.30264285968855	39.289139302290955	39.2856267108789	39.27107445719448	39.23952167570776	39.158107355675625	39.04222957084151	38.79679425095327	38.40025550118118	37.713490602046704	36.66405818954999	35.63084786669917	34.87233859745214	34.01433585648578	33.016530546327076	32.33151570393344	31.835668052785373	31.413968943999027	30.94467450456724	30.5548700097007	33.47347545860188
Sin-CPnd_023-Ex1-12B-lcwgs-1-2.clmp.fp2_repr.R1	39.58577079019479	39.11378656185292	39.403727170152884	39.42708707889549	39.426045554301865	39.42768223580613	39.357751298805965	39.419052460601854	39.43886622608523	39.369500688150175	39.544427223469015	39.54544394985803	39.47854831310214	39.44501708804457	39.468409243827764	39.44837872554923	39.35567629890929	39.30248514232918	39.22114578005254	39.212459580573025	39.214746012008206	39.28846104105098	39.35493658648663	39.36902774938761	39.3646250887144	39.34655663253322	39.31240862807939	39.201952168834865	38.88051910736399	38.44746699922126	37.68812399928533	36.765902899555805	35.64943970658208	34.73506183936385	33.85695706576172	32.840898133062254	32.274085891104605	34.11406228933531
Sin-CPnd_023-Ex1-12B-lcwgs-1-2.clmp.fp2_repr.R2	39.495406132596	39.277578703301884	39.35321322736234	39.398321161547905	39.456175372903004	39.47836976602894	39.448314342041634	39.46133339946188	39.49349667084103	39.4613829958711	39.47848879741106	39.48168776580575	39.388158857298734	39.36737537404674	39.37040636315352	39.375753759764834	39.36538967202951	39.34917422015127	39.3510839298223	39.3349846663658	39.31230018354761	39.27317171378261	39.20302708667179	39.10902838382522	38.89348566925597	38.557354177909176	37.967988132959604	37.038620013110595	36.08036739121143	35.36208932985288	34.569728985974784	33.61874153530024	32.87111998128519	32.41644755978835	32.02968111938475	31.600696629284887	31.234441683686576	33.60135996600085
Sin-CPnd_024-Ex1-12C-lcwgs-1-2.clmp.fp2_repr.R1	39.58725036989977	39.13183478646125	39.39769450040543	39.42785491569629	39.48356140336212	39.44273449973668	39.36449129377147	39.41688749195416	39.445175420264654	39.38633251690672	39.54433029332843	39.56847200046812	39.4824245362669	39.44685556940495	39.47493401063192	39.44721485373419	39.361789478270666	39.31807844483071	39.22830434316328	39.21545605088191	39.23354147818933	39.31115638631976	39.374820909096265	39.36513768564507	39.37486405307446	39.35114403785697	39.31131444439451	39.20641306992066	38.87091433367361	38.45662290107029	37.72483006563064	36.82439099312778	35.68515257846441	34.74231807524702	33.787016010581155	32.83709984494692	32.26213749894159	34.10710035700119
Sin-CPnd_024-Ex1-12C-lcwgs-1-2.clmp.fp2_repr.R2	39.50646593160407	39.28357310640575	39.33469868842318	39.38097586665218	39.45460472970149	39.468514632984196	39.473095538632585	39.46079062419019	39.47169117339731	39.453421050431764	39.47704113619835	39.46760513930801	39.384446655019346	39.35760528849763	39.35162732838492	39.37240533244888	39.356419008383384	39.34042944623356	39.33692550422706	39.33645620458546	39.3079349443734	39.279155841617474	39.19033503350173	39.079931249727494	38.88447180318633	38.53833426997245	37.95585732778867	37.01835973488485	36.06515971542699	35.38520243786941	34.55774492368418	33.59984327882895	32.883649796143494	32.38726930056845	32.01299210214122	31.597106493708395	31.235669769439443	33.512647132481845
Sin-CPnd_025-Ex1-3B-lcwgs-1-2.clmp.fp2_repr.R1	39.62108104791705	39.09393214307626	39.414442603840726	39.45812626541505	39.47137861218479	39.43677526228603	39.38548377201055	39.36560525185594	39.42646788146512	39.37959384011289	39.539161911773725	39.56463586723112	39.48512178661268	39.496492541905546	39.509442983650715	39.49505258593962	39.42494714324391	39.368774329549794	39.27352549165751	39.23865178513744	39.27816783824267	39.34445740957874	39.41326346655384	39.4165430512966	39.425949200486805	39.380186139777166	39.36281850548454	39.20600722007172	38.93228563656603	38.48610246937676	37.73630161373039	36.715735039986455	35.421250704197654	34.25319713946965	33.318602561180114	32.40485806745615	31.794684006980447	33.904761904761905
Sin-CPnd_025-Ex1-3B-lcwgs-1-2.clmp.fp2_repr.R2	39.34425424872691	39.21835695441438	39.296398552058406	39.355543284864105	39.41321553469538	39.441438125038346	39.45223633351739	39.47039695686852	39.48929382170685	39.45920608626297	39.48070433768943	39.46460519050249	39.41149763789189	39.378208071734136	39.37745305664367	39.397818725074785	39.387414542563945	39.371417165476075	39.372123969538904	39.35447669872342	39.331080386770765	39.28466437657753	39.19707575334784	39.11002767241483	38.839336023638865	38.46209387154464	37.77647448733515	36.70622402269828	35.71739245958601	34.939481719750255	34.2705215240357	33.16078706507493	32.449387885892435	31.852066706741898	31.62159767954522	31.266016811866308	30.908433355456346	33.494912118408884
Sin-CPnd_028-Ex1-12H-lcwgs-1-2.clmp.fp2_repr.R1	39.60429178757001	39.09678453336932	39.440954180444024	39.4146028746879	39.4724509076186	39.41330386665767	39.35611377285917	39.39577569336662	39.44706120520953	39.371570281395506	39.546318914906536	39.56558472231595	39.48918955395101	39.46555796541416	39.48595846386109	39.46234885358034	39.38127742852601	39.32510436901622	39.24146879372265	39.2327417350612	39.23978126100333	39.318455190373264	39.392738982718434	39.38860346017047	39.37739759505692	39.36035511003867	39.33617770079232	39.22133558468119	38.90513917039034	38.480432834175446	37.73957291042639	36.83952714972127	35.7631107620211	34.84254402700773	33.88711647616581	32.98247944276059	32.47591361323265	34.298451693259175
Sin-CPnd_028-Ex1-12H-lcwgs-1-2.clmp.fp2_repr.R2	39.439908225926175	39.19756731223429	39.30654902490046	39.34260071529793	39.40475065793913	39.43321074296511	39.42276806802079	39.42916188676699	39.47169174708145	39.435069842769416	39.45959916323638	39.46230852284229	39.37830150482488	39.35098524117795	39.34809463608638	39.356111879530445	39.347330162127534	39.3298555284216	39.330544694408886	39.32033306606553	39.29975786865617	39.26088893245145	39.18085441240417	39.07196379421699	38.86586430893978	38.512853679533045	37.87335440246737	36.89712964087896	35.93585068791871	35.2396341466591	34.430030956361364	33.49615412120596	32.76319467153016	32.332059691563046	31.98148935302394	31.553068504268186	31.175090547895273	33.71852503159862
Sin-CPnd_029-Ex1-4D-lcwgs-1-2.clmp.fp2_repr.R1	39.6002360810545	39.046626008262834	39.425929569152075	39.396812905764314	39.42081447963801	39.43379893763525	39.38107416879795	39.41058430060988	39.407436553216606	39.36384025181979	39.54939996065316	39.549478654337996	39.50202636238442	39.45311909195196	39.48491571524225	39.44865198478426	39.386719181063775	39.34110940387255	39.24982749009774	39.20593114733874	39.215264547267985	39.289000420267044	39.40143198265277	39.37606125510146	39.36181079361518	39.38359165651123	39.31689486261382	39.183053361439974	39.034039662823425	38.55356355293433	37.74218678020613	36.908885654323655	35.763523853155824	34.58559977156121	33.92399611772031	32.69899770357384	32.08376352490908	34.043795620437955
Sin-CPnd_029-Ex1-4D-lcwgs-1-2.clmp.fp2_repr.R2	39.55144599645878	39.36179421601417	39.4027149321267	39.33897304741294	39.48062168011017	39.47157190635451	39.46645681684045	39.464489474719656	39.47393271689947	39.46700767263427	39.49289789494393	39.45772181782412	39.399488491048594	39.362781742474375	39.36268820934728	39.370322220826104	39.3910693472141	39.33150412272854	39.33663909161284	39.335106167837154	39.31482741599922	39.30565515157408	39.20453279351851	39.14333663242332	38.964902315207446	38.55976810787236	37.977534961039986	36.91367597511294	35.85113376693497	35.08762845308496	34.305264667026854	33.38904582063771	32.347664478463585	31.861004817184615	31.595450478037293	30.99326731078503	30.581854416881527	33.07692307692308
Sin-CPnd_031-Ex1-3G-lcwgs-1-2.clmp.fp2_repr.R1	39.62262048472467	39.113752437552236	39.408673042993776	39.430587798309965	39.51081808895905	39.42278763116352	39.365586405422974	39.480360293434856	39.4406165846411	39.37294084873247	39.58621970470796	39.596768502182194	39.557099080694584	39.5130568288041	39.53859130458095	39.51920413530766	39.41754963453654	39.39528117056567	39.29116617360789	39.29803809970221	39.28525530810736	39.36761483051042	39.466727497642566	39.452426079764116	39.44031404662752	39.41763392190603	39.37872381451494	39.2812419934403	38.92050947125095	38.50625178260479	37.72908609297845	36.58008494523118	35.395913833204276	34.44227409183545	33.169183570768595	32.41787231551341	31.822029206096545	33.80213655364607
Sin-CPnd_031-Ex1-3G-lcwgs-1-2.clmp.fp2_repr.R2	39.416101773609434	39.18655399758566	39.242640913733865	39.386015414616026	39.37821524746959	39.4406165846411	39.3953013278856	39.41350171789396	39.455474045872414	39.44306806574427	39.48912619556133	39.509555204754385	39.43333642863776	39.35703235661482	39.41126736690394	39.37151871607192	39.397748804919544	39.34875686523772	39.359097815723736	39.34112684224814	39.304382411507135	39.31906119283785	39.199953851247	39.05778517084782	38.84999814635909	38.430388719093585	37.81651822984532	36.78129785430012	35.7918414917284	35.00088205596141	34.262718961428064	33.212534602660085	32.45285960667205	32.12225546415824	31.737756722138982	31.338148598683368	31.091713699723773	33.56040070713023
Sin-CPnd_032-Ex1-3E-lcwgs-1-2.clmp.fp2_repr.R1	39.600807992575206	39.0906807883387	39.39487907408419	39.402958999836216	39.414096194791725	39.369984167713056	39.36714527488126	39.41606158213681	39.37719058797838	39.35203362996124	39.52996669760332	39.55647758912486	39.503150079161436	39.46251575815575	39.510433916917876	39.461598963757055	39.40064956650515	39.328844374507824	39.2508673812789	39.22164674590707	39.24348380600876	39.31065616577242	39.38683626336298	39.38604384115189	39.36683153461697	39.375440118503256	39.33167535795907	39.20939105223172	38.91763579020189	38.454265222037655	37.74818291772832	36.723845176921586	35.47320037853388	34.52060213237435	33.55658331067241	32.461677212353	32.03491090928413	34.04728023869635
Sin-CPnd_032-Ex1-3E-lcwgs-1-2.clmp.fp2_repr.R2	39.321286236829174	39.04241961019817	39.1802151007261	39.25315280886608	39.2697494131135	39.33111317355462	39.35950210187258	39.35033029426216	39.42938254080909	39.40300267511056	39.397368564721305	39.44890538843697	39.34037233171371	39.33789555702532	39.298042284199354	39.346977911050985	39.30171560434104	39.28859968149881	39.28422746982059	39.28730869169782	39.26874673903247	39.21492735579881	39.162086894388885	39.03119424359102	38.81893566049875	38.4233576436071	37.75490787947736	36.689253714822875	35.5921382126334	34.983626754818886	34.234438299248914	33.23017253779625	32.512754166201645	31.967493742776934	31.665138019919397	31.265657896520395	30.913285981196815	33.54922127534528
Sin-CPnd_033-Ex1-1B-lcwgs-1-2.clmp.fp2_repr.R1	39.546813532651456	39.07264621033307	39.28140571728298	39.402045633359556	39.435615001311305	39.242591135588775	39.305533700498295	39.26671911880409	39.34644636768948	39.34896407028587	39.53338578547076	39.57660634670863	39.52583267768161	39.47560143244126	39.515807876633104	39.450571780838104	39.421452150332456	39.355307807786666	39.242811357641905	39.27725567093249	39.28279176792738	39.40820839915078	39.34425097191339	39.4301898611428	39.35023410395963	39.23007028781858	39.150002437614546	39.227919175506145	38.82326560068714	38.16262673372306	37.38346938838653	36.573749638712066	35.132892297001256	33.7033404602642	33.20914897386412	31.919625654871368	30.533955478993157	33.49771689497717
Sin-CPnd_033-Ex1-1B-lcwgs-1-2.clmp.fp2_repr.R2	39.387359034880674	39.273013375295044	39.30133752950433	39.368476265407814	39.47757671125098	39.38211382113821	39.448203514293205	39.4618410700236	39.5017046944663	39.462260687123	39.477157094151586	39.45890375032782	39.40708103855233	39.39246759446126	39.43579224512475	39.44539737019055	39.425537801793084	39.3028614276989	39.353484708659856	39.37263238121193	39.38147943861306	39.344007154081375	39.19582302574956	39.039300633792855	38.805604610710496	38.576490055903754	37.9747971821595	36.58405485002851	35.717230485465265	35.25668175054202	34.23374103191488	33.17237141564279	32.526430091597334	31.428492619488576	31.61069186244642	30.941313324816186	31.053658694802504	33.18181818181818
Sin-CPnd_034-Ex1-3C-lcwgs-1-2.clmp.fp2_repr.R1	39.63606753162152	39.113186037674396	39.440638401824	39.41240974974214	39.45735844959557	39.43216980619945	39.39851256717876	39.45670701916291	39.42587264535042	39.373931925519784	39.56475761359318	39.5693610553173	39.52111177460507	39.50688406806675	39.52305165489047	39.50532056500792	39.418466477860456	39.36817944668663	39.26583182420395	39.26447689358871	39.26179125257339	39.37129192597332	39.41434721960522	39.42875426085449	39.43530616313289	39.40358518137275	39.41301459050367	39.21851176406686	38.97158489602213	38.583489972260615	37.76782216449224	36.789278286840236	35.738361380718665	34.839909516902125	33.96506911522179	32.94849390150503	32.5586202594027	34.09910641754671
Sin-CPnd_034-Ex1-3C-lcwgs-1-2.clmp.fp2_repr.R2	39.448455567015905	39.27408935454101	39.33597524564356	39.37288963682754	39.42000977145649	39.42283263666467	39.448455567015905	39.442158406166875	39.453884153954725	39.430432658379026	39.46091960262744	39.46747733564953	39.39872971065632	39.38506047503397	39.3800461496664	39.36987213449932	39.3724268415595	39.38106724214582	39.372214469256164	39.36207298839154	39.3302798022449	39.2918937013718	39.229161895908874	39.135965642606735	38.93683019627575	38.60108452653271	37.96375722525619	36.92319017444626	35.90173452403444	35.21484405148764	34.419351138790645	33.5415793823067	32.75049416335823	32.419304455233984	31.842843619463327	31.71408093701084	31.30185533602856	33.47867298578199
Sin-CPnd_035-Ex1-12D-lcwgs-1-2.clmp.fp2_repr.R1	39.61439752019176	39.144119600689265	39.429798130517234	39.42248192608708	39.46114229054958	39.44518141299012	39.35767575737156	39.42211611586558	39.440695424484254	39.3867672965662	39.55468574013997	39.567673928320445	39.504223182741455	39.47108782418901	39.497297002448946	39.4742816554991	39.39032608414751	39.33840209811632	39.25107198230213	39.247751077899196	39.25366009931342	39.31851956697292	39.40205182365701	39.39857178122848	39.38640788114422	39.37960943236682	39.35208412205291	39.240336365682815	38.92190796279492	38.5075104198211	37.82124986882295	36.93323807490857	35.90906982338184	35.00249362007638	34.105656132907484	33.21095024418557	32.72858817742023	34.33613817537644
Sin-CPnd_035-Ex1-12D-lcwgs-1-2.clmp.fp2_repr.R2	39.49441176753723	39.25351611008962	39.34202293052494	39.376871167415935	39.44144629809682	39.45717613762166	39.447491793336475	39.44712598311497	39.4735990912504	39.44857382146536	39.4729444834856	39.4707688753261	39.39545047603461	39.376407839047026	39.36841638020412	39.37839187641522	39.370110867111045	39.34615451744964	39.35482752839756	39.341307575268765	39.321393979374804	39.28536958312427	39.20844235625127	39.11003996546835	38.90244770303402	38.57846501070115	37.967961708295476	37.02639422420368	36.04236307787043	35.3778974877423	34.58832483570688	33.683020229927344	32.975999790682536	32.525561235412894	32.18973881745153	31.792324239854715	31.498187747566938	33.86816697923179
Sin-CPnd_038-Ex1-11C-lcwgs-1-2.clmp.fp2_repr.R1	39.57795610689183	39.06694887437607	39.39258186098629	39.41134791909543	39.451800205996534	39.436542880103225	39.33560457719777	39.40279113988523	39.432173942569975	39.36271009948954	39.54900340686579	39.56873380040973	39.51165691390024	39.47700800135518	39.50504104297858	39.48528598699795	39.40553462958993	39.35729016901279	39.26890322234771	39.258502222800075	39.260515682986316	39.33631103676278	39.402288786275214	39.39939606900121	39.395577904251454	39.379102067390356	39.34770249254093	39.23022508582035	38.89591924965553	38.44358975827163	37.63594894287801	36.61249692011703	35.39599375058908	34.36196833991829	33.359426215044934	32.40504841925014	31.82189131335003	33.83968216873101
Sin-CPnd_038-Ex1-11C-lcwgs-1-2.clmp.fp2_repr.R2	39.393509977249835	39.20709443017057	39.30418444612964	39.34282577446775	39.42871048431823	39.445054385349344	39.4333963396	39.44704643976865	39.47412027028557	39.453067876990644	39.47952598159613	39.4761892904438	39.3908388133694	39.36680271540348	39.36710786529373	39.37042276194911	39.36620893346955	39.352992143678094	39.354019181271674	39.347333447537586	39.31898597105602	39.27752211575114	39.215961130051596	39.09748815361108	38.881770612997	38.52213561377632	37.86364401269884	36.842207848445234	35.833594091621215	35.14645644290887	34.2942885320258	33.353107635872355	32.59736995852792	32.12759650411756	31.75201188003757	31.302571987238945	30.987031045349788	33.56052123073874
Sin-CPnd_039-Ex1-10F-lcwgs-1-2.clmp.fp2_repr.R1	39.61636730044686	39.10027162008236	39.442407780601066	39.42849382283361	39.471707701743625	39.43720318934548	39.36884254797161	39.425234381845264	39.43646718654166	39.37243844738456	39.55934460702707	39.57562078331726	39.51450100762288	39.48880564192718	39.506009132327776	39.49258766718437	39.40820102775341	39.35913536769744	39.27363597085087	39.26153373898053	39.273997879752216	39.34522929693078	39.42280438343199	39.41166328649601	39.421136526989756	39.38666592421403	39.35732748375903	39.24769153991059	38.94551997245146	38.49244303555412	37.74160753327577	36.79589089147264	35.63252897761489	34.65046773021177	33.66321081033258	32.70002626039161	32.1597413103707	34.10654210963693
Sin-CPnd_039-Ex1-10F-lcwgs-1-2.clmp.fp2_repr.R2	39.4699377902392	39.223499518093405	39.30640497678086	39.348760185753086	39.424410759660034	39.445947603609916	39.43276964864628	39.439691579777445	39.46415491106633	39.4368737404714	39.458862700429336	39.463913081573644	39.3781757644791	39.3634912651613	39.35405707482032	39.35988147794937	39.35944176135897	39.340068397750976	39.33982476591302	39.33557406819976	39.305603584976396	39.268736706764614	39.18706222441151	39.07329120601189	38.85961858298369	38.50811178014002	37.86676147412403	36.87358331497556	35.86431315939368	35.15195711265428	34.3463388801381	33.37280992169206	32.5929935043492	32.13255340228786	31.69238775093418	31.26272586711632	30.931677192244884	33.42635197918602
Sin-CPnd_040-Ex1-11E-lcwgs-1-2.clmp.fp2_repr.R1	39.57428846787278	39.05910626929036	39.39666467409206	39.41859926071415	39.42311305217699	39.40039770162618	39.35011162484293	39.39280965219407	39.418257676495344	39.36171572873333	39.54393627014432	39.563123543692285	39.50340486269534	39.484702214811975	39.50079156527276	39.48550765879495	39.394828825083884	39.35658717338427	39.26577253960887	39.25094680771668	39.258397532682615	39.33000031975563	39.40751859546566	39.396983862088206	39.37885841642062	39.369895399838185	39.33523192334365	39.23030991541501	38.89394303971251	38.39939525250778	37.615176109461245	36.591671489462364	35.37225894125865	34.34598404509338	33.33147927644611	32.34838695351296	31.86141761648455	33.85194694052203
Sin-CPnd_040-Ex1-11E-lcwgs-1-2.clmp.fp2_repr.R2	39.41120640226421	39.22079759915092	39.3290797965134	39.376462407436776	39.4478291102951	39.480133217845335	39.47444828048944	39.45971136133511	39.49430896292591	39.47547791292042	39.503160873967616	39.504819997316126	39.419584975174146	39.39808971634897	39.39301428699231	39.40911784414366	39.39133386797311	39.38095790381327	39.37690468126961	39.367201882540115	39.341272734613575	39.30173254491137	39.23148230238995	39.12774659506879	38.90462807972948	38.554446931117894	37.904805067288066	36.89315438344579	35.879792757012574	35.19748775586246	34.38650004531021	33.44681334291756	32.74164817379504	32.242876190075606	31.884666932243476	31.52862437686012	31.123974930399278	33.52620151399566
Sin-CPnd_042-Ex1-10D-lcwgs-1-2.clmp.fp2_repr.R1	39.5910753229324	39.10199630934407	39.40513336688475	39.400436168428115	39.42724375104848	39.395470558631104	39.31290052004697	39.37725213890287	39.408689817144776	39.34082872001342	39.533387015601406	39.55422244589834	39.48628082536487	39.463770352392544	39.48659093184683	39.46173693448893	39.38222739850879	39.33413127771625	39.23708860463303	39.22654415717147	39.233958119568655	39.317607256129705	39.38583364099823	39.39028352146445	39.382225587290364	39.36067313751532	39.32133644896366	39.210787655042864	38.83261668648588	38.36263637821424	37.55513403711434	36.534733156472846	35.3708751014197	34.33376194027907	33.292872939621454	32.31691991294592	31.804931941675697	33.80550871275998
Sin-CPnd_042-Ex1-10D-lcwgs-1-2.clmp.fp2_repr.R2	39.50665995638316	39.3087401442711	39.364032880389196	39.399060560308676	39.44019459822177	39.48334172118772	39.478610971313536	39.46696862942459	39.48444891796679	39.46306324442208	39.48722697533971	39.484596544203995	39.40571716155007	39.38881389488502	39.374481919694915	39.3770624809506	39.37840470769544	39.3609705467292	39.35901471241617	39.349865119150586	39.325789539661	39.29378881727458	39.21724427173405	39.111956523847766	38.90835336289427	38.55192256592722	37.96440193020429	37.025444085120874	36.001522948504636	35.300208552323056	34.42755309151372	33.4492125272948	32.65874543940571	32.153966477831545	31.705432117559504	31.343649061582777	30.826154028296703	33.146107358691786
Sin-CPnd_043-Ex1-1C-lcwgs-1-2.clmp.fp2_repr.R1	39.607168361274525	39.02030128880879	39.40313530791988	39.429319549767065	39.45802019927228	39.41843778692148	39.361104498928825	39.38422824497569	39.420546128472814	39.35367769578672	39.55557520318292	39.572809195089604	39.51475499030843	39.47367644249174	39.51563855532525	39.48717907717833	39.424454432201586	39.37323275333109	39.277167797953375	39.273633697632285	39.26383377896078	39.35252399603246	39.42857532090249	39.41175368632297	39.405241768314326	39.38590381415139	39.35610572238653	39.2515144117644	38.94186459320554	38.51447340093746	37.71529832375403	36.69895392111269	35.501411498490505	34.45011160815596	33.41877462407237	32.42164124536792	31.864780455074246	33.728232367377124
Sin-CPnd_043-Ex1-1C-lcwgs-1-2.clmp.fp2_repr.R2	39.35607168361275	39.047709728976095	39.19624579181828	39.265412996905496	39.34056517155779	39.35335124290135	39.35518754038154	39.3693338320808	39.396606250212535	39.368463291053146	39.399353895331046	39.41617982113102	39.324201720678744	39.322956319087055	39.31349336189501	39.33144469532563	39.318705081996164	39.28198075580078	39.287036265827496	39.28583130769113	39.26967189607664	39.23578890560809	39.14550002941412	39.01576589109685	38.8117928641818	38.4457532713127	37.79528437562969	36.72572091065772	35.681882243513584	34.98170808325066	34.12838235786918	33.095171708376554	32.3456327972159	31.85558381229912	31.51576672915387	31.0406721039733	30.730807862228612	33.3613578401196
Sin-CPnd_044-Ex1-2C-lcwgs-1-2.clmp.fp2_repr.R1	39.43801652892562	38.99632690541782	39.19467401285583	39.26721763085399	39.299357208448114	39.416896235078056	39.25528007346189	39.3168044077135	39.3425160697888	39.27933884297521	39.456382001836545	39.458218549127636	39.40752984389347	39.30554645335083	39.343330537190084	39.334409790616306	39.211172914981184	39.25518162099944	39.10349782026195	39.15651452266145	39.152380601803245	39.246983491317565	39.303373165938	39.34967019501663	39.30866077257342	39.328746856201896	39.28051918966796	39.15006458201821	38.865216572599216	38.67915496653492	37.963322464639035	36.90194132777877	35.45762715742551	34.81180968171976	33.44874385244359	32.79114668410773	32.76328739602453	33.80869565217391
Sin-CPnd_044-Ex1-2C-lcwgs-1-2.clmp.fp2_repr.R2	39.41230486685032	39.109274563820016	39.17722681359045	39.24242424242424	39.25160697887971	39.362718089990814	39.235996326905415	39.36179981634527	39.31129476584022	39.28264462809917	39.374655647382916	39.388246097337	39.210101010101006	39.20851170989675	39.17149246435545	39.22963599451071	39.20080289666146	39.27546127696225	39.25617082062438	39.25892513826982	39.29718182442359	39.21559542602253	39.23809962987498	39.13266356616224	38.92196676259933	38.50401823437828	38.11222456229479	37.10729203639119	35.97766481998367	35.41795182855951	34.570086288263596	33.441453619149634	32.58196044259963	32.43972274761432	31.950159440673485	31.13496824809303	31.13020339482502	33.56521739130435
Sin-CPnd_045-Ex1-11H-lcwgs-1-2.clmp.fp2_repr.R1	39.6226128237754	39.08484824132569	39.428540304038215	39.415181076113726	39.45881614096182	39.403011213548524	39.34253335416806	39.39707629231124	39.42769858100617	39.367763377011855	39.55014320899465	39.57300164445536	39.510882722801384	39.48875060069652	39.50754793676888	39.490279873794705	39.41335459185088	39.36927771085676	39.283263684333804	39.272591397999314	39.28255014729167	39.34794693449199	39.4319384580649	39.422964141021154	39.41719902311599	39.40240096844691	39.36760252307278	39.263020926688625	38.9497389384587	38.4915887634178	37.7083995703082	36.71558739380846	35.53516284815701	34.519821776672345	33.56613658460769	32.63450508764173	32.10350843153237	34.012071466968784
Sin-CPnd_045-Ex1-11H-lcwgs-1-2.clmp.fp2_repr.R2	39.37628680491997	39.126923677924864	39.24733769374437	39.2871772663348	39.36987923298435	39.39387964967892	39.395564286298935	39.39886093562813	39.42841053344346	39.41166893616388	39.43530528085958	39.44621505904413	39.35871086605501	39.337437158274255	39.33715655868593	39.347130166502765	39.34414811569975	39.32620388670898	39.33142759591366	39.324697608970624	39.306158197727214	39.27129925335139	39.20375073992501	39.099034671539606	38.89149680732137	38.53576460344765	37.88431799813288	36.865846426004566	35.87105131519097	35.197898412279834	34.41966359017569	33.48438291242102	32.776942499560356	32.32623103447408	31.981646948260277	31.606934382081544	31.257404500998966	33.67750113799402
Sin-CPnd_049-Ex1-4C-lcwgs-1-2.clmp.fp2_repr.R1	39.64428528797374	39.15368546702477	39.44673231871083	39.41330945986273	39.478961504028646	39.448522829006265	39.37869292748433	39.43121456281707	39.401372724559835	39.37117278424351	39.53960011936736	39.55762458967472	39.48242315726649	39.47609157002291	39.483191227839924	39.476172029252574	39.40736505277049	39.3616340372841	39.260077729914734	39.26200360838542	39.24046298837443	39.318626243511	39.360939784355615	39.37872954915212	39.44211911132236	39.38676024788337	39.37809978370934	39.255562918553515	38.90049882848004	38.4404413990805	37.573635834484286	36.69430755326903	35.52370581304648	34.340071264833725	33.40468489732162	32.32513519836737	31.648633426983366	33.87978142076503
Sin-CPnd_049-Ex1-4C-lcwgs-1-2.clmp.fp2_repr.R2	39.515368546702476	39.26947179946285	39.34646374216652	39.360190987764845	39.45449119665771	39.46105640107431	39.44911966577141	39.43479558340794	39.52909579230081	39.4313339301701	39.46487615637123	39.468337809609075	39.39838854073411	39.36859866048774	39.34209750988131	39.380717119914365	39.39146529856031	39.36445431480026	39.309430783533045	39.316205291472755	39.31415847383654	39.2504589869492	39.13004495368104	39.017390811194595	38.81060348511899	38.48541301980641	37.77567897361071	36.82369867896368	35.7621307274988	35.08608199176378	34.249903484702685	33.4203293647004	32.46056160039273	32.15806493109251	31.5036757667644	31.28209209452004	30.868374634757622	33.19230769230769
Sin-CPnd_050-Ex1-9B-lcwgs-1-2.clmp.fp2_repr.R1	39.59531872068662	39.12650720610668	39.41029552316271	39.42616984511776	39.433056313334305	39.426676203074855	39.35571013538746	39.39611750036394	39.4353602420391	39.37141229563709	39.538561057275416	39.55724060231279	39.482952826426825	39.454568056169755	39.47294061847931	39.46002099943372	39.36819203792861	39.3218659070087	39.22349330885571	39.20928521839189	39.21958947713442	39.29104813410892	39.367373334533085	39.355238989542734	39.361209974640914	39.33433788227492	39.29676928571225	39.1677382464878	38.863379684496024	38.399152843510606	37.593977216777475	36.60153325608932	35.48559141901698	34.4621086866941	33.42965520701408	32.5823018259274	31.994135521464283	33.98326915416279
Sin-CPnd_050-Ex1-9B-lcwgs-1-2.clmp.fp2_repr.R2	39.50488318954877	39.32102461532619	39.36867289908919	39.416878176604996	39.48417314910343	39.499718338386366	39.480856504484436	39.503516023064606	39.52265635384294	39.4980017849118	39.513395066807604	39.509572064231506	39.43027640814983	39.41203826950939	39.40692701044894	39.39536951362739	39.394498686663646	39.37342734378258	39.381406764619044	39.36821130320708	39.34511340836864	39.3039440728106	39.23569150715221	39.116450279894536	38.9134613650672	38.566243759261674	37.95379016895022	36.991635504789585	35.98995509699892	35.30224687697076	34.50191638314895	33.53188523726766	32.7613846419453	32.24049188549968	31.8720802118006	31.547807689624698	31.264221603335237	33.42393105734173
Sin-CPnd_051-Ex1-12G-lcwgs-1-2.clmp.fp2_repr.R1	39.58770466991387	39.10656870029445	39.39034095599769	39.41528385481163	39.45033159965877	39.42274691103223	39.34802828916591	39.423539447976005	39.42653347643028	39.35424530119156	39.53097223368833	39.54809543465698	39.48493464322078	39.44854902033856	39.47233264404933	39.457402529724085	39.37155717244962	39.318710103517354	39.22736756001514	39.222075029169346	39.229971016294606	39.29696999888282	39.37350685295952	39.37700757263763	39.37044055739276	39.34532037586099	39.32072538772876	39.20087377577299	38.86185864695696	38.38165978704247	37.63225311173593	36.701006690932715	35.59660676123379	34.65216690523996	33.775600801217024	32.75722044831325	32.308721798129525	34.18497572122251
Sin-CPnd_051-Ex1-12G-lcwgs-1-2.clmp.fp2_repr.R2	39.50325545557115	39.291780181072674	39.373125292385595	39.42349541814579	39.45550510470844	39.49229202784887	39.479897630644764	39.49004650650816	39.49982112881477	39.47352211123036	39.49458157901979	39.490772998706625	39.413324527367294	39.39135705167933	39.38026405167878	39.391661162850255	39.38219501096424	39.3748594345535	39.36403880960522	39.35471606800667	39.32737297491474	39.28421983380922	39.21742459430939	39.11280250499269	38.89056623793578	38.539663358885086	37.95300207681011	36.99350057979048	36.045101599833984	35.35099586954312	34.52372816358942	33.55443969044657	32.813838662462146	32.32964345882965	31.918815493403862	31.48577348365054	31.062614599967116	33.5618885580604
Sin-CPnd_053-Ex1-9G-lcwgs-1-2.clmp.fp2_repr.R1	39.58849919469975	39.08818672804223	39.37565605296183	39.40821355444795	39.439958134548654	39.414432403046426	39.331636359941264	39.395288104419755	39.423374538286055	39.34542757124494	39.526318837928876	39.554523145396075	39.478730420026324	39.44734027194742	39.476736339478954	39.45639680623616	39.35736709395935	39.30788296408174	39.218105212646904	39.1996227618501	39.20275059518489	39.28389684153877	39.36595185878698	39.36150995856176	39.35128874082555	39.33371058374751	39.29634465930248	39.16073029472308	38.823618559025135	38.319732666839535	37.54054572975502	36.52930135523205	35.37107612703172	34.316164257035894	33.35131482851544	32.30732431450129	31.75046690961823	33.837509172869275
Sin-CPnd_053-Ex1-9G-lcwgs-1-2.clmp.fp2_repr.R2	39.510296157422225	39.329827609858704	39.392381910466874	39.43583255851764	39.478023178421005	39.51106843273838	39.49359062295182	39.50476829200136	39.507938685404504	39.5029148312426	39.51944152300822	39.51381204241417	39.43884036764369	39.413768305522005	39.407050624462656	39.41836567182394	39.41287523279656	39.384764060311106	39.39531145541014	39.372906355141524	39.35680692022804	39.304055597277866	39.24048748404412	39.119294707860504	38.90524764594415	38.563661689179895	37.961640292136764	36.99597733823559	35.9807840671637	35.31659364917136	34.481411848418794	33.569547692536524	32.75622743540974	32.18736192548977	31.74691366662524	31.386037095501877	31.03636067236102	33.443624868282406
Sin-CPnd_058-Ex1-9D-lcwgs-1-2.clmp.fp2_repr.R1	39.59452225587651	39.11437264109392	39.38961505363229	39.42078480000542	39.44959648730511	39.42517566862494	39.32985045297773	39.38790749361359	39.409265545911005	39.35610351066208	39.53516963795662	39.5507653527941	39.481752823911265	39.456005891493014	39.483122754010296	39.45833747484211	39.36915708550792	39.3110359301045	39.224260254411874	39.220914366293314	39.22622662942143	39.297191275133635	39.371485416135606	39.37602502343377	39.36498051034964	39.33315657327286	39.30228374729116	39.175711449412084	38.83153603933819	38.335873696072426	37.58839887422685	36.5560439887572	35.353348581564504	34.341828383484824	33.43133751249453	32.45989304887953	31.9394394374296	34.1398773006135
Sin-CPnd_058-Ex1-9D-lcwgs-1-2.clmp.fp2_repr.R2	39.53066493200252	39.34340251661822	39.37928838113824	39.41132545958436	39.48179619051491	39.48973769980824	39.49122842680869	39.49553798304637	39.51624553628904	39.48816023960048	39.512738262218875	39.50676451256616	39.42520819357768	39.40949186997608	39.397060678673604	39.41290372853924	39.40440811729134	39.380436582514946	39.37412270300153	39.377985767913515	39.367766668248294	39.31525145346095	39.24758255227668	39.13327411155558	38.93746851238709	38.62086669438004	38.01234421838744	37.06897961937583	36.06233320998615	35.32975329266341	34.59033161830253	33.65772903169658	32.87316508257122	32.38835704546857	31.96150942194679	31.63981020396933	31.249172447100296	33.60181508791832
Sin-CPnd_061-Ex1-9A-lcwgs-1-2.clmp.fp2_repr.R1	39.590952204473645	39.09250686248029	39.39037305510713	39.4187651932487	39.413915916557265	39.39642836952493	39.327332458118455	39.39090069661241	39.41961946997154	39.35257382269989	39.536434274084634	39.55026350668032	39.47777058901123	39.4428245124934	39.467347421182545	39.44931470800631	39.364554363060726	39.31111183852532	39.21145647338005	39.21133654157206	39.21427374116148	39.27900399599986	39.37827278766231	39.36374266309972	39.363614118623175	39.34710719501232	39.306599905420896	39.20585857961593	38.876043631499755	38.418234566247804	37.67770500263525	36.70269399348359	35.59853811132617	34.60870266894743	33.746007602275775	32.7705021074243	32.22930251530826	34.17770558864224
Sin-CPnd_061-Ex1-9A-lcwgs-1-2.clmp.fp2_repr.R2	39.465624784075274	39.27042255290548	39.33532245805564	39.37361415586781	39.430951199442205	39.45379053888529	39.447358337678	39.441805538979516	39.478288180202135	39.44807190999943	39.47697661417472	39.469876067060724	39.38579513690412	39.373699473109596	39.360851756392634	39.362488234773174	39.36546503204231	39.347025377925014	39.34488828902845	39.33623873406617	39.31187186618665	39.262305041551556	39.1849591136605	39.08480290069532	38.88892976985144	38.543440615638275	37.912964852469074	36.94837680841319	35.913492971309594	35.18932961864777	34.39685303236754	33.45025219030999	32.76998137974592	32.21677141580777	31.864889421337473	31.411741751203607	31.20267566706932	33.66694869625413
Sin-CPnd_062-Ex1-11D-lcwgs-1-2.clmp.fp2_repr.R1	39.58155988795768	39.10125099041391	39.411242174335165	39.40907721322635	39.43280250867658	39.4059748462766	39.31377428606502	39.37816513966231	39.42749054224464	39.35943934203038	39.53958196163332	39.56027184769387	39.49512214174915	39.474310114728596	39.496042361823875	39.47357107121706	39.38999915394011	39.348240676548684	39.266536614757875	39.2421619255172	39.253689958908545	39.32606333573905	39.40092673878051	39.39206587566345	39.381093329124894	39.37297381626912	39.31816401105279	39.20584357215276	38.836936071792266	38.36344946041878	37.57466581963263	36.54362615192922	35.320240993226506	34.371501535329976	33.34237458568634	32.41624966233858	31.829648602878223	33.91213042276872
Sin-CPnd_062-Ex1-11D-lcwgs-1-2.clmp.fp2_repr.R2	39.459964958876895	39.253378566885026	39.3495965807006	39.38943632894017	39.457933912888215	39.500742112957404	39.469272059726144	39.48444910667455	39.49614436049951	39.48211898358424	39.5023133837003	39.49967079199634	39.4178174067337	39.407613239531734	39.399205217949245	39.40332306338185	39.39744616341956	39.380327980826145	39.38826773152656	39.374183793207635	39.35388760046667	39.31633470073733	39.24185273569488	39.130159701195495	38.93451851637197	38.59672679859403	37.933846972989805	36.95713648258724	35.95892688329369	35.26950691987382	34.478725246307874	33.570252471671054	32.794685679813384	32.33267354821443	31.956922972695633	31.515209418354733	31.156831755485122	33.62417477710474
Sin-CPnd_063-Ex1-9F-lcwgs-1-2.clmp.fp2_repr.R1	39.5948547770298	39.11805568724124	39.41718656173951	39.399968395436304	39.48327802534686	39.44168641951898	39.365886033943305	39.3943301412724	39.404595303561834	39.36072816914763	39.54521285673651	39.55633766315856	39.495419234537465	39.45677716371817	39.48859532424457	39.46747251606872	39.38337802098481	39.332887427985995	39.23899623722895	39.23649925726506	39.25004815818187	39.30995157995397	39.39503403353285	39.377931340560224	39.38182657385852	39.35948242466378	39.30859083318934	39.21182363861068	38.866129060485754	38.42445298285183	37.6508425081177	36.67980702073989	35.50754004429509	34.465846789378176	33.51887400157234	32.578647062599984	32.0377931285893	34.12588058667283
Sin-CPnd_063-Ex1-9F-lcwgs-1-2.clmp.fp2_repr.R2	39.531443380424136	39.34576024777978	39.396201131443384	39.42709775291552	39.475642362757185	39.51007869536361	39.51260706045953	39.502999273095035	39.53088714010303	39.49997029171012	39.52361050535698	39.51854871843494	39.44292531841599	39.417318766508984	39.410864896936474	39.412516786193365	39.40162470606856	39.387932729504726	39.388219361012254	39.3827952718127	39.359722208944774	39.32781790645696	39.24546974154681	39.13620184652758	38.93636247837568	38.60657861583901	37.99604227869251	36.998902282443666	36.00060107365949	35.3076094792694	34.48893279261184	33.547028044367316	32.81895869610368	32.299198562197915	32.00301820785025	31.529250041552196	31.165603702880276	33.576524741081705
Sin-CPnd_065-Ex1-11B-lcwgs-1-2.clmp.fp2_repr.R1	39.56468296905432	39.08110798528457	39.411101493183295	39.432547067734255	39.4302315516122	39.41326552694222	39.34724085695737	39.393421337372864	39.42912789439515	39.36485176368752	39.54827526509414	39.567647695304046	39.49632979874487	39.473844780365674	39.50414539709713	39.47224479474687	39.392786371075964	39.35054020234576	39.270304440367205	39.241788755722254	39.24940084430021	39.32554512805302	39.40160212773909	39.388841218009176	39.38489622679852	39.3667786827659	39.31918721610625	39.21396276207478	38.87527049192416	38.377388704719564	37.56598012279064	36.50518753118301	35.26997812729523	34.22437887627787	33.24571720099468	32.25292514940156	31.724797649445577	33.86696067622198
Sin-CPnd_065-Ex1-11B-lcwgs-1-2.clmp.fp2_repr.R2	39.467128327201905	39.287794849599656	39.36295174204717	39.41278943951526	39.461696602467	39.47377191084181	39.4737935511794	39.48902834884224	39.499588833585804	39.4818913655053	39.499614801990916	39.493023155161225	39.417788357498374	39.40032394134423	39.39177849179493	39.40898188073571	39.39857740330668	39.38401987457767	39.379345747192886	39.371574547758414	39.34464339730158	39.3033382214047	39.233596607445605	39.12804786200747	38.923060124048014	38.58244793414112	37.950505847807015	36.994532840476616	35.99437133737875	35.299843559774686	34.48945935641276	33.50138700402859	32.78657663802066	32.28249384546058	31.89848648066415	31.449479917922435	31.080919408777856	33.473604712634994
Sin-CPnd_067-Ex1-9C-lcwgs-1-2.clmp.fp2_repr.R1	39.59962637038494	39.12104335367695	39.400844178190425	39.41182832702424	39.47882882566527	39.44230863772676	39.36089671107615	39.4164635816472	39.42722299086293	39.362908130658	39.54828460463385	39.55459416941153	39.49649897813705	39.46383395070049	39.47978974320773	39.45328088344555	39.37585783526591	39.31818993624063	39.229585057831414	39.210035574331826	39.222018510358176	39.29829194542092	39.37259091471833	39.377847418115955	39.376113925773424	39.36168124655673	39.33938312459025	39.220932896478686	38.880937188553936	38.42163775624378	37.64826024011419	36.692736150550175	35.530539515575775	34.52150073789304	33.600099599172246	32.659419840622476	32.109738984223306	34.17764537128986
Sin-CPnd_067-Ex1-9C-lcwgs-1-2.clmp.fp2_repr.R2	39.51175317971444	39.30954370834416	39.385927086040155	39.40120938006981	39.45728191478155	39.491329966921136	39.458237058158396	39.48152570108226	39.50031955164446	39.475721800445264	39.49090858013723	39.49344813782157	39.4056536060174	39.39031094785041	39.37932017140382	39.38987988998233	39.379889638009715	39.35979932478256	39.36171411056959	39.35021399489089	39.332382812350204	39.28563322197278	39.21435821320281	39.11149426203358	38.90936214685277	38.564849345559715	37.97997236052242	37.010225286041276	35.988392056605576	35.33681835572267	34.513420337030496	33.50815510634674	32.75548288754927	32.35225627550678	31.99523777215278	31.469667144835046	31.122180855286626	33.68923418423974
Sin-CPnd_074-Ex1-12A-lcwgs-1-2.clmp.fp2_repr.R1	39.57191655304863	39.09560041635513	39.377021301549604	39.4140534517893	39.43284807435751	39.39220946768116	39.3589303777983	39.39546407470936	39.429740071249505	39.36490008942839	39.52892055533565	39.54933954933954	39.4724369969653	39.43513985620909	39.4571665672871	39.43214242108367	39.34380388250476	39.29970517627188	39.202469978484636	39.201038459393985	39.213275173409194	39.28135639833032	39.36846152829578	39.353935199317654	39.35930508712218	39.336076712435926	39.31313791345393	39.188667939859265	38.865257604375074	38.4483160808942	37.720777795071214	36.79712664848815	35.7214622225752	34.74182396208022	33.88920792533817	32.93562523244871	32.41569343544777	34.20560097408245
Sin-CPnd_074-Ex1-12A-lcwgs-1-2.clmp.fp2_repr.R2	39.46190497133893	39.24730615296653	39.31559425899049	39.357376376244304	39.410710882409	39.43246690416502	39.42625089794901	39.429182976352784	39.45560100277081	39.43857149140168	39.46423890574834	39.455155326853436	39.363768307164534	39.340081769678974	39.33361714965375	39.34992928624242	39.336000863232684	39.31442617018401	39.311360777575516	39.302907348414536	39.29830523759135	39.25234371833125	39.16660485929982	39.06408110997193	38.85883117417986	38.53515972940134	37.91602683474621	36.94703387582312	35.93257085120202	35.239188947237224	34.444243734796	33.439813472385325	32.701651256434154	32.298406437171344	31.858989716733998	31.50958522003811	31.16447226638933	33.49547141796585
Sin-CPnd_075-Ex1-11G-lcwgs-1-2.clmp.fp2_repr.R1	39.5612021248932	39.07595007243954	39.38857312678777	39.403395371299084	39.44058100226606	39.40437980608492	39.317359485865005	39.387941602585535	39.41075077083101	39.34051413499758	39.53806233515361	39.55396560050522	39.49516698242877	39.46793625896002	39.48770498027867	39.4748399435276	39.389725081049896	39.35133342756059	39.25185918447012	39.2347515424837	39.23763906692606	39.316716031773886	39.39167401930776	39.38782025206907	39.37863659880199	39.3598980314168	39.32513682296792	39.19849043353252	38.82178265566448	38.317484155498875	37.45280403832811	36.35398576987184	35.067682874162024	34.03726714632864	33.0028124455666	32.06958380760672	31.516070263257962	33.68909512761021
Sin-CPnd_075-Ex1-11G-lcwgs-1-2.clmp.fp2_repr.R2	39.45518035588246	39.26286266206026	39.3537649986998	39.40138935324492	39.464411753779856	39.48183439206508	39.480868531520485	39.5004829302723	39.52847431182436	39.49406738734722	39.5108956499127	39.51076563022401	39.426182250455064	39.40723523885585	39.4052277876696	39.40938972597358	39.4125556968813	39.38932299384733	39.38697618798062	39.38178261821579	39.36861208240945	39.31435686781462	39.24151125475665	39.12780470545848	38.922764974103366	38.57402220934897	37.93127863100129	36.928795149744346	35.92532775358357	35.194113680238274	34.36895736731341	33.41536007789861	32.66729108792653	32.189471848546944	31.764808948866943	31.33179021010185	30.99164723843611	33.50845893571209
Sin-CPnd_076-Ex1-10E-lcwgs-1-2.clmp.fp2_repr.R1	39.63303083660662	39.14836294681886	39.43557476430292	39.42798977175247	39.44015531175222	39.41405111661105	39.37783359806927	39.41157203895928	39.4515328005779	39.373732448417535	39.549595918551624	39.56728438386301	39.50969754431762	39.483116056882615	39.49790955479015	39.477332980761354	39.3997609546977	39.348220075601745	39.26161923769724	39.26115417911851	39.26896728140862	39.34099170711867	39.43071916546572	39.41400816296385	39.406399415522486	39.40449785243554	39.367455747607025	39.25560765864692	38.925505352859844	38.48283581477241	37.73570768919721	36.77413172806716	35.638276948194495	34.661935077060335	33.748476668670854	32.84882867958123	32.33468760413168	34.21767587693514
Sin-CPnd_076-Ex1-10E-lcwgs-1-2.clmp.fp2_repr.R2	39.51620225005028	39.26463333046023	39.338956406815	39.37044561831234	39.42270326179306	39.45064624300707	39.43513148551751	39.4455239103756	39.4611700097275	39.44104515286962	39.46741203173548	39.46628905881242	39.37802404376968	39.36262940157885	39.35935590985946	39.35908595988123	39.359552274227596	39.33763078075642	39.34040388471254	39.3394839314487	39.3167898387704	39.281075667695845	39.20191262608667	39.098531643979484	38.89988410675032	38.565082811752795	37.93206838141759	36.95816424882931	35.96346259086739	35.27512527724697	34.49294351034248	33.53914123414013	32.78293936974855	32.32900270315423	31.895516886120163	31.532363113052533	31.209565981293412	33.648114370224306
Sin-CPnd_079-Ex1-9H-lcwgs-1-2.clmp.fp2_repr.R1	39.57516102807829	39.10124445000313	39.40946782565193	39.39275842661497	39.45937089612907	39.411644049778	39.32912263148021	39.3972609592896	39.40676630604715	39.35001438309049	39.529125132887245	39.5471852917266	39.47750609717966	39.450641568991216	39.47235111249537	39.44594084871589	39.36855539012925	39.30322263381546	39.2132223879438	39.20621214593923	39.20375521260986	39.28612212853561	39.36053077966185	39.350023653537505	39.34327995282255	39.33149604101552	39.295814725166665	39.171419298016815	38.82264360677358	38.317653336913125	37.54336741615909	36.54625297397947	35.319118693864354	34.33480410567779	33.39091132280013	32.370977138125156	31.820647078187744	33.99314733235438
Sin-CPnd_079-Ex1-9H-lcwgs-1-2.clmp.fp2_repr.R2	39.49321493340004	39.31213807766869	39.37917578637984	39.40884247389156	39.49116377962604	39.50572196860734	39.48926271027453	39.48513538865612	39.51672815958977	39.48703645800763	39.49899318366581	39.502500156337945	39.42594709524107	39.40619161193221	39.39628919730293	39.397508804820674	39.391134794765456	39.37688354213268	39.375960786343555	39.361434808920606	39.34721054668695	39.31520427043854	39.23782146747445	39.11972026105943	38.91789518754438	38.58471934398254	37.98529142339963	36.98924288162907	35.98741826165398	35.291207952850826	34.47925518309118	33.517712153705055	32.77570571682686	32.260415563531694	31.834043636430568	31.425266943126974	31.1121678681422	33.57503441945847
Sin-CPnd_080-Ex1-2E-lcwgs-1-2.clmp.fp2_repr.R1	39.67061529614721	39.13191489361702	39.453939045428406	39.44243818286372	39.45715928694652	39.42955721679126	39.342610695802186	39.43645773433008	39.45301897642323	39.39119033927544	39.52634847613571	39.55680276020702	39.52892466935021	39.44888453282247	39.49714932365269	39.491818619293966	39.38664447665991	39.33415239224653	39.2772038261531	39.25394628281491	39.24529273086037	39.3313048442112	39.427439263975664	39.38777723648222	39.412810638350564	39.40510634719344	39.34749837489859	39.22642062042521	38.950278429694755	38.49198482087215	37.78065269292769	36.80447904596255	35.66014140272437	34.82106509907668	33.69032602538941	32.72569730371648	32.45640157933182	34.215271389144434
Sin-CPnd_080-Ex1-2E-lcwgs-1-2.clmp.fp2_repr.R2	39.38723404255319	39.15399654974123	39.21564117308798	39.34169062679701	39.36377228292122	39.323749281196086	39.41023576768258	39.384013801035074	39.44887866589994	39.43535365152386	39.45265094882116	39.439401955146636	39.37711328349626	39.330190600754946	39.32826572314723	39.33377512026069	39.306646695112576	39.32295958931175	39.31882121213698	39.33392509976845	39.30419546318201	39.236496986833494	39.16754998716899	39.091699839302336	38.85599735699062	38.51346943351322	37.81157556814175	36.784260885525605	35.69190361999572	34.92336085793992	34.30983605622528	33.199557324312465	32.583358391937665	32.1437871597018	31.8223775834138	31.514183239649743	31.182252988423965	33.75438596491228
Sin-CPnd_081-Ex1-10G-lcwgs-1-2.clmp.fp2_repr.R1	39.59027904669921	39.07121912170334	39.39465921846041	39.41183533895429	39.4356939622543	39.41274026120929	39.314016723659364	39.40323857753182	39.41272285885823	39.33731151078511	39.54056749066798	39.561467714288206	39.49860694179783	39.465603468120015	39.49419665403678	39.4706039550301	39.37897711867383	39.34293268289927	39.249500224185695	39.23907448380686	39.24410349278976	39.30959239367258	39.391949177737416	39.38972350149327	39.382098956571085	39.36577142485792	39.33934602966669	39.22185033644425	38.88710526662163	38.41239152402378	37.61108086849708	36.6055500421492	35.39613500778117	34.38543352602532	33.420056396040955	32.44667722132233	31.930678192683274	34.070889018012785
Sin-CPnd_081-Ex1-10G-lcwgs-1-2.clmp.fp2_repr.R2	39.465678213126594	39.24588651926875	39.32574590827221	39.36077684095121	39.418465634707246	39.45107764058925	39.43630304454132	39.45367059089683	39.47665909664396	39.4457490406954	39.469029905940296	39.4744698808809	39.38354955754523	39.36878257859355	39.35325227294057	39.36313865880353	39.356020772432075	39.33588222185044	39.33810410126222	39.327362597949225	39.30373945997418	39.273926496540284	39.187453520076495	39.07832372027951	38.861123527193925	38.51519221825157	37.879077004936356	36.89735169961234	35.877144451806785	35.16425419565018	34.356326481989214	33.362950645350374	32.60591258853596	32.09442745311968	31.71222163251619	31.32961899010753	30.914491207634548	33.5169483698162
Sin-CPnd_085-Ex1-4H-lcwgs-1-2.clmp.fp2_repr.R1	39.573403045046355	39.02931280710672	39.421634836492146	39.39387117856365	39.452182121850264	39.39132960569312	39.31319439401641	39.38927214194079	39.39784087333285	39.349672016072425	39.54662212862779	39.57323844794617	39.50793212790163	39.48965801436883	39.50780383345582	39.482212561513144	39.40605335309965	39.36333582108112	39.26557487844149	39.26550023141077	39.263743495028486	39.33736345260515	39.41794902842876	39.39729831192137	39.393646382874046	39.37140496900484	39.34675798099052	39.24567716365026	38.928116048118156	38.48494153556867	37.724210924178124	36.74949123332679	35.53163739325485	34.49467378611066	33.486472626027535	32.51865264922664	31.93157658858713	33.955745945105626
Sin-CPnd_085-Ex1-4H-lcwgs-1-2.clmp.fp2_repr.R2	39.267252438699686	39.00808462227386	39.156464067000705	39.224336165371675	39.31360588676688	39.34158739379856	39.335221358894294	39.348461743276935	39.367220971607	39.35589281824123	39.38797472950403	39.403359717280274	39.31685425894997	39.290061428191585	39.29621418854306	39.295428925675616	39.29581948635957	39.27016764543442	39.27151749086123	39.27293356097075	39.254190032704585	39.2072671373281	39.13813266053962	39.01933971345891	38.80315252788686	38.41157841447166	37.735173719652515	36.683492080738176	35.63732232809737	34.94829522009786	34.13703550015457	33.13477192820412	32.43461583913161	31.95686573143512	31.557065421579345	31.19253115453815	30.79674425068909	33.36861883956263
Sin-CPnd_088-Ex1-2D-lcwgs-1-2.clmp.fp2_repr.R1	39.561059727229974	39.0838689449757	39.32779432512933	39.40931180435805	39.436902335789306	39.430631760464024	39.26007211161624	39.39990594137012	39.40053299890265	39.32779432512933	39.50863771751058	39.515786173381414	39.45897476093432	39.432437180879994	39.421344836260744	39.39809869750677	39.31181556717845	39.25925438327111	39.15818712507108	39.08654732375335	39.167815826664786	39.21612014897117	39.33685034394285	39.34505710211463	39.363484183385935	39.30856013155862	39.36042909474721	39.23013631221643	38.969570529787056	38.46870587810512	37.86132161800555	36.73082413054954	35.758633435322665	34.43677864465024	33.26909233865791	32.55501436764213	31.76257389136124	33.324503311258276
Sin-CPnd_088-Ex1-2D-lcwgs-1-2.clmp.fp2_repr.R2	39.50337043423734	39.214296911741656	39.29581439097037	39.3139990594137	39.52719862047343	39.42498824267126	39.470136385013326	39.4563411192977	39.49208339865183	39.47678319485813	39.50399749176987	39.49346292522339	39.37294246747139	39.33373635151894	39.31841189511137	39.37238533385505	39.39141351542408	39.39238089648136	39.37304285167042	39.372883780117284	39.3549514461592	39.282085374763035	39.16880783301413	39.21023270460189	38.94343795378119	38.50025431350495	37.93255340667601	36.88479343634128	35.89669764401562	35.063898162422056	34.52950274670686	33.21932049878733	32.702570367265324	32.43067099891202	32.403437469602466	31.56122757757054	31.494313136237544	34.12658227848101
Sin-CPnd_089-Ex1-9E-lcwgs-1-2.clmp.fp2_repr.R1	39.59924366870307	39.11413952426563	39.418815974272825	39.418954932778824	39.42882098670465	39.41649338210115	39.366051444424045	39.4057737259242	39.42520806554871	39.365972039563474	39.53646221569338	39.556452389341885	39.48628231405615	39.45461107159824	39.4846084309234	39.45995340233087	39.37234192204618	39.31280157854293	39.23082881184115	39.21820701976097	39.23093151348044	39.315518421503405	39.38720725310915	39.385578514288405	39.372646152946444	39.361898813551875	39.329480415249705	39.23960455765948	38.90757757229996	38.478569311527295	37.76389086681458	36.84757735607222	35.74410841563315	34.785176727030716	33.8277240924134	32.87067176034266	32.37784971123061	34.17450394128839
Sin-CPnd_089-Ex1-9E-lcwgs-1-2.clmp.fp2_repr.R2	39.49339698956322	39.250874694167216	39.35576851498023	39.38463218179743	39.44114859130814	39.465089156770006	39.46217102814406	39.47197752842446	39.4884341857776	39.459780941840904	39.492273410786154	39.490665462359615	39.40280001389585	39.38074926802419	39.37922895392855	39.37982778431902	39.37479763741022	39.356451461964056	39.35320760437776	39.34782823202926	39.32635495246351	39.2881371215923	39.213532463262396	39.1176790407106	38.89731846493432	38.55564459927343	37.936088704796916	36.97476898096029	35.9829815878911	35.27721215528672	34.49723022781514	33.57307167301472	32.89514891775722	32.36814853044518	32.038442650042214	31.69724435066284	31.29235572322864	33.67695390781563
Sin-CPnd_090-Ex1-12F-lcwgs-1-2.clmp.fp2_repr.R1	39.62125625233259	39.10128729431233	39.457867226422806	39.434344830582276	39.50060326493698	39.468289590865915	39.400040678421284	39.44178542725178	39.44820313934729	39.39851306547448	39.574575591762425	39.59235403654344	39.52803710819868	39.50672591762718	39.5167207720303	39.49813943551701	39.4247822598856	39.3653332777122	39.281311285551574	39.273199611860775	39.280304959362674	39.348431407245805	39.4218994288844	39.41392689749783	39.405626061011404	39.39492055633267	39.36315685335203	39.255039786444215	38.96577876156843	38.55238698771371	37.8616828985139	36.97820566096272	35.90286178237953	34.96891784930946	34.06963938889642	33.16940353370942	32.62628802344648	34.35308601055896
Sin-CPnd_090-Ex1-12F-lcwgs-1-2.clmp.fp2_repr.R2	39.285323581043855	39.030305423855324	39.18998994887552	39.233393429447624	39.32541749685532	39.36078007784191	39.35420044193353	39.367762548601824	39.39744594805405	39.37894161066801	39.408289314410624	39.41586576910849	39.32358025398342	39.3032549934544	39.299470829963774	39.30976398838679	39.30576260575676	39.28397810987558	39.28070017922663	39.27798179669775	39.25294140091684	39.21690897306134	39.13806448691346	39.028102182766155	38.809119821136605	38.44321166817882	37.79938221841105	36.79581348501632	35.78528515602541	35.09018979824931	34.28627101469548	33.34432818334145	32.63301113895979	32.17891356944963	31.838674069498172	31.452453638399078	31.081112047474175	33.608971601687124
Sin-CPnd_092-Ex1-11F-lcwgs-1-2.clmp.fp2_repr.R1	39.57879978970032	39.060436121473096	39.40873244373232	39.408256765891394	39.464161430037805	39.42811005683098	39.35723405853341	39.39321032471272	39.43121448063491	39.36032346093183	39.54318904438826	39.56872543374308	39.506176301229246	39.47707146475858	39.50284882086432	39.48352947521811	39.39356828874247	39.36113085470383	39.27653669745484	39.248987610216695	39.27231235738661	39.330595631144334	39.42103918027534	39.40482437277663	39.39224019216468	39.36990457410523	39.340389008833405	39.211007100103814	38.872032737372216	38.38291887251504	37.52175518323994	36.49310260927887	35.235381252266826	34.191273039961345	33.15292162827269	32.19911024807274	31.614825440808296	33.775324675324676
Sin-CPnd_092-Ex1-11F-lcwgs-1-2.clmp.fp2_repr.R2	39.477455373907816	39.289888090529004	39.37796359812733	39.42490549032371	39.482512580427105	39.51723706281451	39.48797035775981	39.491750744811355	39.5189394887715	39.49817489923141	39.51319129759908	39.513641939764156	39.434258818816815	39.41568115444305	39.41260867412409	39.42228515056874	39.41163167253144	39.39037825876148	39.39812325808489	39.38454756141279	39.364839186353116	39.316561178714544	39.24778472777951	39.150109627839086	38.93427368635047	38.58110330508943	37.96478091577207	36.94679104395395	35.93376579836306	35.24948956477657	34.45439326811359	33.51968162692422	32.74463742223291	32.27300865837482	31.93195402148435	31.454768648812756	31.123818200762287	33.682348210695615
Sin-CPnd_093-Ex1-10C-lcwgs-1-2.clmp.fp2_repr.R1	39.60958877059955	39.08456465198675	39.39951142178517	39.42774289276667	39.4637600212131	39.44909139120672	39.358461824890405	39.411314027159534	39.43042838041399	39.370932417108136	39.555305812726736	39.572989410377495	39.51101106353209	39.49147695184254	39.50741796696835	39.48984356671146	39.42220444355881	39.36028652526933	39.27056991138434	39.26662262093505	39.27215814581783	39.34136378006611	39.42669718253532	39.414025538020134	39.401743393228074	39.396192936081434	39.369506500172214	39.248156149973475	38.94483064087223	38.50201966665565	37.74813423289803	36.75164475119904	35.60408517476628	34.62805338161171	33.61847937775944	32.69427335374548	32.13836017190616	34.006654502522274
Sin-CPnd_093-Ex1-10C-lcwgs-1-2.clmp.fp2_repr.R2	39.43753702418631	39.205682401593236	39.27907068587129	39.31811180881133	39.39942115329283	39.42183030651795	39.41099808743632	39.40991486552816	39.450445418591926	39.42334681718937	39.44824286737866	39.45008434462253	39.367867801792954	39.33862607925495	39.33827039154085	39.3490913954371	39.33402847888387	39.31743853173207	39.318957320276795	39.31093494668585	39.28648863450745	39.239420059793595	39.15923132185852	39.0420662042867	38.838462955754075	38.48661087001697	37.86518950058283	36.85426100157933	35.81255305140321	35.1087455619001	34.314381224617506	33.29582622102022	32.5644849724625	32.03578985606525	31.70747035315485	31.264373396179753	30.869191916549926	33.450565757744386
Sin-CPnd_094-Ex1-3H-lcwgs-1-2.clmp.fp2_repr.R1	39.59029493396773	39.02088480190319	39.430505993229026	39.39877847927532	39.44946930185744	39.39104675633635	39.31104553634062	39.38632689785586	39.397222984719555	39.344764693323576	39.541716228993195	39.56891603379388	39.50424558514045	39.48973185120847	39.50423587003991	39.488805740108596	39.408336256405754	39.360390600587074	39.26718765103648	39.25980120192636	39.26862713245113	39.339262772244	39.412361131805824	39.40735321756594	39.39762003947605	39.38895058869849	39.35567815377277	39.25571740531135	38.93476694169731	38.48835334178362	37.72389914880144	36.74020029440413	35.55576925707551	34.50048907649167	33.51583592144001	32.546842454104066	31.994679496966956	34.00685377903921
Sin-CPnd_094-Ex1-3H-lcwgs-1-2.clmp.fp2_repr.R2	39.228932198737304	38.98830329093848	39.15658645194742	39.20573702992039	39.301102571141	39.33613932351237	39.337130570043	39.34738615914844	39.37688718089487	39.36342605300881	39.39373684692104	39.408596394912614	39.3207704273035	39.302212043202616	39.30421278065324	39.31273345089171	39.31216946405975	39.29787125341353	39.300220850396485	39.29671325573263	39.27492059889654	39.23418747125682	39.161554532791385	39.046890544646416	38.82326394273342	38.44135749375393	37.757234999793	36.70557235432235	35.673182874130944	34.978595836916405	34.1761120403613	33.208403246114116	32.47628023173136	32.029354064747274	31.68237731027034	31.28210643211022	30.925297033358824	33.436906395641124
Sin-CPnd_095-Ex1-2B-lcwgs-1-2.clmp.fp2_repr.R1	39.663449280641046	39.194196564074545	39.45692952103442	39.45369189987657	39.49104595398531	39.45980290981201	39.41678301867703	39.445759728039825	39.4719035188895	39.406738299034785	39.55690726238896	39.569728242174065	39.498905279346005	39.47184460385514	39.47630499227918	39.45075587740247	39.34274541187689	39.26849110570116	39.1872202206395	39.181722518270384	39.19272195218326	39.27405509557563	39.34054150405018	39.34839714712589	39.34030668942823	39.33807395243374	39.30062150968925	39.202719174205875	38.907168105261775	38.497495268294436	37.771732673716386	36.87306826501575	35.79702869320214	34.86851114348455	33.89544036471848	32.992071585280556	32.52984952862223	34.3163737280296
Sin-CPnd_095-Ex1-2B-lcwgs-1-2.clmp.fp2_repr.R2	39.54187660616362	39.25380926364354	39.36048888079483	39.37841720795645	39.463526174143546	39.443776685080636	39.43681579959125	39.44179364212145	39.45737469394363	39.452380663307636	39.468374511827435	39.472712924178964	39.37763208482567	39.36768243404362	39.36436013171253	39.35985008264338	39.35037484076816	39.336261532969765	39.32855095466908	39.33566250951377	39.30835546817959	39.280433650885776	39.21472741531046	39.120035606885736	38.88575545530507	38.57737695779947	37.950240417972886	37.00116321252342	36.06009465489914	35.377869955207665	34.60190532882067	33.68009930631043	32.92027096481501	32.5156648209702	32.16174354531434	31.760028888225314	31.506128862665236	33.82262996941896
Undetermined.clmp.fp2_repr.R1	39.354920194887875	38.427574526850705	38.62882198543167	38.58700600262905	38.81135807957012	38.79084919437661	38.64412397613323	38.74088938784697	38.84268540785888	38.757714153401686	39.032393420292365	39.07907733938067	38.882494882253766	38.81394979478216	38.86893421431041	38.86086843550125	38.74954259764735	38.71081651663862	38.57721917997101	38.55621075948606	38.61229374622026	38.74482370166082	38.87508383919993	38.872340269410344	38.87343736946973	38.856826567961	38.802791073585475	38.6306272442349	38.178046185746645	37.63307119053607	36.81110117209278	35.83087043938778	34.69473212892391	33.74165759272135	32.84606919380602	31.884594246411787	31.323701094690485	33.6058019324355
Undetermined.clmp.fp2_repr.R2	39.26794776798412	38.78583918812478	38.8699189443499	38.89149754638511	39.038392536710795	39.074827801099495	39.029483881493476	39.04536120226062	39.11559167697899	39.072086843765405	39.11001147091396	39.13707666281695	38.91141306147608	38.89166479609038	38.912581178854474	38.96069651345468	38.971879536593505	38.9633995431117	38.994962092763544	38.99372251443832	38.97206415194004	38.93340249965856	38.879646208776485	38.773658415709185	38.583345419618276	38.26973493686711	37.71061474089392	36.83942503142873	35.95587892556678	35.33378919898017	34.59259785549118	33.744174936096314	33.05550711886024	32.631288151972505	32.262095032426814	31.86810299807426	31.50725139588124	33.90896670912299
