Sample	1.0	2.0	3.0	4.0	5.0	6.0	7.0	8.0	9.0	>10	>50	>100	>500	>1k	>5k	>10k+	1.0	2.0	3.0	4.0	5.0	6.0	7.0	8.0	9.0	1.0	2.0	3.0	4.0	5.0	6.0	7.0	8.0	9.0	1.0	2.0	3.0	4.0	5.0	6.0	7.0	8.0	9.0	1.0	2.0	3.0	4.0	5.0	6.0	7.0	8.0	9.0	1.0	2.0	3.0	4.0	5.0	6.0	7.0	8.0	9.0	1.0	2.0	3.0	4.0	5.0	6.0	7.0	8.0	9.0	1.0	2.0	3.0	4.0	5.0	6.0	7.0	8.0	9.0	1.0	2.0	3.0	4.0	5.0	6.0	7.0	8.0	9.0	1.0	2.0	3.0	4.0	5.0	6.0	7.0	8.0	9.0	1.0	2.0	3.0	4.0	5.0	6.0	7.0	8.0	9.0	1.0	2.0	3.0	4.0	5.0	6.0	7.0	8.0	9.0	1.0	2.0	3.0	4.0	5.0	6.0	7.0	8.0	9.0	1.0	2.0	3.0	4.0	5.0	6.0	7.0	8.0	9.0	1.0	2.0	3.0	4.0	5.0	6.0	7.0	8.0	9.0	1.0	2.0	3.0	4.0	5.0	6.0	7.0	8.0	9.0	1.0	2.0	3.0	4.0	5.0	6.0	7.0	8.0	9.0	1.0	2.0	3.0	4.0	5.0	6.0	7.0	8.0	9.0	1.0	2.0	3.0	4.0	5.0	6.0	7.0	8.0	9.0	1.0	2.0	3.0	4.0	5.0	6.0	7.0	8.0	9.0	1.0	2.0	3.0	4.0	5.0	6.0	7.0	8.0	9.0	1.0	2.0	3.0	4.0	5.0	6.0	7.0	8.0	9.0	1.0	2.0	3.0	4.0	5.0	6.0	7.0	8.0	9.0	1.0	2.0	3.0	4.0	5.0	6.0	7.0	8.0	9.0	1.0	2.0	3.0	4.0	5.0	6.0	7.0	8.0	9.0	1.0	2.0	3.0	4.0	5.0	6.0	7.0	8.0	9.0	1.0	2.0	3.0	4.0	5.0	6.0	7.0	8.0	9.0	1.0	2.0	3.0	4.0	5.0	6.0	7.0	8.0	9.0	1.0	2.0	3.0	4.0	5.0	6.0	7.0	8.0	9.0	1.0	2.0	3.0	4.0	5.0	6.0	7.0	8.0	9.0	1.0	2.0	3.0	4.0	5.0	6.0	7.0	8.0	9.0	1.0	2.0	3.0	4.0	5.0	6.0	7.0	8.0	9.0	1.0	2.0	3.0	4.0	5.0	6.0	7.0	8.0	9.0	1.0	2.0	3.0	4.0	5.0	6.0	7.0	8.0	9.0	1.0	2.0	3.0	4.0	5.0	6.0	7.0	8.0	9.0	1.0	2.0	3.0	4.0	5.0	6.0	7.0	8.0	9.0	1.0	2.0	3.0	4.0	5.0	6.0	7.0	8.0	9.0	1.0	2.0	3.0	4.0	5.0	6.0	7.0	8.0	9.0	1.0	2.0	3.0	4.0	5.0	6.0	7.0	8.0	9.0	1.0	2.0	3.0	4.0	5.0	6.0	7.0	8.0	9.0	1.0	2.0	3.0	4.0	5.0	6.0	7.0	8.0	9.0	1.0	2.0	3.0	4.0	5.0	6.0	7.0	8.0	9.0	1.0	2.0	3.0	4.0	5.0	6.0	7.0	8.0	9.0	1.0	2.0	3.0	4.0	5.0	6.0	7.0	8.0	9.0	1.0	2.0	3.0	4.0	5.0	6.0	7.0	8.0	9.0	1.0	2.0	3.0	4.0	5.0	6.0	7.0	8.0	9.0	1.0	2.0	3.0	4.0	5.0	6.0	7.0	8.0	9.0	1.0	2.0	3.0	4.0	5.0	6.0	7.0	8.0	9.0	1.0	2.0	3.0	4.0	5.0	6.0	7.0	8.0	9.0	1.0	2.0	3.0	4.0	5.0	6.0	7.0	8.0	9.0	1.0	2.0	3.0	4.0	5.0	6.0	7.0	8.0	9.0	1.0	2.0	3.0	4.0	5.0	6.0	7.0	8.0	9.0	1.0	2.0	3.0	4.0	5.0	6.0	7.0	8.0	9.0	1.0	2.0	3.0	4.0	5.0	6.0	7.0	8.0	9.0	1.0	2.0	3.0	4.0	5.0	6.0	7.0	8.0	9.0	1.0	2.0	3.0	4.0	5.0	6.0	7.0	8.0	9.0	1.0	2.0	3.0	4.0	5.0	6.0	7.0	8.0	9.0	1.0	2.0	3.0	4.0	5.0	6.0	7.0	8.0	9.0	1.0	2.0	3.0	4.0	5.0	6.0	7.0	8.0	9.0	1.0	2.0	3.0	4.0	5.0	6.0	7.0	8.0	9.0	1.0	2.0	3.0	4.0	5.0	6.0	7.0	8.0	9.0	1.0	2.0	3.0	4.0	5.0	6.0	7.0	8.0	9.0	1.0	2.0	3.0	4.0	5.0	6.0	7.0	8.0	9.0	1.0	2.0	3.0	4.0	5.0	6.0	7.0	8.0	9.0	1.0	2.0	3.0	4.0	5.0	6.0	7.0	8.0	9.0	1.0	2.0	3.0	4.0	5.0	6.0	7.0	8.0	9.0	1.0	2.0	3.0	4.0	5.0	6.0	7.0	8.0	9.0	1.0	2.0	3.0	4.0	5.0	6.0	7.0	8.0	9.0	1.0	2.0	3.0	4.0	5.0	6.0	7.0	8.0	9.0	1.0	2.0	3.0	4.0	5.0	6.0	7.0	8.0	9.0	1.0	2.0	3.0	4.0	5.0	6.0	7.0	8.0	9.0	1.0	2.0	3.0	4.0	5.0	6.0	7.0	8.0	9.0	1.0	2.0	3.0	4.0	5.0	6.0	7.0	8.0	9.0	1.0	2.0	3.0	4.0	5.0	6.0	7.0	8.0	9.0	1.0	2.0	3.0	4.0	5.0	6.0	7.0	8.0	9.0	1.0	2.0	3.0	4.0	5.0	6.0	7.0	8.0	9.0	1.0	2.0	3.0	4.0	5.0	6.0	7.0	8.0	9.0	1.0	2.0	3.0	4.0	5.0	6.0	7.0	8.0	9.0	1.0	2.0	3.0	4.0	5.0	6.0	7.0	8.0	9.0	1.0	2.0	3.0	4.0	5.0	6.0	7.0	8.0	9.0	1.0	2.0	3.0	4.0	5.0	6.0	7.0	8.0	9.0	1.0	2.0	3.0	4.0	5.0	6.0	7.0	8.0	9.0	1.0	2.0	3.0	4.0	5.0	6.0	7.0	8.0	9.0	1.0	2.0	3.0	4.0	5.0	6.0	7.0	8.0	9.0	1.0	2.0	3.0	4.0	5.0	6.0	7.0	8.0	9.0	1.0	2.0	3.0	4.0	5.0	6.0	7.0	8.0	9.0	1.0	2.0	3.0	4.0	5.0	6.0	7.0	8.0	9.0	1.0	2.0	3.0	4.0	5.0	6.0	7.0	8.0	9.0	1.0	2.0	3.0	4.0	5.0	6.0	7.0	8.0	9.0	1.0	2.0	3.0	4.0	5.0	6.0	7.0	8.0	9.0	1.0	2.0	3.0	4.0	5.0	6.0	7.0	8.0	9.0	1.0	2.0	3.0	4.0	5.0	6.0	7.0	8.0	9.0	1.0	2.0	3.0	4.0	5.0	6.0	7.0	8.0	9.0	1.0	2.0	3.0	4.0	5.0	6.0	7.0	8.0	9.0	1.0	2.0	3.0	4.0	5.0	6.0	7.0	8.0	9.0	1.0	2.0	3.0	4.0	5.0	6.0	7.0	8.0	9.0	1.0	2.0	3.0	4.0	5.0	6.0	7.0	8.0	9.0	1.0	2.0	3.0	4.0	5.0	6.0	7.0	8.0	9.0	1.0	2.0	3.0	4.0	5.0	6.0	7.0	8.0	9.0	1.0	2.0	3.0	4.0	5.0	6.0	7.0	8.0	9.0	1.0	2.0	3.0	4.0	5.0	6.0	7.0	8.0	9.0	1.0	2.0	3.0	4.0	5.0	6.0	7.0	8.0	9.0	1.0	2.0	3.0	4.0	5.0	6.0	7.0	8.0	9.0	1.0	2.0	3.0	4.0	5.0	6.0	7.0	8.0	9.0	1.0	2.0	3.0	4.0	5.0	6.0	7.0	8.0	9.0	1.0	2.0	3.0	4.0	5.0	6.0	7.0	8.0	9.0	1.0	2.0	3.0	4.0	5.0	6.0	7.0	8.0	9.0	1.0	2.0	3.0	4.0	5.0	6.0	7.0	8.0	9.0	1.0	2.0	3.0	4.0	5.0	6.0	7.0	8.0	9.0	1.0	2.0	3.0	4.0	5.0	6.0	7.0	8.0	9.0	1.0	2.0	3.0	4.0	5.0	6.0	7.0	8.0	9.0	1.0	2.0	3.0	4.0	5.0	6.0	7.0	8.0	9.0	1.0	2.0	3.0	4.0	5.0	6.0	7.0	8.0	9.0	1.0	2.0	3.0	4.0	5.0	6.0	7.0	8.0	9.0	1.0	2.0	3.0	4.0	5.0	6.0	7.0	8.0	9.0	1.0	2.0	3.0	4.0	5.0	6.0	7.0	8.0	9.0	1.0	2.0	3.0	4.0	5.0	6.0	7.0	8.0	9.0	1.0	2.0	3.0	4.0	5.0	6.0	7.0	8.0	9.0	1.0	2.0	3.0	4.0	5.0	6.0	7.0	8.0	9.0	1.0	2.0	3.0	4.0	5.0	6.0	7.0	8.0	9.0	1.0	2.0	3.0	4.0	5.0	6.0	7.0	8.0	9.0	1.0	2.0	3.0	4.0	5.0	6.0	7.0	8.0	9.0	1.0	2.0	3.0	4.0	5.0	6.0	7.0	8.0	9.0	1.0	2.0	3.0	4.0	5.0	6.0	7.0	8.0	9.0	1.0	2.0	3.0	4.0	5.0	6.0	7.0	8.0	9.0	1.0	2.0	3.0	4.0	5.0	6.0	7.0	8.0	9.0	1.0	2.0	3.0	4.0	5.0	6.0	7.0	8.0	9.0	1.0	2.0	3.0	4.0	5.0	6.0	7.0	8.0	9.0	1.0	2.0	3.0	4.0	5.0	6.0	7.0	8.0	9.0	1.0	2.0	3.0	4.0	5.0	6.0	7.0	8.0	9.0	1.0	2.0	3.0	4.0	5.0	6.0	7.0	8.0	9.0	1.0	2.0	3.0	4.0	5.0	6.0	7.0	8.0	9.0	1.0	2.0	3.0	4.0	5.0	6.0	7.0	8.0	9.0	1.0	2.0	3.0	4.0	5.0	6.0	7.0	8.0	9.0	1.0	2.0	3.0	4.0	5.0	6.0	7.0	8.0	9.0	1.0	2.0	3.0	4.0	5.0	6.0	7.0	8.0	9.0	1.0	2.0	3.0	4.0	5.0	6.0	7.0	8.0	9.0	1.0	2.0	3.0	4.0	5.0	6.0	7.0	8.0	9.0	1.0	2.0	3.0	4.0	5.0	6.0	7.0	8.0	9.0	1.0	2.0	3.0	4.0	5.0	6.0	7.0	8.0	9.0	1.0	2.0	3.0	4.0	5.0	6.0	7.0	8.0	9.0	1.0	2.0	3.0	4.0	5.0	6.0	7.0	8.0	9.0	1.0	2.0	3.0	4.0	5.0	6.0	7.0	8.0	9.0	1.0	2.0	3.0	4.0	5.0	6.0	7.0	8.0	9.0	1.0	2.0	3.0	4.0	5.0	6.0	7.0	8.0	9.0	1.0	2.0	3.0	4.0	5.0	6.0	7.0	8.0	9.0	1.0	2.0	3.0	4.0	5.0	6.0	7.0	8.0	9.0	1.0	2.0	3.0	4.0	5.0	6.0	7.0	8.0	9.0
Sin-APnd_001-Ex1-6G-lcwgs-1-2.clmp.fp2_repr.R1										1.0089584153223898	0.29665758223746425	0.4229050492934566	0.28256442984133545	1.18539648536985	0.3256847101646991	0.03579429220315421																																																																																																																																																																																																																																																																																																																																																																																																																																																																																																																																																																																																																																																																																																																																																																																																																																																																																																																																																																																																																																																																																																																																																																																																																																																																																																																																																																											
Sin-APnd_001-Ex1-6G-lcwgs-1-2.clmp.fp2_repr.R2										1.0668821787617553	0.3066608772674022	0.5065996025593463	0.3423010060288628	1.0576890798945584	0.2038191953042989	0.0																																																																																																																																																																																																																																																																																																																																																																																																																																																																																																																																																																																																																																																																																																																																																																																																																																																																																																																																																																																																																																																																																																																																																																																																																																																																																																																																																																											
Sin-APnd_002-Ex1-3G-lcwgs-1-2.clmp.fp2_repr.R1										0.3770079910402987	0.11603593815794726	0.3881925602778483	0.24746178025361576	0.2733802799737261	0.0	0.0																																																																																																																																																																																																																																																																																																																																																																																																																																																																																																																																																																																																																																																																																																																																																																																																																																																																																																																																																																																																																																																																																																																																																																																																																																																																																																																																																																											
Sin-APnd_002-Ex1-3G-lcwgs-1-2.clmp.fp2_repr.R2										0.35513209893667663	0.09841488947199786	0.397562708864371	0.22112308951363993	0.16758438506178697	0.0	0.0																																																																																																																																																																																																																																																																																																																																																																																																																																																																																																																																																																																																																																																																																																																																																																																																																																																																																																																																																																																																																																																																																																																																																																																																																																																																																																																																																																											
Sin-APnd_003-Ex1-3H-lcwgs-1-2.clmp.fp2_repr.R1										0.6653194780181217	0.14904456247651318	0.30050872862237754	0.24623893769622915	0.7713936549014971	0.13885232793958183	0.0																																																																																																																																																																																																																																																																																																																																																																																																																																																																																																																																																																																																																																																																																																																																																																																																																																																																																																																																																																																																																																																																																																																																																																																																																																																																																																																																																																											
Sin-APnd_003-Ex1-3H-lcwgs-1-2.clmp.fp2_repr.R2										0.6082201517616501	0.1355123713218108	0.29426890458522564	0.2845299570199869	0.6569599419114683	0.050600803974409234	0.0																																																																																																																																																																																																																																																																																																																																																																																																																																																																																																																																																																																																																																																																																																																																																																																																																																																																																																																																																																																																																																																																																																																																																																																																																																																																																																																																																																											
Sin-APnd_004-Ex1-4A-lcwgs-1-2.clmp.fp2_repr.R1										1.1756092561429605	0.2986394713167635	0.7027195729664819	0.575863352957273	2.0479175161852465	0.44717312499912826	0.0																																																																																																																																																																																																																																																																																																																																																																																																																																																																																																																																																																																																																																																																																																																																																																																																																																																																																																																																																																																																																																																																																																																																																																																																																																																																																																																																																																											
Sin-APnd_004-Ex1-4A-lcwgs-1-2.clmp.fp2_repr.R2										1.147942383012453	0.292449654967992	0.8127294883957041	0.6615193290299528	1.531053934831323	0.26733840975284573	0.0																																																																																																																																																																																																																																																																																																																																																																																																																																																																																																																																																																																																																																																																																																																																																																																																																																																																																																																																																																																																																																																																																																																																																																																																																																																																																																																																																																											
Sin-APnd_005-Ex1-4B-lcwgs-1-2.clmp.fp2_repr.R1										0.6777341013141052	0.11983700835560668	0.27959004910375373	0.24426435867637453	0.5318716660252897	0.10290669947686631	0.0																																																																																																																																																																																																																																																																																																																																																																																																																																																																																																																																																																																																																																																																																																																																																																																																																																																																																																																																																																																																																																																																																																																																																																																																																																																																																																																																																																											
Sin-APnd_005-Ex1-4B-lcwgs-1-2.clmp.fp2_repr.R2										0.6335842489754607	0.1452181249230398	0.34972567602522137	0.28978277795395824	0.479440122637098	0.0	0.0																																																																																																																																																																																																																																																																																																																																																																																																																																																																																																																																																																																																																																																																																																																																																																																																																																																																																																																																																																																																																																																																																																																																																																																																																																																																																																																																																																											
Sin-APnd_006-Ex1-4C-lcwgs-1-2.clmp.fp2_repr.R1										0.41654662132255227	0.10319725064791758	0.35847290089706846	0.32671445145701133	0.5992600001717417	0.0	0.0																																																																																																																																																																																																																																																																																																																																																																																																																																																																																																																																																																																																																																																																																																																																																																																																																																																																																																																																																																																																																																																																																																																																																																																																																																																																																																																																																																											
Sin-APnd_006-Ex1-4C-lcwgs-1-2.clmp.fp2_repr.R2										0.43045993310674374	0.11768636898674963	0.42991999709841316	0.2510424613770761	0.37719721837672504	0.0	0.0																																																																																																																																																																																																																																																																																																																																																																																																																																																																																																																																																																																																																																																																																																																																																																																																																																																																																																																																																																																																																																																																																																																																																																																																																																																																																																																																																																											
Sin-APnd_007-Ex1-4D-lcwgs-1-2.clmp.fp2_repr.R1										0.5769735898993235	0.1257562404987642	0.3038650699377572	0.2891760497298045	0.7175806084281591	0.040446943286030754	0.0																																																																																																																																																																																																																																																																																																																																																																																																																																																																																																																																																																																																																																																																																																																																																																																																																																																																																																																																																																																																																																																																																																																																																																																																																																																																																																																																																																											
Sin-APnd_007-Ex1-4D-lcwgs-1-2.clmp.fp2_repr.R2										0.5645325814926564	0.10988899230818139	0.3812451194188022	0.3073789565069558	0.5365703164101239	0.0	0.0																																																																																																																																																																																																																																																																																																																																																																																																																																																																																																																																																																																																																																																																																																																																																																																																																																																																																																																																																																																																																																																																																																																																																																																																																																																																																																																																																																											
Sin-APnd_008-Ex1-4E-lcwgs-1-2.clmp.fp2_repr.R1										1.0809030641291273	0.2737683405653371	0.5471259528120918	0.44526263401867966	1.4726777925410792	0.238165382211999	0.0																																																																																																																																																																																																																																																																																																																																																																																																																																																																																																																																																																																																																																																																																																																																																																																																																																																																																																																																																																																																																																																																																																																																																																																																																																																																																																																																																																											
Sin-APnd_008-Ex1-4E-lcwgs-1-2.clmp.fp2_repr.R2										1.1494149123335822	0.3079299051223952	0.6138193149742155	0.517057577681453	1.129840637431754	0.12977346442151527	0.0																																																																																																																																																																																																																																																																																																																																																																																																																																																																																																																																																																																																																																																																																																																																																																																																																																																																																																																																																																																																																																																																																																																																																																																																																																																																																																																																																																											
Sin-APnd_009-Ex1-4F-lcwgs-1-2.clmp.fp2_repr.R1										0.6129358629482505	0.12237194161132238	0.4192195549570152	0.3575308516786071	0.6375003503367151	0.04229710833259803	0.0																																																																																																																																																																																																																																																																																																																																																																																																																																																																																																																																																																																																																																																																																																																																																																																																																																																																																																																																																																																																																																																																																																																																																																																																																																																																																																																																																																											
Sin-APnd_009-Ex1-4F-lcwgs-1-2.clmp.fp2_repr.R2										0.58589239990216	0.1355084983129539	0.44106338309319393	0.3613642751875833	0.5307768509439924	0.0	0.0																																																																																																																																																																																																																																																																																																																																																																																																																																																																																																																																																																																																																																																																																																																																																																																																																																																																																																																																																																																																																																																																																																																																																																																																																																																																																																																																																																											
Sin-APnd_010-Ex1-4G-lcwgs-1-2.clmp.fp2_repr.R1										0.9917527075822448	0.25706764780464486	0.4751750970713484	0.3759589131911206	1.3911024103015626	0.2746983154757966	0.0																																																																																																																																																																																																																																																																																																																																																																																																																																																																																																																																																																																																																																																																																																																																																																																																																																																																																																																																																																																																																																																																																																																																																																																																																																																																																																																																																																											
Sin-APnd_010-Ex1-4G-lcwgs-1-2.clmp.fp2_repr.R2										1.0245050335438721	0.2791785959238981	0.5294452152759888	0.40764631566676784	1.1102512554030586	0.18463162812392397	0.0																																																																																																																																																																																																																																																																																																																																																																																																																																																																																																																																																																																																																																																																																																																																																																																																																																																																																																																																																																																																																																																																																																																																																																																																																																																																																																																																																																											
Sin-APnd_011-Ex1-4H-lcwgs-1-2.clmp.fp2_repr.R1										0.9642421274012611	0.23249293609672173	0.4272518897019011	0.3309062279790552	1.0042563100934512	0.19535711808752804	0.0																																																																																																																																																																																																																																																																																																																																																																																																																																																																																																																																																																																																																																																																																																																																																																																																																																																																																																																																																																																																																																																																																																																																																																																																																																																																																																																																																																											
Sin-APnd_011-Ex1-4H-lcwgs-1-2.clmp.fp2_repr.R2										0.9360390670871114	0.2283463537198025	0.4442057397437894	0.35578510979388805	0.8224364103066854	0.09131550595068166	0.0																																																																																																																																																																																																																																																																																																																																																																																																																																																																																																																																																																																																																																																																																																																																																																																																																																																																																																																																																																																																																																																																																																																																																																																																																																																																																																																																																																											
Sin-APnd_012-Ex1-5A-lcwgs-1-2.clmp.fp2_repr.R1										1.0667601066451964	0.2680662463525183	0.5204367861344495	0.3902672843240732	1.7560516423857178	0.3722182185251549	0.046634332172953576																																																																																																																																																																																																																																																																																																																																																																																																																																																																																																																																																																																																																																																																																																																																																																																																																																																																																																																																																																																																																																																																																																																																																																																																																																																																																																																																																																											
Sin-APnd_012-Ex1-5A-lcwgs-1-2.clmp.fp2_repr.R2										1.0981945008581813	0.2741935591318163	0.5868051152162448	0.4710279856491064	1.4290434522150646	0.2473055999827868	0.0																																																																																																																																																																																																																																																																																																																																																																																																																																																																																																																																																																																																																																																																																																																																																																																																																																																																																																																																																																																																																																																																																																																																																																																																																																																																																																																																																																											
Sin-APnd_013-Ex1-5B-lcwgs-1-2.clmp.fp2_repr.R1										0.8119803715724041	0.204322630391958	0.4461369557472103	0.39180025573957533	0.9895767108883983	0.11690205541099671	0.0																																																																																																																																																																																																																																																																																																																																																																																																																																																																																																																																																																																																																																																																																																																																																																																																																																																																																																																																																																																																																																																																																																																																																																																																																																																																																																																																																																											
Sin-APnd_013-Ex1-5B-lcwgs-1-2.clmp.fp2_repr.R2										0.8732747751190005	0.2065340493262159	0.49941096076604435	0.44092395039451127	0.8437986455649262	0.013262733650426035	0.0																																																																																																																																																																																																																																																																																																																																																																																																																																																																																																																																																																																																																																																																																																																																																																																																																																																																																																																																																																																																																																																																																																																																																																																																																																																																																																																																																																											
Sin-APnd_014-Ex1-5C-lcwgs-1-2.clmp.fp2_repr.R1										0.7081601484611518	0.15587131128065276	0.43371456133296316	0.37373811103441534	0.7315252474252956	0.06477835651550082	0.0																																																																																																																																																																																																																																																																																																																																																																																																																																																																																																																																																																																																																																																																																																																																																																																																																																																																																																																																																																																																																																																																																																																																																																																																																																																																																																																																																																											
Sin-APnd_014-Ex1-5C-lcwgs-1-2.clmp.fp2_repr.R2										0.7203418282100555	0.16964775879397098	0.5136837136352136	0.34611504838647145	0.5967877905792807	0.0	0.0																																																																																																																																																																																																																																																																																																																																																																																																																																																																																																																																																																																																																																																																																																																																																																																																																																																																																																																																																																																																																																																																																																																																																																																																																																																																																																																																																																											
Sin-APnd_015-Ex1-5D-lcwgs-1-2.clmp.fp2_repr.R1										0.5747546568756522	0.1482864445839158	0.42854095309672235	0.38787228488061143	0.7373683047834159	0.08208541951910572	0.0																																																																																																																																																																																																																																																																																																																																																																																																																																																																																																																																																																																																																																																																																																																																																																																																																																																																																																																																																																																																																																																																																																																																																																																																																																																																																																																																																																											
Sin-APnd_015-Ex1-5D-lcwgs-1-2.clmp.fp2_repr.R2										0.6016510688600268	0.1397557107849058	0.4882880191384783	0.31617293627407567	0.576452314635707	0.0	0.0																																																																																																																																																																																																																																																																																																																																																																																																																																																																																																																																																																																																																																																																																																																																																																																																																																																																																																																																																																																																																																																																																																																																																																																																																																																																																																																																																																											
Sin-APnd_016-Ex1-5E-lcwgs-1-2.clmp.fp2_repr.R1										0.7045638477591214	0.16664706961780446	0.44510342771179234	0.43581627624292063	0.8234400086672725	0.12359045876164786	0.0																																																																																																																																																																																																																																																																																																																																																																																																																																																																																																																																																																																																																																																																																																																																																																																																																																																																																																																																																																																																																																																																																																																																																																																																																																																																																																																																																																											
Sin-APnd_016-Ex1-5E-lcwgs-1-2.clmp.fp2_repr.R2										0.7322253302328353	0.15174948295336024	0.5512084934867973	0.38531788889079716	0.7338465231077363	0.0	0.0																																																																																																																																																																																																																																																																																																																																																																																																																																																																																																																																																																																																																																																																																																																																																																																																																																																																																																																																																																																																																																																																																																																																																																																																																																																																																																																																																																											
Sin-APnd_017-Ex1-5F-lcwgs-1-2.clmp.fp2_repr.R1										0.577148290771084	0.1345734894661055	0.46257254221390415	0.37384175506816947	0.6854174477573148	0.0	0.0																																																																																																																																																																																																																																																																																																																																																																																																																																																																																																																																																																																																																																																																																																																																																																																																																																																																																																																																																																																																																																																																																																																																																																																																																																																																																																																																																																											
Sin-APnd_017-Ex1-5F-lcwgs-1-2.clmp.fp2_repr.R2										0.5600724717045519	0.16230878584722533	0.5143241618652168	0.3109602263440747	0.48489238882359653	0.0	0.0																																																																																																																																																																																																																																																																																																																																																																																																																																																																																																																																																																																																																																																																																																																																																																																																																																																																																																																																																																																																																																																																																																																																																																																																																																																																																																																																																																											
Sin-APnd_018-Ex1-5G-lcwgs-1-2.clmp.fp2_repr.R1										0.4226305262037408	0.10730056661176651	0.40791103870095274	0.23016367097169602	0.439481066952121	0.0	0.0																																																																																																																																																																																																																																																																																																																																																																																																																																																																																																																																																																																																																																																																																																																																																																																																																																																																																																																																																																																																																																																																																																																																																																																																																																																																																																																																																																											
Sin-APnd_018-Ex1-5G-lcwgs-1-2.clmp.fp2_repr.R2										0.37092694159845363	0.10799602430880795	0.43405082157096053	0.19518659147834624	0.2732005055781475	0.0	0.0																																																																																																																																																																																																																																																																																																																																																																																																																																																																																																																																																																																																																																																																																																																																																																																																																																																																																																																																																																																																																																																																																																																																																																																																																																																																																																																																																																											
Sin-APnd_019-Ex1-5H-lcwgs-1-2.clmp.fp2_repr.R1										0.7135416459708692	0.15802038391147735	0.42140447814591553	0.43726227225799574	0.984335787248981	0.18618285566597345	0.0																																																																																																																																																																																																																																																																																																																																																																																																																																																																																																																																																																																																																																																																																																																																																																																																																																																																																																																																																																																																																																																																																																																																																																																																																																																																																																																																																																											
Sin-APnd_019-Ex1-5H-lcwgs-1-2.clmp.fp2_repr.R2										0.6945495175261595	0.15911388127518858	0.5318917600078501	0.43328035064964615	0.8368163228465866	0.07246912056503504	0.0																																																																																																																																																																																																																																																																																																																																																																																																																																																																																																																																																																																																																																																																																																																																																																																																																																																																																																																																																																																																																																																																																																																																																																																																																																																																																																																																																																											
Sin-APnd_020-Ex1-6A-lcwgs-1-2.clmp.fp2_repr.R1										1.7201487752478917	0.4304457585290787	0.725167546390907	0.496833297479516	2.41455646452353	0.6653792777330392	0.22367076226312133																																																																																																																																																																																																																																																																																																																																																																																																																																																																																																																																																																																																																																																																																																																																																																																																																																																																																																																																																																																																																																																																																																																																																																																																																																																																																																																																																																											
Sin-APnd_020-Ex1-6A-lcwgs-1-2.clmp.fp2_repr.R2										1.712890249230986	0.46370345746917835	0.8909616363734543	0.5214932490740634	2.1466458871891265	0.4037934671461213	0.04991204793607688																																																																																																																																																																																																																																																																																																																																																																																																																																																																																																																																																																																																																																																																																																																																																																																																																																																																																																																																																																																																																																																																																																																																																																																																																																																																																																																																																																											
Sin-APnd_021-Ex1-6B-lcwgs-1-2.clmp.fp2_repr.R1										1.2069695120418695	0.3080097783876088	0.6970669813853325	0.5832965935833515	2.202952887549946	0.468566396789427	0.0																																																																																																																																																																																																																																																																																																																																																																																																																																																																																																																																																																																																																																																																																																																																																																																																																																																																																																																																																																																																																																																																																																																																																																																																																																																																																																																																																																											
Sin-APnd_021-Ex1-6B-lcwgs-1-2.clmp.fp2_repr.R2										1.1936483160218403	0.3376353640194312	0.8124498364849608	0.6700314456463414	1.9712052761885404	0.2893135596364967	0.0																																																																																																																																																																																																																																																																																																																																																																																																																																																																																																																																																																																																																																																																																																																																																																																																																																																																																																																																																																																																																																																																																																																																																																																																																																																																																																																																																																											
Sin-APnd_022-Ex1-6C-lcwgs-1-2.clmp.fp2_repr.R1										0.6383586342530555	0.20708527021455433	0.8726009671416476	0.5965573832681846	1.0112166115976082	0.0	0.0																																																																																																																																																																																																																																																																																																																																																																																																																																																																																																																																																																																																																																																																																																																																																																																																																																																																																																																																																																																																																																																																																																																																																																																																																																																																																																																																																																											
Sin-APnd_022-Ex1-6C-lcwgs-1-2.clmp.fp2_repr.R2										0.6112979079517028	0.183627245182686	0.9586261750506703	0.4600370465300486	0.5472336993338272	0.0	0.0																																																																																																																																																																																																																																																																																																																																																																																																																																																																																																																																																																																																																																																																																																																																																																																																																																																																																																																																																																																																																																																																																																																																																																																																																																																																																																																																																																											
Sin-APnd_023-Ex1-6D-lcwgs-1-2.clmp.fp2_repr.R1										0.9446724196896856	0.21641590708227795	0.5624651985130383	0.5792793663371265	1.873380394379904	0.21784324205696487	0.0																																																																																																																																																																																																																																																																																																																																																																																																																																																																																																																																																																																																																																																																																																																																																																																																																																																																																																																																																																																																																																																																																																																																																																																																																																																																																																																																																																											
Sin-APnd_023-Ex1-6D-lcwgs-1-2.clmp.fp2_repr.R2										0.9642000640006535	0.21737034707406444	0.7131211417573806	0.6328148773197345	1.4025085320422828	0.05596533580042336	0.0																																																																																																																																																																																																																																																																																																																																																																																																																																																																																																																																																																																																																																																																																																																																																																																																																																																																																																																																																																																																																																																																																																																																																																																																																																																																																																																																																																											
Sin-APnd_024-Ex1-6E-lcwgs-1-2.clmp.fp2_repr.R1										0.4562631096849785	0.17698872033682614	0.7989715672037373	0.39708213573917867	0.4407173973169684	0.0	0.0																																																																																																																																																																																																																																																																																																																																																																																																																																																																																																																																																																																																																																																																																																																																																																																																																																																																																																																																																																																																																																																																																																																																																																																																																																																																																																																																																																											
Sin-APnd_024-Ex1-6E-lcwgs-1-2.clmp.fp2_repr.R2										0.4835226380463335	0.18290833129429698	0.7921477611056895	0.3467845854544169	0.22800748269646998	0.0	0.0																																																																																																																																																																																																																																																																																																																																																																																																																																																																																																																																																																																																																																																																																																																																																																																																																																																																																																																																																																																																																																																																																																																																																																																																																																																																																																																																																																											
Sin-APnd_025-Ex1-6F-lcwgs-1-2.clmp.fp2_repr.R1										0.3747825244599442	0.09275735213022471	0.42563104679686503	0.2774950660775896	0.4183050150789445	0.0	0.0																																																																																																																																																																																																																																																																																																																																																																																																																																																																																																																																																																																																																																																																																																																																																																																																																																																																																																																																																																																																																																																																																																																																																																																																																																																																																																																																																																											
Sin-APnd_025-Ex1-6F-lcwgs-1-2.clmp.fp2_repr.R2										0.3830191163867582	0.11246299600304831	0.4439211546723361	0.1967023152797237	0.2496516093444054	0.0	0.0																																																																																																																																																																																																																																																																																																																																																																																																																																																																																																																																																																																																																																																																																																																																																																																																																																																																																																																																																																																																																																																																																																																																																																																																																																																																																																																																																																											
Sin-CPnd_013-Ex1-4E-lcwgs-1-2.clmp.fp2_repr.R1										0.0	0.0	0.0	0.0	0.0	0.0	0.0																																																																																																																																																																																																																																																																																																																																																																																																																																																																																																																																																																																																																																																																																																																																																																																																																																																																																																																																																																																																																																																																																																																																																																																																																																																																																																																																																																											
Sin-CPnd_013-Ex1-4E-lcwgs-1-2.clmp.fp2_repr.R2										0.0	0.0	0.0	0.0	0.0	0.0	0.0																																																																																																																																																																																																																																																																																																																																																																																																																																																																																																																																																																																																																																																																																																																																																																																																																																																																																																																																																																																																																																																																																																																																																																																																																																																																																																																																																																											
Sin-CPnd_015-Ex1-4A-lcwgs-1-2.clmp.fp2_repr.R1										0.0	0.0	0.0	0.0	0.0	0.0	0.0																																																																																																																																																																																																																																																																																																																																																																																																																																																																																																																																																																																																																																																																																																																																																																																																																																																																																																																																																																																																																																																																																																																																																																																																																																																																																																																																																																											
Sin-CPnd_015-Ex1-4A-lcwgs-1-2.clmp.fp2_repr.R2										0.0	0.0	0.0	0.0	0.0	0.0	0.0																																																																																																																																																																																																																																																																																																																																																																																																																																																																																																																																																																																																																																																																																																																																																																																																																																																																																																																																																																																																																																																																																																																																																																																																																																																																																																																																																																											
Sin-CPnd_018-Ex1-11A-lcwgs-1-2.clmp.fp2_repr.R1										0.9428589129102417	0.0	0.0	0.0	0.0	0.0	0.0																																																																																																																																																																																																																																																																																																																																																																																																																																																																																																																																																																																																																																																																																																																																																																																																																																																																																																																																																																																																																																																																																																																																																																																																																																																																																																																																																																											
Sin-CPnd_018-Ex1-11A-lcwgs-1-2.clmp.fp2_repr.R2										0.5016331939229182	0.0	0.0	0.0	0.0	0.0	0.0																																																																																																																																																																																																																																																																																																																																																																																																																																																																																																																																																																																																																																																																																																																																																																																																																																																																																																																																																																																																																																																																																																																																																																																																																																																																																																																																																																											
Sin-CPnd_019-Ex1-1H-lcwgs-1-2.clmp.fp2_repr.R1										0.0	0.0	0.0	0.0	0.0	0.0	0.0																																																																																																																																																																																																																																																																																																																																																																																																																																																																																																																																																																																																																																																																																																																																																																																																																																																																																																																																																																																																																																																																																																																																																																																																																																																																																																																																																																											
Sin-CPnd_019-Ex1-1H-lcwgs-1-2.clmp.fp2_repr.R2										0.0	0.0	0.0	0.0	0.0	0.0	0.0																																																																																																																																																																																																																																																																																																																																																																																																																																																																																																																																																																																																																																																																																																																																																																																																																																																																																																																																																																																																																																																																																																																																																																																																																																																																																																																																																																											
Sin-CPnd_020-Ex1-12E-lcwgs-1-2.clmp.fp2_repr.R1										0.05220302010116806	0.0	0.0	0.0	0.0	0.0	0.0																																																																																																																																																																																																																																																																																																																																																																																																																																																																																																																																																																																																																																																																																																																																																																																																																																																																																																																																																																																																																																																																																																																																																																																																																																																																																																																																																																											
Sin-CPnd_020-Ex1-12E-lcwgs-1-2.clmp.fp2_repr.R2										0.050692976526501905	0.0	0.0	0.0	0.0	0.0	0.0																																																																																																																																																																																																																																																																																																																																																																																																																																																																																																																																																																																																																																																																																																																																																																																																																																																																																																																																																																																																																																																																																																																																																																																																																																																																																																																																																																											
Sin-CPnd_021-Ex1-3D-lcwgs-1-2.clmp.fp2_repr.R1										0.0	0.0	0.0	0.0	0.0	0.0	0.0																																																																																																																																																																																																																																																																																																																																																																																																																																																																																																																																																																																																																																																																																																																																																																																																																																																																																																																																																																																																																																																																																																																																																																																																																																																																																																																																																																											
Sin-CPnd_021-Ex1-3D-lcwgs-1-2.clmp.fp2_repr.R2										0.0	0.0	0.0	0.0	0.0	0.0	0.0																																																																																																																																																																																																																																																																																																																																																																																																																																																																																																																																																																																																																																																																																																																																																																																																																																																																																																																																																																																																																																																																																																																																																																																																																																																																																																																																																																											
Sin-CPnd_022-Ex1-1D-lcwgs-1-2.clmp.fp2_repr.R1										0.0	0.0	0.0	0.0	0.0	0.0	0.0																																																																																																																																																																																																																																																																																																																																																																																																																																																																																																																																																																																																																																																																																																																																																																																																																																																																																																																																																																																																																																																																																																																																																																																																																																																																																																																																																																											
Sin-CPnd_022-Ex1-1D-lcwgs-1-2.clmp.fp2_repr.R2										0.0	0.0	0.0	0.0	0.0	0.0	0.0																																																																																																																																																																																																																																																																																																																																																																																																																																																																																																																																																																																																																																																																																																																																																																																																																																																																																																																																																																																																																																																																																																																																																																																																																																																																																																																																																																											
Sin-CPnd_023-Ex1-12B-lcwgs-1-2.clmp.fp2_repr.R1										0.3324723526046863	0.0	0.0	0.0	0.0	0.0	0.0																																																																																																																																																																																																																																																																																																																																																																																																																																																																																																																																																																																																																																																																																																																																																																																																																																																																																																																																																																																																																																																																																																																																																																																																																																																																																																																																																																											
Sin-CPnd_023-Ex1-12B-lcwgs-1-2.clmp.fp2_repr.R2										0.15616510384492738	0.0	0.0	0.0	0.0	0.0	0.0																																																																																																																																																																																																																																																																																																																																																																																																																																																																																																																																																																																																																																																																																																																																																																																																																																																																																																																																																																																																																																																																																																																																																																																																																																																																																																																																																																											
Sin-CPnd_024-Ex1-12C-lcwgs-1-2.clmp.fp2_repr.R1										0.13224378668915254	0.0	0.0	0.0	0.0	0.0	0.0																																																																																																																																																																																																																																																																																																																																																																																																																																																																																																																																																																																																																																																																																																																																																																																																																																																																																																																																																																																																																																																																																																																																																																																																																																																																																																																																																																											
Sin-CPnd_024-Ex1-12C-lcwgs-1-2.clmp.fp2_repr.R2										0.1023240701941337	0.0	0.0	0.0	0.0	0.0	0.0																																																																																																																																																																																																																																																																																																																																																																																																																																																																																																																																																																																																																																																																																																																																																																																																																																																																																																																																																																																																																																																																																																																																																																																																																																																																																																																																																																											
Sin-CPnd_025-Ex1-3B-lcwgs-1-2.clmp.fp2_repr.R1										0.0	0.0	0.0	0.0	0.0	0.0	0.0																																																																																																																																																																																																																																																																																																																																																																																																																																																																																																																																																																																																																																																																																																																																																																																																																																																																																																																																																																																																																																																																																																																																																																																																																																																																																																																																																																											
Sin-CPnd_025-Ex1-3B-lcwgs-1-2.clmp.fp2_repr.R2										0.0	0.0	0.0	0.0	0.0	0.0	0.0																																																																																																																																																																																																																																																																																																																																																																																																																																																																																																																																																																																																																																																																																																																																																																																																																																																																																																																																																																																																																																																																																																																																																																																																																																																																																																																																																																											
Sin-CPnd_028-Ex1-12H-lcwgs-1-2.clmp.fp2_repr.R1										0.1377163981675294	0.0	0.0	0.0	0.0	0.0	0.0																																																																																																																																																																																																																																																																																																																																																																																																																																																																																																																																																																																																																																																																																																																																																																																																																																																																																																																																																																																																																																																																																																																																																																																																																																																																																																																																																																											
Sin-CPnd_028-Ex1-12H-lcwgs-1-2.clmp.fp2_repr.R2										0.11988823269860722	0.0	0.0	0.0	0.0	0.0	0.0																																																																																																																																																																																																																																																																																																																																																																																																																																																																																																																																																																																																																																																																																																																																																																																																																																																																																																																																																																																																																																																																																																																																																																																																																																																																																																																																																																											
Sin-CPnd_029-Ex1-4D-lcwgs-1-2.clmp.fp2_repr.R1										0.0	0.0	0.0	0.0	0.0	0.0	0.0																																																																																																																																																																																																																																																																																																																																																																																																																																																																																																																																																																																																																																																																																																																																																																																																																																																																																																																																																																																																																																																																																																																																																																																																																																																																																																																																																																											
Sin-CPnd_029-Ex1-4D-lcwgs-1-2.clmp.fp2_repr.R2										0.0	0.0	0.0	0.0	0.0	0.0	0.0																																																																																																																																																																																																																																																																																																																																																																																																																																																																																																																																																																																																																																																																																																																																																																																																																																																																																																																																																																																																																																																																																																																																																																																																																																																																																																																																																																											
Sin-CPnd_031-Ex1-3G-lcwgs-1-2.clmp.fp2_repr.R1										0.0	0.0	0.0	0.0	0.0	0.0	0.0																																																																																																																																																																																																																																																																																																																																																																																																																																																																																																																																																																																																																																																																																																																																																																																																																																																																																																																																																																																																																																																																																																																																																																																																																																																																																																																																																																											
Sin-CPnd_031-Ex1-3G-lcwgs-1-2.clmp.fp2_repr.R2										0.0	0.0	0.0	0.0	0.0	0.0	0.0																																																																																																																																																																																																																																																																																																																																																																																																																																																																																																																																																																																																																																																																																																																																																																																																																																																																																																																																																																																																																																																																																																																																																																																																																																																																																																																																																																											
Sin-CPnd_032-Ex1-3E-lcwgs-1-2.clmp.fp2_repr.R1										0.0	0.0	0.0	0.0	0.0	0.0	0.0																																																																																																																																																																																																																																																																																																																																																																																																																																																																																																																																																																																																																																																																																																																																																																																																																																																																																																																																																																																																																																																																																																																																																																																																																																																																																																																																																																											
Sin-CPnd_032-Ex1-3E-lcwgs-1-2.clmp.fp2_repr.R2										0.0	0.0	0.0	0.0	0.0	0.0	0.0																																																																																																																																																																																																																																																																																																																																																																																																																																																																																																																																																																																																																																																																																																																																																																																																																																																																																																																																																																																																																																																																																																																																																																																																																																																																																																																																																																											
Sin-CPnd_033-Ex1-1B-lcwgs-1-2.clmp.fp2_repr.R1										0.0	0.0	0.0	0.0	0.0	0.0	0.0																																																																																																																																																																																																																																																																																																																																																																																																																																																																																																																																																																																																																																																																																																																																																																																																																																																																																																																																																																																																																																																																																																																																																																																																																																																																																																																																																																											
Sin-CPnd_033-Ex1-1B-lcwgs-1-2.clmp.fp2_repr.R2										0.0	0.0	0.0	0.0	0.0	0.0	0.0																																																																																																																																																																																																																																																																																																																																																																																																																																																																																																																																																																																																																																																																																																																																																																																																																																																																																																																																																																																																																																																																																																																																																																																																																																																																																																																																																																											
Sin-CPnd_034-Ex1-3C-lcwgs-1-2.clmp.fp2_repr.R1										0.0	0.0	0.0	0.0	0.0	0.0	0.0																																																																																																																																																																																																																																																																																																																																																																																																																																																																																																																																																																																																																																																																																																																																																																																																																																																																																																																																																																																																																																																																																																																																																																																																																																																																																																																																																																											
Sin-CPnd_034-Ex1-3C-lcwgs-1-2.clmp.fp2_repr.R2										0.0	0.0	0.0	0.0	0.0	0.0	0.0																																																																																																																																																																																																																																																																																																																																																																																																																																																																																																																																																																																																																																																																																																																																																																																																																																																																																																																																																																																																																																																																																																																																																																																																																																																																																																																																																																											
Sin-CPnd_035-Ex1-12D-lcwgs-1-2.clmp.fp2_repr.R1										0.15592805159470396	0.0	0.0	0.0	0.0	0.0	0.0																																																																																																																																																																																																																																																																																																																																																																																																																																																																																																																																																																																																																																																																																																																																																																																																																																																																																																																																																																																																																																																																																																																																																																																																																																																																																																																																																																											
Sin-CPnd_035-Ex1-12D-lcwgs-1-2.clmp.fp2_repr.R2										0.08881470894190419	0.0	0.0	0.0	0.0	0.0	0.0																																																																																																																																																																																																																																																																																																																																																																																																																																																																																																																																																																																																																																																																																																																																																																																																																																																																																																																																																																																																																																																																																																																																																																																																																																																																																																																																																																											
Sin-CPnd_038-Ex1-11C-lcwgs-1-2.clmp.fp2_repr.R1										0.26869918303960283	0.0	0.0	0.0	0.0	0.0	0.0																																																																																																																																																																																																																																																																																																																																																																																																																																																																																																																																																																																																																																																																																																																																																																																																																																																																																																																																																																																																																																																																																																																																																																																																																																																																																																																																																																											
Sin-CPnd_038-Ex1-11C-lcwgs-1-2.clmp.fp2_repr.R2										0.17887190917100426	0.0	0.0	0.0	0.0	0.0	0.0																																																																																																																																																																																																																																																																																																																																																																																																																																																																																																																																																																																																																																																																																																																																																																																																																																																																																																																																																																																																																																																																																																																																																																																																																																																																																																																																																																											
Sin-CPnd_039-Ex1-10F-lcwgs-1-2.clmp.fp2_repr.R1										0.08615332404886662	0.0	0.0	0.0	0.0	0.0	0.0																																																																																																																																																																																																																																																																																																																																																																																																																																																																																																																																																																																																																																																																																																																																																																																																																																																																																																																																																																																																																																																																																																																																																																																																																																																																																																																																																																											
Sin-CPnd_039-Ex1-10F-lcwgs-1-2.clmp.fp2_repr.R2										0.026332984439149686	0.0	0.0	0.0	0.0	0.0	0.0																																																																																																																																																																																																																																																																																																																																																																																																																																																																																																																																																																																																																																																																																																																																																																																																																																																																																																																																																																																																																																																																																																																																																																																																																																																																																																																																																																											
Sin-CPnd_040-Ex1-11E-lcwgs-1-2.clmp.fp2_repr.R1										0.2600999151229664	0.0	0.0	0.0	0.0	0.0	0.0																																																																																																																																																																																																																																																																																																																																																																																																																																																																																																																																																																																																																																																																																																																																																																																																																																																																																																																																																																																																																																																																																																																																																																																																																																																																																																																																																																											
Sin-CPnd_040-Ex1-11E-lcwgs-1-2.clmp.fp2_repr.R2										0.14315124149662886	0.0	0.0	0.0	0.0	0.0	0.0																																																																																																																																																																																																																																																																																																																																																																																																																																																																																																																																																																																																																																																																																																																																																																																																																																																																																																																																																																																																																																																																																																																																																																																																																																																																																																																																																																											
Sin-CPnd_042-Ex1-10D-lcwgs-1-2.clmp.fp2_repr.R1										0.15371097991789395	0.0	0.0	0.0	0.0	0.0	0.0																																																																																																																																																																																																																																																																																																																																																																																																																																																																																																																																																																																																																																																																																																																																																																																																																																																																																																																																																																																																																																																																																																																																																																																																																																																																																																																																																																											
Sin-CPnd_042-Ex1-10D-lcwgs-1-2.clmp.fp2_repr.R2										0.03063603456677398	0.0	0.0	0.0	0.0	0.0	0.0																																																																																																																																																																																																																																																																																																																																																																																																																																																																																																																																																																																																																																																																																																																																																																																																																																																																																																																																																																																																																																																																																																																																																																																																																																																																																																																																																																											
Sin-CPnd_043-Ex1-1C-lcwgs-1-2.clmp.fp2_repr.R1										0.0	0.0	0.0	0.0	0.0	0.0	0.0																																																																																																																																																																																																																																																																																																																																																																																																																																																																																																																																																																																																																																																																																																																																																																																																																																																																																																																																																																																																																																																																																																																																																																																																																																																																																																																																																																											
Sin-CPnd_043-Ex1-1C-lcwgs-1-2.clmp.fp2_repr.R2										0.0	0.0	0.0	0.0	0.0	0.0	0.0																																																																																																																																																																																																																																																																																																																																																																																																																																																																																																																																																																																																																																																																																																																																																																																																																																																																																																																																																																																																																																																																																																																																																																																																																																																																																																																																																																											
Sin-CPnd_044-Ex1-2C-lcwgs-1-2.clmp.fp2_repr.R1										0.0	0.0	0.0	0.0	0.0	0.0	0.0																																																																																																																																																																																																																																																																																																																																																																																																																																																																																																																																																																																																																																																																																																																																																																																																																																																																																																																																																																																																																																																																																																																																																																																																																																																																																																																																																																											
Sin-CPnd_044-Ex1-2C-lcwgs-1-2.clmp.fp2_repr.R2										0.0	0.0	0.0	0.0	0.0	0.0	0.0																																																																																																																																																																																																																																																																																																																																																																																																																																																																																																																																																																																																																																																																																																																																																																																																																																																																																																																																																																																																																																																																																																																																																																																																																																																																																																																																																																											
Sin-CPnd_045-Ex1-11H-lcwgs-1-2.clmp.fp2_repr.R1										0.18789242589472394	0.025269952026091794	0.0	0.0	0.0	0.0	0.0																																																																																																																																																																																																																																																																																																																																																																																																																																																																																																																																																																																																																																																																																																																																																																																																																																																																																																																																																																																																																																																																																																																																																																																																																																																																																																																																																																											
Sin-CPnd_045-Ex1-11H-lcwgs-1-2.clmp.fp2_repr.R2										0.17441017038609383	0.019995680043456594	0.0	0.0	0.0	0.0	0.0																																																																																																																																																																																																																																																																																																																																																																																																																																																																																																																																																																																																																																																																																																																																																																																																																																																																																																																																																																																																																																																																																																																																																																																																																																																																																																																																																																											
Sin-CPnd_049-Ex1-4C-lcwgs-1-2.clmp.fp2_repr.R1										0.0	0.0	0.0	0.0	0.0	0.0	0.0																																																																																																																																																																																																																																																																																																																																																																																																																																																																																																																																																																																																																																																																																																																																																																																																																																																																																																																																																																																																																																																																																																																																																																																																																																																																																																																																																																											
Sin-CPnd_049-Ex1-4C-lcwgs-1-2.clmp.fp2_repr.R2										0.0	0.0	0.0	0.0	0.0	0.0	0.0																																																																																																																																																																																																																																																																																																																																																																																																																																																																																																																																																																																																																																																																																																																																																																																																																																																																																																																																																																																																																																																																																																																																																																																																																																																																																																																																																																											
Sin-CPnd_050-Ex1-9B-lcwgs-1-2.clmp.fp2_repr.R1										0.2275683947513377	0.0	0.0	0.0	0.0	0.0	0.0																																																																																																																																																																																																																																																																																																																																																																																																																																																																																																																																																																																																																																																																																																																																																																																																																																																																																																																																																																																																																																																																																																																																																																																																																																																																																																																																																																											
Sin-CPnd_050-Ex1-9B-lcwgs-1-2.clmp.fp2_repr.R2										0.13633661181704518	0.0	0.0	0.0	0.0	0.0	0.0																																																																																																																																																																																																																																																																																																																																																																																																																																																																																																																																																																																																																																																																																																																																																																																																																																																																																																																																																																																																																																																																																																																																																																																																																																																																																																																																																																											
Sin-CPnd_051-Ex1-12G-lcwgs-1-2.clmp.fp2_repr.R1										0.353502644540961	0.0	0.0	0.0	0.0	0.0	0.0																																																																																																																																																																																																																																																																																																																																																																																																																																																																																																																																																																																																																																																																																																																																																																																																																																																																																																																																																																																																																																																																																																																																																																																																																																																																																																																																																																											
Sin-CPnd_051-Ex1-12G-lcwgs-1-2.clmp.fp2_repr.R2										0.265761429232219	0.0	0.0	0.0	0.0	0.0	0.0																																																																																																																																																																																																																																																																																																																																																																																																																																																																																																																																																																																																																																																																																																																																																																																																																																																																																																																																																																																																																																																																																																																																																																																																																																																																																																																																																																											
Sin-CPnd_053-Ex1-9G-lcwgs-1-2.clmp.fp2_repr.R1										0.24976430211517453	0.0	0.0	0.0	0.0	0.0	0.0																																																																																																																																																																																																																																																																																																																																																																																																																																																																																																																																																																																																																																																																																																																																																																																																																																																																																																																																																																																																																																																																																																																																																																																																																																																																																																																																																																											
Sin-CPnd_053-Ex1-9G-lcwgs-1-2.clmp.fp2_repr.R2										0.20211388290330806	0.0	0.0	0.0	0.0	0.0	0.0																																																																																																																																																																																																																																																																																																																																																																																																																																																																																																																																																																																																																																																																																																																																																																																																																																																																																																																																																																																																																																																																																																																																																																																																																																																																																																																																																																											
Sin-CPnd_058-Ex1-9D-lcwgs-1-2.clmp.fp2_repr.R1										0.16359081754073976	0.0	0.0	0.0	0.0	0.0	0.0																																																																																																																																																																																																																																																																																																																																																																																																																																																																																																																																																																																																																																																																																																																																																																																																																																																																																																																																																																																																																																																																																																																																																																																																																																																																																																																																																																											
Sin-CPnd_058-Ex1-9D-lcwgs-1-2.clmp.fp2_repr.R2										0.07374731988800358	0.0	0.0	0.0	0.0	0.0	0.0																																																																																																																																																																																																																																																																																																																																																																																																																																																																																																																																																																																																																																																																																																																																																																																																																																																																																																																																																																																																																																																																																																																																																																																																																																																																																																																																																																											
Sin-CPnd_061-Ex1-9A-lcwgs-1-2.clmp.fp2_repr.R1										0.5343714742383354	0.0	0.0	0.0	0.0	0.0	0.0																																																																																																																																																																																																																																																																																																																																																																																																																																																																																																																																																																																																																																																																																																																																																																																																																																																																																																																																																																																																																																																																																																																																																																																																																																																																																																																																																																											
Sin-CPnd_061-Ex1-9A-lcwgs-1-2.clmp.fp2_repr.R2										0.2236601613634903	0.0	0.0	0.0	0.0	0.0	0.0																																																																																																																																																																																																																																																																																																																																																																																																																																																																																																																																																																																																																																																																																																																																																																																																																																																																																																																																																																																																																																																																																																																																																																																																																																																																																																																																																																											
Sin-CPnd_062-Ex1-11D-lcwgs-1-2.clmp.fp2_repr.R1										0.4014608119394266	0.0	0.0	0.0	0.0	0.0	0.0																																																																																																																																																																																																																																																																																																																																																																																																																																																																																																																																																																																																																																																																																																																																																																																																																																																																																																																																																																																																																																																																																																																																																																																																																																																																																																																																																																											
Sin-CPnd_062-Ex1-11D-lcwgs-1-2.clmp.fp2_repr.R2										0.2560740299540802	0.0	0.0	0.0	0.0	0.0	0.0																																																																																																																																																																																																																																																																																																																																																																																																																																																																																																																																																																																																																																																																																																																																																																																																																																																																																																																																																																																																																																																																																																																																																																																																																																																																																																																																																																											
Sin-CPnd_063-Ex1-9F-lcwgs-1-2.clmp.fp2_repr.R1										0.052082463982295726	0.0	0.0	0.0	0.0	0.0	0.0																																																																																																																																																																																																																																																																																																																																																																																																																																																																																																																																																																																																																																																																																																																																																																																																																																																																																																																																																																																																																																																																																																																																																																																																																																																																																																																																																																											
Sin-CPnd_063-Ex1-9F-lcwgs-1-2.clmp.fp2_repr.R2										0.020701369840968886	0.0	0.0	0.0	0.0	0.0	0.0																																																																																																																																																																																																																																																																																																																																																																																																																																																																																																																																																																																																																																																																																																																																																																																																																																																																																																																																																																																																																																																																																																																																																																																																																																																																																																																																																																											
Sin-CPnd_065-Ex1-11B-lcwgs-1-2.clmp.fp2_repr.R1										0.5934161442856196	0.0	0.0	0.0	0.0	0.0	0.0																																																																																																																																																																																																																																																																																																																																																																																																																																																																																																																																																																																																																																																																																																																																																																																																																																																																																																																																																																																																																																																																																																																																																																																																																																																																																																																																																																											
Sin-CPnd_065-Ex1-11B-lcwgs-1-2.clmp.fp2_repr.R2										0.4110297960332571	0.0	0.0	0.0	0.0	0.0	0.0																																																																																																																																																																																																																																																																																																																																																																																																																																																																																																																																																																																																																																																																																																																																																																																																																																																																																																																																																																																																																																																																																																																																																																																																																																																																																																																																																																											
Sin-CPnd_067-Ex1-9C-lcwgs-1-2.clmp.fp2_repr.R1										0.14874372475958736	0.0	0.0	0.0	0.0	0.0	0.0																																																																																																																																																																																																																																																																																																																																																																																																																																																																																																																																																																																																																																																																																																																																																																																																																																																																																																																																																																																																																																																																																																																																																																																																																																																																																																																																																																											
Sin-CPnd_067-Ex1-9C-lcwgs-1-2.clmp.fp2_repr.R2										0.12285167255973235	0.0	0.0	0.0	0.0	0.0	0.0																																																																																																																																																																																																																																																																																																																																																																																																																																																																																																																																																																																																																																																																																																																																																																																																																																																																																																																																																																																																																																																																																																																																																																																																																																																																																																																																																																											
Sin-CPnd_074-Ex1-12A-lcwgs-1-2.clmp.fp2_repr.R1										0.5518085610019198	0.0	0.0	0.0	0.0	0.0	0.0																																																																																																																																																																																																																																																																																																																																																																																																																																																																																																																																																																																																																																																																																																																																																																																																																																																																																																																																																																																																																																																																																																																																																																																																																																																																																																																																																																											
Sin-CPnd_074-Ex1-12A-lcwgs-1-2.clmp.fp2_repr.R2										0.27341333236263254	0.0	0.0	0.0	0.0	0.0	0.0																																																																																																																																																																																																																																																																																																																																																																																																																																																																																																																																																																																																																																																																																																																																																																																																																																																																																																																																																																																																																																																																																																																																																																																																																																																																																																																																																																											
Sin-CPnd_075-Ex1-11G-lcwgs-1-2.clmp.fp2_repr.R1										0.3474953422862096	0.0	0.0	0.0	0.0	0.0	0.0																																																																																																																																																																																																																																																																																																																																																																																																																																																																																																																																																																																																																																																																																																																																																																																																																																																																																																																																																																																																																																																																																																																																																																																																																																																																																																																																																																											
Sin-CPnd_075-Ex1-11G-lcwgs-1-2.clmp.fp2_repr.R2										0.14531796001901365	0.0	0.0	0.0	0.0	0.0	0.0																																																																																																																																																																																																																																																																																																																																																																																																																																																																																																																																																																																																																																																																																																																																																																																																																																																																																																																																																																																																																																																																																																																																																																																																																																																																																																																																																																											
Sin-CPnd_076-Ex1-10E-lcwgs-1-2.clmp.fp2_repr.R1										0.03787878019384272	0.0	0.0	0.0	0.0	0.0	0.0																																																																																																																																																																																																																																																																																																																																																																																																																																																																																																																																																																																																																																																																																																																																																																																																																																																																																																																																																																																																																																																																																																																																																																																																																																																																																																																																																																											
Sin-CPnd_076-Ex1-10E-lcwgs-1-2.clmp.fp2_repr.R2										0.008630413422504996	0.0	0.0	0.0	0.0	0.0	0.0																																																																																																																																																																																																																																																																																																																																																																																																																																																																																																																																																																																																																																																																																																																																																																																																																																																																																																																																																																																																																																																																																																																																																																																																																																																																																																																																																																											
Sin-CPnd_079-Ex1-9H-lcwgs-1-2.clmp.fp2_repr.R1										0.18492789912812171	0.0	0.0	0.0	0.0	0.0	0.0																																																																																																																																																																																																																																																																																																																																																																																																																																																																																																																																																																																																																																																																																																																																																																																																																																																																																																																																																																																																																																																																																																																																																																																																																																																																																																																																																																											
Sin-CPnd_079-Ex1-9H-lcwgs-1-2.clmp.fp2_repr.R2										0.09425159299934893	0.0	0.0	0.0	0.0	0.0	0.0																																																																																																																																																																																																																																																																																																																																																																																																																																																																																																																																																																																																																																																																																																																																																																																																																																																																																																																																																																																																																																																																																																																																																																																																																																																																																																																																																																											
Sin-CPnd_080-Ex1-2E-lcwgs-1-2.clmp.fp2_repr.R1										0.0	0.0	0.0	0.0	0.0	0.0	0.0																																																																																																																																																																																																																																																																																																																																																																																																																																																																																																																																																																																																																																																																																																																																																																																																																																																																																																																																																																																																																																																																																																																																																																																																																																																																																																																																																																											
Sin-CPnd_080-Ex1-2E-lcwgs-1-2.clmp.fp2_repr.R2										0.0	0.0	0.0	0.0	0.0	0.0	0.0																																																																																																																																																																																																																																																																																																																																																																																																																																																																																																																																																																																																																																																																																																																																																																																																																																																																																																																																																																																																																																																																																																																																																																																																																																																																																																																																																																											
Sin-CPnd_081-Ex1-10G-lcwgs-1-2.clmp.fp2_repr.R1										0.4335946648330701	0.0	0.0	0.0	0.0	0.0	0.0																																																																																																																																																																																																																																																																																																																																																																																																																																																																																																																																																																																																																																																																																																																																																																																																																																																																																																																																																																																																																																																																																																																																																																																																																																																																																																																																																																											
Sin-CPnd_081-Ex1-10G-lcwgs-1-2.clmp.fp2_repr.R2										0.33566206244139485	0.0	0.0	0.0	0.0	0.0	0.0																																																																																																																																																																																																																																																																																																																																																																																																																																																																																																																																																																																																																																																																																																																																																																																																																																																																																																																																																																																																																																																																																																																																																																																																																																																																																																																																																																											
Sin-CPnd_085-Ex1-4H-lcwgs-1-2.clmp.fp2_repr.R1										0.022286155081107758	0.0	0.0	0.0	0.0	0.0	0.0																																																																																																																																																																																																																																																																																																																																																																																																																																																																																																																																																																																																																																																																																																																																																																																																																																																																																																																																																																																																																																																																																																																																																																																																																																																																																																																																																																											
Sin-CPnd_085-Ex1-4H-lcwgs-1-2.clmp.fp2_repr.R2										0.02232889376199934	0.0	0.0	0.0	0.0	0.0	0.0																																																																																																																																																																																																																																																																																																																																																																																																																																																																																																																																																																																																																																																																																																																																																																																																																																																																																																																																																																																																																																																																																																																																																																																																																																																																																																																																																																											
Sin-CPnd_088-Ex1-2D-lcwgs-1-2.clmp.fp2_repr.R1										0.0	0.0	0.0	0.0	0.0	0.0	0.0																																																																																																																																																																																																																																																																																																																																																																																																																																																																																																																																																																																																																																																																																																																																																																																																																																																																																																																																																																																																																																																																																																																																																																																																																																																																																																																																																																											
Sin-CPnd_088-Ex1-2D-lcwgs-1-2.clmp.fp2_repr.R2										0.0	0.0	0.0	0.0	0.0	0.0	0.0																																																																																																																																																																																																																																																																																																																																																																																																																																																																																																																																																																																																																																																																																																																																																																																																																																																																																																																																																																																																																																																																																																																																																																																																																																																																																																																																																																											
Sin-CPnd_089-Ex1-9E-lcwgs-1-2.clmp.fp2_repr.R1										0.07555891205280472	0.0	0.0	0.0	0.0	0.0	0.0																																																																																																																																																																																																																																																																																																																																																																																																																																																																																																																																																																																																																																																																																																																																																																																																																																																																																																																																																																																																																																																																																																																																																																																																																																																																																																																																																																											
Sin-CPnd_089-Ex1-9E-lcwgs-1-2.clmp.fp2_repr.R2										0.05217980377684573	0.0	0.0	0.0	0.0	0.0	0.0																																																																																																																																																																																																																																																																																																																																																																																																																																																																																																																																																																																																																																																																																																																																																																																																																																																																																																																																																																																																																																																																																																																																																																																																																																																																																																																																																																											
Sin-CPnd_090-Ex1-12F-lcwgs-1-2.clmp.fp2_repr.R1										0.3172295889044171	0.018989831601759634	0.0	0.0	0.0	0.0	0.0																																																																																																																																																																																																																																																																																																																																																																																																																																																																																																																																																																																																																																																																																																																																																																																																																																																																																																																																																																																																																																																																																																																																																																																																																																																																																																																																																																											
Sin-CPnd_090-Ex1-12F-lcwgs-1-2.clmp.fp2_repr.R2										0.32120401203498	0.01230189211647633	0.0	0.0	0.0	0.0	0.0																																																																																																																																																																																																																																																																																																																																																																																																																																																																																																																																																																																																																																																																																																																																																																																																																																																																																																																																																																																																																																																																																																																																																																																																																																																																																																																																																																											
Sin-CPnd_092-Ex1-11F-lcwgs-1-2.clmp.fp2_repr.R1										0.1591276103203868	0.0	0.0	0.0	0.0	0.0	0.0																																																																																																																																																																																																																																																																																																																																																																																																																																																																																																																																																																																																																																																																																																																																																																																																																																																																																																																																																																																																																																																																																																																																																																																																																																																																																																																																																																											
Sin-CPnd_092-Ex1-11F-lcwgs-1-2.clmp.fp2_repr.R2										0.09607705930014242	0.0	0.0	0.0	0.0	0.0	0.0																																																																																																																																																																																																																																																																																																																																																																																																																																																																																																																																																																																																																																																																																																																																																																																																																																																																																																																																																																																																																																																																																																																																																																																																																																																																																																																																																																											
Sin-CPnd_093-Ex1-10C-lcwgs-1-2.clmp.fp2_repr.R1										0.13882929929500873	0.0	0.0	0.0	0.0	0.0	0.0																																																																																																																																																																																																																																																																																																																																																																																																																																																																																																																																																																																																																																																																																																																																																																																																																																																																																																																																																																																																																																																																																																																																																																																																																																																																																																																																																																											
Sin-CPnd_093-Ex1-10C-lcwgs-1-2.clmp.fp2_repr.R2										0.06047104599327818	0.0	0.0	0.0	0.0	0.0	0.0																																																																																																																																																																																																																																																																																																																																																																																																																																																																																																																																																																																																																																																																																																																																																																																																																																																																																																																																																																																																																																																																																																																																																																																																																																																																																																																																																																											
Sin-CPnd_094-Ex1-3H-lcwgs-1-2.clmp.fp2_repr.R1										0.05618252036681602	0.0	0.0	0.0	0.0	0.0	0.0																																																																																																																																																																																																																																																																																																																																																																																																																																																																																																																																																																																																																																																																																																																																																																																																																																																																																																																																																																																																																																																																																																																																																																																																																																																																																																																																																																											
Sin-CPnd_094-Ex1-3H-lcwgs-1-2.clmp.fp2_repr.R2										0.07254216994982264	0.0	0.0	0.0	0.0	0.0	0.0																																																																																																																																																																																																																																																																																																																																																																																																																																																																																																																																																																																																																																																																																																																																																																																																																																																																																																																																																																																																																																																																																																																																																																																																																																																																																																																																																																											
Sin-CPnd_095-Ex1-2B-lcwgs-1-2.clmp.fp2_repr.R1										0.0	0.0	0.0	0.0	0.0	0.0	0.0																																																																																																																																																																																																																																																																																																																																																																																																																																																																																																																																																																																																																																																																																																																																																																																																																																																																																																																																																																																																																																																																																																																																																																																																																																																																																																																																																																											
Sin-CPnd_095-Ex1-2B-lcwgs-1-2.clmp.fp2_repr.R2										0.0	0.0	0.0	0.0	0.0	0.0	0.0																																																																																																																																																																																																																																																																																																																																																																																																																																																																																																																																																																																																																																																																																																																																																																																																																																																																																																																																																																																																																																																																																																																																																																																																																																																																																																																																																																											
Undetermined.clmp.fp2_repr.R1										1.2619676422344006	0.31658364645060405	0.39609150499101453	0.15400119779594576	0.6346511552921817	0.22078077348939265	0.11181957839606145																																																																																																																																																																																																																																																																																																																																																																																																																																																																																																																																																																																																																																																																																																																																																																																																																																																																																																																																																																																																																																																																																																																																																																																																																																																																																																																																																																											
Undetermined.clmp.fp2_repr.R2										1.2851033216435057	0.306468998852863	0.40238239045775526	0.1788481863200879	0.6605550797260001	0.17495940604734567	0.03405433003136643																																																																																																																																																																																																																																																																																																																																																																																																																																																																																																																																																																																																																																																																																																																																																																																																																																																																																																																																																																																																																																																																																																																																																																																																																																																																																																																																																																											
