Sample	0.0	1.0	2.0	3.0	4.0	5.0	6.0	7.0	8.0	9.0	10.0	11.0	12.0	13.0	14.0	15.0	16.0	17.0	18.0	19.0	20.0	21.0	22.0	23.0	24.0	25.0	26.0	27.0	28.0	29.0	30.0	31.0	32.0	33.0	34.0	35.0	36.0	37.0	38.0	39.0	40.0	41.0	42.0	43.0	44.0	45.0	46.0	47.0	48.0	49.0	50.0	51.0	52.0	53.0	54.0	55.0	56.0	57.0	58.0	59.0	60.0	61.0	62.0	63.0	64.0	65.0	66.0	67.0	68.0	69.0	70.0	71.0	72.0	73.0	74.0	75.0	76.0	77.0	78.0	79.0	80.0	81.0	82.0	83.0	84.0	85.0	86.0	87.0	88.0	89.0	90.0	91.0	92.0	93.0	94.0	95.0	96.0	97.0	98.0	99.0	100.0
Sin-APnd_001-Ex1-6G-lcwgs-1-2.1	38.0	46.0	64.5	91.0	138.5	212.0	276.5	374.5	564.0	811.5	1120.5	1648.5	2491.0	3885.0	6176.0	9781.5	15678.0	24993.0	39342.5	60927.0	93226.0	138294.0	199174.0	281104.0	385198.5	512094.5	659774.0	828637.5	1028826.5	1285326.0	1619472.5	1963660.0	2334408.0	2831656.0	3472489.0	4263613.0	5079504.0	5765551.5	6343469.5	6859347.0	7216451.0	7372512.5	7257224.0	6813787.5	6212768.0	5633310.5	5114090.0	4591875.0	4058993.5	3577033.0	3192176.0	2840475.5	2484442.0	2153318.5	1848834.5	1569383.0	1310840.5	1079914.5	881431.0	711194.5	565999.5	444379.5	346260.0	272138.0	219209.0	183488.0	164090.0	172045.5	256662.0	548375.0	914921.5	675801.5	207671.0	113661.5	123018.0	199215.5	334406.0	446040.0	563257.0	336906.0	17925.0	8013.5	4639.5	2672.0	1150.5	446.0	289.5	225.0	175.0	148.0	140.5	144.5	174.5	224.5	377.0	683.5	1399.5	3903.5	15719.0	16809.5	4494.5
Sin-APnd_001-Ex1-6G-lcwgs-1-2.2	66.0	98.0	195.5	311.0	418.5	568.0	774.0	995.5	1179.5	1431.0	1833.0	2494.5	3451.0	4809.0	7046.5	10555.0	16384.0	25767.0	39753.0	61096.0	92494.0	136465.0	196217.0	274072.0	372777.0	494003.0	634616.0	794695.5	984135.5	1231701.0	1558578.0	1902398.5	2272493.0	2762824.5	3415326.0	4223189.0	5056753.0	5778115.5	6401879.0	6943780.0	7290153.0	7422207.5	7353093.5	7018774.0	6469303.5	5836494.0	5199669.0	4569242.0	3979062.5	3469057.5	3039647.0	2657451.5	2306325.0	1991405.0	1705407.5	1444161.0	1205207.5	991375.0	803925.0	645014.0	514172.5	409476.0	326502.5	260856.0	209990.0	170908.0	141607.5	119105.0	100829.5	85384.0	71856.5	59973.0	49494.5	40407.5	32877.0	26538.0	21361.0	17443.0	14510.0	12543.5	11183.0	10559.5	10348.5	10308.0	10725.5	11416.0	12139.0	13008.5	14049.0	15184.0	16381.5	17506.5	18764.0	20335.0	22497.0	26087.5	32843.5	44355.0	63665.5	140742.0	2496714.0
Sin-APnd_002-Ex1-3G-lcwgs-1-2.1	10.0	11.0	16.5	28.0	55.5	85.0	115.0	158.0	233.5	312.5	434.0	646.0	948.0	1442.5	2210.5	3434.0	5342.5	8365.5	12869.0	19497.5	28960.0	41742.5	59153.0	82309.5	111594.5	148034.5	191126.0	240112.5	299617.5	376313.0	475637.5	579228.5	689415.5	835132.5	1016417.5	1235272.0	1462690.5	1664888.0	1849246.5	2017890.5	2153768.0	2265682.5	2332889.5	2304323.0	2216629.5	2126327.0	2038653.5	1942195.5	1824251.5	1692021.0	1560197.5	1416716.0	1251869.0	1076990.5	903408.0	736515.5	584193.5	452604.5	344315.5	258220.5	191705.0	142072.5	106389.5	81312.5	64543.0	53998.0	48129.0	49086.0	68278.5	142860.5	304050.0	238346.0	49956.0	29913.0	36663.5	61056.5	101924.5	131030.0	171190.5	105811.5	4007.5	1676.0	908.5	528.5	247.5	110.5	70.5	46.0	37.0	31.0	29.5	26.5	24.5	34.5	51.5	85.0	181.5	502.0	2020.5	2194.0	614.0
Sin-APnd_002-Ex1-3G-lcwgs-1-2.2	17.0	17.5	25.5	52.5	88.5	124.0	171.0	227.5	289.5	376.0	523.5	731.5	1042.5	1564.0	2348.5	3610.5	5510.0	8501.0	13083.0	19626.0	29010.5	41838.0	58803.5	81301.0	109901.5	145088.5	186120.0	233566.0	290865.5	366062.5	465568.0	569428.0	681241.5	827701.0	1016364.0	1247244.0	1489201.0	1706142.0	1907441.5	2097590.5	2245663.5	2349457.0	2409828.0	2403210.5	2335080.0	2225675.0	2094352.0	1951419.5	1797047.0	1636769.5	1476057.0	1308908.5	1133951.5	961590.5	795723.0	641244.0	503349.5	387407.0	294090.5	220767.5	165602.0	125747.5	96909.5	75972.5	61092.0	49935.5	41297.5	34524.0	29075.0	24524.0	20507.5	16830.5	13647.0	11084.5	9038.5	7184.5	5654.5	4610.5	3791.5	3240.5	2926.0	2754.0	2654.5	2677.5	2852.0	3126.0	3477.5	3765.0	4138.0	4477.5	4758.0	5255.0	5770.0	6120.0	6573.0	7522.0	9227.0	12226.5	17455.5	39041.5	718089.5
Sin-APnd_003-Ex1-3H-lcwgs-1-2.1	26.0	33.5	62.0	98.5	139.5	210.5	308.0	487.5	775.5	1170.5	1809.5	2806.0	4366.5	6975.0	11253.0	18212.0	29141.5	45846.0	70349.5	105647.5	156846.5	226466.0	315445.0	427465.0	566438.5	728915.0	910252.5	1109305.0	1324115.0	1569905.0	1868423.0	2162584.5	2453007.5	2816554.0	3263552.0	3799577.0	4329080.0	4750283.5	5095990.0	5358344.5	5450887.5	5438692.5	5336059.5	5035118.0	4623800.5	4224674.0	3848781.5	3487830.5	3127426.5	2780614.5	2484520.0	2200439.0	1908285.0	1636244.5	1390692.5	1167730.5	964341.0	785214.5	633445.5	506978.5	402040.5	315971.0	247092.0	195088.0	159536.0	137712.0	129121.5	140445.5	203084.0	440162.0	1042089.5	847695.5	169735.0	98950.5	117956.0	197342.5	340412.5	439869.0	601779.5	385555.5	15036.0	6116.5	3010.0	1756.5	841.5	405.5	246.5	170.0	110.0	73.0	66.5	54.5	56.0	74.0	123.5	211.0	396.0	967.0	2879.0	2853.5	771.5
Sin-APnd_003-Ex1-3H-lcwgs-1-2.2	20.0	43.0	105.0	160.5	222.0	366.5	545.5	730.5	1027.0	1511.0	2165.0	3128.5	4784.5	7384.0	11663.0	18591.5	29523.0	46044.0	70428.0	105416.5	155624.0	223881.5	311496.5	421099.5	554818.0	711782.5	886881.5	1078756.0	1289598.0	1536462.0	1841582.0	2147660.0	2456702.0	2839105.5	3314913.0	3888356.0	4460146.0	4913121.0	5283197.0	5583664.0	5700292.5	5639468.0	5472132.5	5182823.5	4773728.0	4303327.5	3829125.0	3369795.5	2949094.0	2588110.0	2279985.0	1991264.5	1714498.5	1467978.0	1244053.5	1040824.0	860071.0	700435.0	563964.0	449899.0	356542.0	282882.0	226634.5	183771.0	150081.0	124924.0	106008.5	91267.0	79031.5	68445.5	58849.0	49520.0	41199.5	34185.5	27766.0	22021.0	17385.0	13638.5	10845.0	9006.0	7807.0	7208.5	6942.0	7041.0	7560.0	8191.0	8971.5	10150.0	11261.0	12189.0	13326.5	14437.0	15555.5	16507.5	17958.0	20471.5	25089.0	33630.5	49077.5	120179.5	2305725.5
Sin-APnd_004-Ex1-4A-lcwgs-1-2.1	58.0	58.5	85.0	123.5	162.0	210.0	294.0	419.0	611.5	840.0	1060.5	1411.0	1986.0	2818.5	4078.0	5979.0	9061.0	13558.5	19958.5	29443.5	43465.5	62490.5	87138.0	119588.5	161247.0	211406.5	269202.5	334592.5	413614.5	531093.0	711527.0	893271.5	1080736.0	1360763.0	1748218.5	2264565.0	2823964.0	3301091.5	3706101.0	4068295.0	4351104.0	4539211.5	4536432.0	4250018.5	3832438.0	3464083.0	3158762.5	2852151.5	2513252.0	2193331.0	1953539.5	1739506.0	1510063.0	1291671.5	1095033.5	917966.0	761669.5	632100.0	527423.5	437800.0	358406.5	290007.0	233059.5	190120.5	160991.0	144159.0	143230.0	173413.0	286484.5	583181.0	945514.0	701984.0	217517.0	128029.0	159340.5	259843.5	393127.5	475259.0	521681.5	283172.0	10091.0	4127.5	2357.0	1406.5	756.5	427.0	272.0	181.5	140.0	102.5	90.5	99.0	119.5	140.5	210.0	387.0	811.5	2176.5	7494.0	7986.5	2352.5
Sin-APnd_004-Ex1-4A-lcwgs-1-2.2	81.0	83.0	126.0	187.5	245.0	362.5	515.0	663.0	843.0	1119.5	1462.0	1846.5	2371.0	3103.5	4332.0	6453.0	9512.5	13948.5	20302.0	29763.0	43659.0	62389.5	86697.5	118101.5	158290.0	206167.5	260184.0	322272.5	399738.0	515263.0	694672.0	877687.0	1065032.0	1342199.0	1743453.5	2279774.0	2865987.0	3377016.0	3805389.5	4194287.0	4486337.5	4646421.5	4629066.5	4382228.0	3985945.0	3552953.0	3141992.0	2742299.5	2364147.0	2042407.5	1787623.5	1567249.5	1356750.0	1167415.5	998474.0	848727.0	715691.0	600051.0	500088.5	414377.0	341846.5	281412.0	231990.0	191367.5	159585.5	134169.5	114056.0	97775.5	83896.5	72234.0	62167.0	52605.0	43673.5	35783.0	28750.5	23039.0	18306.0	14426.5	11599.0	9862.5	8857.5	8296.5	8243.0	8579.5	9351.5	10446.5	11680.5	12816.0	13926.0	14969.5	15675.5	16549.5	17537.5	18335.0	19523.0	21614.0	26091.0	34394.0	48425.5	111427.0	2362155.5
Sin-APnd_005-Ex1-4B-lcwgs-1-2.1	25.0	33.5	49.5	68.0	107.5	177.0	240.0	297.5	407.0	574.5	782.5	1063.0	1534.0	2315.0	3573.0	5286.5	7908.0	11944.0	17613.0	26239.5	39060.0	56710.0	80459.5	111920.5	153804.5	207105.0	271801.5	349406.0	444890.5	573798.0	748217.0	935339.0	1145157.0	1429129.5	1796158.0	2252597.0	2743808.5	3192480.5	3600083.0	3990149.0	4347399.0	4650361.5	4815446.0	4775361.0	4621410.0	4454482.0	4285376.0	4071585.5	3784051.5	3466735.0	3166617.0	2847243.5	2488521.5	2121772.0	1765600.5	1435674.0	1143407.0	895464.0	693463.5	532848.0	408604.5	316590.0	254641.0	223135.5	225237.0	274237.5	416247.5	801870.5	1884720.0	4465329.0	7364141.5	5296120.5	1433486.0	779958.5	1105422.0	1982109.0	3102127.5	3808282.5	4193574.5	2243197.0	37327.5	4754.5	2014.0	1193.5	642.5	347.0	221.0	148.0	110.0	83.5	76.5	77.5	90.0	101.0	132.0	235.5	435.5	1158.0	4535.0	4987.5	1495.5
Sin-APnd_005-Ex1-4B-lcwgs-1-2.2	28.0	37.5	66.0	104.0	170.0	249.0	337.0	457.0	597.0	779.5	1009.5	1304.0	1807.5	2594.5	3785.5	5606.0	8222.0	12050.0	17925.0	26731.0	39373.0	56632.5	79844.5	111199.5	151819.5	202991.0	265625.5	340779.0	434408.0	561515.5	733233.0	918915.5	1128887.5	1411074.0	1782953.5	2252163.0	2758469.0	3218647.0	3642650.5	4070085.0	4443662.0	4715666.0	4874752.0	4883150.0	4753253.0	4540863.0	4280852.0	3981119.5	3657210.0	3333336.5	3020588.5	2693908.5	2352407.0	2013065.0	1681175.5	1371283.0	1094145.5	858438.5	664268.5	509277.0	389304.5	299445.0	232858.5	184113.5	148185.5	121730.5	102158.5	86978.0	74897.5	64750.0	56000.0	47982.5	40788.0	34420.5	28919.0	24387.5	21248.5	19025.0	17613.0	17540.5	18406.0	20040.5	22561.5	25959.0	30192.0	34941.5	39802.5	44539.5	49363.5	54732.0	60355.5	66450.5	73896.0	83232.5	96562.0	118420.0	158338.0	223760.0	335127.0	851712.5	18732151.0
Sin-APnd_006-Ex1-4C-lcwgs-1-2.1	28.0	31.0	40.5	60.0	89.0	122.0	164.5	219.5	303.5	413.0	558.5	799.5	1137.0	1574.0	2293.0	3477.0	5368.0	8110.0	12329.0	18918.5	28844.0	43451.0	65067.5	95988.5	139385.5	199045.0	275010.5	367766.5	483109.0	631077.5	826827.5	1034160.5	1246913.0	1513647.5	1841896.5	2243147.5	2667147.5	3039982.5	3373298.5	3674982.5	3902093.5	4058742.0	4121968.0	4041041.5	3858708.5	3645038.0	3415486.5	3154203.0	2863960.0	2568294.0	2294259.0	2021568.0	1734975.0	1461562.5	1211278.5	982165.5	781833.5	615071.0	482855.5	378766.5	296980.5	233423.0	186898.0	154229.0	131413.0	118070.5	113931.5	126975.5	182758.0	331741.5	513633.5	382526.0	128978.5	81103.0	94808.5	144166.5	209476.0	245864.5	263936.5	143050.0	6313.5	2843.5	1756.5	1084.5	671.0	439.5	272.5	165.0	116.5	86.0	76.0	76.5	68.0	83.0	122.5	190.0	389.5	1056.0	3748.5	4054.0	1223.0
Sin-APnd_006-Ex1-4C-lcwgs-1-2.2	30.0	44.0	72.5	112.5	164.5	232.5	302.5	377.5	481.0	625.0	796.0	1028.5	1448.0	1952.5	2753.5	3936.0	5797.5	8696.5	13081.0	19829.0	29892.5	44734.0	66532.5	97793.5	140480.0	197756.0	271901.0	363655.0	476302.0	622350.0	815443.5	1018949.5	1230753.5	1496849.0	1833709.0	2251965.0	2696153.5	3094172.0	3457884.0	3800022.5	4051092.0	4188075.5	4238245.0	4171890.0	3983807.5	3724360.0	3431075.0	3111136.5	2777848.0	2456330.0	2159372.0	1872032.0	1591049.0	1330791.0	1096358.5	888640.5	709005.5	560028.5	440436.5	347338.0	276161.5	221724.5	181471.0	151678.5	129037.5	111844.5	98161.0	87159.0	77315.5	68238.5	59483.5	51039.5	42826.5	35236.0	28547.5	22685.5	17776.0	13755.0	10813.5	8610.0	7046.0	6027.5	5529.0	5283.5	5188.5	5312.0	5574.0	5910.0	6268.5	6692.0	7160.5	7673.5	8157.5	8647.0	9334.0	10686.5	13494.0	18132.5	25710.5	60560.5	1237478.0
Sin-APnd_007-Ex1-4D-lcwgs-1-2.1	21.0	29.0	61.5	97.5	139.5	218.5	303.0	424.5	600.5	792.5	1101.5	1544.5	2230.0	3339.0	5071.5	7852.0	12220.5	18635.5	28101.0	43072.5	65019.5	95886.0	137946.0	193387.0	263415.5	348308.0	446377.5	553422.0	670928.0	813805.0	993347.0	1175235.5	1366394.5	1617855.0	1936113.0	2330391.5	2755226.0	3135533.0	3471390.0	3770586.5	4000913.5	4164028.5	4207753.0	4070937.5	3826649.0	3572787.0	3327467.5	3061841.5	2766585.5	2469781.0	2205867.0	1942878.5	1666354.0	1402935.5	1158178.5	936576.5	745612.0	587193.0	458723.5	355727.0	274144.5	210714.0	162605.5	129032.0	108627.5	100332.5	108619.0	151115.5	287769.5	632060.5	1042995.5	766758.5	223857.5	127996.5	169596.5	288774.0	442900.0	537092.5	584495.0	313440.5	8383.0	2543.5	1418.0	864.5	458.0	227.0	137.0	96.0	75.5	55.0	41.5	46.5	65.5	74.0	82.0	125.5	225.5	476.0	1443.5	1488.5	434.5
Sin-APnd_007-Ex1-4D-lcwgs-1-2.2	34.0	60.0	141.5	242.0	354.5	508.0	680.0	873.5	1099.5	1364.5	1733.5	2261.0	3046.5	4244.5	5963.0	8678.5	13174.0	19811.5	29466.5	44352.5	66492.0	97394.5	138729.5	192253.5	260474.5	341757.0	433437.5	534248.5	646760.0	784737.5	961191.5	1143540.5	1334361.5	1582883.0	1907181.5	2310180.5	2745095.0	3140285.5	3491772.5	3814395.5	4059157.5	4213268.5	4266956.0	4176205.5	3959762.5	3673986.5	3357084.0	3017723.0	2675292.0	2355356.0	2068844.5	1804662.5	1552273.5	1319039.5	1104003.0	906881.0	733158.5	584854.0	460534.5	359799.0	280211.5	219316.0	172577.0	136494.5	109904.0	89919.5	75001.5	63533.0	53980.5	45849.0	38922.0	32791.0	27105.0	22260.0	18334.0	14970.5	11981.5	9706.5	8258.0	7196.0	6606.0	6507.0	6734.5	7261.5	8026.0	8949.0	9991.5	11049.0	12153.0	13163.0	14050.5	15121.5	16274.5	17301.5	18843.5	21475.0	26632.5	35768.0	50915.5	120173.0	2693734.5
Sin-APnd_008-Ex1-4E-lcwgs-1-2.1	51.0	59.5	90.0	134.5	206.5	326.5	498.0	690.5	970.5	1283.0	1691.0	2417.5	3477.0	5091.0	7575.0	11303.5	17240.5	26134.0	39264.5	58433.5	85530.0	122925.0	171729.5	235641.0	316561.5	411088.5	514223.0	625792.0	749459.5	906375.0	1121321.0	1342129.5	1578493.5	1907692.5	2348883.0	2909588.5	3497058.0	3998328.5	4432373.5	4819293.0	5100255.5	5272363.0	5247043.5	4946611.0	4527723.0	4137436.5	3786726.5	3434697.5	3066041.0	2722374.0	2450372.0	2199454.0	1934618.5	1685535.5	1453104.0	1234143.5	1036174.5	860769.5	708745.0	581965.0	477241.0	390920.5	323665.0	274310.0	240528.0	220842.0	219513.0	257226.5	394428.0	734112.5	1102706.5	798596.0	262714.5	163062.5	199217.0	312118.0	458540.5	548112.0	586361.5	311470.0	11507.0	4773.0	2837.5	1724.0	948.5	565.5	366.0	230.5	152.0	112.5	96.0	89.5	95.5	118.5	185.0	316.0	603.0	1533.5	5931.0	6436.0	1822.0
Sin-APnd_008-Ex1-4E-lcwgs-1-2.2	77.0	121.0	209.5	333.5	498.0	721.5	991.0	1249.0	1586.0	1961.0	2433.0	3296.0	4510.0	6037.0	8417.0	12328.0	18375.5	27117.5	40072.0	59330.0	86120.0	122817.5	170766.5	232028.0	308887.0	398143.5	496007.5	602540.5	723317.5	881097.0	1096099.5	1317985.5	1560105.5	1896074.5	2355415.5	2942902.5	3561395.5	4090796.5	4549509.0	4969343.0	5262952.0	5394564.0	5344059.5	5073991.5	4656924.0	4199025.5	3748293.5	3306590.5	2898363.0	2550949.5	2269265.0	2020561.5	1779753.0	1555466.0	1342641.5	1142690.0	959513.0	796989.5	656718.5	539075.0	443652.5	368608.0	310019.5	264503.0	228969.0	200678.5	177721.5	157837.0	139494.5	122253.0	105372.5	88830.0	73418.0	59443.5	47410.0	37455.0	29256.5	22693.0	17552.5	14051.5	11824.0	10398.0	9807.5	9593.0	9913.5	10742.5	11633.0	12667.0	13814.5	14921.5	16219.0	17564.5	18888.0	20580.5	22780.0	26464.0	33930.0	46961.5	70287.5	172560.0	2791732.5
Sin-APnd_009-Ex1-4F-lcwgs-1-2.1	20.0	27.0	45.0	74.5	108.0	145.5	214.5	313.5	429.5	571.5	761.0	1124.5	1591.0	2272.0	3480.0	5253.0	8049.5	11982.5	17640.0	25938.0	37915.0	54067.5	75069.0	101885.5	135724.0	177016.0	223251.0	275311.0	337918.5	422332.0	542824.5	671248.5	814033.5	1016672.0	1289210.5	1644000.5	2028472.5	2377217.0	2710596.5	3042110.0	3340933.5	3590202.0	3720579.5	3677482.5	3547159.5	3431201.0	3332271.0	3204457.5	3027177.0	2821460.0	2615192.0	2376784.5	2091461.5	1790843.5	1493142.0	1210159.0	958369.5	746313.5	572089.0	434521.5	328045.5	246303.0	186507.0	145711.0	118570.5	101498.5	95312.0	106045.5	157191.5	290765.5	442650.5	324955.5	108019.0	66635.5	80924.0	126788.5	186251.0	220561.5	233075.0	123724.5	5034.0	2025.0	1171.0	749.0	437.5	277.5	194.0	138.5	107.0	81.5	71.0	64.5	75.5	100.0	148.0	249.5	460.5	1216.5	4979.0	5566.5	1709.0
Sin-APnd_009-Ex1-4F-lcwgs-1-2.2	39.0	53.0	78.5	127.0	195.5	266.5	345.0	463.0	628.0	781.0	1003.5	1389.5	1906.0	2631.5	3790.5	5619.5	8381.0	12268.5	18112.5	26378.0	38085.5	54110.0	74752.5	100774.0	133240.5	172865.5	217839.5	268964.0	330030.5	414519.0	536937.5	667440.5	812725.5	1015890.0	1294143.0	1657777.5	2048837.5	2401141.0	2738170.0	3088332.0	3386563.5	3597729.5	3721203.5	3723679.5	3623990.5	3481825.5	3333955.5	3167181.0	2973007.5	2764954.5	2542414.0	2288480.5	2006805.5	1718064.5	1430736.0	1159682.5	919686.0	715312.5	547993.0	416591.5	316156.0	241047.5	186715.5	147415.0	118496.0	97849.5	82060.5	69514.5	59589.0	50993.5	43294.0	36445.0	30367.5	24710.5	19886.0	15796.0	12510.0	9900.5	7905.0	6638.0	5744.0	5111.5	4782.0	4621.5	4755.5	5093.0	5422.5	5860.0	6318.0	6808.5	7280.0	7766.5	8351.5	9075.5	9940.5	11366.0	14147.5	19021.5	27315.0	61603.0	1160037.5
Sin-APnd_010-Ex1-4G-lcwgs-1-2.1	64.0	78.5	103.0	133.0	194.5	260.5	356.0	508.5	718.0	1001.0	1415.5	2017.0	2968.5	4298.0	6381.0	9867.0	15174.0	23158.5	34880.5	51501.0	74952.5	107368.5	149736.0	204500.5	273205.0	353772.0	444734.5	546163.5	666390.5	828501.5	1050145.0	1271829.5	1500382.0	1823705.0	2260401.5	2817654.0	3397577.0	3881667.5	4291667.5	4648935.0	4895135.0	5028098.0	4977533.5	4678429.0	4291996.5	3966738.5	3698411.0	3422012.5	3112499.5	2816360.5	2577389.5	2346382.5	2091848.5	1835263.5	1580848.0	1332186.5	1099118.0	889151.0	707380.5	554779.5	430323.0	330986.5	254468.5	200399.5	165933.0	149487.5	155879.5	209696.5	382955.5	779612.0	1174560.5	831458.5	257478.0	158333.5	211223.5	347318.0	510676.0	603415.0	633263.0	330888.0	9711.0	3234.0	1815.0	1124.0	680.0	409.0	244.5	191.5	158.5	127.5	118.0	123.5	171.0	243.0	342.5	579.0	1206.5	3528.5	15683.0	17254.0	4749.0
Sin-APnd_010-Ex1-4G-lcwgs-1-2.2	60.0	91.0	182.5	247.0	323.0	485.5	634.0	815.5	1116.0	1398.0	1781.5	2518.5	3476.0	4770.5	6952.5	10389.5	15740.5	23688.0	34986.0	51468.0	75051.5	106775.5	148219.0	201283.5	266340.5	342595.0	429762.0	527874.0	644584.0	803983.0	1024560.5	1247467.5	1480258.0	1805512.0	2254773.5	2830420.5	3430136.5	3937743.0	4369825.5	4746201.5	4982379.5	5066267.5	5006151.5	4764589.0	4404948.0	4019978.5	3646323.0	3289594.5	2959068.0	2674065.0	2435740.5	2208571.5	1979353.5	1751564.0	1517437.0	1285981.0	1064917.5	862407.0	685922.0	537389.0	418737.0	326486.5	254994.5	201244.5	161330.0	131775.5	109191.0	91465.0	77907.5	66614.0	56338.5	47271.5	39316.5	32334.0	26449.5	21505.0	17260.0	14013.0	11808.0	10338.0	9405.5	9019.5	9092.0	9389.5	10101.0	11170.0	12196.5	13247.5	14354.0	15590.0	16939.0	18527.5	20106.0	21657.0	23915.0	27775.0	35076.0	47229.0	67453.0	153896.5	3152270.0
Sin-APnd_011-Ex1-4H-lcwgs-1-2.1	27.0	54.5	86.5	116.5	162.5	240.5	367.5	499.5	681.5	928.5	1249.5	1750.5	2532.5	3764.0	5737.0	8684.0	13186.5	20068.5	30010.5	44728.5	65619.0	94451.5	133870.5	185848.0	251342.0	329312.5	417951.5	519234.0	641817.0	807230.0	1031400.5	1266297.0	1529854.5	1894562.5	2369090.0	2965922.0	3593252.0	4136691.0	4624731.5	5092638.5	5497422.0	5788466.5	5836377.5	5582602.0	5211224.5	4876687.5	4570484.5	4238262.5	3868504.0	3509576.0	3207962.0	2906692.0	2569693.0	2232123.0	1901371.0	1584685.0	1294987.5	1041681.5	828359.5	650718.0	507444.5	395413.5	310816.5	250596.5	210462.5	186689.5	180590.0	206907.5	311408.0	559706.0	805794.0	577971.5	202633.0	133149.0	161919.0	245130.5	348011.5	407806.0	422238.5	220409.0	11015.0	5320.5	3126.5	1831.0	976.5	529.0	323.5	219.5	158.0	118.5	97.5	97.5	135.0	154.5	206.5	376.5	700.0	1698.5	5822.5	6054.5	1651.0
Sin-APnd_011-Ex1-4H-lcwgs-1-2.2	69.0	117.5	188.0	273.5	399.0	577.5	780.0	959.0	1209.5	1548.5	1875.0	2395.0	3294.5	4606.0	6535.0	9527.5	14089.0	20732.5	30700.0	45113.0	65639.0	94211.0	133051.0	182798.5	244509.5	318967.5	403626.5	501655.0	622659.5	788210.0	1014311.5	1254055.5	1522629.0	1894439.0	2397900.5	3030498.0	3687447.5	4256757.5	4781580.0	5294423.0	5678647.0	5878150.5	5884106.0	5660800.0	5277151.5	4853583.5	4432767.5	4018433.0	3638877.5	3305767.0	3011330.5	2718387.0	2408026.0	2095034.0	1784593.5	1490279.5	1219158.5	978105.5	774266.5	608076.0	478016.0	378584.0	303907.0	249543.5	208712.5	177257.5	152863.5	133191.0	117152.0	103047.5	89567.0	77309.5	65411.5	54014.5	44283.0	35853.0	28688.5	22626.5	18094.0	15005.5	12627.0	10988.5	10080.5	9704.0	9889.0	10374.5	11179.0	12223.5	13198.5	14345.0	15532.0	16811.0	18382.0	20015.0	21882.0	25297.0	32003.0	43388.5	62931.5	141619.5	2229088.5
Sin-APnd_012-Ex1-5A-lcwgs-1-2.1	53.0	72.5	101.5	148.5	239.0	375.0	608.0	870.0	1234.0	1826.0	2676.5	3867.0	5429.0	7822.5	11879.5	17975.0	27166.5	41313.0	61557.5	89450.0	128272.5	180968.0	248417.0	332663.5	433790.0	552101.5	683530.5	824091.5	981393.0	1181857.5	1453147.5	1718037.5	1986741.5	2364261.5	2868779.5	3522989.5	4197168.0	4753664.0	5220843.0	5602097.5	5799685.5	5871449.5	5798867.5	5469527.0	5015090.5	4581497.0	4181198.0	3760172.5	3322633.0	2928073.5	2618310.5	2328494.0	2030307.5	1760353.5	1518338.5	1294125.5	1088654.0	904017.5	737669.0	591824.5	468812.0	368797.5	289950.5	231348.0	190714.5	165991.5	157221.0	170984.5	217505.0	288369.0	319223.5	225460.5	115467.0	95844.5	114635.0	144020.5	159095.5	140863.0	104789.5	46824.0	5298.5	3239.0	2019.0	1233.5	777.0	459.5	270.0	198.5	168.5	142.5	122.5	128.5	149.5	181.0	258.0	454.0	917.5	2258.0	6535.5	6663.0	1994.0
Sin-APnd_012-Ex1-5A-lcwgs-1-2.2	65.0	87.0	149.0	243.0	404.0	598.0	816.0	1159.0	1598.0	2242.0	3155.5	4317.0	5910.0	8346.0	12256.5	18181.5	27302.0	40932.0	60575.0	88201.0	126900.5	177914.0	243190.0	325329.5	423112.5	536448.5	661527.0	796510.0	950059.5	1147274.0	1418217.5	1690879.5	1967897.0	2350639.0	2873981.0	3552579.5	4259046.0	4843543.5	5326893.5	5722856.5	5926062.0	5946242.5	5826114.0	5523342.0	5078806.0	4580715.5	4084335.5	3595458.0	3140793.0	2758120.5	2454978.0	2185008.0	1924437.5	1693007.0	1478582.5	1274790.0	1083229.5	904021.0	740644.0	599824.0	481381.5	385275.0	309740.5	250007.0	203895.5	168923.0	142167.5	121078.5	103984.5	88838.5	75513.0	63641.0	52600.0	42851.0	34374.5	27163.0	21186.0	16668.5	13234.0	10779.5	9023.5	7603.0	6961.5	6692.0	6511.5	6584.5	6812.5	7146.0	7538.0	7935.0	8268.0	8667.5	9170.5	9590.0	10136.0	11294.5	13591.5	17722.5	24817.5	55514.0	937765.5
Sin-APnd_013-Ex1-5B-lcwgs-1-2.1	46.0	49.0	58.5	75.5	117.0	174.0	241.5	367.0	541.5	748.5	969.5	1280.0	1789.0	2594.5	3877.0	5886.0	8957.0	13499.0	20146.0	29947.5	44507.5	64161.0	90471.5	125856.5	170358.5	224829.5	288115.0	359196.0	445301.0	564374.0	728703.0	898317.0	1083051.5	1343946.0	1694697.0	2149781.0	2640013.5	3087564.5	3514240.5	3936319.0	4297187.5	4592551.0	4732952.0	4611214.5	4355248.0	4103035.5	3855047.0	3555499.0	3195985.5	2828961.0	2503239.0	2183325.0	1850734.0	1537575.5	1258404.0	1016151.0	813946.5	650557.5	519403.0	411957.0	322590.0	250797.0	196946.0	160482.0	139789.5	137023.5	162407.5	237971.0	391018.5	600375.0	696076.0	469558.5	205991.0	174257.0	240053.0	331674.0	383496.0	344657.5	257387.5	111009.0	4738.5	1890.0	1098.0	699.5	435.5	284.0	204.5	149.5	107.5	90.5	89.5	93.5	114.5	134.5	184.5	280.5	535.0	1508.5	5907.0	6326.5	1741.5
Sin-APnd_013-Ex1-5B-lcwgs-1-2.2	40.0	65.5	120.0	183.5	279.0	409.0	528.5	654.0	837.0	1095.5	1430.0	1802.0	2280.0	3128.5	4550.5	6661.5	9698.0	14140.0	20763.0	30508.0	44710.5	64436.0	90391.0	124575.0	167792.0	219631.5	278950.0	346696.0	430363.0	547507.5	712654.0	886234.0	1075150.5	1339664.5	1704179.5	2179434.0	2696006.0	3159774.0	3594832.0	4037212.0	4400981.5	4635369.5	4722829.5	4623698.0	4376949.5	4065075.0	3727884.0	3359247.0	2985243.0	2642461.0	2339157.5	2053602.5	1774720.5	1512713.5	1268420.5	1048380.5	856360.0	692286.5	553097.5	436753.5	342896.5	268816.5	211384.5	167814.5	135149.0	110282.5	91177.0	76586.0	64596.5	54551.0	46252.0	39073.5	32531.5	26548.5	21390.5	17168.0	13938.0	11338.0	9346.0	7922.0	6974.0	6444.0	6110.0	6068.0	6260.5	6522.5	6883.0	7361.5	7951.0	8640.5	9323.0	9985.5	10769.5	11934.0	13469.0	16037.5	21292.5	29609.5	44187.0	110360.0	2186177.5
Sin-APnd_014-Ex1-5C-lcwgs-1-2.1	44.0	50.0	63.5	92.0	139.0	188.0	249.0	338.0	464.5	610.5	807.5	1135.0	1673.0	2420.5	3522.0	5402.5	8148.5	11928.5	17649.0	26057.0	38290.0	55387.5	77835.0	108031.5	146959.5	194603.0	250924.5	317817.0	399346.0	508201.0	654209.0	808681.5	984375.0	1227070.0	1541700.5	1938111.0	2369134.0	2762922.0	3126487.5	3490668.5	3840734.5	4161709.0	4337243.5	4257548.0	4030167.5	3798303.5	3565584.5	3271656.0	2916990.0	2549140.0	2211554.0	1880779.0	1546164.5	1239822.5	973804.5	755219.5	585049.5	454717.0	357132.0	283343.0	226351.0	182220.5	149552.0	128433.5	118387.0	122186.5	150416.0	226393.5	379173.0	591639.0	691450.0	462548.5	196981.5	167443.5	234220.0	325642.0	377150.0	339648.0	252632.5	107493.0	3884.0	1632.5	1013.0	632.5	393.0	246.5	140.0	102.5	88.5	73.5	72.5	72.5	79.0	114.5	144.5	220.5	424.5	986.0	3031.5	3098.5	870.5
Sin-APnd_014-Ex1-5C-lcwgs-1-2.2	51.0	67.5	104.5	157.5	239.5	322.0	409.5	532.0	683.5	841.0	1088.0	1455.0	1975.5	2729.0	3896.5	5687.0	8400.0	12415.5	18170.0	26483.5	38487.0	54876.0	77030.5	106825.0	143821.5	189621.0	243973.0	308918.0	390719.5	499028.0	646085.0	808399.0	992322.0	1244132.0	1586548.5	2025297.0	2501358.5	2939449.5	3359969.0	3782678.5	4136819.5	4376962.0	4477922.0	4380770.0	4113714.0	3776885.5	3412307.5	3021768.5	2628098.5	2259821.5	1931483.0	1627026.0	1338644.0	1083408.5	863025.0	681336.5	536734.0	423412.5	335109.5	266080.5	213710.0	173709.0	142778.5	118926.5	100659.0	86521.5	75384.0	65909.5	57565.0	50006.5	43082.5	36529.0	30342.0	24791.0	20007.0	16067.0	12763.0	10138.5	8270.0	7078.5	6408.5	5958.5	5838.0	6002.5	6379.5	6809.5	7257.0	7907.5	8642.5	9371.5	10176.5	11061.5	11850.0	13063.5	14700.5	17347.0	22247.0	30004.0	43108.5	100246.0	2142544.5
Sin-APnd_015-Ex1-5D-lcwgs-1-2.1	21.0	30.5	60.0	82.5	111.5	155.0	225.5	325.5	450.0	603.5	844.0	1241.0	1906.0	2889.0	4563.5	7241.0	11181.5	17385.0	27065.5	40970.5	60790.0	88717.5	124992.5	172404.5	232310.5	302506.0	382322.0	474118.5	575870.5	699458.5	860819.5	1027644.5	1206884.0	1446601.0	1750015.5	2129757.0	2536967.0	2894382.5	3203044.0	3489310.5	3734769.5	3927476.0	3991534.0	3845081.0	3591989.0	3349327.0	3117741.5	2866392.0	2593644.0	2323973.5	2091543.0	1868012.5	1628980.0	1392233.5	1164501.0	952227.0	759601.5	594356.5	458769.5	349511.5	265207.0	200787.0	154018.0	122715.5	103236.5	94708.5	100156.5	127067.5	186979.0	272620.0	313987.0	216831.0	100613.5	84675.5	110704.5	147931.5	168129.0	149714.0	110547.5	47597.5	2847.0	1375.5	830.5	550.0	361.0	220.0	148.0	105.5	77.0	64.5	55.0	50.5	65.0	90.5	125.0	208.0	422.5	1023.0	3125.5	3287.5	994.5
Sin-APnd_015-Ex1-5D-lcwgs-1-2.2	26.0	56.0	88.5	116.5	173.5	252.0	355.5	443.5	571.0	747.0	1032.5	1523.0	2233.0	3233.0	4713.5	7463.0	11540.5	17576.0	26865.5	40772.0	60775.0	87482.5	122598.5	169229.5	226763.0	294128.0	370345.0	456244.5	553594.5	673643.5	833279.5	1001755.0	1183400.0	1425311.0	1740697.0	2135931.5	2563425.0	2940172.0	3259977.0	3554776.0	3792934.0	3945275.5	3982130.5	3861551.0	3621428.5	3334170.0	3040401.5	2746334.5	2461362.0	2207773.0	1990206.5	1784182.5	1576739.5	1373163.5	1168585.0	970353.5	786056.5	623114.0	486805.0	375530.5	288885.0	222671.0	173597.5	137463.5	110569.0	91337.5	76938.5	65101.5	55198.0	47219.0	40191.0	33523.0	27656.5	22575.5	18202.0	14601.0	11536.0	9022.0	7198.0	5979.0	5041.5	4488.0	4310.5	4220.0	4316.0	4493.5	4704.0	5078.5	5447.5	5764.5	6073.0	6408.0	6841.5	7399.5	8086.0	9254.0	11469.5	15246.0	22097.0	51427.5	978688.0
Sin-APnd_016-Ex1-5E-lcwgs-1-2.1	29.0	33.5	45.0	66.5	125.5	193.0	256.5	394.5	520.0	695.0	1012.0	1430.5	2055.0	2908.5	4443.5	6833.0	10322.0	15624.5	23230.5	34601.5	51493.0	74529.5	104453.0	143973.0	194006.0	253513.0	322233.0	398393.5	485834.5	598697.5	753389.0	918748.0	1098364.5	1346003.0	1676480.5	2105592.5	2575989.0	3011509.0	3427806.5	3858847.0	4266134.0	4629370.5	4822504.0	4706264.5	4421230.5	4140459.0	3863311.5	3522966.5	3113682.0	2701195.0	2348292.5	2023153.0	1696890.0	1397403.5	1141737.5	927380.0	749837.5	604344.5	485452.5	385875.0	302315.5	235549.0	184293.0	148985.0	130219.5	129030.5	154895.5	231560.0	389264.5	609008.0	714910.0	481673.0	205311.0	171331.5	238218.0	334514.0	392410.0	357309.5	272515.5	118411.5	3942.0	1740.5	1113.5	702.5	412.5	238.0	156.5	129.0	109.0	96.5	84.5	86.0	99.0	120.0	163.5	285.5	563.5	1558.5	6075.5	6534.5	1831.5
Sin-APnd_016-Ex1-5E-lcwgs-1-2.2	37.0	49.0	96.5	171.0	248.0	346.0	482.5	657.5	835.0	1052.0	1372.0	1874.0	2515.5	3462.0	4948.5	7269.5	10777.5	15913.5	23597.5	34862.5	51291.5	73620.0	103318.5	142005.5	189335.0	246177.5	312169.0	384689.0	470559.5	585043.5	742068.0	913154.5	1103994.0	1365120.0	1724634.5	2194716.0	2718477.0	3210787.5	3676266.0	4148363.5	4561075.0	4844583.5	4938999.0	4788378.5	4457255.5	4061906.0	3649432.5	3216665.0	2792405.0	2415723.0	2096669.0	1814315.5	1550260.5	1306941.5	1084825.5	890184.0	724421.5	583964.5	465985.5	369156.0	289741.0	226896.0	178737.0	142499.0	115435.5	94906.5	79426.0	67002.0	57135.0	48710.5	41249.5	34551.5	28487.0	23341.0	18813.0	15044.0	12245.0	9897.5	8147.0	7026.5	6390.5	6055.5	5859.5	5991.5	6362.0	6987.0	7667.5	8179.0	8868.5	9712.0	10367.0	11198.5	12203.5	13340.0	14987.0	17840.5	23275.0	32569.0	49181.5	124603.5	2207137.5
Sin-APnd_017-Ex1-5F-lcwgs-1-2.1	54.0	56.5	83.5	108.0	144.5	201.0	277.0	393.0	522.5	704.0	939.0	1271.0	1820.5	2490.5	3657.5	5476.5	8109.5	11982.0	17862.0	26293.5	38162.0	54565.5	76266.5	104571.0	140239.5	184052.5	235346.0	294549.5	365251.0	459947.0	592701.5	733839.0	889421.0	1105501.5	1390265.0	1752802.0	2144169.5	2506142.0	2849443.5	3201734.0	3541279.5	3837867.0	3982226.5	3881935.5	3660946.0	3445852.5	3226657.0	2951016.5	2619101.0	2283882.5	1985678.0	1701186.5	1419893.0	1164341.0	943195.5	758993.5	608666.5	488572.5	395202.0	320585.0	260738.0	214094.5	178653.5	153546.5	136899.0	128974.0	133505.5	159331.0	218053.5	303005.5	342114.5	238441.0	115162.0	94910.5	119364.0	156143.0	176266.5	157258.5	117330.0	51797.5	4095.0	2056.0	1184.0	748.5	476.0	292.0	211.0	145.0	91.0	76.0	70.5	81.5	84.0	94.0	147.5	233.5	472.0	1273.5	4759.0	5385.0	1774.0
Sin-APnd_017-Ex1-5F-lcwgs-1-2.2	44.0	62.5	110.5	162.0	225.5	313.5	375.0	494.5	678.5	890.5	1165.0	1532.5	2061.5	2819.5	3937.5	5655.0	8377.5	12334.5	18144.0	26492.5	38217.0	54516.5	75800.0	103340.0	137786.0	180026.0	229213.5	286251.0	357080.5	452165.5	585907.0	732951.5	894651.5	1113758.0	1411856.0	1796171.5	2210630.5	2585501.5	2939157.5	3310439.0	3641890.5	3873469.5	3974273.0	3897309.5	3673387.0	3386390.0	3083496.0	2763380.5	2437607.5	2136409.0	1868318.0	1615945.5	1374364.0	1156213.5	957520.0	781347.0	632870.5	511054.5	411843.0	331536.5	268927.5	220910.5	183914.5	155925.0	134175.5	117335.0	103666.0	91570.5	80525.5	69477.0	59172.5	50035.0	41355.0	33382.0	26507.5	20669.0	15888.5	12112.5	9278.5	7205.5	5821.5	4909.5	4337.0	4057.5	3962.5	4120.0	4379.0	4599.5	4905.0	5171.0	5429.0	5759.0	6208.0	6779.5	7511.5	8617.0	10724.5	14676.0	21234.0	49761.5	980115.0
Sin-APnd_018-Ex1-5G-lcwgs-1-2.1	23.0	27.5	43.0	58.5	94.0	138.0	189.5	284.5	395.0	549.0	789.0	1158.0	1737.5	2578.0	3973.5	6109.0	9388.5	14448.0	21835.5	32571.5	48443.0	70381.5	99510.5	137619.0	185763.0	243769.5	307797.5	378148.0	458470.0	553281.0	671100.0	794268.5	927320.0	1103230.0	1328455.0	1607638.0	1906438.5	2180156.0	2433816.5	2687886.0	2922773.5	3127608.5	3232138.0	3165225.5	3003726.0	2846426.0	2698886.0	2519428.5	2300320.5	2068761.0	1854860.0	1638048.0	1404322.5	1173121.5	957006.5	761663.0	593705.5	454906.5	344180.0	258321.5	192170.5	143167.5	108745.5	86205.0	74167.0	73879.0	90285.0	135591.0	222497.5	333145.5	375954.0	252353.5	115248.5	100830.5	137845.0	186890.0	211426.5	185742.5	134951.0	57125.5	2557.0	897.5	500.0	329.5	218.5	133.0	89.0	71.5	58.0	59.5	51.5	50.5	53.0	66.0	124.0	215.5	433.5	1349.0	5998.0	6531.0	1759.5
Sin-APnd_018-Ex1-5G-lcwgs-1-2.2	29.0	39.5	78.5	131.0	195.5	285.5	369.5	500.0	664.5	842.0	1089.0	1495.5	2133.0	2986.5	4295.0	6446.0	9774.0	14786.5	22058.0	32767.0	48736.5	70549.5	98929.0	135568.5	182418.0	238355.0	299543.5	366542.0	443259.0	536032.5	655227.0	784718.5	924771.5	1107202.5	1347126.0	1647397.0	1970564.5	2265666.5	2535568.0	2799113.0	3022321.5	3183844.0	3260205.5	3203517.0	3040964.0	2834702.0	2615102.5	2384731.5	2150135.0	1927682.5	1723276.5	1524571.0	1323207.5	1124926.0	934167.5	756623.5	598124.5	463299.5	353430.0	267350.5	201254.5	151999.0	116375.5	90307.0	71241.5	57534.0	47798.5	40489.0	34570.5	29318.0	24671.0	20757.5	17034.0	13923.5	11406.0	9110.0	7328.0	6092.5	5024.5	4356.0	3980.5	3677.5	3687.0	3747.0	3816.0	4084.0	4468.5	4824.0	5134.0	5479.0	5919.5	6341.0	6803.0	7337.5	8096.5	9473.0	12036.0	16373.0	23566.0	56548.5	1210662.0
Sin-APnd_019-Ex1-5H-lcwgs-1-2.1	46.0	53.0	84.5	123.0	164.0	219.0	309.5	447.5	600.5	762.0	1020.0	1425.5	2054.5	3089.5	4744.0	7135.5	10661.5	16195.5	24507.0	36871.0	55164.0	80371.0	115007.5	161483.0	220656.0	293155.0	376665.0	472529.5	585154.0	729797.5	925870.5	1130435.0	1352190.0	1654288.0	2049009.0	2554736.0	3094762.5	3574077.0	3999920.5	4400942.0	4728625.0	4972684.5	5049859.5	4850236.0	4501079.0	4159142.5	3829408.0	3454830.0	3037328.5	2631636.0	2290201.5	1976875.5	1666888.5	1386184.0	1141440.5	931953.5	755738.0	608057.5	485961.0	384905.5	301542.5	235407.0	185424.5	149200.0	124909.5	111014.5	108533.0	124173.0	164701.5	221471.5	244015.0	169943.0	85515.0	72006.5	88260.0	112757.0	125286.5	110547.5	81751.0	36016.5	3255.5	1813.0	1122.5	684.0	431.0	280.0	194.5	159.5	124.5	89.0	81.0	86.0	94.0	125.0	191.0	345.5	718.5	1811.5	5520.0	5697.5	1704.0
Sin-APnd_019-Ex1-5H-lcwgs-1-2.2	52.0	76.5	146.0	238.5	357.0	462.0	595.0	803.0	1003.5	1234.0	1539.5	2008.5	2706.5	3725.5	5358.0	7740.0	11402.5	16922.0	25066.5	37426.5	55908.0	81320.5	115243.0	160746.0	217991.5	287387.5	368338.5	461004.0	570978.5	716701.5	916925.0	1128066.5	1357181.0	1668424.5	2088591.5	2629534.5	3206819.5	3711429.0	4163656.5	4595610.0	4913239.5	5069908.0	5069032.5	4861349.5	4492291.0	4071574.0	3642096.0	3207234.5	2791933.0	2429459.0	2124569.5	1844554.0	1579627.5	1339710.0	1121073.0	926751.0	756250.0	610740.0	488134.0	386280.0	304815.0	240775.0	192063.0	155409.5	127632.5	106534.5	90347.5	78188.0	67597.5	57706.0	49099.0	41480.0	34309.5	28102.5	22671.0	17957.0	14227.5	11202.5	8965.5	7276.0	5977.5	5153.0	4745.0	4482.0	4336.5	4518.0	4683.0	4814.0	5109.0	5415.5	5749.5	6074.0	6303.0	6806.5	7502.0	8470.5	10675.0	14382.5	20725.5	47726.5	752858.5
Sin-APnd_020-Ex1-6A-lcwgs-1-2.1	40.0	42.5	59.0	69.5	104.0	162.0	208.5	310.5	512.5	746.5	1119.0	1635.0	2364.5	3595.5	5458.0	8420.5	12927.5	19407.5	28530.0	41555.5	60527.5	85560.5	116668.0	156963.0	209686.5	273149.5	347300.0	436885.0	552640.0	730650.0	1004070.0	1280874.5	1576016.0	2023507.5	2652871.5	3506250.5	4428633.5	5188426.5	5815212.5	6434475.5	6991127.5	7384176.5	7406281.5	6926832.5	6198253.5	5506543.0	4918448.5	4341411.5	3755021.0	3250782.5	2907709.0	2615894.5	2290933.5	1989022.0	1718940.0	1464393.0	1229137.0	1022349.5	845643.0	692861.0	558814.5	443223.0	348426.5	277046.0	226811.0	196046.5	188025.5	220226.0	381365.5	977751.5	1873095.0	1431280.5	386451.0	191988.5	206834.5	355479.5	648548.0	897175.0	1213718.5	752032.5	29686.0	14567.5	9010.0	5014.5	1866.5	441.5	248.0	171.0	118.5	96.5	109.0	112.5	125.5	164.0	241.5	413.5	834.5	2059.5	5799.0	5441.0	1302.0
Sin-APnd_020-Ex1-6A-lcwgs-1-2.2	45.0	59.5	89.5	134.5	168.5	235.0	340.0	457.5	657.0	875.5	1259.0	1866.5	2606.5	3803.5	5613.5	8426.0	12763.5	18996.0	28057.0	40949.0	59585.5	83467.5	112898.0	151674.5	201678.5	261617.5	331544.0	416377.0	527816.0	699304.5	966553.5	1242971.5	1537215.0	1976992.5	2619334.0	3490498.0	4440593.5	5242656.5	5911851.0	6564735.5	7114801.5	7481460.0	7555971.0	7220287.0	6585080.5	5847622.0	5119986.0	4405278.5	3733416.5	3163900.0	2721052.0	2348844.0	2011216.0	1725011.0	1478058.5	1261684.0	1069296.0	897840.5	742533.5	604218.0	486258.5	388625.0	310310.5	248372.5	200771.0	164824.5	137342.0	116099.5	98532.0	83854.5	71174.5	59440.0	49163.5	40166.5	32484.5	26071.5	20883.0	16891.5	14087.0	12425.0	11730.0	11813.0	12665.5	14026.0	15868.0	18229.5	20581.0	22697.0	24647.5	26434.5	28067.5	29583.0	31291.0	33243.5	35418.0	39243.0	47768.0	63321.0	89425.5	205731.5	4527327.5
Sin-APnd_021-Ex1-6B-lcwgs-1-2.1	45.0	58.5	84.5	110.5	151.5	212.0	294.0	413.0	549.0	745.0	1013.5	1443.0	2003.5	2804.5	4152.0	6091.5	8982.5	13288.0	19342.5	28095.5	41141.5	58822.5	81567.5	111863.0	150982.0	199408.5	255313.5	318075.0	398105.5	521890.5	713930.0	899754.0	1085098.5	1371970.0	1773061.0	2314372.5	2890830.0	3352478.5	3731209.5	4071253.5	4292888.5	4376839.5	4292286.0	3998583.5	3614197.5	3264756.0	2976953.0	2695381.5	2403012.5	2139688.5	1943557.5	1758580.5	1550591.0	1352629.0	1166320.5	991988.5	831152.0	689879.5	570127.0	467565.0	380984.0	309306.0	251268.0	207486.0	176200.5	155679.5	147409.0	162437.5	251341.0	586049.0	1084316.0	832690.0	241545.5	124100.5	129214.0	211234.0	374984.5	511484.0	685155.5	425226.0	17960.5	7045.5	3934.0	2196.0	986.0	367.0	220.5	166.0	114.5	95.5	88.0	76.0	95.5	124.0	176.5	341.0	715.0	1933.5	6992.0	7546.0	2259.0
Sin-APnd_021-Ex1-6B-lcwgs-1-2.2	69.0	84.5	134.5	209.5	296.5	387.0	515.5	694.0	862.0	1096.5	1412.0	1847.5	2393.5	3231.0	4604.5	6519.0	9407.5	13628.0	19727.0	28531.5	41434.5	58871.5	81011.0	110439.0	148260.5	194239.0	246770.5	306866.0	385018.0	507386.5	696317.0	881738.5	1067858.5	1348308.0	1758236.0	2306952.5	2882833.5	3350773.0	3742744.5	4101372.5	4319874.0	4373240.0	4303209.5	4091010.0	3763453.5	3396295.0	3043309.5	2701927.5	2388458.0	2123983.5	1903261.5	1693416.5	1482146.0	1284734.0	1096747.0	922953.0	768312.0	633521.0	517871.5	421144.0	342429.5	278788.5	229202.0	190694.5	160226.5	136754.0	117944.5	102606.0	89573.5	77324.5	66320.5	55977.0	46055.5	37687.0	30311.0	24098.0	19096.0	14987.5	11914.0	9681.0	8283.0	7371.5	6896.5	6858.5	7135.5	7555.0	7973.0	8468.5	9185.5	9970.5	10751.5	11681.0	12734.5	13972.0	15716.0	18848.5	24766.0	34480.0	51412.0	129038.0	2610439.0
Sin-APnd_022-Ex1-6C-lcwgs-1-2.1	19.0	26.0	44.5	58.0	75.5	102.5	142.0	201.5	239.0	312.5	438.5	612.5	851.5	1249.5	1844.0	2718.5	4036.5	5890.5	8601.5	12417.0	17924.0	25313.5	34799.5	47569.5	64346.0	84714.5	107709.5	134588.5	167467.0	212794.0	279490.5	347490.5	421055.5	527936.0	672899.0	865846.5	1078841.0	1257675.0	1397231.5	1529199.5	1641388.0	1717734.5	1723962.5	1629680.0	1489347.0	1360606.0	1252676.0	1139398.5	1010693.0	887510.5	789918.5	701428.0	604563.5	512441.5	429301.5	353886.0	288853.5	235524.0	194049.0	161114.0	134812.5	113515.0	97124.5	85536.0	77476.0	72748.0	72220.5	80263.0	118136.5	269819.0	514985.0	401426.5	115988.5	61504.0	62914.0	99057.0	173869.0	234160.0	317905.0	200340.5	8456.5	3451.0	1927.5	1126.5	556.0	285.0	155.0	95.5	69.0	43.0	30.5	29.5	35.0	40.5	56.0	93.0	201.0	524.5	1519.0	1524.5	437.5
Sin-APnd_022-Ex1-6C-lcwgs-1-2.2	30.0	41.5	77.0	114.0	140.0	183.0	260.0	329.0	383.5	474.5	628.0	813.5	1065.0	1480.5	2066.5	2937.0	4204.0	6123.5	8941.0	12937.0	18337.0	25626.0	35257.5	47681.0	63632.5	82903.5	105310.0	131141.5	162818.0	207532.5	273345.5	342845.0	418103.0	526088.0	678721.0	881365.0	1101538.0	1289773.5	1448148.5	1600174.0	1715182.5	1773712.5	1777779.0	1708757.0	1581413.0	1436226.0	1289913.0	1136992.0	985469.5	848683.5	730646.5	622460.0	520739.5	430557.5	351280.0	284865.5	231441.0	189380.5	156113.0	130099.0	110025.0	95030.5	83215.5	73781.0	66746.5	61025.0	56067.0	51640.0	47051.5	42250.0	37394.0	32349.5	27246.0	22481.5	18296.0	14586.5	11515.5	8942.0	6915.0	5460.0	4558.5	3987.5	3594.5	3492.0	3563.0	3777.0	4074.5	4417.0	4643.5	4960.0	5347.0	5716.5	6110.0	6660.0	7375.0	8436.0	10810.5	14869.5	21437.0	51766.0	1182719.5
Sin-APnd_023-Ex1-6D-lcwgs-1-2.1	59.0	84.0	108.5	112.5	164.0	266.0	385.5	542.5	749.0	989.5	1420.0	1991.5	2643.5	3811.5	5758.5	8865.0	13545.0	20220.5	30162.5	44703.5	65734.5	93548.5	129407.5	176270.0	234393.5	306268.5	386202.5	472469.5	577490.5	722316.0	934355.5	1143406.5	1354264.5	1656256.5	2058370.0	2595556.0	3162040.5	3616122.0	3985086.5	4322676.0	4545514.5	4631275.0	4550272.0	4258667.5	3878567.0	3528017.5	3243286.0	2977684.0	2712575.5	2469061.0	2278761.5	2096576.0	1880855.0	1660886.0	1441415.0	1220132.0	1009065.5	819283.5	658362.0	527237.5	422012.5	339818.5	277761.5	232497.0	201401.0	181882.0	173493.0	185050.5	259489.5	562554.5	1050025.0	819851.0	246431.5	132908.5	132425.5	204724.5	357600.0	482160.0	649140.0	405095.5	15050.0	6010.0	3295.0	2022.5	1136.5	609.5	378.5	242.0	168.5	127.0	106.5	102.0	96.5	112.0	165.5	253.5	482.5	1157.0	3311.0	3273.5	894.5
Sin-APnd_023-Ex1-6D-lcwgs-1-2.2	70.0	102.0	155.5	207.5	326.5	453.0	578.0	754.0	1017.5	1342.5	1675.5	2165.5	3079.5	4486.5	6292.0	9156.0	13802.5	20492.0	30399.5	44489.0	64703.0	92285.0	127861.0	173094.0	228537.5	296832.0	373406.0	455441.0	555885.0	696793.0	904368.0	1111412.5	1321371.0	1613604.0	2013322.0	2548235.0	3113531.0	3575742.0	3955978.0	4291421.5	4498352.5	4576037.0	4539801.5	4339295.0	4020656.0	3665730.0	3327269.5	3009791.0	2714305.5	2456484.0	2240688.5	2034354.5	1818864.0	1604760.5	1387923.5	1174059.0	973447.0	792530.5	636721.5	509951.0	411155.0	335399.5	277982.0	234409.0	201427.0	175910.0	155258.5	138146.0	122933.0	108225.0	93683.0	79305.5	66648.5	55188.0	44261.0	34973.0	27351.5	21290.5	16768.0	13514.5	11213.5	9898.0	9216.0	9065.5	9346.0	9930.5	10735.5	11529.5	12308.0	13069.0	13817.0	14552.0	15367.5	16273.5	17511.0	19843.0	24704.0	33390.5	48483.5	117037.0	2471327.0
Sin-APnd_024-Ex1-6E-lcwgs-1-2.1	11.0	14.5	21.5	33.0	52.0	85.5	123.5	180.0	245.5	371.5	533.5	728.0	1042.0	1563.5	2379.0	3608.0	5506.5	8266.5	11952.0	17238.5	25070.5	35415.5	48552.0	64671.0	84707.5	108442.5	134360.5	162439.5	194066.0	234823.0	292578.5	350793.0	413135.0	502916.5	621760.0	775983.0	942333.5	1085347.5	1209085.5	1331515.5	1436975.0	1514361.0	1533688.0	1467649.0	1360732.5	1262884.5	1180473.0	1094793.0	1000571.0	911317.5	841833.0	774581.0	694947.0	610039.0	525439.0	442925.0	363224.5	292447.5	232628.0	183431.5	144096.0	112294.0	87615.5	69800.0	57662.5	49978.5	46343.0	48952.5	70154.0	156677.0	290950.5	226312.5	68032.5	35555.5	35973.5	56860.0	100085.5	135304.0	181654.5	113722.5	4961.0	1876.0	1047.0	621.5	313.5	132.0	70.0	42.5	28.0	31.5	27.5	22.5	29.0	36.0	48.5	77.5	162.0	443.0	1548.0	1627.5	461.0
Sin-APnd_024-Ex1-6E-lcwgs-1-2.2	17.0	23.0	48.5	75.5	98.5	128.5	181.5	268.5	372.0	472.5	636.0	893.5	1190.0	1688.5	2429.0	3600.0	5527.5	8247.5	11970.0	17253.0	24796.0	34893.0	47622.0	63492.5	82448.0	104935.0	129815.5	156402.0	186326.0	226625.0	284234.0	343611.0	407415.5	496544.0	618718.0	779421.5	953635.5	1105071.0	1238658.5	1372757.5	1479484.5	1544496.5	1564052.5	1518546.5	1425339.0	1318997.0	1212238.0	1100905.0	992248.5	896358.5	812823.5	731049.5	646557.0	559658.5	471701.0	389326.0	316219.5	252130.5	197939.5	154667.0	120993.0	95748.5	77093.0	62841.0	52166.5	44508.5	38483.0	33552.0	29315.0	25600.0	22319.5	19025.0	15787.0	12938.0	10555.0	8435.0	6709.0	5313.0	4252.0	3521.0	2983.0	2655.5	2468.5	2472.0	2554.5	2666.5	2898.5	3109.5	3387.0	3661.5	3899.5	4181.5	4430.0	4801.0	5319.0	6199.0	7953.5	11024.0	16958.5	43556.5	704025.5
Sin-APnd_025-Ex1-6F-lcwgs-1-2.1	33.0	36.5	50.0	71.0	101.5	134.5	207.5	329.0	493.0	677.0	975.0	1480.5	2168.0	3318.0	5282.5	8344.0	12940.5	19296.0	28670.0	42270.0	60746.5	84722.0	114792.5	152778.0	199027.0	251446.5	309161.5	373553.5	444594.0	529105.0	635456.5	745964.0	867699.0	1027881.5	1230475.5	1482520.0	1747342.0	1972625.5	2162730.0	2342456.0	2500495.0	2619617.5	2651873.5	2564160.0	2415609.0	2272056.0	2145307.0	2008619.5	1850532.5	1687337.0	1538625.0	1382633.0	1207420.0	1033453.5	865484.5	707004.0	565815.5	443905.5	343121.0	262754.0	198791.5	150148.5	114308.0	88369.0	70717.5	59869.0	55293.0	61246.5	97061.0	235088.0	444827.5	342356.5	96747.0	48633.5	51173.5	85657.5	154181.0	211707.0	283860.0	175808.0	7073.5	2689.0	1428.5	827.0	378.0	172.5	112.5	75.0	54.0	47.0	47.0	46.5	57.0	86.0	121.5	205.0	434.5	1174.5	4263.0	4514.5	1257.0
Sin-APnd_025-Ex1-6F-lcwgs-1-2.2	36.0	49.5	79.5	120.0	170.5	233.0	335.5	447.0	589.5	804.5	1146.5	1633.0	2368.0	3601.5	5486.0	8427.5	12700.0	19216.5	28631.5	41595.0	59510.0	83039.0	112796.5	149254.0	192609.5	242654.0	297818.0	359631.5	429172.5	512829.5	621248.5	736895.5	861718.0	1023290.5	1232275.0	1487183.5	1750023.0	1978314.5	2175936.0	2367742.0	2526057.0	2625805.0	2668617.5	2625274.0	2503787.5	2353092.5	2194219.0	2025519.0	1850703.0	1677192.0	1509655.5	1335143.0	1152887.5	975000.0	804018.5	647147.5	509920.5	395084.0	301920.0	228763.5	173205.0	132324.5	102382.5	80604.5	64929.0	52805.5	44003.0	37453.0	31945.0	27442.5	23475.5	19805.5	16670.5	13692.5	11096.5	9090.0	7387.5	6024.5	5022.0	4355.0	3959.0	3745.0	3610.5	3718.5	3938.5	4175.5	4550.5	4929.5	5368.0	5746.5	6084.0	6425.0	6949.0	7687.5	8506.5	9819.0	12411.5	16714.5	24409.0	57066.0	1123077.5
Sin-CPnd_013-Ex1-4E-lcwgs-1-2.1	0.0	0.0	0.0	0.0	0.0	0.0	0.0	0.0	0.0	0.0	0.0	0.0	0.0	0.0	0.0	0.0	0.0	0.5	1.5	3.0	3.0	3.5	10.0	10.5	8.0	10.5	12.5	15.5	19.0	23.0	31.5	39.5	45.5	64.5	73.5	71.0	83.0	96.0	105.0	117.0	126.0	139.5	139.0	134.5	153.0	149.0	138.5	137.5	138.0	141.5	142.0	134.0	121.5	132.5	119.0	101.5	110.0	97.0	84.5	86.5	79.5	78.0	99.0	104.5	100.5	106.5	103.5	96.0	88.5	102.5	139.5	109.5	62.5	57.0	42.5	38.0	45.5	41.5	46.0	35.0	6.5	2.0	1.5	1.0	1.0	0.5	0.0	0.0	0.0	0.0	0.0	0.0	0.0	0.0	0.0	0.0	0.0	0.0	0.0	0.0	0.0
Sin-CPnd_013-Ex1-4E-lcwgs-1-2.2	0.0	0.0	0.0	0.0	0.0	0.0	0.0	0.0	0.0	0.0	0.0	0.5	0.5	0.0	0.0	1.0	2.0	1.5	0.5	0.0	1.0	3.0	6.0	7.0	7.0	9.5	14.0	17.0	21.0	28.0	32.0	37.5	43.5	52.0	62.5	78.5	95.5	102.0	103.5	115.0	117.0	128.0	144.0	150.0	150.5	143.0	145.0	140.5	144.0	150.0	138.0	137.5	141.5	123.5	105.0	93.0	95.5	84.5	73.0	83.0	93.0	91.0	81.5	92.5	105.0	104.5	107.0	102.5	91.5	82.5	72.5	63.5	52.5	43.5	36.0	25.0	15.5	11.5	8.0	6.0	4.0	3.0	4.0	2.5	1.5	1.0	0.0	0.5	1.5	1.5	0.5	1.0	2.5	2.0	2.0	2.5	3.5	4.0	3.0	5.0	152.5
Sin-CPnd_015-Ex1-4A-lcwgs-1-2.1	0.0	0.0	0.0	0.0	0.0	0.0	0.0	0.0	0.0	0.0	0.0	0.0	0.0	0.0	0.5	0.5	1.0	1.5	3.5	4.5	6.5	10.0	13.5	24.0	38.5	50.5	68.0	79.0	95.0	112.5	127.0	171.0	217.5	218.5	224.5	271.5	320.0	360.0	399.5	419.0	443.0	495.0	505.0	501.0	508.5	483.0	496.0	520.5	488.0	441.5	394.0	372.0	339.0	285.0	247.5	208.5	172.5	141.0	112.0	92.0	73.5	53.5	41.5	35.5	31.0	25.0	25.5	24.0	22.0	44.0	71.5	55.5	22.5	13.0	10.0	13.5	23.0	27.0	30.0	19.0	1.5	1.5	2.0	1.0	0.0	0.0	0.0	0.0	0.0	0.0	0.0	0.0	0.0	0.0	0.0	0.0	0.0	0.0	0.0	0.0	0.0
Sin-CPnd_015-Ex1-4A-lcwgs-1-2.2	0.0	0.0	0.0	0.0	0.0	0.0	0.0	0.0	0.0	0.0	0.0	0.0	0.0	0.0	1.0	1.5	1.5	2.0	4.0	8.0	8.0	7.0	13.5	24.0	41.0	56.5	66.5	81.0	95.5	102.0	127.5	167.0	185.5	213.0	245.5	258.5	297.0	354.0	396.0	422.0	465.5	517.5	522.0	513.5	508.5	507.0	515.0	503.5	482.0	442.0	414.5	384.0	330.5	288.0	223.0	175.5	158.0	126.5	100.5	82.5	68.5	55.0	38.0	34.0	31.0	29.0	28.0	26.0	21.5	21.0	23.0	14.0	9.0	9.5	6.0	4.0	4.0	3.5	2.0	0.5	0.5	4.0	5.5	2.5	2.0	1.5	0.5	1.0	1.0	1.0	1.0	1.5	1.0	0.5	3.0	3.5	1.0	1.0	1.0	3.0	125.0
Sin-CPnd_018-Ex1-11A-lcwgs-1-2.1	0.0	0.0	0.5	0.5	0.0	0.5	0.5	0.0	1.5	2.5	2.5	4.0	6.5	10.0	14.5	22.5	36.0	63.5	86.5	108.5	165.5	254.0	353.5	469.0	640.5	836.5	1051.0	1323.0	1639.0	2028.5	2588.0	3087.5	3555.0	4308.0	5243.0	6411.5	7629.5	8700.0	9523.0	10293.5	11138.5	11721.0	11987.5	11724.5	11039.5	10274.5	9694.5	9183.0	8404.0	7644.5	7128.5	6500.5	5820.5	5175.5	4471.0	3802.5	3193.5	2728.5	2280.5	1840.5	1481.0	1219.0	962.0	727.0	593.0	487.0	379.5	321.5	397.0	743.0	1718.0	1694.5	673.0	289.5	196.0	253.0	557.0	883.5	1396.0	995.5	95.5	18.5	16.0	13.0	6.5	1.5	0.5	0.5	0.0	0.5	0.5	0.0	0.0	0.0	0.0	0.0	1.5	2.5	3.0	5.5	3.5
Sin-CPnd_018-Ex1-11A-lcwgs-1-2.2	2.0	1.0	0.0	0.0	0.0	0.5	1.5	1.0	1.0	4.5	4.5	5.5	7.5	8.5	16.5	27.0	35.5	48.5	78.5	117.5	164.0	224.5	316.0	455.5	641.5	819.0	1009.0	1267.5	1573.5	1948.5	2508.5	3033.5	3506.5	4183.0	5159.0	6404.0	7652.0	8780.0	9770.5	10726.0	11486.5	11995.0	12230.0	12187.5	11814.0	11088.5	10345.0	9537.0	8601.5	7725.5	6933.0	6102.5	5299.5	4633.5	3936.5	3279.0	2754.5	2279.0	1845.5	1482.5	1231.0	997.0	757.0	594.5	505.5	406.5	321.5	259.5	213.5	192.5	166.0	137.5	112.5	82.0	66.5	54.0	46.0	41.0	36.5	32.5	22.0	18.5	21.5	18.5	18.5	25.5	30.5	33.5	40.0	41.0	37.0	43.0	51.5	49.5	42.0	45.0	60.0	70.5	98.5	233.5	4604.0
Sin-CPnd_019-Ex1-1H-lcwgs-1-2.1	0.0	0.0	0.0	0.0	0.0	0.0	0.0	0.0	0.0	0.0	0.0	0.0	0.0	0.5	0.5	1.0	4.5	7.0	8.0	15.0	24.5	36.0	60.5	84.0	111.0	170.0	245.0	317.0	406.0	530.5	651.0	790.0	958.5	1123.0	1326.0	1562.5	1801.0	2000.0	2141.0	2288.0	2427.0	2511.0	2584.5	2654.5	2649.5	2559.5	2520.5	2463.0	2297.0	2152.0	2002.5	1779.5	1549.5	1377.0	1161.5	930.0	783.0	666.0	539.5	426.0	314.0	230.5	182.0	139.0	108.5	83.0	82.0	83.5	102.5	230.5	625.5	582.5	168.5	61.5	47.5	80.0	189.0	290.5	482.0	347.5	20.5	5.0	6.5	7.0	3.0	0.0	0.0	0.0	0.0	0.0	0.0	0.0	0.0	0.0	0.0	0.0	0.5	1.0	0.5	0.0	0.0
Sin-CPnd_019-Ex1-1H-lcwgs-1-2.2	0.0	0.0	0.0	0.0	0.0	0.0	0.0	0.0	0.0	0.0	0.0	0.0	0.0	0.0	0.0	2.5	4.5	4.5	7.0	14.0	25.0	38.5	60.5	78.0	104.0	155.5	225.5	322.5	415.0	479.0	594.5	778.0	966.5	1120.0	1313.0	1542.0	1769.5	1983.5	2105.0	2248.0	2409.5	2554.5	2671.0	2684.0	2724.5	2713.5	2603.5	2514.0	2374.0	2177.0	1994.0	1822.0	1585.5	1322.0	1102.5	901.0	719.0	589.5	482.5	374.0	282.0	210.5	164.0	123.0	90.0	78.5	60.0	39.5	24.5	16.5	17.5	13.0	7.5	4.5	3.5	4.0	3.5	3.5	6.0	5.5	4.5	5.5	4.5	4.5	4.5	3.5	3.0	4.5	4.5	4.5	6.0	7.0	7.0	8.0	10.5	9.5	13.0	20.0	32.0	72.5	1580.5
Sin-CPnd_020-Ex1-12E-lcwgs-1-2.1	0.0	0.0	0.5	0.5	0.0	0.0	0.0	0.0	0.5	2.5	2.0	2.0	5.0	5.5	10.0	21.0	29.0	37.0	61.5	92.0	141.5	204.5	291.5	425.0	623.0	854.5	1102.0	1412.0	1798.0	2195.0	2689.5	3303.0	3828.0	4466.0	5314.0	6320.0	7443.5	8413.0	9375.0	10320.5	11235.0	12133.5	12629.5	12716.0	12655.5	12501.5	12155.0	11660.5	10930.0	10130.0	9322.5	8383.5	7373.0	6398.0	5423.5	4415.0	3594.0	2904.5	2391.0	1920.5	1502.5	1209.5	959.5	787.5	652.0	552.5	515.5	592.0	946.0	1733.5	2415.0	1677.5	570.0	380.5	547.5	841.5	1079.5	1184.0	1107.0	563.0	54.0	21.5	14.5	8.0	4.5	4.0	2.0	1.5	0.5	0.0	0.0	0.0	0.0	0.0	0.5	0.5	0.0	0.0	4.0	4.0	0.0
Sin-CPnd_020-Ex1-12E-lcwgs-1-2.2	1.0	0.5	0.5	0.5	0.5	0.5	1.0	1.0	0.5	2.0	4.0	5.5	6.5	5.0	8.5	19.5	26.0	40.5	66.0	87.0	126.0	202.0	314.5	432.0	616.0	849.5	1085.5	1385.5	1717.0	2099.0	2596.0	3196.0	3791.0	4433.0	5324.5	6416.5	7476.5	8449.0	9507.0	10628.5	11636.0	12470.0	12964.5	13056.0	12984.5	12748.5	12208.0	11494.5	10633.0	9744.0	8852.5	7963.0	7022.0	6027.5	5160.0	4239.0	3484.5	2862.5	2258.5	1782.0	1380.0	1128.5	942.5	771.0	624.5	520.0	428.0	340.5	273.5	226.5	198.0	176.5	157.5	133.5	108.0	90.5	70.0	53.0	46.5	45.5	42.5	37.0	37.0	29.5	22.5	21.5	23.0	29.0	29.0	28.5	30.5	26.5	30.5	37.5	49.5	58.5	65.0	80.5	132.5	386.5	6236.0
Sin-CPnd_021-Ex1-3D-lcwgs-1-2.1	0.0	0.0	0.0	0.0	0.0	0.0	0.0	0.0	0.0	0.0	0.0	0.0	0.0	0.0	0.0	0.5	1.0	1.0	1.0	1.0	2.0	3.5	6.0	12.5	15.0	16.0	21.5	24.5	31.5	43.5	56.0	68.5	78.5	103.5	126.0	137.0	139.0	160.5	204.5	253.0	347.5	434.5	523.5	640.0	662.0	678.5	768.5	772.0	711.5	682.5	618.5	556.5	509.5	437.0	354.0	271.5	220.5	170.5	116.5	75.5	54.0	43.0	36.5	25.5	20.5	20.0	12.5	12.0	11.5	19.0	53.5	48.5	12.0	9.0	10.5	8.5	17.0	27.0	42.0	29.0	2.0	1.0	0.0	0.5	1.0	0.5	0.0	0.0	0.0	0.0	0.0	0.0	0.0	0.0	0.0	0.0	0.0	0.0	0.0	0.0	0.0
Sin-CPnd_021-Ex1-3D-lcwgs-1-2.2	0.0	0.0	0.0	0.0	0.0	0.0	0.0	0.0	0.0	0.0	0.0	0.0	0.0	0.0	0.0	0.5	0.5	1.5	1.5	1.5	6.0	8.0	5.5	9.0	13.5	18.0	24.0	28.5	35.0	39.5	56.5	72.0	76.5	91.0	106.5	126.0	143.5	173.0	204.0	275.0	362.5	454.5	596.0	710.5	782.5	806.0	856.5	873.5	789.0	675.0	573.5	516.5	429.5	330.0	250.0	179.0	135.0	104.5	77.0	54.5	41.5	34.0	27.0	20.5	13.5	10.5	10.0	6.0	5.0	6.0	6.5	5.5	3.5	3.5	3.0	4.5	4.0	1.5	1.5	1.5	1.5	0.5	0.0	0.0	0.5	1.0	0.5	1.0	1.5	1.0	0.5	1.0	1.0	1.5	1.5	0.5	0.5	1.0	5.0	10.5	134.5
Sin-CPnd_022-Ex1-1D-lcwgs-1-2.1	0.0	0.0	0.0	0.0	0.0	0.0	0.5	0.5	0.0	0.0	0.5	1.5	1.5	0.5	2.5	3.5	4.0	6.5	10.0	24.5	42.5	53.5	69.0	106.5	162.5	232.0	300.0	360.0	436.5	528.5	631.5	735.5	846.0	965.5	1038.5	1161.5	1332.0	1425.5	1575.0	1654.5	1696.0	1804.5	1834.5	1859.5	1827.5	1794.0	1793.0	1743.5	1610.5	1437.5	1319.0	1195.0	1063.0	942.0	834.0	728.0	584.5	449.5	389.0	332.5	253.0	189.5	147.5	127.0	105.5	84.5	61.0	51.5	79.5	185.5	431.0	381.0	114.5	47.0	39.5	64.0	155.0	218.5	298.0	204.5	14.5	5.0	3.5	2.5	0.5	0.0	0.0	0.0	0.0	0.0	0.0	0.0	0.0	0.0	0.0	0.0	0.0	0.5	0.5	0.0	0.0
Sin-CPnd_022-Ex1-1D-lcwgs-1-2.2	0.0	0.0	0.0	0.0	0.0	0.0	0.0	0.0	0.0	0.0	0.0	0.0	0.0	0.5	2.0	3.5	3.0	4.5	10.5	19.5	37.5	54.0	69.5	105.5	156.5	214.5	264.5	336.5	443.0	500.5	590.0	707.0	794.0	922.5	1056.5	1162.5	1286.5	1391.5	1505.0	1617.5	1747.0	1851.5	1859.0	1870.0	1878.5	1843.5	1783.0	1734.0	1638.5	1516.5	1358.0	1217.0	1084.5	924.5	815.0	698.0	554.5	437.5	362.5	289.0	238.5	205.0	168.5	140.0	111.5	88.5	65.0	43.5	31.5	27.0	22.0	21.5	18.5	15.5	15.0	13.5	11.5	7.5	6.5	8.0	8.0	6.0	4.5	3.0	2.0	4.5	6.0	3.5	2.0	2.5	3.5	7.5	8.0	6.5	10.0	9.0	12.5	21.0	20.5	45.5	1042.5
Sin-CPnd_023-Ex1-12B-lcwgs-1-2.1	0.0	0.0	0.0	0.0	0.0	0.0	1.0	1.0	0.5	1.0	1.5	4.5	6.0	6.5	9.0	14.0	21.0	36.0	58.0	86.5	134.0	187.0	262.5	387.5	521.5	670.0	888.0	1095.0	1373.0	1720.5	2124.0	2537.5	2976.5	3601.5	4410.5	5305.5	6177.0	7024.5	7942.0	8832.5	9530.0	10093.0	10462.0	10534.0	10319.0	10037.5	9871.0	9531.0	8863.0	8211.0	7607.5	6861.5	6096.5	5240.0	4326.5	3576.0	2930.5	2316.5	1807.5	1449.0	1172.0	956.0	757.5	612.0	546.0	553.0	663.5	996.5	1886.5	3630.0	5262.5	3647.5	1092.5	762.5	1085.5	1753.0	2429.5	2631.0	2494.5	1297.5	101.0	14.0	5.0	2.0	1.5	1.5	0.5	0.5	0.5	0.5	0.0	0.0	0.0	0.0	0.0	0.0	0.0	0.0	3.0	4.5	2.0
Sin-CPnd_023-Ex1-12B-lcwgs-1-2.2	0.0	0.0	0.5	0.5	1.0	1.0	1.0	1.5	1.0	2.0	2.0	2.5	5.5	5.5	5.5	11.5	23.5	38.0	61.5	88.5	125.0	194.0	267.5	354.5	526.0	686.5	834.0	1090.0	1363.5	1665.5	2054.0	2499.0	2953.5	3581.0	4325.0	5212.0	6224.5	7089.0	8034.0	8943.5	9666.5	10317.0	10589.5	10578.5	10497.5	10307.0	9906.0	9237.5	8648.0	8024.5	7258.5	6500.5	5747.0	4957.0	4238.5	3589.5	2876.0	2287.0	1829.0	1427.0	1108.5	915.0	784.0	617.0	480.0	390.0	343.0	302.0	259.0	237.0	194.5	163.0	150.5	116.0	89.0	78.5	71.5	61.5	44.5	38.0	35.5	33.0	34.0	27.5	30.0	38.0	33.5	31.5	40.0	53.0	52.5	49.5	58.5	64.5	71.0	88.0	118.0	163.0	259.5	647.0	13901.0
Sin-CPnd_024-Ex1-12C-lcwgs-1-2.1	0.0	0.0	0.0	0.0	0.0	0.5	0.5	0.0	0.0	0.5	2.0	3.0	2.5	5.5	10.0	13.5	24.0	33.0	42.5	62.0	87.5	132.5	186.5	253.0	352.5	477.0	593.0	733.0	942.0	1228.5	1480.5	1813.0	2215.0	2559.5	3048.5	3734.5	4484.5	5078.5	5783.0	6523.0	7129.0	7972.0	8561.5	8654.0	8651.0	8578.5	8485.0	8209.0	7668.5	6967.5	6263.5	5486.5	4672.5	3875.5	3123.5	2506.5	1927.5	1481.5	1183.0	984.0	774.5	601.5	492.0	404.5	359.0	338.0	351.0	483.5	891.5	1722.0	2545.0	1773.0	548.0	395.5	538.0	863.5	1174.5	1262.0	1191.5	612.5	45.5	11.5	5.0	2.5	1.5	1.0	0.5	1.5	1.0	0.0	0.5	0.5	0.0	0.0	0.0	0.0	0.0	1.5	3.5	2.0	0.5
Sin-CPnd_024-Ex1-12C-lcwgs-1-2.2	0.0	0.0	0.0	0.0	0.0	0.0	1.0	2.0	2.0	1.0	0.0	0.5	3.5	6.0	7.5	11.5	16.0	28.5	44.5	66.5	87.0	124.0	174.0	250.0	360.0	462.5	606.0	756.5	946.5	1184.5	1424.0	1786.5	2221.5	2587.5	3055.0	3762.0	4504.5	5284.0	6014.0	6784.0	7618.0	8245.0	8842.0	9183.0	9216.0	9091.0	8737.5	8158.5	7385.0	6519.0	5675.5	4825.5	4043.0	3403.5	2780.0	2229.0	1742.0	1358.5	1063.5	846.5	698.5	568.0	444.5	353.5	312.0	279.5	230.5	183.5	157.0	135.0	121.5	106.0	84.5	70.5	62.5	51.5	46.0	41.0	33.5	28.5	26.0	22.0	20.0	19.5	17.5	20.0	25.0	22.5	30.0	34.0	27.5	28.0	33.5	41.5	37.0	41.5	64.5	90.0	124.5	298.0	6677.0
Sin-CPnd_025-Ex1-3B-lcwgs-1-2.1	0.0	0.0	0.0	0.0	0.0	0.0	0.0	0.0	0.0	0.0	0.0	0.5	1.0	0.5	1.0	2.0	2.5	3.5	9.0	12.5	17.5	21.0	22.0	33.5	51.0	67.0	91.5	119.5	142.0	176.5	204.5	253.0	316.5	364.5	414.5	469.0	529.5	577.5	632.0	706.0	741.0	785.0	813.0	788.5	812.0	810.5	799.0	798.5	788.5	773.0	731.0	677.5	615.5	551.5	465.5	378.0	301.0	239.5	182.5	135.5	114.5	99.5	73.5	54.5	50.5	41.5	31.5	25.5	19.5	18.0	43.0	42.5	14.0	7.5	6.0	7.0	20.5	25.0	26.0	19.5	4.0	2.5	1.0	1.0	1.0	0.5	0.0	0.0	0.0	0.0	0.0	0.0	0.0	0.0	0.0	0.0	0.0	0.0	0.0	0.0	0.0
Sin-CPnd_025-Ex1-3B-lcwgs-1-2.2	0.0	0.0	0.0	0.0	0.0	0.0	0.0	0.5	0.5	0.0	0.0	0.0	0.0	0.0	1.5	2.5	1.0	2.5	7.5	10.0	15.5	23.0	23.0	31.0	60.5	80.0	93.0	114.0	129.5	166.5	207.5	249.5	295.0	346.5	406.0	452.0	518.0	599.5	650.5	713.0	772.0	801.5	841.5	866.5	917.5	922.0	883.5	862.0	824.5	798.5	750.0	671.0	575.5	459.5	351.0	296.0	253.5	186.5	137.0	112.5	94.5	75.0	58.0	43.0	33.0	32.5	28.0	23.0	18.5	10.5	8.5	7.5	3.5	1.5	3.0	3.5	2.5	3.0	2.5	3.0	4.0	2.5	0.5	2.5	3.5	1.0	0.5	0.5	0.5	1.0	0.5	0.0	0.5	0.5	1.5	2.5	2.0	1.0	4.0	7.5	104.0
Sin-CPnd_028-Ex1-12H-lcwgs-1-2.1	0.0	0.0	0.0	0.5	0.5	0.5	0.5	1.5	2.5	2.5	2.5	6.0	10.5	12.5	21.5	37.5	54.5	71.5	101.5	177.0	280.5	389.0	540.5	722.0	966.5	1321.0	1694.0	2071.5	2554.5	3134.5	3785.5	4537.0	5262.0	6040.5	7028.0	8202.0	9365.5	10384.0	11303.0	12290.5	13228.0	13839.5	14140.5	14182.5	14043.0	13769.0	13444.5	12827.0	11963.5	11206.5	10407.5	9321.0	8135.5	7040.0	5999.5	5001.0	4062.5	3252.0	2586.5	2045.5	1636.5	1306.5	1045.0	861.0	736.0	657.5	598.0	647.5	979.0	1768.0	2546.0	1774.0	580.5	425.5	558.0	863.5	1165.0	1273.5	1205.0	595.5	39.0	20.5	9.0	6.0	3.0	1.0	1.0	0.5	0.0	0.5	1.0	1.0	0.5	0.5	0.5	0.0	1.5	3.0	5.5	5.0	1.0
Sin-CPnd_028-Ex1-12H-lcwgs-1-2.2	0.0	0.5	0.5	0.0	0.0	0.0	0.0	0.5	2.5	5.0	6.0	4.5	8.0	13.5	24.5	40.5	49.0	81.0	123.0	171.0	251.5	358.5	521.5	716.5	937.0	1309.0	1697.5	2087.5	2549.5	3023.5	3674.5	4357.5	5100.0	6003.0	7025.5	8191.0	9400.5	10549.0	11644.5	12683.5	13483.5	13978.0	14356.0	14451.0	14272.0	13932.0	13233.5	12481.5	11706.5	10806.5	9927.5	8977.5	7866.0	6783.5	5786.0	4810.5	3946.0	3200.0	2583.0	2038.5	1616.5	1333.0	1097.0	886.0	695.0	575.5	473.0	358.0	287.0	236.5	195.5	167.5	138.0	120.0	94.5	76.5	61.0	55.5	48.0	35.0	34.0	28.5	24.5	29.5	33.0	31.0	33.5	37.5	41.0	41.0	43.0	47.0	49.0	49.0	57.0	63.5	71.5	96.0	157.0	373.5	6671.5
Sin-CPnd_029-Ex1-4D-lcwgs-1-2.1	0.0	0.0	0.0	0.0	0.0	0.0	0.0	0.0	0.0	0.0	0.0	0.0	0.0	0.0	0.5	0.5	0.0	1.0	2.0	2.5	4.0	5.5	8.0	7.0	11.0	17.5	19.0	30.0	42.5	46.0	53.5	79.5	94.5	103.5	129.0	149.0	167.5	197.0	243.0	312.5	416.0	533.0	629.0	743.5	849.0	938.0	977.0	942.5	930.5	834.0	708.0	655.0	568.0	476.5	391.5	311.0	245.0	175.5	127.5	105.5	76.5	45.0	34.0	29.5	24.5	20.0	18.5	15.0	23.5	62.0	95.5	69.0	24.0	13.0	14.0	16.0	34.0	53.0	69.5	42.5	3.0	2.0	0.0	0.0	0.0	0.0	0.0	0.0	0.0	0.0	0.0	0.0	0.0	0.0	0.0	0.0	0.0	0.0	0.0	0.0	0.0
Sin-CPnd_029-Ex1-4D-lcwgs-1-2.2	0.0	0.0	0.0	0.0	0.0	0.0	0.0	0.0	0.0	0.0	0.0	0.0	0.0	0.0	0.5	0.5	0.0	0.0	1.0	3.0	4.0	6.5	9.0	8.5	9.5	16.0	23.0	26.5	38.5	50.5	53.0	70.0	83.0	98.5	130.0	152.0	179.0	199.5	257.5	342.0	419.5	538.5	683.5	816.0	947.0	1044.0	1033.0	982.5	916.0	808.5	718.5	611.5	488.5	405.0	337.5	249.5	176.0	129.5	93.5	71.0	58.5	52.5	33.5	28.0	25.0	19.5	16.5	11.0	10.5	9.0	8.0	6.5	6.0	4.5	4.5	3.5	2.5	2.5	1.5	1.5	1.0	1.0	1.5	2.0	1.5	0.5	0.0	0.5	1.5	1.5	1.0	0.5	1.0	1.5	1.5	2.5	3.0	3.0	6.0	12.5	247.5
Sin-CPnd_031-Ex1-3G-lcwgs-1-2.1	0.0	0.0	0.0	0.0	0.0	0.0	0.0	0.0	0.0	0.0	0.0	0.0	0.5	1.0	0.5	1.0	3.0	2.5	5.0	10.0	15.0	25.0	29.0	33.5	48.5	69.0	76.5	86.0	119.0	142.5	174.5	201.5	217.5	254.5	283.5	328.5	364.0	401.5	444.5	459.5	465.0	489.5	513.0	524.5	533.0	525.0	513.5	482.5	474.5	467.5	432.5	408.0	374.0	323.5	294.5	245.5	200.0	179.0	141.0	112.5	86.0	58.5	45.0	40.0	28.5	22.0	19.0	13.5	15.0	31.0	92.5	84.5	20.0	9.5	8.0	12.5	26.5	36.5	60.5	42.0	1.5	1.5	1.0	1.5	1.0	0.0	0.0	0.0	0.0	0.0	0.0	0.0	0.0	0.0	0.0	0.0	0.0	0.0	0.0	0.0	0.0
Sin-CPnd_031-Ex1-3G-lcwgs-1-2.2	0.0	0.0	0.0	0.0	0.0	0.0	0.0	0.5	0.5	0.0	0.0	0.0	0.0	0.5	1.0	2.0	2.0	3.0	10.0	15.0	18.0	25.0	28.0	35.0	48.0	66.0	79.5	96.5	120.5	137.5	162.0	189.5	235.5	261.5	275.0	320.0	359.5	395.5	436.5	474.5	488.0	509.5	532.5	547.5	559.5	558.5	545.0	528.0	504.0	456.5	424.0	388.5	348.0	316.5	264.5	208.5	172.0	144.5	113.5	80.0	65.0	54.5	38.5	30.5	26.5	21.5	16.5	11.0	11.5	10.5	4.5	3.0	2.5	3.0	3.5	2.0	2.0	1.5	0.5	1.0	1.5	1.5	0.5	0.0	1.0	2.5	2.0	1.5	1.5	0.5	0.0	0.0	0.0	1.5	3.0	2.5	3.5	4.0	5.5	13.0	210.0
Sin-CPnd_032-Ex1-3E-lcwgs-1-2.1	0.0	0.0	0.0	0.0	0.0	0.0	0.0	0.0	0.5	0.5	0.0	0.0	0.0	0.5	1.5	3.0	3.0	5.5	13.5	17.0	18.0	30.5	48.0	55.0	70.5	107.0	135.5	171.5	213.0	254.5	300.0	361.5	441.5	490.5	542.0	620.0	697.5	744.0	771.0	844.5	879.0	866.0	876.5	866.0	861.0	869.5	817.5	774.0	766.0	715.0	680.0	623.5	556.0	508.0	435.0	374.5	318.5	272.0	249.5	218.0	183.5	168.0	162.5	141.0	131.0	136.0	127.5	122.0	120.5	150.5	302.0	289.5	113.0	56.0	40.0	45.0	75.5	104.5	168.0	118.0	6.5	4.5	3.5	2.5	1.5	0.0	0.0	0.0	0.0	0.5	0.5	0.0	0.0	0.0	0.0	0.0	0.0	0.0	0.0	0.0	0.0
Sin-CPnd_032-Ex1-3E-lcwgs-1-2.2	0.0	0.0	0.0	0.0	0.0	0.0	0.0	0.0	0.0	0.0	0.0	0.0	0.0	1.0	2.0	2.5	3.0	5.0	7.5	14.5	25.0	35.0	47.0	59.0	78.0	99.0	118.0	152.0	204.5	257.5	311.5	378.5	431.0	492.0	529.0	565.5	654.0	714.0	739.0	801.5	842.5	868.5	887.5	881.5	888.0	871.5	860.0	838.5	802.5	738.0	687.5	648.0	567.5	507.0	433.0	360.5	314.0	258.0	221.0	212.0	189.5	170.5	160.5	143.5	136.5	121.0	116.0	119.5	118.0	101.5	81.0	68.5	60.0	43.5	27.5	28.0	24.5	13.0	6.0	4.5	2.5	2.5	2.5	3.0	2.5	3.0	4.5	3.5	2.0	1.0	1.5	5.5	8.5	6.5	6.0	5.5	6.0	7.5	9.5	21.0	512.0
Sin-CPnd_033-Ex1-1B-lcwgs-1-2.1	0.0	0.0	0.0	0.0	0.0	0.0	0.0	0.0	0.0	0.0	0.0	0.0	0.0	0.0	0.0	0.0	0.0	0.0	1.0	2.0	1.0	0.5	2.0	4.0	4.5	7.5	13.5	15.5	16.5	24.0	33.5	36.0	43.5	58.5	69.0	80.0	87.5	103.0	139.0	150.0	147.5	180.5	219.5	222.0	209.5	211.0	217.5	221.0	213.5	197.5	178.0	169.5	162.5	143.0	128.0	106.5	79.5	57.5	46.5	37.5	33.5	30.0	17.0	8.0	6.5	8.5	8.0	16.0	36.5	102.0	279.5	258.0	69.5	25.0	19.0	33.0	98.0	151.5	186.0	111.5	4.5	0.5	0.0	0.0	0.0	0.0	0.0	0.0	0.0	0.0	0.0	0.0	0.0	0.0	0.0	0.0	0.0	0.0	0.0	0.0	0.0
Sin-CPnd_033-Ex1-1B-lcwgs-1-2.2	0.0	0.0	0.0	0.0	0.0	0.0	0.0	0.0	0.0	0.0	0.0	0.0	0.0	0.0	0.0	0.0	1.0	1.0	0.5	0.5	0.5	2.0	3.5	3.0	4.5	8.0	9.5	12.5	19.0	29.0	35.0	41.5	51.5	58.0	59.5	69.5	92.0	107.0	121.0	140.0	164.0	184.0	225.0	238.5	242.0	258.0	227.0	240.0	257.0	213.0	178.5	165.5	142.5	117.5	98.0	70.0	52.5	42.0	28.0	24.0	22.5	16.0	10.0	6.0	5.5	6.0	4.5	3.0	1.0	0.5	2.5	2.0	1.0	1.5	1.0	1.5	1.0	0.0	0.5	0.5	0.5	0.5	0.5	1.0	1.5	1.0	0.0	1.0	1.5	1.0	1.0	3.0	4.5	4.0	2.5	4.0	7.5	8.0	10.0	25.0	680.0
Sin-CPnd_034-Ex1-3C-lcwgs-1-2.1	0.0	0.0	0.0	0.0	0.0	0.0	0.0	0.0	0.0	0.0	0.0	0.0	0.0	0.0	0.0	0.5	1.0	3.0	3.5	6.0	11.5	15.5	22.5	33.0	49.0	71.5	89.5	127.5	178.0	214.0	261.0	310.0	356.0	430.0	503.5	540.5	586.0	655.5	740.5	804.5	867.5	906.0	920.5	947.0	955.5	954.5	945.5	921.0	893.5	832.0	755.5	703.0	635.5	544.5	456.5	414.5	353.0	269.5	213.5	169.0	141.0	112.0	82.5	67.0	42.5	28.5	28.0	21.5	18.5	23.0	51.5	53.0	19.0	8.5	7.5	10.0	16.5	21.5	33.0	22.5	2.0	0.5	0.0	0.0	0.0	0.0	0.5	0.5	0.0	0.0	0.0	0.0	0.0	0.0	0.0	0.0	0.0	0.0	0.0	0.0	0.0
Sin-CPnd_034-Ex1-3C-lcwgs-1-2.2	0.0	0.0	0.0	0.0	0.0	0.0	0.0	0.0	0.0	0.0	0.0	0.0	0.5	0.5	0.0	0.5	0.5	2.0	5.5	8.5	11.0	12.0	18.5	34.0	55.5	75.5	96.0	126.5	170.0	212.5	248.5	296.0	357.5	407.5	462.0	544.5	587.0	651.0	756.0	818.0	843.5	879.5	940.5	954.5	988.0	1009.5	971.0	948.0	903.0	829.5	753.5	695.5	620.5	540.5	453.0	392.5	345.5	270.5	200.0	145.5	125.5	106.0	74.0	56.0	47.5	31.5	26.5	21.5	15.5	14.0	13.0	9.0	7.5	6.0	5.5	5.0	5.0	4.0	2.5	3.0	1.5	0.5	1.0	1.0	0.5	1.0	0.5	0.5	1.0	1.0	1.5	1.5	3.0	2.5	1.0	1.0	1.0	2.5	4.0	7.5	116.5
Sin-CPnd_035-Ex1-12D-lcwgs-1-2.1	0.0	0.0	0.5	1.0	0.5	0.0	0.0	0.5	0.5	0.5	3.5	5.0	4.5	8.5	16.5	24.5	34.5	50.5	82.5	135.0	196.0	274.5	410.5	609.5	849.0	1151.5	1432.0	1762.0	2263.5	2784.5	3337.0	4000.0	4691.0	5365.0	6204.5	7299.5	8385.5	9392.5	10220.5	10873.0	11518.5	12153.0	12630.0	12598.0	12175.0	11749.0	11389.0	10924.5	10191.5	9409.0	8639.5	7834.5	6892.0	5908.0	4974.0	4086.5	3330.5	2664.0	2170.0	1734.5	1369.5	1074.5	861.0	724.0	601.0	541.0	536.5	630.5	989.5	1883.5	2815.5	1975.5	609.0	429.0	564.0	897.5	1288.5	1402.0	1333.0	694.0	52.0	16.0	6.5	4.0	5.0	5.0	2.0	0.5	0.0	1.0	1.0	0.0	0.0	0.0	0.0	0.0	0.0	1.0	3.5	3.0	0.5
Sin-CPnd_035-Ex1-12D-lcwgs-1-2.2	0.0	0.0	0.0	0.5	0.5	0.0	0.0	0.5	1.5	1.5	2.0	3.0	6.0	12.5	17.0	21.0	37.0	53.0	73.5	130.5	199.0	269.0	397.5	598.0	822.5	1066.5	1388.5	1758.0	2123.0	2636.5	3285.0	3912.5	4549.5	5220.5	6106.0	7232.5	8291.0	9359.0	10304.0	11015.0	11749.5	12333.0	12488.0	12550.5	12358.5	11871.0	11486.5	10876.5	10068.0	9304.5	8489.5	7560.0	6606.0	5702.0	4882.5	4083.5	3306.5	2681.0	2197.0	1742.5	1393.0	1131.5	904.5	730.0	590.5	487.5	416.5	335.0	257.0	226.5	201.0	160.0	127.5	100.0	82.5	77.0	69.0	54.0	43.5	40.5	33.5	28.5	30.0	33.0	23.5	23.5	29.5	36.0	36.0	32.0	35.0	41.5	45.0	45.5	43.5	52.0	72.0	85.5	125.5	308.5	7286.5
Sin-CPnd_038-Ex1-11C-lcwgs-1-2.1	0.0	0.0	0.5	0.5	0.0	1.0	2.0	1.5	2.0	3.5	3.5	2.5	4.5	10.5	16.0	23.0	41.0	52.5	74.5	121.0	170.5	248.0	349.0	489.5	648.0	867.0	1140.5	1397.5	1736.0	2142.5	2613.0	3149.5	3710.0	4351.5	5119.5	6069.5	7025.0	7835.0	8612.5	9496.0	10374.5	11179.0	11685.5	11752.5	11538.5	11236.0	10921.5	10317.0	9531.5	8709.5	7897.0	7106.0	6276.5	5520.5	4789.5	3958.5	3243.5	2651.5	2100.0	1702.5	1371.0	1069.0	832.0	664.5	548.5	462.0	397.0	366.5	440.5	864.0	2055.5	1992.5	743.0	307.5	203.5	270.0	661.0	1018.0	1566.0	1114.0	95.0	25.0	18.0	14.5	8.0	3.5	1.5	0.5	0.5	0.5	0.0	0.0	0.0	0.0	0.0	0.5	1.0	0.5	4.5	5.5	1.5
Sin-CPnd_038-Ex1-11C-lcwgs-1-2.2	0.0	0.0	0.5	0.5	0.5	1.0	1.0	0.5	2.0	2.5	2.5	5.5	11.5	13.0	11.5	18.0	38.0	62.0	85.5	119.5	165.5	252.0	340.0	443.0	621.0	856.5	1117.5	1410.0	1736.0	2117.5	2582.5	3054.5	3693.5	4350.5	5104.0	6122.5	7073.5	7975.0	8917.0	9884.5	10755.5	11555.0	12185.5	12480.0	12433.0	12092.0	11708.0	10997.0	9858.5	8747.5	7769.0	6696.5	5593.5	4652.0	3859.5	3127.5	2506.0	1997.0	1572.0	1277.0	996.5	821.5	699.5	551.5	442.0	371.5	319.0	274.5	240.5	197.5	163.5	145.5	118.5	94.0	81.5	64.5	49.5	41.5	32.0	31.5	29.5	21.0	24.5	27.5	25.0	26.0	27.0	35.0	37.5	31.5	30.0	37.0	35.5	34.0	38.0	40.0	53.0	81.0	109.5	262.0	5278.0
Sin-CPnd_039-Ex1-10F-lcwgs-1-2.1	0.0	0.0	0.0	0.0	0.0	0.0	1.5	2.0	1.0	1.5	3.0	5.5	11.0	14.5	15.0	25.0	44.5	75.5	108.5	153.0	228.0	317.0	454.0	636.0	854.5	1139.5	1460.0	1802.0	2158.0	2671.5	3257.0	3790.5	4404.5	5211.0	6085.0	7117.5	8262.5	9173.5	9970.0	10840.0	11692.5	12432.0	13014.0	13201.5	13185.5	13163.0	12935.0	12454.5	11847.0	11151.0	10413.5	9411.5	8190.5	7046.0	6008.5	4954.5	3983.5	3331.5	2702.5	2129.5	1710.0	1348.0	1073.5	857.5	701.5	576.5	515.5	607.5	956.5	1749.0	2718.0	2069.0	705.5	424.0	533.0	858.0	1269.5	1461.0	1435.5	741.0	45.0	23.0	14.5	5.5	3.5	2.5	2.5	2.5	1.5	0.5	0.0	0.0	0.0	0.0	0.0	0.0	0.0	1.0	4.0	4.0	2.0
Sin-CPnd_039-Ex1-10F-lcwgs-1-2.2	0.0	0.0	0.0	0.0	0.0	0.5	1.0	0.5	1.0	2.5	3.0	5.5	7.5	13.0	22.0	36.0	53.0	70.0	106.5	148.5	205.0	315.0	458.0	647.5	847.5	1071.5	1422.0	1783.5	2135.5	2675.5	3250.5	3741.0	4353.5	5113.0	5994.5	7102.0	8135.5	9044.0	9879.0	10787.0	11794.5	12477.5	13040.5	13326.0	13416.5	13456.0	13096.5	12417.0	11751.0	10891.5	10022.0	9190.5	8102.5	6945.5	5853.0	4922.5	4083.5	3296.0	2572.0	2066.5	1691.5	1340.5	1056.0	846.0	685.5	541.5	432.5	356.0	279.5	228.5	181.0	154.0	143.0	120.5	109.5	98.5	72.5	50.0	50.5	47.0	34.5	31.5	28.5	26.5	30.5	38.0	38.0	28.5	31.0	41.0	40.5	44.0	47.0	37.5	34.5	51.5	74.5	95.0	145.0	330.5	7169.5
Sin-CPnd_040-Ex1-11E-lcwgs-1-2.1	0.0	0.0	0.0	0.0	0.0	0.0	0.0	0.5	0.5	0.0	1.5	3.5	5.5	7.0	15.5	29.0	42.0	51.0	77.0	130.0	178.0	250.5	356.5	483.0	651.0	866.5	1142.5	1397.0	1704.0	2096.0	2513.0	2985.0	3471.5	4069.0	4813.5	5632.0	6529.5	7326.5	8038.0	8868.0	9699.0	10217.5	10605.0	10706.5	10248.0	9861.0	9621.0	9205.0	8525.0	7749.5	7105.5	6426.0	5731.0	5073.0	4411.0	3804.5	3183.5	2619.5	2135.0	1743.5	1406.0	1096.0	894.0	734.0	586.0	481.0	397.0	341.0	378.5	664.5	1460.0	1399.0	551.0	253.0	175.0	217.0	453.5	728.0	1196.5	850.0	78.0	26.0	21.5	15.5	5.0	0.5	0.5	0.0	0.0	0.5	0.5	0.0	0.0	0.0	0.0	0.5	0.5	1.0	4.0	5.0	2.5
Sin-CPnd_040-Ex1-11E-lcwgs-1-2.2	0.0	0.0	0.0	0.0	0.0	0.5	1.5	2.5	3.0	1.5	1.0	3.0	4.5	10.0	19.0	27.0	40.5	58.0	75.0	114.0	183.5	269.5	357.5	477.5	666.0	882.5	1110.0	1361.5	1642.5	2037.5	2444.0	2882.0	3402.5	3953.0	4748.5	5680.5	6634.0	7503.5	8317.5	9227.0	9941.0	10580.5	11059.0	11211.5	11106.5	10775.0	10283.5	9565.0	8652.5	7698.0	6845.0	6128.5	5371.5	4521.5	3790.5	3149.0	2585.0	2114.5	1683.0	1329.0	1093.0	884.0	687.5	556.0	473.0	378.0	306.5	281.0	240.0	197.5	174.5	152.0	115.0	85.5	75.0	69.0	63.0	45.0	34.5	39.0	37.5	27.0	26.0	25.5	17.5	23.5	24.5	20.0	27.0	23.5	21.5	25.0	25.5	29.0	33.0	39.0	50.0	68.5	100.0	242.5	3821.0
Sin-CPnd_042-Ex1-10D-lcwgs-1-2.1	0.0	0.0	0.0	0.0	0.5	0.5	0.0	0.5	1.0	2.5	3.5	2.5	3.0	6.0	10.0	16.0	22.5	34.0	46.5	64.0	103.0	144.5	191.0	272.5	361.5	476.5	643.5	800.0	992.0	1255.0	1510.5	1768.5	2133.5	2571.5	3086.5	3705.0	4315.0	4864.5	5376.5	5972.0	6514.0	6933.5	7212.5	7248.5	7211.0	7057.5	6823.5	6706.0	6435.5	6007.5	5605.0	5070.0	4562.0	3980.5	3312.5	2872.0	2396.5	1852.0	1478.5	1163.0	905.0	738.5	567.5	443.0	400.5	385.0	383.0	457.5	767.5	1505.5	2367.0	1798.0	628.0	378.0	477.5	805.0	1139.5	1268.0	1231.5	617.5	31.0	8.5	4.0	2.5	2.5	2.5	0.5	0.5	0.5	0.5	1.0	0.5	0.0	0.0	0.0	1.0	1.0	0.0	1.5	2.0	1.0
Sin-CPnd_042-Ex1-10D-lcwgs-1-2.2	0.0	0.0	0.0	0.0	0.0	0.0	0.0	0.0	0.5	2.5	3.5	3.0	7.0	11.0	10.0	14.5	22.5	34.0	46.5	64.0	100.5	133.5	201.0	292.5	365.5	464.5	617.0	804.5	977.5	1171.5	1432.0	1748.0	2047.0	2456.5	2985.5	3612.5	4285.5	4751.0	5300.5	5990.5	6553.0	7008.0	7374.0	7440.5	7392.0	7202.0	6924.5	6719.0	6306.5	5855.0	5375.5	4890.5	4433.5	3888.5	3277.5	2803.5	2354.0	1833.5	1456.0	1166.0	938.5	746.5	585.0	472.5	378.0	324.5	268.0	225.0	190.5	151.0	131.0	110.5	90.5	75.0	57.5	41.0	38.0	38.5	31.5	23.5	24.0	22.5	17.0	14.0	20.0	23.5	22.5	30.0	31.0	24.5	25.0	26.5	29.5	35.0	38.0	40.5	55.0	81.0	112.5	286.5	6329.5
Sin-CPnd_043-Ex1-1C-lcwgs-1-2.1	0.0	0.0	0.0	0.5	0.5	0.0	0.0	0.5	0.5	0.5	1.0	1.0	1.0	1.0	3.5	6.0	7.5	18.0	28.5	38.0	66.5	99.5	125.5	172.0	243.0	344.5	455.0	551.0	697.5	859.5	991.5	1219.5	1407.0	1578.5	1784.5	1994.0	2242.5	2447.0	2620.5	2783.5	2911.5	2953.5	2956.5	2935.0	2858.5	2795.5	2690.5	2562.0	2432.0	2309.5	2191.5	2007.5	1791.5	1577.0	1382.5	1187.0	1019.5	869.0	709.0	540.5	431.5	341.0	275.0	230.5	173.5	132.5	106.5	92.0	84.0	150.0	356.0	318.5	100.5	49.5	39.5	56.0	108.0	157.0	250.0	181.0	20.5	7.0	6.5	6.0	3.0	2.0	1.0	0.5	0.0	0.0	0.0	0.0	0.0	0.0	0.0	0.5	0.5	0.0	1.0	1.0	0.0
Sin-CPnd_043-Ex1-1C-lcwgs-1-2.2	0.0	0.0	0.0	0.0	0.0	0.0	0.0	0.0	0.5	0.5	0.5	1.5	3.0	2.0	2.0	4.0	8.5	13.5	22.5	35.0	55.5	89.0	128.0	184.0	243.5	324.5	438.5	536.0	677.0	835.0	1004.5	1174.5	1339.0	1560.5	1783.5	2000.0	2227.0	2411.0	2604.5	2769.0	2853.0	2898.0	2925.5	2949.0	2877.5	2823.5	2740.5	2646.5	2567.0	2414.0	2251.0	2043.5	1793.5	1589.0	1358.0	1141.5	992.0	817.5	653.0	496.5	393.0	325.5	249.5	204.0	169.0	133.5	108.0	80.5	69.0	60.0	42.0	39.5	34.5	24.0	24.5	21.0	14.0	9.5	9.5	11.0	12.0	11.5	10.0	9.0	9.5	9.0	5.0	5.0	7.0	3.5	3.0	5.0	7.5	8.0	9.5	10.0	4.0	8.0	20.0	40.0	826.5
Sin-CPnd_044-Ex1-2C-lcwgs-1-2.1	0.0	0.0	0.0	0.0	0.0	0.0	0.0	0.0	0.0	0.0	0.0	0.0	0.0	0.0	0.0	0.0	0.5	1.5	1.0	0.5	2.0	2.5	2.0	4.5	8.0	10.5	9.5	12.5	21.5	23.0	30.0	39.0	42.0	45.5	62.0	77.5	81.5	82.5	100.5	134.0	159.0	174.5	195.0	222.0	235.0	250.5	256.5	273.0	287.0	271.0	261.0	245.0	238.0	212.0	178.5	175.0	153.0	115.0	82.0	60.0	42.5	34.0	29.0	21.5	18.0	13.0	7.5	10.0	12.0	16.5	39.0	35.5	11.5	5.0	5.0	7.0	11.0	15.5	24.5	16.0	0.0	0.5	0.5	0.0	0.0	0.0	0.0	0.0	0.0	0.0	0.0	0.0	0.0	0.0	0.0	0.0	0.0	0.0	0.0	0.0	0.0
Sin-CPnd_044-Ex1-2C-lcwgs-1-2.2	0.0	0.0	0.0	0.0	0.0	0.0	0.0	0.0	0.0	0.0	0.0	0.0	0.5	0.5	0.0	0.0	0.0	0.0	0.0	0.5	1.5	2.5	3.0	3.5	5.0	8.5	9.5	12.0	16.0	18.5	32.5	40.0	41.5	48.0	61.5	75.0	83.0	94.5	117.0	138.0	151.0	175.0	206.5	226.5	251.5	266.5	267.0	278.0	275.5	285.5	277.0	252.5	243.5	206.5	154.5	147.0	136.0	95.5	65.0	51.5	41.0	32.0	26.0	19.5	17.5	11.5	9.5	6.5	4.5	1.5	0.5	2.0	2.0	0.5	0.5	2.0	2.0	1.0	0.5	0.5	0.5	0.5	0.5	0.5	0.5	0.0	0.0	0.0	2.0	2.0	0.5	0.5	0.5	1.0	0.5	0.0	0.0	0.5	2.0	6.0	96.5
Sin-CPnd_045-Ex1-11H-lcwgs-1-2.1	0.0	0.0	0.5	3.0	5.5	6.5	11.0	20.0	41.0	62.5	104.5	170.0	275.0	424.0	639.0	925.0	1334.0	1989.0	2951.5	4312.5	6283.5	8788.5	12008.5	16336.5	21444.5	27474.5	34979.5	43648.5	52674.0	62590.5	73334.5	84568.0	95752.5	106822.5	118681.5	130820.5	142354.0	151834.5	160147.0	167441.5	171339.0	172994.5	173097.0	170301.0	165630.5	160207.0	153581.0	145512.5	136248.5	125966.0	115535.5	104291.5	92025.5	80298.0	69292.0	58634.0	48633.5	39825.5	31925.5	25324.5	20112.5	15766.5	12316.0	9568.5	7457.5	5776.5	4373.5	3336.0	2998.5	4077.5	7664.5	7101.0	2945.0	1619.0	1213.0	1326.5	2464.5	3571.0	5523.0	3930.5	450.5	336.0	316.5	284.5	138.5	21.0	6.5	3.0	1.5	1.5	1.0	2.5	3.5	2.0	1.0	2.0	3.5	7.5	22.0	23.5	8.0
Sin-CPnd_045-Ex1-11H-lcwgs-1-2.2	1.0	2.5	3.0	5.0	9.0	13.0	21.0	28.0	43.5	72.5	110.0	161.5	254.0	408.5	624.5	940.0	1348.0	1952.5	2938.5	4216.5	6143.5	8683.5	11912.5	15797.0	20755.0	27019.5	34349.5	42725.0	51612.0	61288.0	71711.5	82599.5	93543.0	104807.5	116841.0	129484.0	141544.5	151399.5	159798.5	167392.0	172459.0	174512.0	174957.0	172911.0	169077.0	164131.5	156744.0	147893.0	138458.0	127788.0	116228.5	103859.0	90914.0	78535.0	66486.0	55263.0	45208.5	36562.0	29384.5	23234.0	18218.0	14444.5	11465.0	9013.5	7144.5	5594.0	4259.5	3246.5	2553.0	2059.5	1665.0	1409.0	1199.0	1001.5	864.5	709.0	575.0	513.0	493.0	457.0	409.0	352.5	294.0	273.5	270.0	264.5	270.5	287.0	302.0	312.0	309.5	319.5	338.5	337.0	345.0	391.0	495.5	603.0	802.0	1669.5	22598.0
Sin-CPnd_049-Ex1-4C-lcwgs-1-2.1	0.0	0.0	0.0	0.0	0.0	0.0	0.0	0.0	0.0	0.0	0.0	0.0	0.0	0.0	0.0	0.0	0.5	0.5	1.0	3.0	3.0	4.0	6.5	9.0	14.0	22.0	22.0	26.0	44.5	54.0	55.5	67.0	81.0	92.5	112.0	129.0	152.5	173.5	194.5	225.5	257.5	283.5	312.0	338.0	350.5	366.0	395.5	409.5	396.0	412.0	394.0	352.0	332.5	306.0	250.5	188.0	163.5	142.0	108.5	85.0	64.5	43.0	30.0	25.5	24.5	16.0	13.5	13.5	17.0	36.5	66.5	56.5	22.0	10.5	9.0	14.5	28.5	36.0	45.0	28.5	1.5	1.0	0.5	0.5	0.0	0.0	0.0	0.0	0.0	0.0	0.0	0.0	0.0	0.0	0.0	0.0	0.0	0.0	0.0	0.0	0.0
Sin-CPnd_049-Ex1-4C-lcwgs-1-2.2	0.0	0.0	0.0	0.0	0.0	0.0	0.0	0.0	0.0	0.0	0.0	0.0	0.0	0.0	0.0	0.5	1.0	0.5	0.5	2.5	3.5	5.5	7.0	8.5	16.0	22.5	26.0	29.5	36.5	49.5	58.0	66.0	74.5	90.5	104.0	126.0	162.5	181.5	192.5	217.5	245.5	290.0	317.5	336.5	369.5	380.5	402.5	422.0	407.5	402.0	398.5	360.0	329.5	295.0	241.0	189.0	154.5	128.0	93.5	66.5	54.5	42.5	38.0	30.0	17.5	15.0	11.0	9.0	7.0	6.5	8.0	6.5	4.0	4.0	4.0	3.0	1.0	0.5	0.5	0.5	0.5	0.0	0.5	0.5	0.0	0.0	1.5	2.0	1.0	0.5	1.0	1.0	0.0	0.5	1.5	1.5	2.5	3.5	3.0	8.0	171.5
Sin-CPnd_050-Ex1-9B-lcwgs-1-2.1	0.0	0.0	0.5	0.5	0.5	1.0	0.5	0.5	0.5	0.0	1.5	4.5	5.0	2.0	7.5	13.5	15.5	27.5	36.0	45.5	93.0	148.5	187.0	268.5	379.5	513.5	656.0	810.5	1031.0	1285.5	1686.0	2103.0	2495.0	3067.0	3713.5	4549.0	5485.0	6288.0	7096.0	7997.5	8861.0	9487.0	9830.0	9831.0	9685.0	9455.5	9250.5	9000.0	8683.0	8349.5	7804.5	7293.5	6728.0	6018.5	5174.5	4416.0	3723.0	3055.5	2528.0	2005.5	1590.5	1265.0	1020.0	822.0	658.5	553.5	527.5	640.5	1077.0	2695.5	6632.0	5628.5	1311.5	586.0	621.0	1113.0	2185.5	3061.5	4177.5	2691.5	159.0	32.5	17.0	7.5	2.5	3.0	1.5	1.0	1.0	0.5	0.5	1.0	1.0	0.0	0.0	0.0	1.0	2.0	5.5	4.5	0.0
Sin-CPnd_050-Ex1-9B-lcwgs-1-2.2	0.0	0.0	0.0	0.5	0.5	0.0	0.0	0.5	1.0	2.5	3.0	3.0	3.5	4.5	6.0	7.5	17.5	33.5	44.0	60.0	84.5	111.0	173.0	261.0	370.0	514.0	616.5	779.5	1030.5	1296.0	1655.5	2018.0	2452.0	3006.5	3686.0	4552.5	5502.5	6419.5	7250.0	8148.0	9044.0	9571.0	10000.0	10266.0	10239.0	10098.5	9759.5	9315.5	8795.0	8273.5	7706.0	6979.5	6306.5	5603.0	4737.0	4003.0	3336.5	2702.0	2176.5	1748.0	1396.0	1074.0	847.5	712.0	553.0	436.5	378.0	316.5	283.5	243.0	191.5	167.0	151.5	119.0	89.5	79.5	67.5	53.5	42.5	37.5	31.5	29.0	36.0	34.5	32.5	33.0	37.0	45.0	46.0	45.5	52.5	59.5	72.0	77.5	73.5	87.0	114.0	172.0	294.5	702.0	15361.0
Sin-CPnd_051-Ex1-12G-lcwgs-1-2.1	0.0	0.0	0.0	0.0	0.0	0.5	0.5	0.0	1.0	1.5	2.5	3.0	4.5	11.5	18.5	19.0	25.5	43.0	63.0	99.0	146.0	230.5	334.5	482.5	660.0	879.5	1148.0	1401.5	1722.0	2097.0	2502.5	3000.0	3578.5	4297.5	5136.5	6044.5	7054.5	8015.0	8963.0	9948.5	10790.5	11619.0	12190.0	12189.0	11823.5	11392.0	11133.5	10739.5	9984.0	9216.0	8431.0	7603.5	6728.5	5764.0	4804.5	3927.0	3179.0	2505.0	1978.0	1594.0	1307.0	1029.0	775.5	626.5	561.0	531.5	620.5	928.0	1716.5	3353.0	4841.5	3270.5	970.5	742.0	1069.5	1647.0	2183.0	2381.0	2242.5	1104.5	53.5	12.5	6.5	4.0	2.0	1.5	1.0	0.5	1.5	1.0	0.0	0.5	0.5	1.0	1.0	0.0	2.0	3.5	7.5	9.0	4.0
Sin-CPnd_051-Ex1-12G-lcwgs-1-2.2	0.0	0.0	0.5	1.0	0.5	0.0	1.0	1.5	1.5	2.5	4.0	7.0	7.5	8.5	15.0	20.0	29.0	48.0	70.5	97.0	153.5	238.5	342.5	457.5	625.5	851.0	1089.5	1328.5	1617.5	2024.0	2516.0	2981.0	3527.5	4238.5	5035.0	6032.5	7044.5	8142.5	9222.5	10092.5	11145.0	11933.5	12288.5	12429.0	12088.0	11638.5	11289.5	10558.0	9609.0	8722.0	7852.0	7063.0	6324.0	5508.5	4674.5	3874.5	3087.5	2465.0	1985.0	1581.5	1245.5	980.5	773.5	624.5	507.0	422.5	356.0	285.0	246.5	218.5	180.0	150.0	140.0	124.5	97.0	78.0	75.0	66.0	47.0	31.5	28.0	27.0	24.5	31.5	39.0	45.5	46.5	40.5	46.5	57.5	63.0	61.0	62.0	62.0	71.0	89.0	111.0	144.0	214.0	538.0	12751.0
Sin-CPnd_053-Ex1-9G-lcwgs-1-2.1	1.0	0.5	0.0	0.0	0.0	0.5	1.0	0.5	0.5	1.5	3.5	4.0	3.0	4.0	8.0	14.5	22.0	37.5	56.0	95.0	145.0	189.5	300.5	429.0	570.0	744.5	966.0	1243.5	1506.0	1824.5	2290.5	2761.5	3291.0	4050.0	4903.5	5846.0	6888.0	7950.0	8946.5	9819.5	10697.5	11630.0	12317.0	12421.5	12070.0	11706.0	11473.5	11215.0	10734.0	10069.5	9465.0	8841.5	8059.0	7207.5	6328.5	5471.5	4536.5	3688.5	3040.5	2430.5	1909.0	1491.5	1197.0	971.0	776.0	635.5	589.5	672.0	1098.5	2638.0	6357.0	5320.5	1177.0	541.5	605.5	1075.0	2147.5	2956.5	3979.5	2574.5	132.0	28.0	14.0	8.0	6.0	2.5	1.0	1.5	1.5	0.5	0.0	0.5	0.5	0.0	0.5	1.0	1.5	3.0	10.5	11.5	3.0
Sin-CPnd_053-Ex1-9G-lcwgs-1-2.2	0.0	0.0	0.0	0.0	0.0	0.0	0.0	0.0	2.0	4.0	3.5	3.5	6.0	8.0	10.0	15.5	23.5	33.0	52.5	89.0	150.0	209.5	294.0	419.5	556.0	721.5	911.0	1168.0	1458.5	1790.0	2230.0	2731.0	3264.0	3940.0	4871.0	5906.5	6993.0	8117.0	9180.5	10115.0	11152.0	12102.0	12769.0	12981.0	12787.5	12610.0	12213.0	11519.5	10779.0	10051.0	9220.0	8322.5	7466.0	6591.5	5628.0	4748.0	3922.5	3157.5	2569.0	2066.5	1610.5	1247.0	1028.0	844.5	640.5	512.5	418.5	348.5	286.0	236.0	208.0	168.0	131.0	114.0	102.5	80.0	64.0	57.5	54.5	44.5	38.5	35.5	38.0	36.0	34.0	43.0	44.5	47.5	54.0	59.0	72.5	86.5	94.0	88.0	84.0	111.5	132.0	175.5	263.5	636.0	14720.0
Sin-CPnd_058-Ex1-9D-lcwgs-1-2.1	0.0	0.5	0.5	0.5	0.5	0.0	0.5	0.5	0.0	0.5	3.0	4.0	4.5	7.0	9.0	15.5	21.0	32.0	50.0	76.0	111.5	158.5	217.0	285.5	416.0	596.0	760.0	893.5	1108.0	1414.0	1762.0	2090.5	2443.5	2988.5	3589.5	4240.5	5075.5	5888.0	6528.5	7251.5	7973.5	8593.5	8978.0	8986.5	8742.0	8519.5	8504.5	8323.0	7846.5	7386.5	7063.0	6623.5	6076.5	5460.0	4737.0	3991.5	3391.5	2859.5	2340.0	1889.0	1439.5	1108.5	878.0	709.0	591.0	496.5	440.5	455.0	618.5	1368.0	3401.5	2925.5	710.5	340.5	350.0	570.0	1160.5	1611.0	2168.0	1418.0	80.5	19.0	10.5	8.0	2.5	0.5	1.0	1.0	0.5	0.0	0.0	0.0	0.0	0.0	0.0	0.5	0.5	1.0	1.5	0.5	1.5
Sin-CPnd_058-Ex1-9D-lcwgs-1-2.2	0.0	1.0	1.5	0.5	1.0	2.0	2.0	1.5	0.5	0.5	1.0	2.5	4.0	3.5	10.5	17.5	23.0	34.0	50.5	69.0	102.0	155.5	210.0	284.5	401.5	555.0	715.5	877.5	1076.5	1353.0	1672.0	1988.5	2332.5	2849.0	3531.0	4296.0	5176.0	5846.5	6567.5	7530.5	8216.0	8748.0	9159.5	9369.5	9309.5	9115.0	8935.5	8527.5	7956.5	7420.0	6917.5	6321.0	5678.5	5002.0	4363.5	3707.5	3020.0	2493.5	2053.0	1633.5	1271.5	1017.5	806.0	638.0	521.0	436.0	363.5	291.5	242.0	192.0	177.0	153.0	112.5	90.0	74.0	55.5	54.5	56.0	41.0	35.0	30.5	25.5	25.0	30.0	36.0	31.5	29.5	27.5	27.5	36.5	39.0	35.5	49.0	52.0	52.0	64.5	75.5	98.5	152.0	349.0	7942.5
Sin-CPnd_061-Ex1-9A-lcwgs-1-2.1	0.0	0.0	0.0	1.0	1.0	0.0	0.0	1.5	2.5	2.5	2.5	1.0	1.5	4.5	10.5	17.5	23.5	32.0	55.0	90.0	132.0	188.5	275.5	360.0	482.0	634.5	800.5	1029.0	1272.0	1600.0	2001.0	2405.0	2907.5	3502.0	4345.5	5305.5	6293.5	7243.0	7977.5	8767.5	9561.0	10116.5	10506.5	10436.0	9964.5	9609.0	9200.0	8802.0	8409.5	7804.5	7260.5	6740.0	6119.0	5532.0	4905.5	4206.5	3537.0	2951.0	2421.0	1975.5	1609.0	1285.5	1015.0	778.5	601.5	536.0	477.5	447.0	650.5	1411.5	3250.0	2724.5	641.5	309.0	346.5	561.5	1103.0	1518.0	1959.0	1249.5	76.5	29.0	13.5	6.0	5.0	3.5	1.5	1.0	0.5	0.0	0.0	0.0	0.0	0.0	0.0	0.5	0.5	1.0	2.0	3.0	2.0
Sin-CPnd_061-Ex1-9A-lcwgs-1-2.2	0.0	0.0	0.5	0.5	0.5	1.0	0.5	0.5	1.5	2.0	1.5	2.0	4.0	3.5	6.0	16.5	29.0	42.5	58.0	81.5	124.5	174.0	253.5	356.0	479.0	602.5	772.5	1027.0	1268.5	1562.5	1941.5	2363.0	2860.5	3456.5	4276.5	5280.5	6358.5	7399.0	8249.5	9060.5	9901.5	10559.5	10926.0	10972.0	10711.0	10172.0	9554.0	9020.5	8449.5	7749.5	7013.5	6366.5	5653.0	5011.0	4351.5	3647.0	3088.0	2530.0	2046.0	1652.0	1329.5	1141.5	926.5	697.0	549.0	453.0	386.0	303.5	255.0	208.0	165.0	137.5	113.0	94.0	67.5	60.5	58.5	43.5	35.0	30.5	29.0	24.0	22.5	28.0	33.5	32.5	34.0	41.0	40.5	45.0	52.0	50.5	52.5	52.0	50.0	59.5	71.0	103.5	141.0	314.0	7432.0
Sin-CPnd_062-Ex1-11D-lcwgs-1-2.1	0.0	0.0	0.0	0.0	0.5	0.5	1.5	2.0	1.0	1.5	3.0	4.5	6.0	10.0	16.5	25.5	38.5	58.5	88.0	131.5	198.0	313.5	422.0	546.0	748.5	996.0	1280.5	1522.0	1833.5	2217.0	2757.0	3357.5	3885.5	4581.0	5379.0	6354.5	7436.5	8372.5	9165.0	9906.0	10551.5	11077.0	11249.5	11071.0	10732.5	10258.5	9758.5	9263.5	8751.0	8122.5	7484.0	6867.5	6126.5	5391.5	4731.5	4035.0	3415.5	2819.0	2243.0	1784.5	1445.0	1187.0	936.5	755.5	630.5	510.0	406.5	338.0	402.5	783.5	1845.0	1827.5	728.5	305.0	208.0	280.5	621.5	971.5	1506.5	1054.5	87.0	26.0	16.5	14.5	8.0	3.0	1.0	1.0	1.0	0.5	0.0	0.0	0.0	0.5	1.5	1.5	0.5	2.5	3.5	1.5	0.5
Sin-CPnd_062-Ex1-11D-lcwgs-1-2.2	0.0	0.0	0.0	0.0	0.5	0.5	0.5	0.5	1.5	4.0	5.5	6.5	7.5	14.0	21.0	25.5	34.0	50.0	76.5	138.5	220.0	298.5	408.5	550.5	737.5	959.5	1204.5	1475.0	1811.0	2190.5	2699.0	3239.5	3763.0	4468.0	5287.5	6286.5	7383.5	8294.0	9142.5	9977.0	10624.5	11204.5	11576.0	11479.5	11123.0	10803.0	10356.0	9665.5	8970.0	8234.5	7460.5	6687.5	5908.0	5168.5	4408.0	3672.5	3032.5	2432.0	1894.5	1495.0	1222.0	996.0	776.0	624.0	517.0	446.5	386.0	301.5	243.5	207.0	177.0	154.5	124.5	111.5	100.0	68.5	46.0	38.5	43.0	36.5	27.5	28.0	22.0	19.5	22.0	24.5	32.0	29.0	26.0	30.5	35.0	37.0	38.5	39.0	37.0	41.0	54.0	76.0	114.5	260.0	4953.5
Sin-CPnd_063-Ex1-9F-lcwgs-1-2.1	0.0	0.0	0.5	0.5	0.0	0.0	0.5	0.5	0.5	1.5	1.5	1.5	2.5	5.0	7.0	11.5	23.0	36.0	51.0	71.5	114.0	169.5	221.5	308.5	417.5	525.0	673.0	834.0	1055.5	1329.0	1620.0	1944.5	2346.5	2842.0	3424.0	4124.0	4903.5	5671.0	6348.5	7130.5	8014.0	8848.0	9441.5	9696.0	9778.0	9759.5	9825.5	9767.0	9346.5	8820.0	8279.0	7713.0	7090.5	6227.0	5299.5	4529.0	3747.0	2987.0	2412.0	1923.5	1522.5	1171.0	894.5	733.5	591.0	496.5	420.5	438.5	644.5	1431.5	3533.5	2996.5	682.0	341.5	357.5	574.5	1202.0	1652.5	2213.0	1458.0	77.0	16.5	9.5	10.5	7.0	2.5	1.5	1.0	1.0	0.5	0.5	0.5	0.5	0.5	0.0	0.5	1.5	2.0	4.0	5.0	2.5
Sin-CPnd_063-Ex1-9F-lcwgs-1-2.2	0.0	0.0	0.0	0.0	0.0	0.5	1.0	0.5	0.5	1.5	2.0	5.0	5.5	6.5	7.5	10.5	22.0	33.5	52.0	81.5	112.0	166.5	220.5	287.0	390.0	522.0	682.0	843.5	1020.0	1246.0	1579.0	1942.0	2349.0	2879.0	3458.5	4125.0	4917.0	5710.5	6451.5	7342.5	8289.0	9120.5	9784.5	10168.5	10419.5	10509.5	10406.5	10021.0	9442.0	8809.5	8123.0	7399.5	6587.5	5742.0	4843.0	4010.5	3279.0	2588.0	2024.0	1594.5	1233.0	963.0	760.0	609.5	520.0	416.5	332.5	277.0	222.0	187.5	151.0	116.0	106.0	102.5	79.5	57.0	50.5	46.0	36.5	28.5	25.0	26.0	25.5	22.0	23.0	23.0	22.5	28.5	28.5	37.0	42.5	44.0	52.5	50.5	42.5	54.5	76.0	104.0	153.5	373.5	8159.5
Sin-CPnd_065-Ex1-11B-lcwgs-1-2.1	0.0	0.0	0.0	0.0	0.0	0.0	0.0	0.5	1.0	1.5	3.0	4.0	7.5	9.0	10.0	22.5	42.0	55.5	65.5	101.5	176.0	254.0	347.0	452.5	610.0	840.0	1098.0	1348.5	1677.0	2111.5	2566.5	3123.0	3722.5	4415.0	5351.0	6395.0	7463.0	8400.5	9243.0	10281.5	11184.5	11686.0	11874.0	11762.5	11450.5	11087.0	10636.5	10074.0	9431.5	8657.5	7874.0	7330.0	6704.5	5839.0	5072.5	4376.5	3674.5	3016.5	2455.0	1996.5	1620.5	1287.5	1033.0	825.0	667.5	556.0	484.0	508.5	758.5	1877.0	4824.5	4779.5	1807.0	710.0	453.5	583.0	1511.0	2467.5	3956.5	2865.0	272.5	41.5	23.0	14.0	6.5	2.5	0.0	0.0	0.0	0.0	0.0	0.0	0.0	0.0	0.5	0.5	1.5	2.5	6.0	6.0	1.5
Sin-CPnd_065-Ex1-11B-lcwgs-1-2.2	0.0	0.0	0.0	0.0	0.0	1.0	1.5	1.5	2.0	2.0	3.0	6.0	6.5	10.0	13.5	21.0	36.0	53.5	76.5	103.0	151.5	227.0	321.5	440.0	613.0	809.5	1026.0	1318.5	1686.5	2072.0	2528.5	3048.5	3589.0	4343.5	5300.5	6325.0	7447.0	8457.0	9505.5	10578.0	11331.5	11845.0	12074.0	12198.5	12102.0	11614.0	11178.0	10534.0	9653.0	8902.0	8097.5	7286.5	6421.0	5480.5	4602.5	3795.5	3075.5	2492.0	2011.5	1617.0	1273.5	971.0	779.0	650.5	525.0	435.5	371.5	315.0	285.0	246.0	204.5	168.5	141.0	101.5	81.5	77.5	62.0	52.0	36.0	25.5	28.0	31.0	28.0	31.5	36.5	40.0	42.5	42.0	38.5	43.0	59.0	60.0	68.0	78.0	71.0	88.0	114.5	139.0	238.5	650.5	12830.0
Sin-CPnd_067-Ex1-9C-lcwgs-1-2.1	0.0	0.0	0.0	0.0	0.0	0.0	0.5	1.0	1.0	1.5	1.0	2.0	4.0	7.5	12.5	14.0	14.5	28.0	42.0	53.5	98.5	135.0	181.5	260.5	363.5	465.5	580.5	780.5	1009.0	1269.5	1599.5	1949.0	2319.0	2770.0	3371.0	4071.0	4898.0	5624.5	6276.0	7064.0	7847.5	8610.0	9318.0	9460.0	9313.0	9375.0	9311.5	9108.5	8547.5	7916.5	7310.5	6674.5	6106.0	5330.5	4490.0	3771.5	3158.5	2549.5	1974.0	1598.5	1304.5	1056.0	851.0	651.0	537.5	454.5	418.5	435.0	609.0	1400.0	3478.0	2978.0	697.5	330.0	354.0	583.5	1142.5	1552.0	2101.0	1390.0	88.5	17.0	11.0	6.5	4.5	1.0	0.5	1.0	0.5	0.0	0.5	1.0	0.5	0.0	0.0	0.5	1.0	1.0	2.5	2.0	0.5
Sin-CPnd_067-Ex1-9C-lcwgs-1-2.2	0.0	0.0	0.0	0.5	1.0	0.5	0.0	0.0	0.0	0.0	1.5	2.5	2.5	4.5	9.5	17.0	17.5	23.0	42.0	67.5	101.0	136.0	178.5	245.5	340.5	472.0	597.0	748.0	986.5	1269.5	1577.5	1935.0	2332.0	2756.0	3385.0	4152.5	5015.0	5812.0	6563.5	7501.0	8392.5	9173.0	9805.0	10160.5	10325.0	10332.5	10001.0	9444.5	8627.0	7734.5	6890.5	6101.5	5389.0	4529.5	3695.0	2962.0	2399.0	1976.0	1595.0	1313.5	1057.5	813.5	652.5	554.0	459.0	341.0	285.5	258.0	208.5	174.5	147.5	123.0	102.0	91.0	78.5	61.5	44.5	40.0	34.0	28.0	33.0	28.5	24.0	29.0	25.5	16.5	19.5	25.5	32.0	32.0	33.5	43.5	42.5	44.0	54.5	63.5	79.0	103.0	143.5	361.5	7926.0
Sin-CPnd_074-Ex1-12A-lcwgs-1-2.1	0.0	0.5	1.0	0.5	0.0	0.0	0.0	0.0	0.0	0.0	0.5	0.5	3.0	7.0	15.0	18.5	21.5	32.0	51.0	86.5	133.5	178.5	259.5	361.5	486.0	633.5	781.5	1006.5	1306.5	1615.5	1968.0	2375.0	2779.0	3347.0	4132.5	4983.5	5937.0	6776.5	7536.5	8302.5	9015.0	9627.0	9947.0	9783.0	9233.0	8838.0	8484.5	8020.0	7416.0	6777.5	6161.5	5512.5	4874.0	4152.0	3481.0	2956.0	2434.5	1967.0	1598.0	1261.0	1031.0	860.5	693.5	545.0	445.0	394.0	403.5	533.5	926.5	1698.5	2530.5	1793.0	529.0	389.0	548.5	850.5	1148.0	1206.5	1139.0	597.0	45.5	13.0	6.0	4.0	4.5	4.5	1.5	0.0	0.0	0.0	0.5	0.5	0.0	0.0	0.0	0.5	0.5	2.0	7.0	6.5	1.5
Sin-CPnd_074-Ex1-12A-lcwgs-1-2.2	0.0	0.0	0.0	0.0	0.0	0.5	1.0	0.5	0.0	1.0	2.0	3.0	4.5	7.5	10.5	14.0	22.5	39.0	63.0	86.0	129.5	181.5	244.5	357.5	484.5	615.5	779.5	972.5	1219.0	1525.5	1898.0	2347.0	2777.5	3286.5	4051.5	4987.0	5984.0	6872.5	7793.0	8538.5	9162.0	9832.0	10064.0	9980.0	9625.0	9110.5	8488.0	7843.5	7251.5	6510.0	5741.5	5116.5	4553.0	3902.0	3307.5	2787.0	2290.5	1875.5	1530.0	1250.0	1036.5	835.0	664.0	542.0	426.0	334.5	290.0	243.5	187.0	161.5	144.0	112.5	86.0	72.0	64.5	61.0	51.0	43.0	33.5	27.0	28.5	25.0	23.0	23.0	24.0	26.0	27.0	34.5	36.5	42.0	56.0	54.5	53.5	58.5	55.0	52.0	55.5	82.0	135.5	312.5	6563.5
Sin-CPnd_075-Ex1-11G-lcwgs-1-2.1	0.0	0.0	0.0	0.0	0.0	0.0	1.0	1.0	1.0	1.5	2.0	2.5	6.5	9.5	16.5	28.5	47.5	78.5	113.5	155.5	210.5	316.0	467.5	638.0	850.0	1123.0	1434.5	1773.0	2169.0	2674.5	3293.0	3863.0	4546.5	5399.0	6350.0	7551.5	8901.5	10085.0	11035.0	12017.0	12943.5	13851.5	14412.0	14223.5	13671.0	12984.0	12448.0	12037.0	11178.0	10055.0	9247.0	8514.0	7585.0	6660.5	5752.0	4904.5	4118.5	3360.0	2733.0	2202.5	1755.5	1386.0	1113.0	864.5	650.5	528.0	443.0	468.0	685.5	1658.0	4259.0	4141.0	1544.0	635.0	388.5	560.0	1401.0	2273.0	3571.0	2465.5	165.5	32.5	20.0	16.5	7.5	1.0	1.0	0.5	0.5	0.0	0.5	0.5	0.0	0.0	0.0	0.5	1.5	3.5	12.0	13.0	3.5
Sin-CPnd_075-Ex1-11G-lcwgs-1-2.2	1.0	0.5	0.0	0.0	0.5	1.0	2.5	3.0	2.5	3.0	3.0	5.0	8.5	13.5	23.5	32.5	43.0	78.5	127.5	157.0	231.5	331.5	436.5	611.5	844.5	1107.5	1388.5	1736.0	2128.0	2524.0	3114.0	3804.5	4486.5	5289.5	6312.5	7593.5	8853.0	10130.0	11349.0	12387.5	13406.5	14193.5	14740.0	14795.0	14347.5	13878.5	13186.0	12339.0	11430.0	10243.5	9091.5	8149.5	7193.5	6183.0	5139.5	4250.5	3480.0	2764.5	2216.0	1744.0	1363.0	1051.5	838.0	672.0	540.0	448.0	368.5	306.0	247.0	199.5	160.0	141.0	113.5	90.0	77.0	65.0	53.0	40.0	34.5	37.5	37.5	30.0	25.5	27.5	35.0	41.0	42.5	48.0	52.0	45.5	49.5	63.5	69.0	71.0	71.0	76.0	97.5	141.0	216.5	503.0	11480.0
Sin-CPnd_076-Ex1-10E-lcwgs-1-2.1	0.0	0.0	0.5	0.5	0.0	0.0	0.0	0.0	0.5	0.5	1.5	4.0	3.5	5.5	17.5	23.0	34.0	65.0	104.0	153.0	238.0	362.5	515.0	708.5	951.5	1284.5	1683.0	2145.0	2620.0	3149.0	3885.5	4551.0	5222.5	6100.0	6967.0	7919.0	9055.0	10065.5	10973.5	11934.0	12679.5	13409.5	13697.5	13620.5	13684.5	13648.0	13180.5	12452.0	11721.0	10890.5	10024.0	9120.5	8130.0	7004.0	5910.5	5003.0	4185.5	3352.0	2646.0	2102.0	1701.0	1366.0	1090.0	879.0	692.0	571.0	527.0	581.5	896.0	1589.5	2437.0	1866.0	656.5	424.0	528.0	788.0	1111.0	1295.0	1259.5	629.5	49.0	24.5	15.5	11.0	8.0	5.5	1.5	1.0	0.5	0.0	0.0	0.5	0.5	0.5	0.5	0.0	0.5	0.5	2.0	2.5	0.5
Sin-CPnd_076-Ex1-10E-lcwgs-1-2.2	0.0	0.0	0.0	0.0	0.0	0.0	0.5	1.5	1.5	0.5	1.5	2.0	5.5	11.0	14.5	25.5	40.0	54.5	87.0	146.5	240.0	361.5	494.5	713.0	959.5	1282.0	1693.5	2067.0	2517.5	3092.0	3729.5	4365.5	5130.5	5942.5	6842.5	7962.5	9087.5	10055.0	11031.5	12045.5	12827.0	13493.5	14041.5	14272.0	14120.5	13795.5	13362.5	12559.0	11696.5	10797.5	9770.0	8855.5	7827.5	6697.5	5681.5	4739.5	3903.0	3210.0	2551.5	2011.5	1640.0	1299.0	1032.5	890.0	717.0	542.5	451.5	378.0	296.0	228.0	187.5	167.0	145.0	117.0	99.0	83.5	72.5	66.5	56.5	44.0	35.5	30.5	27.0	27.0	31.0	28.5	22.5	22.5	24.0	26.5	31.5	39.5	40.0	36.0	49.0	56.0	56.5	86.0	137.0	327.5	6298.0
Sin-CPnd_079-Ex1-9H-lcwgs-1-2.1	0.0	0.0	0.5	0.5	0.0	0.0	0.5	0.5	0.5	0.5	0.5	1.5	5.0	8.5	10.0	14.5	27.0	42.5	66.0	98.0	135.5	194.5	264.0	356.5	484.0	685.0	879.0	1066.5	1314.0	1601.0	1952.0	2358.5	2801.0	3311.0	3997.0	4810.5	5623.0	6413.5	7161.5	7914.5	8748.5	9437.5	9770.5	9952.0	9833.0	9538.0	9377.0	9015.5	8476.5	8008.0	7556.0	7081.0	6432.0	5658.5	4959.0	4296.0	3663.5	3017.5	2424.0	1961.5	1560.5	1215.0	942.0	735.5	614.0	529.5	454.0	453.5	618.5	1260.5	2920.0	2470.5	612.5	307.5	320.5	531.0	1001.0	1379.5	1822.0	1152.0	67.0	20.0	11.0	7.5	3.5	2.5	1.0	2.0	1.5	0.5	0.5	0.0	0.0	1.0	1.0	0.5	0.5	1.0	5.5	4.5	0.0
Sin-CPnd_079-Ex1-9H-lcwgs-1-2.2	0.0	0.0	0.0	0.0	0.0	0.0	0.0	0.0	0.0	1.0	2.5	3.5	6.0	10.0	10.5	17.0	28.5	45.5	62.0	94.5	131.0	187.0	265.5	356.0	501.0	649.5	831.5	1044.5	1270.0	1566.0	1945.0	2321.0	2703.5	3238.0	4003.5	4930.0	5844.0	6688.0	7531.5	8420.0	9234.0	9766.0	10214.5	10488.0	10266.5	10007.5	9750.0	9192.5	8561.5	7932.5	7287.5	6645.5	5891.0	5124.5	4435.0	3798.0	3176.0	2585.0	2071.0	1624.5	1263.5	967.5	761.0	644.5	535.0	437.0	350.0	293.0	248.0	198.0	163.0	130.5	122.5	103.5	77.0	61.5	60.0	49.5	38.0	35.5	29.0	29.5	28.0	24.5	25.5	27.0	30.5	29.5	28.5	34.5	35.5	36.0	38.5	43.0	46.0	48.5	64.0	94.5	147.5	353.0	6803.5
Sin-CPnd_080-Ex1-2E-lcwgs-1-2.1	0.0	0.0	0.0	0.0	0.0	0.0	0.0	0.0	0.0	0.0	0.0	0.5	1.5	1.0	0.0	0.0	1.0	4.0	4.0	1.0	1.0	6.5	12.0	19.0	36.0	46.5	51.5	70.5	95.0	115.0	130.0	158.0	179.5	199.0	227.5	265.5	316.0	332.5	357.5	389.0	401.0	412.5	412.5	419.5	427.0	427.0	408.0	389.5	379.0	364.0	351.0	325.0	284.0	268.0	249.0	199.5	169.5	146.5	122.0	109.5	100.0	87.5	82.0	77.5	78.5	77.0	59.0	55.5	63.5	78.0	167.5	155.5	52.5	30.5	23.5	29.5	58.0	75.5	96.5	63.5	4.0	2.0	3.0	3.5	1.5	1.0	0.5	0.0	0.0	0.0	0.0	0.0	0.0	0.0	0.0	0.0	0.0	0.0	0.0	0.0	0.0
Sin-CPnd_080-Ex1-2E-lcwgs-1-2.2	0.0	0.0	0.0	0.0	0.0	0.0	0.0	0.0	0.5	0.5	0.0	0.0	0.0	0.0	0.5	1.0	1.0	1.5	2.0	3.0	4.5	11.5	21.5	30.5	39.0	39.0	47.0	74.5	91.5	100.0	117.5	146.0	168.5	187.5	228.5	263.0	296.5	326.0	337.0	382.0	417.5	404.5	420.0	442.0	436.5	445.5	443.5	414.5	404.5	392.5	347.5	312.5	295.0	260.5	222.0	184.0	148.5	129.5	116.0	107.5	96.0	91.0	82.0	70.0	71.5	63.5	56.5	45.5	39.5	42.0	36.5	31.5	26.5	23.5	19.5	13.0	7.0	5.5	4.0	2.0	3.0	2.0	0.5	1.5	1.0	0.5	1.0	0.5	0.0	0.5	1.5	2.5	1.5	1.5	4.0	4.5	3.0	4.0	8.0	20.5	336.5
Sin-CPnd_081-Ex1-10G-lcwgs-1-2.1	0.0	0.5	0.5	0.0	0.0	0.0	1.5	2.5	3.0	2.0	2.0	6.5	11.0	18.5	27.5	36.5	55.5	89.5	132.0	185.5	258.5	382.5	545.5	724.0	935.0	1168.0	1485.5	1886.5	2313.0	2778.0	3398.5	4174.0	4837.0	5547.5	6515.0	7739.5	9090.5	10169.0	11160.0	12182.0	12987.0	13559.5	13856.0	13773.5	13528.0	13289.5	12872.0	12237.0	11497.0	10709.0	9950.0	9126.0	8057.0	6917.5	5803.0	4825.5	3961.5	3208.5	2638.5	2107.5	1649.5	1284.0	996.5	813.5	692.0	605.5	611.0	848.0	1461.5	2958.0	4636.5	3405.0	1127.0	692.5	878.0	1489.0	2257.5	2517.0	2393.0	1207.5	55.5	17.0	8.0	6.0	2.0	0.5	0.5	0.5	0.0	0.0	0.5	1.0	0.5	0.5	0.5	0.0	0.0	1.0	8.5	8.5	1.0
Sin-CPnd_081-Ex1-10G-lcwgs-1-2.2	0.0	0.0	0.0	0.5	1.5	1.0	0.5	0.5	1.0	4.0	7.0	8.0	9.5	14.5	27.0	39.5	55.5	98.5	139.5	176.5	263.0	389.0	523.5	700.5	952.5	1176.5	1464.5	1834.5	2259.5	2753.0	3341.0	4049.0	4730.0	5418.5	6361.5	7621.5	8992.5	10136.5	11257.5	12228.0	13005.0	13744.0	13958.0	13948.5	13939.5	13570.0	12985.5	12253.5	11420.5	10605.5	9667.0	8733.0	7788.5	6664.0	5671.0	4767.0	3801.0	3111.0	2546.0	2016.0	1615.5	1278.0	994.5	800.0	633.0	491.0	412.5	361.0	301.0	238.5	189.5	168.0	137.5	101.5	90.5	85.5	79.0	60.5	43.0	36.0	30.0	25.5	29.0	32.5	27.5	25.5	35.0	41.0	42.5	48.0	48.5	52.0	64.5	68.5	73.0	88.0	103.5	126.0	190.5	507.5	12392.0
Sin-CPnd_085-Ex1-4H-lcwgs-1-2.1	0.0	0.0	0.5	0.5	0.5	0.5	0.5	0.5	2.0	3.5	3.0	6.0	9.0	7.5	12.5	20.0	42.0	62.5	87.0	142.0	184.0	275.5	442.5	601.5	819.5	1099.0	1407.5	1737.5	2176.0	2655.5	3084.0	3640.5	4197.5	4650.0	5188.5	5899.5	6540.5	7059.0	7675.0	7989.5	8070.5	8339.5	8389.5	8178.0	8043.5	7924.0	7771.0	7439.0	6951.0	6489.0	5920.0	5328.0	4742.0	4166.0	3689.5	3153.0	2592.5	2172.0	1789.5	1446.5	1200.5	991.5	814.5	656.0	508.5	400.0	318.0	262.0	263.5	470.5	787.0	632.0	238.5	112.5	104.5	152.5	255.0	371.5	538.5	336.5	17.5	9.0	5.0	5.5	3.5	1.0	0.5	0.0	0.0	0.0	0.0	0.0	0.0	0.0	0.0	0.0	0.0	0.0	1.0	1.0	0.0
Sin-CPnd_085-Ex1-4H-lcwgs-1-2.2	0.0	0.0	0.0	0.0	0.0	0.0	0.5	1.0	0.5	0.0	2.5	4.0	4.5	9.5	19.5	30.0	37.5	56.5	98.0	137.5	198.0	301.5	439.5	589.5	782.0	1018.5	1321.5	1708.5	2083.5	2527.0	3048.0	3584.0	4106.5	4658.0	5258.5	5815.0	6422.0	7009.5	7462.5	7856.5	8136.0	8282.5	8314.5	8269.0	8191.5	8017.5	7813.0	7487.5	7016.5	6529.0	5898.5	5325.5	4841.0	4228.0	3613.0	3056.0	2596.0	2198.5	1776.5	1442.0	1195.0	982.0	794.0	630.5	524.5	425.0	328.0	235.5	164.5	140.0	115.0	87.5	74.5	61.0	50.5	38.0	26.5	26.5	27.0	21.0	15.5	15.0	15.0	16.5	15.0	12.0	15.0	16.5	16.5	18.5	19.0	16.0	18.0	20.0	14.5	18.0	24.0	30.0	50.5	108.5	1903.0
Sin-CPnd_088-Ex1-2D-lcwgs-1-2.1	0.0	0.0	0.0	0.0	0.0	0.0	0.0	0.0	0.0	0.0	0.0	0.0	0.0	0.0	0.5	0.5	0.0	0.0	0.5	2.0	2.0	0.5	2.0	7.0	13.0	16.0	13.0	17.5	23.0	29.0	38.0	35.0	42.5	53.5	69.0	88.0	106.0	126.0	145.5	185.5	238.0	292.0	344.0	400.0	442.0	490.5	519.0	504.0	503.0	481.0	423.5	411.0	404.0	343.0	276.5	214.5	175.0	134.5	106.0	83.5	55.0	44.0	32.0	23.5	18.0	14.0	10.5	11.0	11.5	24.0	56.5	48.0	14.0	6.5	4.5	9.0	17.5	28.0	38.0	21.5	0.5	0.0	0.0	0.0	0.0	0.0	0.0	0.0	0.0	0.0	0.0	0.0	0.0	0.0	0.0	0.0	0.0	0.0	0.0	0.0	0.0
Sin-CPnd_088-Ex1-2D-lcwgs-1-2.2	0.0	0.0	0.0	0.0	0.0	0.0	0.0	0.0	0.0	0.0	0.0	0.0	0.0	0.0	0.0	0.0	1.0	1.0	1.0	1.0	1.0	2.0	4.0	6.5	7.0	11.5	16.5	19.5	26.0	29.5	28.5	36.0	46.5	56.0	62.5	75.0	110.0	137.0	153.5	193.0	250.5	302.5	372.5	452.0	512.0	546.5	551.0	545.5	518.0	469.5	433.0	404.5	353.5	293.5	224.5	161.0	126.5	103.5	83.0	60.0	46.0	35.5	25.0	17.0	13.5	13.0	9.0	7.5	6.5	4.5	3.0	2.0	2.5	4.5	3.5	2.0	2.5	1.0	0.0	0.0	0.5	0.5	0.0	0.5	1.0	0.5	0.0	0.5	1.5	1.0	1.0	1.0	0.0	1.5	2.0	2.5	4.0	3.5	3.5	8.0	137.0
Sin-CPnd_089-Ex1-9E-lcwgs-1-2.1	0.0	0.0	0.5	0.5	0.0	0.0	0.0	0.5	1.5	2.5	2.0	3.0	5.5	9.0	11.5	19.0	29.5	54.5	86.5	112.0	165.0	258.0	368.0	503.5	680.5	899.0	1168.0	1485.0	1851.0	2232.0	2720.0	3261.0	3785.5	4429.5	5163.5	6081.5	7164.0	8081.5	8787.5	9637.0	10598.0	11422.0	11986.0	12121.0	11907.5	11616.0	11390.5	10947.5	10407.0	9819.0	9062.5	8431.5	7730.5	6839.5	5944.0	5092.0	4256.0	3472.5	2857.0	2353.0	1886.5	1503.5	1175.0	920.0	749.0	618.0	543.5	523.0	651.0	1321.5	3134.0	2689.0	660.5	304.0	324.0	553.0	1056.0	1405.5	1921.5	1277.0	82.5	24.5	18.0	13.0	5.5	2.5	1.5	0.5	0.5	0.5	0.5	0.5	1.0	0.5	0.5	0.5	1.0	2.5	5.0	4.0	0.5
Sin-CPnd_089-Ex1-9E-lcwgs-1-2.2	0.0	0.0	0.5	0.5	0.5	0.5	0.0	1.0	1.5	1.5	3.5	4.5	4.5	6.0	9.0	14.0	31.5	60.0	84.0	118.5	190.0	274.5	375.5	496.0	650.0	903.0	1160.5	1423.5	1805.0	2232.5	2688.0	3188.0	3720.0	4411.5	5234.0	6160.0	7263.5	8219.0	9095.5	10062.5	11002.5	11793.5	12481.5	12837.5	12619.0	12212.0	11784.0	11192.5	10431.5	9623.5	8871.0	8074.0	7167.0	6238.5	5316.0	4495.5	3711.5	2970.0	2447.5	2012.0	1552.5	1247.5	1039.0	852.0	679.5	556.0	455.0	349.5	309.5	253.5	178.0	153.0	141.5	117.0	98.5	91.5	66.5	50.0	51.0	43.5	34.0	27.0	29.0	30.5	25.5	27.0	27.5	28.0	31.5	43.0	47.5	38.5	44.0	48.0	46.5	54.0	72.5	99.5	151.5	409.5	7117.5
Sin-CPnd_090-Ex1-12F-lcwgs-1-2.1	0.0	0.5	0.5	0.5	0.5	0.5	0.5	0.0	2.0	6.0	11.0	15.0	24.0	50.0	78.0	98.0	161.5	276.5	425.0	662.5	1015.5	1548.5	2283.0	3224.0	4369.0	5701.0	7411.5	9462.5	11729.5	14294.5	17299.5	20462.5	23671.5	27080.5	30796.5	34961.0	38991.5	42702.0	45945.0	48807.5	51117.0	52493.0	53213.5	53379.0	53092.0	52332.0	50920.5	49140.5	46588.5	43579.0	40429.5	36693.0	32826.5	28799.0	25137.0	21741.0	18252.5	15086.5	12527.0	10384.5	8606.0	7182.0	5857.0	4813.0	4086.0	3459.5	2808.0	2449.5	2747.5	3874.5	5167.0	3747.5	1484.5	1131.0	1284.5	1688.0	2129.0	2309.0	2255.5	1218.0	175.0	115.5	78.0	49.0	27.0	10.0	4.0	2.0	3.5	3.5	1.0	0.0	1.0	2.0	1.5	0.5	2.5	3.0	5.5	8.0	4.5
Sin-CPnd_090-Ex1-12F-lcwgs-1-2.2	0.0	0.5	1.0	1.5	3.0	3.0	3.0	2.5	2.5	5.0	10.5	18.0	23.0	39.0	69.0	106.0	188.5	300.0	437.0	673.0	1052.5	1546.0	2217.0	3152.0	4254.5	5525.0	7264.5	9288.0	11500.0	14149.0	17013.0	19799.0	23003.0	26470.5	30109.5	34094.5	38218.0	42165.5	45562.5	48603.0	50716.0	52264.0	53206.0	53492.5	53395.5	52471.5	51094.5	49167.5	46372.0	43507.5	40425.0	36565.0	32685.5	28810.0	25185.0	21781.0	18448.5	15472.0	12844.0	10616.0	8763.5	7254.5	6039.0	4984.0	4097.0	3452.5	2752.0	2124.0	1727.5	1393.0	1131.5	983.0	847.0	685.5	572.5	501.5	423.5	339.0	286.0	262.5	228.5	194.0	171.5	138.0	113.0	123.5	125.0	106.5	98.0	98.0	104.0	118.5	116.0	116.5	128.5	123.0	147.0	207.0	258.5	573.5	11614.5
Sin-CPnd_092-Ex1-11F-lcwgs-1-2.1	0.0	0.0	0.5	0.5	0.5	1.0	1.5	1.5	1.0	1.0	2.5	3.0	3.0	6.5	13.0	20.0	29.0	52.0	81.0	107.5	152.5	212.5	289.5	407.0	570.5	751.0	940.0	1160.5	1432.5	1708.0	2069.0	2456.5	2855.5	3439.5	4113.5	4858.5	5681.5	6425.5	7180.5	8045.0	8793.0	9700.0	10475.0	10484.0	10273.0	10230.0	10096.0	9669.0	9060.5	8415.0	7703.0	6989.5	6310.0	5517.0	4685.5	3998.5	3291.5	2600.5	2073.5	1669.0	1326.0	1015.5	794.0	635.0	514.5	401.5	313.5	290.5	344.0	732.5	1843.0	1845.5	723.0	297.0	204.5	242.0	598.0	955.0	1479.0	1042.5	85.5	23.0	12.5	10.0	5.0	1.0	0.0	0.5	0.5	0.0	0.0	0.0	0.0	0.0	0.0	0.5	1.0	2.0	5.5	5.0	1.0
Sin-CPnd_092-Ex1-11F-lcwgs-1-2.2	0.0	0.0	0.0	0.5	0.5	0.0	1.0	1.0	1.5	3.0	3.0	5.0	7.5	6.5	13.5	22.5	32.5	47.0	68.0	110.5	174.0	218.5	280.5	413.0	563.0	721.0	885.0	1111.0	1383.5	1667.5	2006.0	2404.0	2823.5	3352.0	4047.0	4851.0	5771.5	6564.0	7352.0	8266.5	9060.5	9873.0	10613.0	10917.0	10927.0	10853.0	10640.0	10147.5	9395.0	8645.0	7843.0	6927.5	6086.5	5141.0	4125.5	3309.5	2652.5	2087.5	1620.5	1253.5	956.0	750.5	604.5	483.0	396.0	333.5	265.5	211.0	177.5	151.5	128.0	105.0	86.5	72.0	64.0	51.0	38.5	28.0	21.0	19.0	23.0	22.0	14.0	16.0	18.5	19.5	21.0	24.0	30.5	34.5	34.5	36.0	38.5	38.0	34.5	35.5	52.0	69.5	108.5	259.5	4939.0
Sin-CPnd_093-Ex1-10C-lcwgs-1-2.1	0.0	0.5	0.5	0.0	0.0	0.0	0.0	0.0	0.5	0.5	2.5	3.5	6.0	8.0	11.5	18.5	30.0	47.5	70.0	104.5	159.0	209.5	295.0	414.0	552.5	780.0	1004.5	1219.5	1551.0	1951.5	2395.0	2857.0	3387.5	3972.0	4729.5	5595.5	6392.0	7243.5	8140.5	8946.0	9587.0	10275.0	10707.5	10812.0	10896.5	10781.5	10538.0	10165.5	9613.0	8981.5	8186.5	7245.5	6359.5	5519.0	4663.5	3803.0	3056.0	2479.5	1949.5	1513.0	1255.0	1044.5	832.5	693.5	562.5	467.5	448.0	529.0	830.0	1561.5	2483.5	1916.5	650.5	379.0	496.5	777.0	1122.5	1286.5	1231.0	624.5	39.5	12.0	7.5	7.5	4.5	2.5	0.5	1.0	1.0	0.0	0.0	0.0	0.0	0.0	0.0	0.0	0.5	1.5	2.5	1.5	0.0
Sin-CPnd_093-Ex1-10C-lcwgs-1-2.2	1.0	0.5	0.5	0.5	0.0	0.0	0.0	0.5	2.0	2.0	1.0	2.0	2.5	4.5	11.0	18.5	25.5	38.0	57.0	89.0	135.0	194.0	286.0	405.0	571.0	746.5	979.0	1224.0	1502.5	1947.5	2429.5	2896.5	3363.0	3936.5	4740.5	5542.5	6344.0	7340.0	8165.5	8935.5	9802.5	10512.0	11075.0	11279.0	11360.5	11294.0	10848.0	10300.5	9614.0	8759.5	7791.0	6862.0	5911.5	5034.5	4209.5	3402.5	2825.0	2324.0	1820.5	1424.0	1148.0	939.0	794.0	680.0	557.5	427.0	333.5	279.0	237.0	189.5	164.5	134.5	117.5	102.5	77.5	65.5	58.0	43.0	28.0	34.0	37.0	29.5	27.5	31.0	31.5	29.5	24.0	23.0	25.5	27.5	30.0	34.5	39.0	35.5	39.0	54.0	65.5	79.0	111.0	278.5	6433.5
Sin-CPnd_094-Ex1-3H-lcwgs-1-2.1	0.0	0.0	0.0	0.0	0.0	0.0	0.0	0.0	0.5	2.0	2.0	3.5	7.0	9.5	20.0	42.5	66.0	99.0	166.5	283.0	486.0	748.5	1076.5	1571.5	2238.5	3039.0	4078.5	5258.0	6694.0	8308.5	10056.5	11969.0	13749.0	15633.0	17642.0	19891.0	22028.5	23659.0	25116.5	26212.0	26821.5	27125.0	26889.0	26589.5	26027.0	24924.0	23778.5	22576.5	21047.5	19521.5	17901.0	15976.5	14129.5	12320.5	10689.0	9260.0	7931.5	6521.0	5235.5	4266.5	3522.0	2890.5	2327.5	1854.5	1513.0	1197.0	921.5	699.5	544.5	579.5	1141.0	1073.0	373.5	196.0	155.5	183.0	307.5	433.5	679.0	468.5	35.0	20.5	13.0	9.0	4.0	1.5	1.0	0.0	0.5	0.5	1.0	1.0	0.0	0.0	0.5	0.5	0.0	0.5	1.0	0.5	1.0
Sin-CPnd_094-Ex1-3H-lcwgs-1-2.2	0.0	0.0	0.0	0.0	0.0	0.0	0.0	0.0	1.0	1.5	1.5	3.5	6.0	11.5	19.5	41.0	75.5	114.5	190.5	301.5	476.5	728.5	1075.0	1535.5	2171.0	2938.0	3974.0	5246.5	6517.5	8107.5	9887.5	11752.5	13507.5	15355.5	17553.0	19766.0	21626.5	23296.5	24945.0	26042.5	26810.0	27222.5	26896.5	26337.0	25883.0	25167.5	24056.5	22659.5	21160.5	19557.5	17813.5	15987.5	14174.5	12449.0	10773.0	9213.5	7711.0	6274.5	5206.5	4338.0	3505.0	2869.5	2328.5	1906.5	1579.0	1273.5	996.0	731.5	540.5	420.5	339.5	271.0	213.0	161.0	123.0	101.0	76.5	65.0	62.0	54.0	56.0	53.0	40.0	37.0	39.0	37.0	38.5	37.5	40.5	40.5	34.0	43.0	53.5	45.5	46.0	55.5	53.0	66.5	98.5	182.0	2645.5
Sin-CPnd_095-Ex1-2B-lcwgs-1-2.1	0.0	0.0	0.0	0.0	0.0	0.0	0.0	0.0	0.0	1.5	2.0	2.0	4.5	5.5	8.0	13.0	19.0	23.0	30.5	47.0	86.5	136.0	166.5	222.5	324.5	441.5	545.0	659.0	848.0	1066.5	1309.0	1575.5	1785.5	2006.0	2282.5	2611.5	2962.5	3372.0	3762.5	4053.5	4325.5	4480.0	4653.0	4829.5	4924.5	4985.5	4924.0	4886.5	4866.5	4749.5	4553.0	4337.5	4032.0	3602.0	3158.5	2786.5	2408.0	1994.5	1653.5	1329.0	1067.5	837.0	622.5	472.0	372.0	282.0	193.5	153.0	134.0	144.5	268.0	247.5	87.5	49.5	48.5	53.0	78.0	114.0	168.0	117.0	23.0	18.0	10.5	9.5	6.0	0.5	0.5	0.5	0.0	0.0	0.0	0.0	0.0	0.0	0.0	0.0	1.0	1.0	1.0	1.0	0.0
Sin-CPnd_095-Ex1-2B-lcwgs-1-2.2	0.0	0.0	0.0	0.0	0.0	0.0	0.0	0.0	0.0	0.0	0.0	0.0	3.5	7.0	6.0	6.0	14.5	26.0	38.0	54.5	79.5	112.5	166.5	218.5	267.5	384.5	545.5	684.0	837.5	1062.0	1252.5	1474.5	1774.0	1968.5	2276.5	2630.5	2965.5	3413.0	3839.5	4261.5	4537.5	4714.0	4904.0	5108.5	5338.5	5417.0	5388.5	5306.0	5155.5	4934.5	4620.0	4288.0	3850.5	3351.5	2882.5	2390.0	1966.0	1608.5	1302.0	1029.0	786.5	622.0	492.0	390.0	311.5	229.5	179.0	150.5	103.5	78.0	70.0	54.0	43.0	42.0	33.5	24.5	16.5	14.0	16.5	12.0	9.0	15.0	14.5	7.5	4.5	3.5	3.0	5.0	6.5	4.5	3.5	6.0	5.5	7.0	8.0	8.0	8.0	10.0	16.0	28.5	574.5
Undetermined.1	198.0	190.0	189.5	229.0	317.5	433.5	590.5	814.5	1146.5	1609.0	2294.0	3285.0	4645.5	6866.5	10482.5	15987.5	24294.0	37113.0	56249.5	84712.0	127569.0	184110.0	258428.0	359681.5	491888.5	660810.5	844405.0	1042461.5	1284807.5	1596174.5	2007455.5	2451082.0	2932977.5	3564682.5	4372646.0	5381129.0	6471684.0	7498308.0	8534504.0	9681665.0	10949501.5	12255613.0	13199556.0	13452776.0	13325001.0	13264198.5	13165436.5	12695292.5	11897761.0	11002408.5	10136757.5	9272988.5	8339476.5	7351259.5	6365205.5	5426011.0	4562845.0	3788470.0	3120580.0	2568089.0	2119554.0	1761492.5	1484568.5	1285649.0	1161775.5	1126767.0	1212228.0	1477177.0	2037624.0	3061640.5	4234385.5	3532081.5	1886033.5	1362011.5	1346198.0	1646858.0	2128162.5	2474855.5	2715532.0	1683985.0	335531.0	125779.0	53371.5	27632.0	17910.5	12547.0	8921.5	6675.0	5522.0	4693.5	4188.5	3949.0	3945.5	4319.0	5649.5	9137.0	17862.0	48035.5	196767.0	195773.5	40562.0
Undetermined.2	460.0	425.5	471.0	664.0	873.5	1120.5	1449.5	1811.5	2196.0	2770.5	3481.5	4536.5	6196.5	8714.5	12612.0	18791.5	27716.5	40880.5	60799.0	90353.5	133735.0	190617.5	264169.0	362392.5	490183.0	651253.0	823880.5	1010847.0	1242802.5	1544232.5	1943958.0	2373012.5	2840763.5	3456907.5	4262829.5	5269553.5	6354097.5	7379574.0	8420547.5	9572494.5	10768559.0	11923856.5	12882461.0	13461773.0	13635902.0	13556652.5	13291126.5	12722871.0	11901554.0	10966301.0	9992465.5	8997068.5	7973165.0	6941318.0	5935040.0	5005343.0	4181319.5	3467856.0	2860035.5	2352075.5	1933419.5	1591912.0	1320459.5	1106133.5	936116.0	800571.0	690163.0	597666.0	517234.0	445007.5	378800.0	317554.5	262403.0	214421.0	173096.5	138945.0	111824.0	90487.0	75266.5	65295.0	58858.0	55476.0	54787.0	56287.0	59718.0	64577.0	70620.0	77646.5	84778.5	92741.5	102528.5	113081.0	125454.5	140649.0	158774.0	186509.5	236680.5	319218.0	453038.0	958495.5	15386448.0
