Sample	1	2	3	4	5	6	7	8	9	10	12	14	16	18	20	22	24	26	28	30	32	34	36	38	40	42	44	46	48	50	52	54	56	58	60	62	64	66	68	70	72	74	76	78	80	82	84	86	88	90	92	94	96	98	100	102	104	106	108	110	112	114	116	118	120	122	124	126	128	130	132	134	136	138
Sin-APnd_001-Ex1-6G-lcwgs-1-2.1 - illumina_universal_adapter	0.0025100369939824825	0.0038730265550071977	0.005487561605715634	0.007554878537854767	0.010113676657529786	0.012428669148742123	0.014658523166523045	0.017915456768335652	0.019237425064888868	0.02129390619131855	0.024234666462251774	0.02675824821337107	0.029068596787850783	0.031774065277664465	0.034685414075957745	0.03886377815613487	0.04692755256927286	0.06418473414075926	0.10288945814880182	0.17890186121448964	0.32055370533743077	0.5479686296923227	0.8844292978112299	1.35853604487813	2.009239335494834	2.871041923012483	3.979031307297467	5.365703295686313	7.013900163824225	8.908698685290918	11.010346158869027	13.302901566387696	15.786389288409776	18.429991132518396	21.169198064387643	23.93834277945986	26.737088206778875	29.60152725418369	32.475640354128686	35.318318781710545	38.12526304402101	40.845217845089046	43.50969757784836	46.115713107895374	48.627337160421234	51.03584884679512	53.35185100290374	55.60109840395316	57.75776545500713	59.81717340995755	61.7767131615868	63.64208124775355	65.3972201653756	67.0620105219853	68.61887896268027	70.05065460534166	71.39593149396202	72.66733140722758	73.84435338772913	74.93117038164397	75.93756789551385	76.86476534447416	77.73093243973437	78.52947752848553	79.25994008898502	79.92414440652266	80.53707872235293	81.10871855661063	81.63169285246184	82.10374273140926	82.53364248712609	82.92488550597443	83.28550537690867	83.61410041106171
Sin-APnd_001-Ex1-6G-lcwgs-1-2.2 - illumina_universal_adapter	0.0024210285899405504	0.0037553806644474268	0.005196542823804621	0.0072197425469838405	0.009739841360553671	0.012002976781585056	0.014207289257336555	0.01746190090078285	0.018765293530405576	0.020794298149500574	0.02366810862087182	0.026164213864656435	0.02844012005670253	0.031115016094693117	0.034011272163605374	0.038203181000919316	0.04622477317040265	0.0633972032615187	0.10176640428562927	0.17724243496869918	0.3175394163848977	0.5446014030681103	0.8815144660753872	1.35533522527017	2.0057641378065885	2.8678465213073774	3.9774070974202322	5.36728803227132	7.020193831976111	8.919929610915705	11.031700048984806	13.334477491218102	15.826399340012745	18.469164892116435	21.205232923267488	23.959919964571867	26.73892603682581	29.584609465526746	32.44832522290046	35.27775068611354	38.06386311194758	40.76130884861259	43.404633218696446	45.99094964095674	48.48311723034515	50.87203971496166	53.16847975882716	55.3946453457432	57.523950826401624	59.54968148420012	61.463813405010846	63.282639383697145	64.99117001802529	66.61017445159581	68.13298131102924	69.53136216147328	70.84528371130804	72.0872230038149	73.23011335731086	74.2819860387919	75.25249188121452	76.14183328194969	76.97033047264708	77.73205897653509	78.42745106486288	79.05786547026781	79.63806984795964	80.17875952516664	80.67187653237158	81.1166786168834	81.51950704700045	81.88426077781287	82.22120828320257	82.5272663894522
Sin-APnd_002-Ex1-3G-lcwgs-1-2.1 - illumina_universal_adapter	0.0011919909463634871	0.00200511488189397	0.002656500268940188	0.003372137956069196	0.004211849050254626	0.005098087672086215	0.005968817118035752	0.007333624595656398	0.007812193451445456	0.008916668333903074	0.010812111186345385	0.012587911824840432	0.01418646473896916	0.016140620900107813	0.018390559201282762	0.02255809632044581	0.033071101971923034	0.05974023769939012	0.12459850343985768	0.25753983570598243	0.4986731789253076	0.8719391616683363	1.4023895341776926	2.107427807389595	3.0138161720868024	4.135224859011068	5.489416305740448	7.087682300115359	8.911962406821148	10.933445008262069	13.120411624162774	15.467593565916467	17.967494362580737	20.60275592294873	23.320024466389633	26.077005362474807	28.86162028658697	31.70389611103205	34.550916635498766	37.395755905157486	40.21567414477032	42.965231684599374	45.66071094372427	48.30347229842951	50.870553306023446	53.34764121276349	55.73116336920539	58.03820977937289	60.245599764313695	62.360719015142514	64.37591929255294	66.29140886262107	68.09899555708638	69.80999110415829	71.42051599426966	72.90445388303348	74.29259380797039	75.60027655962432	76.8153263271296	77.93686684204886	78.97764332356233	79.93724699410569	80.82759000855464	81.64848736459686	82.40152099817234	83.08927983385507	83.71941764994287	84.3045711013848	84.83794052235481	85.31837491044281	85.75778974391936	86.15863658037206	86.52387434899957	86.85809044246815
Sin-APnd_002-Ex1-3G-lcwgs-1-2.2 - illumina_universal_adapter	0.0011388166290535917	0.001923137809374548	0.0024305094203731325	0.003121775545401772	0.003943761867150571	0.004810060119990949	0.0056608491969492745	0.0070256566745699215	0.0074997943372498216	0.008608700412816597	0.010481987299713117	0.012252248946821717	0.013875173423050814	0.015814928206584707	0.018043818340491152	0.022221325644149803	0.032699989549031055	0.059372448671330014	0.12410774880301842	0.25676991590326625	0.4976429265274284	0.8718605079906487	1.4049374702154585	2.1113416587032585	3.0196520534115634	4.1438280204324975	5.503216148880644	7.1065724763397	8.937429581417756	10.966059697343749	13.165337275499972	15.524731585462504	18.033088206377325	20.669340138405218	23.38758465212841	26.136068735426775	28.907696940334276	31.73997710092337	34.58516975823255	37.42345972447595	40.22854786855069	42.96137100760302	45.64132890506481	48.270118707896884	50.82222117498358	53.28498192660344	55.65310236359619	57.94227001736651	60.127539486306404	62.2148264132166	64.19044395038118	66.06413407585063	67.82866619026909	69.49837077215157	71.07700547325464	72.52805061556916	73.88399792256806	75.15960991409446	76.338349377465	77.42246292758604	78.4230219004408	79.33962638085117	80.1871363749087	80.96609138037448	81.67978488152684	82.32866442886983	82.9222737045623	83.47093738854858	83.97038381067142	84.41921825289975	84.82660331478502	85.19695246466395	85.53510899660483	85.84324751862601
Sin-APnd_003-Ex1-3H-lcwgs-1-2.1 - illumina_universal_adapter	0.0013916355113333836	0.002176062766716343	0.003008059332473299	0.0038353922403504513	0.004865127900211078	0.005971347549300484	0.0070038814038889926	0.00863429619866832	0.009234975333587017	0.01040275526668983	0.012188003503078634	0.01381795193206998	0.015237569390682184	0.01690575981428792	0.018827186860766988	0.02186416087209507	0.028360636298661434	0.04336409006377748	0.07970377862899483	0.15210426901821728	0.28804523255661135	0.49824235595460176	0.8066206705013688	1.232293711651499	1.8057473445994807	2.5508268520847497	3.4878200786160267	4.642929785990989	6.0065623635850915	7.572798230451502	9.313599941782627	11.224418565682505	13.305928000714772	15.539531911083706	17.87991866319493	20.28210681043194	22.743832613259894	25.2855546060659	27.86763169687164	30.472084085453098	33.08629890907435	35.66686684019018	38.23226249312565	40.77974363704743	43.29213635181314	45.74684428226357	48.14250097663991	50.49961020681075	52.79847408098914	55.03172448609078	57.18952576764718	59.26891417107571	61.25761728066567	63.173973531932035	64.99946027487357	66.70910921793339	68.33722296391483	69.8926148934791	71.35437549652217	72.72305834923431	74.00406303470878	75.20189604555483	76.32375667044153	77.36942431835114	78.34143648553606	79.23463096908918	80.06162669450163	80.83719859630241	81.55381066972356	82.20609970820331	82.80468206253926	83.3556139588541	83.86403801269188	84.33246327199197
Sin-APnd_003-Ex1-3H-lcwgs-1-2.2 - illumina_universal_adapter	0.0013310079588959372	0.0021089060932471715	0.002796329264730217	0.003605940272664116	0.004617954032581489	0.005712980902759366	0.006735254710012307	0.008360073115335868	0.008954223129222843	0.010123402159689597	0.01190585220135052	0.0135278724119462	0.014946557138982443	0.016595626565280984	0.018509125393364384	0.0215381711862968	0.028021588370799717	0.04296254912032639	0.07918797806748856	0.15141637948094627	0.28624132968870336	0.4968973570220664	0.806424796870417	1.2329760047993144	1.8077475874641287	2.554345115589274	3.4947950453410614	4.65407826015266	6.022850188730306	7.5942566530880535	9.34382137757533	11.263263571260753	13.351668224468309	15.584889248525311	17.924353529107908	20.317794985991352	22.765502299598403	25.29574842945958	27.873878666601634	30.470905579106873	33.06981194573767	35.63302314132224	38.18203862868647	40.71422390749407	43.211064722328004	45.649692360408864	48.0294958825544	50.36758904772033	52.64193047603514	54.844455303927276	56.95871527642046	58.9921209458857	60.932190964739284	62.799804529309085	64.58799833201478	66.25974899204596	67.84830046186723	69.36334568801597	70.77854572988443	72.09713763240697	73.326702637833	74.46859926970288	75.53493298477528	76.52453413765389	77.44288858910275	78.28357588131871	79.06012481944532	79.78594295352121	80.4540226712162	81.06117589600365	81.61543344675256	82.12392045997171	82.59312641560089	83.02385346279536
Sin-APnd_004-Ex1-4A-lcwgs-1-2.1 - illumina_universal_adapter	0.0031883359732763792	0.005053357744052125	0.00734013755012778	0.00932510885387873	0.011855657065678185	0.014234011246390826	0.016631712125970432	0.02030629513076995	0.021619291093874865	0.023722922150676555	0.026835161108409524	0.029974485444556248	0.03289325741361954	0.03638856100891848	0.04047135935981103	0.047258826212305746	0.061808833540190386	0.09281514292431828	0.16258965727800176	0.2969434524496255	0.5437892730731988	0.9195331197879106	1.45658845187548	2.1869534194819478	3.1576572679930655	4.391322092393978	5.89481597078246	7.703729090394187	9.759912368224636	12.022657770297858	14.436491862062628	17.00021256862935	19.72750381010663	22.605939201812213	25.528694011282248	28.400575386301664	31.25275730764477	34.174719547351216	37.07094487355494	39.903807826299456	42.66092458364002	45.276044954866535	47.80971765853301	50.28466216800888	52.651730129492485	54.88034279564468	56.99633703791232	59.051794814535256	61.01458125869546	62.87559245879608	64.63683144305982	66.30075201779297	67.8481403314608	69.32005652795863	70.68773851497087	71.92600591903224	73.09551902466018	74.20842562407324	75.23923708640419	76.18402603178299	77.05326869764613	77.85092599814166	78.59189940562685	79.27233957191714	79.88968757364239	80.4474445184076	80.9611967517099	81.44716390098942	81.89572485289963	82.30073509588037	82.66333608516479	82.99428265065303	83.30160560704479	83.58411642213966
Sin-APnd_004-Ex1-4A-lcwgs-1-2.2 - illumina_universal_adapter	0.003052909081207601	0.004928249091379063	0.0067455490049496206	0.008691826910966633	0.011204318203823586	0.013558166565971398	0.015950708325853147	0.01959304683254105	0.020907332575570432	0.023009673852447655	0.026110304790860444	0.029246404677196008	0.03216646642618376	0.035683051390236364	0.039734895022941766	0.04653590456464336	0.06105947140407648	0.09209028660676921	0.16162748145435119	0.29599804376499295	0.5410549396333338	0.9180982396219439	1.4579859284236374	2.1907647191587403	3.165597153208069	4.404301792663827	5.91577489455501	7.734576756847606	9.802994242151563	12.078842518477419	14.510649693489604	17.09283746901481	19.836982909655028	22.72191169839033	25.649543165754764	28.515809483873024	31.35612091568132	34.26679048725912	37.16226451665685	39.991001463423	42.735488050853235	45.33659367342052	47.85781032746648	50.32118615590986	52.676826667262716	54.89425049257018	56.999053959323206	59.03940712325074	60.982385127331014	62.81841264540479	64.54362291725855	66.16966845961983	67.67986661405568	69.11638222096673	70.4578823204023	71.67226106559269	72.81882576191461	73.90950106965963	74.91379336696366	75.83181164023028	76.67443389334244	77.44228115533377	78.15383403785196	78.80422942569183	79.39356340745772	79.92382030956344	80.41114043798373	80.87107466926787	81.2947770478039	81.67594312932107	82.01584657149476	82.32559882837424	82.61391236334927	82.87811797686618
Sin-APnd_005-Ex1-4B-lcwgs-1-2.1 - illumina_universal_adapter	0.004819316408001666	0.005652353698943949	0.006562864256637336	0.00738711591939135	0.008473339040850129	0.009457329397936315	0.010349470005781503	0.011915707903708462	0.01244044951458965	0.013828179421600405	0.015840088276714126	0.01792068477039068	0.019398667039699113	0.02115339659693804	0.023328238920270576	0.02746347436979471	0.03701704633106616	0.06021429952198436	0.11775856676820644	0.23343454030905714	0.4520081905376564	0.7869127429538683	1.271430153868537	1.9206313697451671	2.7530792249053646	3.7824661208805477	5.014841362025075	6.462149009860902	8.070865819424878	9.814803430474718	11.657344942108661	13.58804504110432	15.60524004896023	17.69131078769155	19.787645136880446	21.85914890472888	23.914867694150143	25.982806493687818	28.024691912179915	30.022603264856045	31.958649019257532	33.81201242808574	35.60959827962704	37.35775379090072	39.03389230987496	40.632067563653216	42.1549176367724	43.623565176130796	45.02142690917631	46.34735551273689	47.59810709327739	48.781848690892275	49.89165044167469	50.941505854594865	51.91669780439723	52.81035752722552	53.652372931482745	54.44505982888999	55.17412120695778	55.84718578638069	56.46732773833115	57.03894586710432	57.56928272510123	58.057432593925014	58.502538874827316	58.90736065440598	59.27903545687052	59.62532059256442	59.942129546339956	60.2281360876874	60.48761881753447	60.72498931927188	60.943116499849815	61.14296318424839
Sin-APnd_005-Ex1-4B-lcwgs-1-2.2 - illumina_universal_adapter	0.004780180427890283	0.00560682817105928	0.006303288878347555	0.007101982350008421	0.008176225069392286	0.009130663768027021	0.010022005682400548	0.011591438354214148	0.012100206095662121	0.01348274449510708	0.015479078827523415	0.017532120396427674	0.019014096133094408	0.020780806092408243	0.022978011832947287	0.027117640096565553	0.03669437416851517	0.05987205936937767	0.11697784389965793	0.23252083497747714	0.4485206954936492	0.7849112171138861	1.272112637440071	1.9241512118747763	2.7605186552471497	3.794478870041063	5.033612255996049	6.488764671110529	8.107330169873554	9.861681945100383	11.718570387565766	13.662888210253247	15.692044451540749	17.7824065702953	19.882303491714545	21.95013766240743	23.997935409323496	26.058451151735554	28.0979452819735	30.091253764172446	32.01737934630917	33.85997476975244	35.64888401476436	37.38952222308277	39.05773251131056	40.647428036500195	42.16187705233772	43.62010603470503	45.004399962400704	46.31268382978536	47.53886001154959	48.697005879478155	49.78069514589809	50.804694455060186	51.761054410841005	52.636466383922254	53.46078074411379	54.23653533992182	54.94579950290756	55.59820946980659	56.19804464024007	56.7471863366805	57.256135780893274	57.72316260347203	58.14828317763296	58.533619631930264	58.887106986004866	59.21568908089941	59.5152242916166	59.78568745931206	60.0298815987246	60.252054561083234	60.456691409578085	60.64320590320096
Sin-APnd_006-Ex1-4C-lcwgs-1-2.1 - illumina_universal_adapter	0.0008669804244556144	0.0012018598861155692	0.0015857138145004977	0.0019430950581692244	0.0024328397254189606	0.002866991754764673	0.00322966753537664	0.003952371828128954	0.00417606601398086	0.004728683307431576	0.005611547342716912	0.0065056622690066335	0.007366024522283196	0.008464640938005578	0.009858427788313612	0.011929253550238512	0.015943836187450537	0.02488035273052242	0.047126011514664834	0.09485162933815164	0.18752190945568825	0.33959159953943885	0.5744407129136351	0.9116239599610174	1.38129372857334	2.016901564975113	2.8466726456107523	3.909212086601894	5.210433885714137	6.756572360198149	8.528183323129879	10.523017258125567	12.73445334673769	15.148387604366574	17.703497380501375	20.36230264812089	23.104007789746312	25.942037103797226	28.82807529339809	31.73314337240719	34.637907015542055	37.48204291613988	40.2917702829607	43.06283429375351	45.76353787947336	48.37594050168808	50.908925731571316	53.37042147637845	55.75017618895313	58.04234602414425	60.24123869292072	62.34014866424392	64.33478339228712	66.24400135582502	68.04085336181653	69.7130474809308	71.29310143543898	72.78664795083154	74.18441496928665	75.48745345638756	76.69897322515607	77.82409210736495	78.8778644569952	79.8504093444765	80.74355669413984	81.56725494090159	82.32887805108942	83.03566034761917	83.68637879245696	84.27712072280171	84.81703708394272	85.3141835138391	85.77040317316423	86.18662194406608
Sin-APnd_006-Ex1-4C-lcwgs-1-2.2 - illumina_universal_adapter	0.0008431550082110326	0.001197888983408139	0.0015261502738890434	0.001872942443671289	0.002361363476685215	0.0027941918717951176	0.0031436313100489835	0.003866335602801297	0.004086058885945773	0.004653897973108306	0.005542718362454787	0.006431538751801268	0.007297857359138977	0.008405077397394125	0.009810115138706544	0.011886897254692587	0.015901479891904616	0.024859174582749458	0.04711873152636788	0.09497340368784618	0.1875543384944656	0.3405856488505322	0.577130999497919	0.91591319670216	1.387802699927936	2.0260928811085783	2.8608600191672826	3.929333312437561	5.238373818980735	6.792428288012008	8.575435741714063	10.58133922982383	12.8014669626454	15.216366811449308	17.771431584020092	20.422659045639598	23.15010930836246	25.973493271411254	28.853238242037953	31.74868680923831	34.635208787152365	37.45898057503224	40.24919889685147	43.00270622314048	45.68481473329855	48.27861301451185	50.79207927213671	53.23125523464249	55.58223016802795	57.83921846704837	59.99090702989025	62.03988554693599	63.98275889637072	65.8410645926624	67.59834853862574	69.23087466332701	70.77172058631913	72.22625430624544	73.57991584651201	74.83655963001353	76.00075087122929	77.07478673737556	78.07851777108678	79.00173014878231	79.84799834471596	80.62545079672987	81.3425673675557	82.0065817182922	82.6160027749727	83.1685307231125	83.67192867750461	84.1327592166902	84.55610575795188	84.94147193845122
Sin-APnd_007-Ex1-4D-lcwgs-1-2.1 - illumina_universal_adapter	0.001836574904732528	0.00285439044498307	0.0040512313508619365	0.005129139321533175	0.006608915420642819	0.00795723932820719	0.009295547830701446	0.011487669615423093	0.012211282631738976	0.01354896517141635	0.015477556610230567	0.017394254755524023	0.019195149779694262	0.021454249585822312	0.024100820375600476	0.02830165683969727	0.03659316031211958	0.055829623637728074	0.1015311688983013	0.19683901547115928	0.3816351323083209	0.6805248658157937	1.1286272338719399	1.7558375946482383	2.6025374354245807	3.696159576650831	5.060710318317241	6.715977596991092	8.631415053171349	10.773616929209453	13.094575006864622	15.57495767646308	18.202554907298726	20.951225866175733	23.745578339503176	26.530196465065284	29.30642856676962	32.10373433266711	34.86938703680332	37.58111241830231	40.22964560151139	42.769075343626355	45.234800467904705	47.639090471520134	49.94896525153959	52.15417842261351	54.26557040880467	56.308845121262706	58.268441124359924	60.137986742583266	61.91333184245683	63.60156920865869	65.19393723964095	66.71212429508293	68.1371411669717	69.45348275633312	70.6973165687638	71.87590064312548	72.97262443010936	73.99038050389231	74.94084056715786	75.82613164155782	76.65437935041811	77.42021981836086	78.12308404518555	78.77009423582265	79.37066424507526	79.93288276446313	80.45146291203486	80.92375561314942	81.35589968515197	81.752562932768	82.11950483987565	82.45693572998138
Sin-APnd_007-Ex1-4D-lcwgs-1-2.2 - illumina_universal_adapter	0.0018077806151559443	0.002844375039912954	0.0038546790263609093	0.004922571591962031	0.0063860726578327375	0.007720625383425699	0.00905768196028619	0.011263574926979247	0.011995951422731481	0.013331756073958208	0.01526347732685684	0.017195824542572354	0.019002979194911413	0.02129275117906669	0.02394370370856303	0.028181471978855878	0.036528060179163824	0.0558183563070242	0.10147295435633126	0.19687970305425662	0.38113185820354756	0.6815501929098469	1.1324493628318226	1.7627945453950677	2.6140814416935227	3.7135075101579056	5.086052422958719	6.752546344753354	8.681554048840798	10.837472022122427	13.17691853753703	15.676004350141117	18.320389277762725	21.076397772779227	23.876718801565644	26.657165510916048	29.42433867873446	32.212733237970816	34.977308660099176	37.68603567970529	40.32300607776094	42.849679949593465	45.303498635131895	47.69736197610652	49.997448575558394	52.192487347006704	54.293190392136786	56.32258750894454	58.26378646485358	60.10997428056497	61.85177027730491	63.504580651922495	65.06090949968558	66.5429872640729	67.94112842241884	69.23176672659342	70.45038988657416	71.60383466824703	72.67052976697946	73.6562803619352	74.57327833089869	75.42169017997921	76.21279388124853	76.94121929970059	77.60841741714496	78.2197859109516	78.78605253187625	79.31430192708036	79.8000753634193	80.2416095036379	80.64400531873093	81.01188617006392	81.35234797212898	81.66454755301181
Sin-APnd_008-Ex1-4E-lcwgs-1-2.1 - illumina_universal_adapter	0.0017468623969266112	0.0027646623885243474	0.0039288935845870065	0.004848729037986378	0.006072770162633302	0.007237001358695961	0.008394014115101898	0.010345055233747204	0.010864782889031154	0.011843912668182167	0.013378346698068116	0.014937014061087345	0.01644979277200313	0.018266261551333842	0.020430762242685058	0.02410030760246271	0.03184827136828803	0.049002893212486756	0.08886724181956404	0.16814530215800616	0.31895809949455867	0.5561895407985488	0.9116554144598092	1.4132199287589504	2.104138036530378	3.0189685332334797	4.188282026417303	5.644808468293922	7.370884852626171	9.340529952678178	11.504418623467068	13.839906619789707	16.34604213881707	19.002322233909908	21.732404171655897	24.46491202072938	27.20202574990668	29.986091304228296	32.75986594161359	35.4916266821826	38.16815089129271	40.73204527083617	43.22458949919559	45.667287823711185	48.02395575319231	50.285353169275524	52.45252726131389	54.55612597728134	56.574704879766266	58.50007361777244	60.33160624946107	62.07057270460889	63.703572981198874	65.26361236335572	66.72177068819758	68.05741713958274	69.32269360076869	70.52791058159937	71.6512034283546	72.6905324162285	73.65461896713492	74.54447675624276	75.37625601107828	76.14868473945342	76.85818929813523	77.50975917573504	78.11121967644354	78.67537424980046	79.19827492491638	79.67580048835013	80.11111416347988	80.51035523323367	80.87852349827942	81.22049088978261
Sin-APnd_008-Ex1-4E-lcwgs-1-2.2 - illumina_universal_adapter	0.0016818964400161173	0.002726507778910248	0.0036102510340260126	0.004528024076094894	0.005741753144089357	0.006907015545817262	0.008067121919218937	0.00999341410189834	0.010521391402504259	0.01150722401847937	0.013051970105017779	0.014611668673702252	0.016129087810111645	0.017943494178111863	0.02010696366379783	0.023798679945378272	0.03160903165395097	0.048824494632399205	0.08854499004917468	0.16779262982049203	0.31724784489874824	0.5557806677522787	0.9139281917460111	1.4183790507021756	2.1136354407072933	3.034016401903581	4.212287463098563	5.6801623233212135	7.42159645362597	9.408053815241313	11.593935524855738	13.95296594651594	16.481551328478538	19.15085297310927	21.892593206503697	24.627692991016772	27.360913918807775	30.141916276700776	32.92048292681247	35.65406116736647	38.32547059637697	40.88090032421725	43.36719441503961	45.80545030554933	48.15554172090035	50.4100676980332	52.57006098942162	54.6628557636343	56.66567784355426	58.56860960869602	60.367368977534625	62.07145129183568	63.66851611340317	65.19273553557203	66.62635786841787	67.93883828453329	69.18019902393084	70.3627274177148	71.45726045406914	72.46695980956353	73.40014267349102	74.25565925153484	75.05329167757424	75.78971276653031	76.46516949215987	77.08277351755783	77.65082811074069	78.18272863330003	78.67420022215057	79.12171151349169	79.52812513425008	79.89949890210626	80.24206542410096	80.55912919878847
Sin-APnd_009-Ex1-4F-lcwgs-1-2.1 - illumina_universal_adapter	0.001267323534982237	0.0019755337457076044	0.0027582923996672215	0.003546785549260242	0.004490110080955165	0.005475009705992266	0.006277839094668796	0.007765940711537078	0.008247638344742996	0.009188812440575393	0.01068264855307708	0.012162865238449432	0.013701143692109997	0.015617898857575214	0.017761883412514053	0.021435544677663357	0.029335529224631247	0.048685151115643976	0.0965359331166277	0.19596061840858256	0.3829618042019259	0.68363574650037	1.1255352631985116	1.7309510556353453	2.534100142443438	3.56417899132831	4.850401273482383	6.431876249125471	8.282529166612488	10.38310860729014	12.685590320664538	15.171309240260902	17.83418536708392	20.65626614574126	23.561170244831853	26.485358019113676	29.435168953509454	32.43517751224419	35.43010602465968	38.37882382082534	41.269314265141375	44.04635129741028	46.74717974995907	49.38093897520348	51.912875062357266	54.32990475963281	56.64125128644449	58.8750416270622	61.014103834311726	63.04781833909194	64.97147568686391	66.79148632693384	68.49998181448072	70.11964924785423	71.62942582459287	73.01810849066484	74.32223458499834	75.551493254778	76.68829751870811	77.73906141015462	78.7090463288612	79.60517882874102	80.4353990358105	81.20103663624465	81.90267368135022	82.54009369391707	83.12678564129891	83.67495754788723	84.17557543262362	84.62879269326623	85.03949296965888	85.41617478433028	85.76267881573088	86.07892263048598
Sin-APnd_009-Ex1-4F-lcwgs-1-2.2 - illumina_universal_adapter	0.0012300493133651123	0.0019583302588073934	0.00260489464147367	0.0033546799455412154	0.004286535485969331	0.00525423162410622	0.006048459269332644	0.007530826390567523	0.008008223152048388	0.008937928256613978	0.010423162625665557	0.011906246558854612	0.01344595863642353	0.015380634100743132	0.017543255766490535	0.021232686894631696	0.02919718451747538	0.04852530204986284	0.09622985441219478	0.1956287344737993	0.3821675765566994	0.6840371611947083	1.1286913862327461	1.7360640753044791	2.5420259322207563	3.575825751959753	4.868264227380436	6.457447081966773	8.317827854483905	10.429307854548703	12.747537209744381	15.248289109643714	17.92450797418175	20.749148488327457	23.65652343822409	26.572796174907907	29.508939655773425	32.496578190614954	35.48792694413129	38.428992055874176	41.30315352387409	44.062072417189256	46.746279434144625	49.364554087554936	51.88076905492974	54.281821730558676	56.57672029026985	58.791130186082526	60.906326856129716	62.910065001798266	64.79289202384845	66.56987602636899	68.23466175457418	69.81242077704681	71.29098090999307	72.64984061471155	73.92551500895993	75.12692481750793	76.23231838160606	77.25087949601124	78.187808631451	79.04911912340894	79.84550150536961	80.57767975740674	81.24808602248086	81.85464943085633	82.41239292746877	82.93215255862944	83.40657168325266	83.83452490657038	84.22070447963459	84.57376303954419	84.89881217234436	85.19447989995484
Sin-APnd_010-Ex1-4G-lcwgs-1-2.1 - illumina_universal_adapter	0.001681949595334527	0.00261941241053979	0.003739306122292309	0.004657787688145835	0.006004401878266331	0.007208656698248794	0.008351749714764548	0.010100133682830156	0.010709642689791509	0.012015658096576344	0.013868966193002947	0.015748637135751406	0.0175407834287113	0.019561759227744918	0.022015085706457004	0.026223123236351946	0.03552973524489418	0.057507385709574144	0.1089412988835187	0.21089117092248072	0.39804787130139285	0.6868122539740092	1.1046338417875747	1.6739996153977077	2.43391287868067	3.4044120311257053	4.598376377674896	6.048367197077292	7.711541700518319	9.571409927623652	11.590668978104791	13.769124821412806	16.109536593043742	18.599699876921363	21.158704988656176	23.72540119717692	26.318501378059793	28.989752635093033	31.66490032081264	34.31710547589219	36.92784661901979	39.45242448974289	41.93186600402141	44.36994052162245	46.727712227556324	48.985585090895086	51.159745899280345	53.27741745508098	55.319565255995684	57.27369858543716	59.13710997908815	60.91401801961708	62.589210817439316	64.18834522185222	65.69043587992664	67.07396438198086	68.38593673752058	69.63747332238128	70.80138824217897	71.8854532640093	72.89277234939823	73.82579144322747	74.70043792273088	75.51077329314595	76.25244504854496	76.93286747582748	77.56671255348547	78.16461347195438	78.7160393286425	79.21810391913448	79.67612199324884	80.09867465746332	80.49101075448061	80.85317088308406
Sin-APnd_010-Ex1-4G-lcwgs-1-2.2 - illumina_universal_adapter	0.001637660013513806	0.002584613453394938	0.003448260298898999	0.004329833879901924	0.005634267515907447	0.006813214003420927	0.007940489312143566	0.009705745501855163	0.010319472564228013	0.011607033978587547	0.013452960478044031	0.01532894062230743	0.017132159310722504	0.019166316532917053	0.021603298046909587	0.025864061269448242	0.03520599949206177	0.05725746592644294	0.10869243361424036	0.2106496872501725	0.3971457347002589	0.687603139363665	1.1086320310607478	1.680801229748747	2.4452436300298044	3.421067550174929	4.622766755834952	6.082144857555636	7.7567982715421255	9.62857512358797	11.66542662867661	13.860797928698581	16.217900545592812	18.71582768771222	21.281991366737266	23.84776223935212	26.434772075477717	29.10119313180786	31.779136333751442	34.430475732957774	37.033526306556375	39.548553445313985	42.01870627431946	44.44948671960017	46.799557310866504	49.04886488543529	51.21340114588537	53.3185419135723	55.34363031663213	57.27433129374888	59.10264108477924	60.84287735156062	62.48154864385933	64.04380564432336	65.52008285779328	66.87829300949691	68.16473980271397	69.39199198805683	70.52781096801546	71.5813362141527	72.55726294939848	73.45634673292838	74.29690025231142	75.07265073189377	75.78179600750089	76.43009952459563	77.0326624488081	77.59929017719924	78.12056273752134	78.5946099494563	79.02515635593251	79.4210762182788	79.78913371560444	80.12768960612516
Sin-APnd_011-Ex1-4H-lcwgs-1-2.1 - illumina_universal_adapter	0.0017806969842391425	0.002685672293134393	0.0038775219439526427	0.004827793201572578	0.006019642852390827	0.007334169031005096	0.008671343183981706	0.01060680132636352	0.011311719528391415	0.012666823327738214	0.014945303915149666	0.01721953800736818	0.019412145025322416	0.021982218282649024	0.024938250769733872	0.03033460249436108	0.04281693919760605	0.07266791307277129	0.14174046021552075	0.27732869256207116	0.5237160056499901	0.9020150299129728	1.443727682190639	2.1762113000143004	3.1422191251536686	4.368138406904869	5.8614042865179385	7.660270608189269	9.70960276566494	11.974672921257088	14.399062139832331	16.966075561456023	19.673940510301517	22.507145011261798	25.37244971305111	28.20601658160119	31.02405496089629	33.874069920827026	36.68830910242284	39.44037581973164	42.12042480956498	44.674784147346514	47.14922019910174	49.548050234943474	51.84809075028228	54.03417986994816	56.11460392156093	58.12373734004184	60.040739742482344	61.85806746608857	63.574973127706585	65.19567538439415	66.71124810325574	68.14230943395144	69.47896032435372	70.70342777658173	71.85085861584903	72.93718805128356	73.94366733477563	74.87232770652588	75.72766573311088	76.51755536028388	77.25361782988959	77.93365487291646	78.55529317038443	79.1257465739607	79.65211711093909	80.14619588297195	80.59983764044645	81.0120878656098	81.38891429970641	81.73413878841001	82.05285004846006	82.34831693748957
Sin-APnd_011-Ex1-4H-lcwgs-1-2.2 - illumina_universal_adapter	0.001752387016286215	0.0027017146083077185	0.003609520913998262	0.004523932878877822	0.005708233204908624	0.0070114353963417215	0.008360877202097935	0.010301997338070334	0.01102767618326371	0.01240448429137442	0.014686739541179595	0.01696663562698869	0.019176700458513902	0.021743942719045214	0.02473724999726809	0.03013784821708823	0.04260083977556537	0.07259713815288896	0.14172205873635135	0.2780284206033077	0.5243694940769036	0.9057151427244203	1.4528557595242613	2.191712894799725	3.1657843424776857	4.401283717384157	5.908357312033467	7.723655682770276	9.794609106437193	12.082227207838253	14.536880725820772	17.134001326529607	19.871314304039732	22.72440986031654	25.60798959008506	28.44977059583669	31.2698468209916	34.12280318659264	36.948401742829574	39.7086849565039	42.38814981733182	44.940048547065444	47.412577922479045	49.81103804140619	52.1096338047138	54.293572310480855	56.371749022470965	58.374341894689145	60.28088942596463	62.08170017060153	63.77200720182937	65.36335154991696	66.84954748686658	68.25189967906121	69.56933706604664	70.77470991672321	71.90372181900753	72.97135818260273	73.95480966632908	74.8596269112366	75.69026165978588	76.45246696929772	77.16074745185281	77.81293645123719	78.40794875201263	78.95196158918647	79.45287297198477	79.9219578169776	80.35092602188274	80.7398186361537	81.09437125929777	81.41783717846553	81.7166290732311	81.99285131787903
Sin-APnd_012-Ex1-5A-lcwgs-1-2.1 - illumina_universal_adapter	0.0010165524406596784	0.0015338625694892997	0.002275594004208242	0.0029355447935607367	0.0038142112623816373	0.00470143617083391	0.005525899188656119	0.0067887445031519595	0.0073516996433489	0.008329263636798992	0.010015276244179357	0.011698911507217673	0.013362101608914378	0.015406617743075566	0.017802029902123023	0.021731304630659774	0.0295955597141542	0.04691261137049946	0.08604465017834456	0.1629641018341725	0.30393871944213885	0.5244659352991854	0.849524030938341	1.3062123545146092	1.9353803383885309	2.768980916923835	3.836282051784342	5.179824893564392	6.785191799767203	8.633211865618499	10.684200082016478	12.92279500076056	15.345363564227227	17.934351461794805	20.610420056204987	23.306085100026667	26.015506409149175	28.789411757143128	31.57005117072037	34.33703083917707	37.068590929750464	39.70516898182602	42.29833577527805	44.85184608776037	47.33184463396675	49.7194243943449	52.0275504539986	54.29004291353781	56.48991469670088	58.61567419640721	60.660463249698864	62.62743944533095	64.49656652518868	66.2982878099786	68.01044264668187	69.59728671217803	71.10519153426537	72.55392996130558	73.9136667972748	75.18714216926168	76.38205344277688	77.48963820204452	78.52716690277182	79.4945644208776	80.38970018036245	81.2090557116002	81.96734344778605	82.68293883427738	83.34710465514831	83.95301222651078	84.50746931162264	85.01578689774402	85.48329736823416	85.91498886699154
Sin-APnd_012-Ex1-5A-lcwgs-1-2.2 - illumina_universal_adapter	0.0009547414877664333	0.001468247865648778	0.002051172698318921	0.0026797425423563835	0.0035412921319145393	0.004412351098840887	0.005221599112873989	0.006478738800948914	0.0070302826883040246	0.008010224026096167	0.009682448036292653	0.011348966420068225	0.013002647144396738	0.015025767179479493	0.01738932292434351	0.021303858117959568	0.029098694746666192	0.04635155810577615	0.08518880621520733	0.16180681060846358	0.3019365200372661	0.5224751471471545	0.8483382115805274	1.3051520589380559	1.934964778597541	2.769589992544268	3.8397529745237318	5.188011992009537	6.799334145789178	8.653150652615256	10.715240591621729	12.964182188411272	15.395299682131945	17.9827014155545	20.65514836359401	23.33672669125132	26.027129245637447	28.783428456903067	31.556738517873768	34.31179009882867	37.0225522301601	39.636658672576885	42.2087179765536	44.74259047383288	47.202365902659196	49.569584184216566	51.858135190557846	54.09634402858077	56.26627791444444	58.355385420960545	60.35166714029705	62.267960256432154	64.08462029759863	65.83388690588785	67.5055850475159	69.05283159018205	70.52267227653999	71.9337949349937	73.25036205052454	74.47797940109105	75.62636557036352	76.68350926378818	77.67191157009368	78.58946188297311	79.43732985584279	80.21067664202889	80.92508668463128	81.59774200214767	82.22187572164287	82.78878200813631	83.3060474428923	83.77839485818076	84.21378217645227	84.61487107243221
Sin-APnd_013-Ex1-5B-lcwgs-1-2.1 - illumina_universal_adapter	0.002471477923009828	0.0037734714574631113	0.005260248388029279	0.006858867900453246	0.008977798554563491	0.01087061268448297	0.012674682157058763	0.015452511499939951	0.01656364323709243	0.018594437073977777	0.0216889511187498	0.02451176063042162	0.02715890434776245	0.030329398407383516	0.033949086314792154	0.0390920215598945	0.04890438459755994	0.07079331511539243	0.12136196595820592	0.22526068530350668	0.4260898448722723	0.7588956823937152	1.2588885524291218	1.9620215901649427	2.9141368816802613	4.1547014858882685	5.7202605742511174	7.646487067660495	9.89494662756504	12.421095514379413	15.154619998841943	18.063375064110417	21.126765263439793	24.295508135678617	27.490613033869472	30.634870890443104	33.72458056691619	36.81361554085741	39.83082144012083	42.74581659204882	45.555030543783616	48.20937048029083	50.75123872041729	53.199396249429526	55.52507034746439	57.71642211252815	59.77927100591814	61.761424260817485	63.64200925538698	65.41206156355467	67.07274702266841	68.63420683727013	70.08876520233972	71.45944892509735	72.73595511552956	73.89651397978176	74.98101745701018	76.005175175085	76.95068020530846	77.81960528248561	78.61913811602119	79.35590233968968	80.03848004812829	80.66654483119325	81.24021521770771	81.76261976076313	82.24295264999631	82.69192463614053	83.10455993998332	83.47624748638356	83.81295444178741	84.1210473235991	84.40385344862894	84.663599335232
Sin-APnd_013-Ex1-5B-lcwgs-1-2.2 - illumina_universal_adapter	0.002365713742339953	0.003662844555842898	0.005013465299799572	0.006569536003908072	0.008624035605426324	0.01046214412465449	0.012240684312241002	0.014983258928232232	0.016091959304909538	0.018109380659181454	0.021159522375281632	0.023947077160063498	0.026575985673840556	0.029703323085027364	0.033303560108634646	0.03850424016502227	0.04828317199615412	0.07001831896393214	0.12021497165404468	0.2235173998428101	0.42248170592712075	0.7549629568251286	1.2552609626001687	1.9581897660560754	2.910534213296179	4.150700682226377	5.718295427147061	7.648358607386257	9.903401683617442	12.434189606218439	15.178928133032569	18.09902002435664	21.16961556045418	24.332108620591583	27.517292960203626	30.639626631532536	33.702920184283016	36.768579450775846	39.771256147679765	42.66897222855086	45.45344830313103	48.081437154808356	50.59950784644398	53.02541174086711	55.328856517917615	57.498435449926234	59.540640877201795	61.49820699929599	63.35129695393203	65.08935681312732	66.70868604623867	68.22687189926319	69.63763720729413	70.96776522948585	72.21321747608906	73.34438301571682	74.40239985976885	75.4009115875516	76.31762505486822	77.15685106384117	77.92781723531385	78.6334217509727	79.28653805669356	79.8861316085943	80.43288136408756	80.9290746255404	81.38383021041491	81.80820776967255	82.19740354285449	82.5472574721877	82.86302311981892	83.15107186587332	83.41577286512478	83.65793150573072
Sin-APnd_014-Ex1-5C-lcwgs-1-2.1 - illumina_universal_adapter	0.0021877537323534172	0.0033326192653811222	0.004637929136766629	0.005884772003496327	0.007434827475766616	0.0089862426458196	0.010298351006118572	0.012645189379047099	0.013388944066180299	0.014730965777698522	0.01672972151825758	0.018648255089637737	0.020496084376317843	0.022691996295367424	0.025418870198558707	0.02984672602789923	0.03938432612460094	0.06114696898549753	0.11416362507938085	0.22503202258240465	0.44295282576132367	0.8019613096636237	1.3485006714527574	2.119177374683284	3.1625271914062205	4.516155283197515	6.200119911747455	8.249639969023365	10.59765855962727	13.202802119578486	15.99316575103485	18.94181588046788	22.038997356135646	25.260621772119954	28.494701699642626	31.662951179167308	34.7806600122604	37.897523793181534	40.948644826611684	43.89886540698372	46.73958272642656	49.41834508327503	51.98430215312903	54.450555303973694	56.7843460169795	58.97421815847835	61.03257081255064	63.002216103431124	64.86658339424213	66.62018222533715	68.2529222794708	69.78524457325919	71.20581058689248	72.53459428079839	73.76042097874989	74.86640051489036	75.90053905898444	76.86673282502845	77.7463838667507	78.55237871988669	79.28980197429478	79.9599011526906	80.58114638975425	81.14429106071452	81.65083559207463	82.10898236070865	82.52625525429714	82.91276498555219	83.26390421853716	83.57806239122843	83.86077211390378	84.1172063567775	84.35097783685816	84.5623367385378
Sin-APnd_014-Ex1-5C-lcwgs-1-2.2 - illumina_universal_adapter	0.002112970354305289	0.0032605552828983806	0.004327918042312571	0.005542128162257631	0.007059550887743283	0.008570175124315469	0.009863247715656736	0.012189690621844863	0.012937524402326143	0.014274107322713595	0.016264025027685147	0.018182558599065302	0.020031067734636757	0.022224940107012293	0.024978328116966098	0.029421140621916246	0.038898234167288104	0.0605208281565673	0.11318396282695038	0.2234697298300901	0.4390368961471671	0.7974736271318447	1.3440191075610006	2.1139982858290054	3.156919797750394	4.510164454766968	6.195374566485857	8.24750660320232	10.600305891210173	13.209088002427876	16.008805674780277	18.966050453897715	22.06878017636776	25.282694426075306	28.504798135528013	31.649478613687492	34.739549549800664	37.83123240763522	40.8683104823657	43.80002149682194	46.61435728003608	49.26544366836672	51.806861592487564	54.24986527094596	56.56059618940617	58.727652602111434	60.76289991176241	62.70743294429434	64.54373403332389	66.26332682287374	67.85491426391638	69.34488741056504	70.72348703198438	72.01296050329486	73.20926204374406	74.28689120126649	75.29493102627065	76.23673181409315	77.0897892067326	77.86852347902337	78.57915320877458	79.2203962009772	79.81417214358598	80.35021599819052	80.83202830673233	81.26666658055248	81.66168530053162	82.02710000053708	82.35797021867543	82.65366301562884	82.91854166158197	83.15828425447532	83.37692093853684	83.57431506413931
Sin-APnd_015-Ex1-5D-lcwgs-1-2.1 - illumina_universal_adapter	0.0012620278812460306	0.002059539956978001	0.00294379896024573	0.0037469076119477493	0.004793467318346897	0.00576167496116536	0.006538199877009646	0.007886974685791436	0.008308117027537617	0.009197972606775394	0.010480288075912853	0.011891324792361435	0.013270880768978494	0.015044295779487743	0.0172528445716683	0.020607991865712622	0.027172075906583742	0.0421492127744309	0.07828770295702926	0.1531020309526469	0.29630301944228105	0.5328947707161178	0.8971591108786916	1.4204417623662504	2.149312533397567	3.1263732598286507	4.382004254740915	5.966090598043392	7.857596859380656	10.02208101066103	12.412410088208754	15.012376408014566	17.818543672432856	20.794087810724697	23.855145531122893	26.931035576985714	30.021465527218723	33.15848977069037	36.27801352110368	39.35611701276265	42.36431647226773	45.25748460885643	48.064524239554046	50.79615770434722	53.41526781183058	55.90638352730693	58.27386038602495	60.558583474161836	62.73573547515042	64.79778549645098	66.7507211747795	68.59793893217778	70.32327235938436	71.95335766015666	73.47466231379912	74.8629027771777	76.15906277612106	77.37766682441548	78.49717370115224	79.52872968694768	80.482576515827	81.35683303869226	82.16434269782273	82.90388264136895	83.57650852347328	84.18718660573711	84.74618240763354	85.26339697162558	85.73388782155968	86.15792569179835	86.54059227332243	86.88985149373732	87.20975947147727	87.49941375866713
Sin-APnd_015-Ex1-5D-lcwgs-1-2.2 - illumina_universal_adapter	0.001203263833560517	0.001985385325374853	0.0027073436255111633	0.00347127624542284	0.004478659920031645	0.005430077834939961	0.00619540959884415	0.007527394679715792	0.007955532741424534	0.008855182328609898	0.010116510637859673	0.011503761906435548	0.01289870846697024	0.01467422219346826	0.01685968510977236	0.020220428979786736	0.02679290788461293	0.04163782564516768	0.07761541426862714	0.15234299533670903	0.29438269431255804	0.5311717248893388	0.8960677785645319	1.4199254782330133	2.150077165589475	3.128239018342666	4.387699470362437	5.9769388609893355	7.876118727553532	10.048352737408432	12.451977180745004	15.065750953040922	17.88145478291218	20.85436013563414	23.910907715372474	26.969970956009345	30.037732674847668	33.1559251397521	36.266457990869526	39.33078760949421	42.31666442617075	45.18554342304943	47.96957483036219	50.680881531232146	53.278376263175176	55.748482432459966	58.09503719148595	60.35562854361199	62.504872518953924	64.53323185248681	66.44082197358998	68.24169868281227	69.91926253582648	71.5042002582484	72.99084251862037	74.34641926592175	75.61078301806329	76.79887103630902	77.88413176511304	78.87948280138625	79.79629848621575	80.63107046604031	81.40041497491504	82.10271460238454	82.73979033435512	83.31584729809624	83.84233328975466	84.32776489881277	84.76909548922693	85.1656688624646	85.52225260168026	85.84690787498681	86.14497171714368	86.4138564113367
Sin-APnd_016-Ex1-5E-lcwgs-1-2.1 - illumina_universal_adapter	0.0024310994310070837	0.0038717965128437716	0.005514265004946229	0.0069697258485096805	0.008822577945218521	0.010658205653246136	0.012378183894414104	0.015076261349980163	0.016060512131764407	0.017928743146938625	0.021072194081262055	0.023893918041289763	0.02668365385090948	0.030056558248736362	0.03396833994959012	0.04040657037593631	0.05438047085031812	0.08635754843701099	0.1612184325860434	0.3100974361522054	0.5901832204975934	1.034257488223009	1.6893385143310236	2.6022514146082845	3.8352174476954985	5.422738294434636	7.374502058302145	9.721220439473388	12.386995399538026	15.305889517997382	18.383777662275946	21.584038936567225	24.899412030728605	28.30941161020746	31.693806520754933	34.96838734126526	38.14569650248207	41.29671694047416	44.35588094394276	47.282715505584164	50.07555355063671	52.68691728201411	55.17111581238497	57.55024126570319	59.78895411764883	61.881551865254885	63.8415851811596	65.70627227836266	67.46167247485356	69.10139244664788	70.62736132527793	72.04826758451989	73.3615023446453	74.59178813982237	75.72434029299521	76.74416620413032	77.69207967736456	78.57995692869366	79.39185986217683	80.13224405807188	80.80960483093907	81.42480647599612	81.99145933608494	82.50653068848416	82.97109705748633	83.38983363430492	83.77241437381142	84.12902258065682	84.45308038383516	84.74357338988445	85.00528813338784	85.24209333507449	85.4591095596366	85.65601877104035
Sin-APnd_016-Ex1-5E-lcwgs-1-2.2 - illumina_universal_adapter	0.0023781959514861807	0.003804129271596105	0.005093497795733465	0.006497285473253243	0.008304615971304562	0.010135322425423256	0.011845458158773381	0.01453246279304437	0.015516713574828613	0.017383714276525603	0.02051055597890642	0.023323667744593518	0.0260998701059637	0.029466007779665817	0.03333964976272544	0.039757580016697325	0.05365827683918393	0.08544896193407642	0.15965777994017674	0.3078785657960206	0.5854071435789854	1.0295404663513077	1.6858690303252342	2.5988040762450852	3.833259403796487	5.422014870110024	7.379047451443771	9.733566020060655	12.410045322533936	15.338745654563557	18.435113107270123	21.652291191873317	24.98043678539856	28.388725613987326	31.768230643619546	35.02623606580789	38.181231031488174	41.31318407121015	44.36284574853736	47.2764076883864	50.04934172200432	52.63917004627628	55.10369463383275	57.46547881868942	59.68695990007296	61.762536875878276	63.70586130444872	65.55148530947884	67.28409210333383	68.89594055361498	70.38543371342884	71.7694324138241	73.04655316729564	74.24155111131878	75.34734456151861	76.3426214126858	77.26702790146734	78.13239349194683	78.91993744889432	79.63478218247226	80.28618088034293	80.87385733713066	81.41465515949551	81.90386901354375	82.3440025872016	82.73984426052243	83.10003267958658	83.43464964818324	83.73808616716973	84.0093764404664	84.25271214609018	84.47243136936179	84.67405145106986	84.8566422742256
Sin-APnd_017-Ex1-5F-lcwgs-1-2.1 - illumina_universal_adapter	0.0011593673666129634	0.0017830584499610367	0.002544841719646518	0.0032383376444398743	0.004124555631484339	0.004968283715040369	0.005737654467491643	0.007526782903665313	0.007951681938549645	0.008974474615378359	0.010503352392685374	0.012128591201117946	0.013622566557702321	0.01562035076993526	0.018113597606774397	0.02234968923491587	0.031362101264123185	0.05274969768433668	0.10458282745056573	0.21219381927295888	0.4200218009624813	0.7642545128222996	1.2923971844490352	2.0391701369789508	3.0648255710551977	4.408804739590915	6.090026272114326	8.160508432971145	10.566745052445288	13.248275274117542	16.127458663090394	19.179472769495554	22.378759916384727	25.701425603031886	29.049403890934002	32.33484918087357	35.56358334837678	38.790406987719564	41.95363917525398	45.01545630939254	47.964367147486456	50.743760721871894	53.40537759502533	55.96986710129387	58.397131670505125	60.68144806440887	62.83669530648028	64.89062537368352	66.83953329818407	68.67053629299386	70.3853969303594	71.99326874948936	73.48814246403322	74.89275017235727	76.19177198800911	77.36830299938657	78.46446132332255	79.49296965091872	80.43697238921092	81.30223526635282	82.09571903903378	82.81991088410442	83.48871562248134	84.10097692179102	84.66113725319283	85.16944776236636	85.63422281292631	86.06515237911289	86.45949055091316	86.81343979320286	87.13317631695332	87.4254400831054	87.69229716321622	87.93524912012515
Sin-APnd_017-Ex1-5F-lcwgs-1-2.2 - illumina_universal_adapter	0.0011259824424434803	0.001737533553366287	0.002314182243566452	0.0030183006442319167	0.003860511231234789	0.004675406880280812	0.005425050177541027	0.007200521144736272	0.007626937676173762	0.00865504159093853	0.010169503150990543	0.011787154476657322	0.013272024853922747	0.015262221583389897	0.017763055902994825	0.022009770007008406	0.03096755216030202	0.052228437618326795	0.10386581032919842	0.21100106698217647	0.41746102552902664	0.7615412289852524	1.2899441512708547	2.0366306064972406	3.0618626590351563	4.405778851463917	6.089163575323855	8.163425061346315	10.57520206073604	13.26061252109472	16.150859977436646	19.213481384748384	22.42043492422411	25.73606170310945	29.072285462710802	32.33516406140835	35.53619101809572	38.73764742630763	41.88639131550077	44.92875035008645	47.850259752919996	50.6024317153866	53.23840062054683	55.77884008269264	58.18190285812585	60.442729164134974	62.575817162788894	64.60471233060642	66.5245397099105	68.3211865827568	69.99260888128819	71.55602336264853	73.00717344900622	74.36884435110693	75.63527185829349	76.78131636391802	77.84830764535401	78.85015962849742	79.7649444881551	80.60125656605584	81.36670003742753	82.06087883566981	82.70084355205395	83.28575576973435	83.81986827280122	84.30328349227187	84.74464432976487	85.15327959534073	85.5269684327939	85.86091100052676	86.16176455591798	86.43553079783536	86.6859784289686	86.91311579554878
Sin-APnd_018-Ex1-5G-lcwgs-1-2.1 - illumina_universal_adapter	0.001638166203750043	0.0025669707180257686	0.0035349006971885665	0.004480716283154324	0.005697007908991583	0.006770406532632577	0.007658384474852227	0.009456454752488568	0.010041635618625654	0.01140167080024368	0.013192086095619508	0.015059901767184976	0.0169013502776309	0.01930501470743236	0.022321077718074962	0.026855378877052888	0.03568157342342578	0.056259016293272505	0.10482222375397472	0.20598706709459264	0.3976610184691927	0.7108161361038154	1.1799500228322604	1.8398792390825154	2.7331816467411447	3.895525210374222	5.360898901772016	7.165757447566263	9.278083459175573	11.665506568280978	14.270129592385462	17.069652717610563	20.04580180019326	23.158530225714465	26.329502859595173	29.491265699262897	32.643067705902524	35.81190119751821	38.93758015191703	41.990739206594085	44.96450503803301	47.80621987381731	50.55062542565954	53.20424543955282	55.73221912628278	58.125784933375456	60.39210622311953	62.56497293776649	64.62922566077977	66.57655278253162	68.41362604533886	70.14096173522731	71.75162103605456	73.26339922991559	74.66041563083417	75.93393845571178	77.12010092192523	78.22711852654724	79.24198460416359	80.17267989905767	81.02828407074401	81.81160734826584	82.53194117898022	83.18942590422861	83.78841891002443	84.33398099019544	84.83010719492803	85.28797634998334	85.70475696247854	86.07907623892825	86.41765865597156	86.72409780250295	87.00419870673667	87.26051132831907
Sin-APnd_018-Ex1-5G-lcwgs-1-2.2 - illumina_universal_adapter	0.0015667197026519105	0.0025312474674767022	0.0033494800157672223	0.004256170136845906	0.005406118583092042	0.006465908349381011	0.0073436796485866415	0.009128141068870957	0.009703115291994024	0.011047840509091023	0.01282804916145283	0.014672049332652256	0.016517750611020683	0.018929920576667165	0.02187793930054964	0.02642159654895708	0.03521887227345692	0.05570190369542397	0.10401504840228272	0.20493323120339518	0.39559332270526937	0.7093429772954587	1.179803727615726	1.8404465583233778	2.7347432631222897	3.8988015427817224	5.367700778787276	7.177701771553419	9.29794728758802	11.692426589230454	14.308330505526182	17.11873306165064	20.102612825762876	23.21146783026026	26.375999221845536	29.519672487878083	32.6471410070187	35.79368233973818	38.90550322458473	41.94166311532193	44.89041161417991	47.70467483302443	50.42335284004265	53.05412018022754	55.55885078915382	57.928848606973546	60.172176031114205	62.31803596834607	64.3505273194069	66.26152219424316	68.0527548716137	69.73287463091928	71.29704097171052	72.76459037917746	74.12615485614043	75.365544965672	76.5191720561711	77.59527458965724	78.57560138731412	79.47114415311435	80.29108886577046	81.03812837793103	81.7229447920638	82.34553980927595	82.9116138396908	83.42499182277783	83.89086808927763	84.31973081544069	84.70895008958371	85.05784036551758	85.37233680615495	85.65585438413763	85.9150435779428	86.15118787292948
Sin-APnd_019-Ex1-5H-lcwgs-1-2.1 - illumina_universal_adapter	0.001019640401877458	0.0015384257880612995	0.0022747663361932036	0.0028270217472921317	0.0035454319249338105	0.004284163189131078	0.004883037563504591	0.005962445867016132	0.00640711905517371	0.007213388048217492	0.008614347662520401	0.010143808265336587	0.011693589954708362	0.013668321424698468	0.01599926958842771	0.019763452033342264	0.02717108576187053	0.04390131678728307	0.08405638150014182	0.16594378584998276	0.3238338469547728	0.5818040639878024	0.971225413158769	1.527745861718305	2.297955684348212	3.32026651607068	4.623409384880231	6.260674547231847	8.20437751108862	10.420816949756137	12.85857274442155	15.501912788016737	18.33709165852389	21.334980871402617	24.406595583984036	27.478778091630986	30.557251170924914	33.693694931050786	36.809484697408976	39.86430283659418	42.85152108831515	45.718946534790945	48.49952085268618	51.210787714167516	53.81146005046514	56.29237843065365	58.65376877740119	60.937886399484064	63.12474550827484	65.19771927121795	67.15778190511	69.0094578401047	70.74025558476055	72.37866410707042	73.9053042626085	75.30079152783779	76.60565630989342	77.8385677105298	78.97541774894384	80.0207493833387	80.98353018967559	81.86667325548014	82.68357077447152	83.43307819133341	84.1160687151087	84.73832847635458	85.30721968519433	85.83570002270224	86.31783573160406	86.75150684442883	87.14672627773733	87.50418136239833	87.83191267421866	88.13130742619525
Sin-APnd_019-Ex1-5H-lcwgs-1-2.2 - illumina_universal_adapter	0.000983779660897008	0.0014786578864272163	0.0020344993716241893	0.0025592615479714392	0.003263327429220938	0.003992495829156752	0.004579416623203448	0.005648066704420855	0.006096325966676478	0.0069019972807039184	0.008298773141892441	0.009831819818806674	0.011386382940309175	0.01334617243489076	0.015665764697309528	0.01941440748779922	0.026755101166497305	0.043433334117488204	0.08329015700119287	0.16468029240943827	0.3213630419012198	0.5795436419480013	0.9698184767543025	1.5268612967741206	2.2982276283006464	3.322420551245573	4.630513397668459	6.273776866628071	8.22559631152675	10.450754094005633	12.902978502298627	15.560087277393254	18.406899372274466	21.404331360705694	24.47274490447559	27.528935314682307	30.585894340104034	33.70269358632082	36.81007998570926	39.8511987241609	42.8163476782035	45.659351362392584	48.41682180023215	51.10729361569794	53.686430381678775	56.14619331540487	58.485687691388776	60.744006498731295	62.9002160298851	64.93558980591018	66.84747174125798	68.64944110317967	70.3308681703697	71.92184488594276	73.41138411654148	74.77202789047614	76.04457258204411	77.24663418257306	78.34867360203835	79.35878819575336	80.28620313933533	81.13091484671016	81.91051002293366	82.623787333183	83.27211307168955	83.86006785043452	84.39614887199323	84.89382303996187	85.34720381370852	85.75424533796024	86.12381298556639	86.45682419381707	86.76224594099445	87.04023422132178
Sin-APnd_020-Ex1-6A-lcwgs-1-2.1 - illumina_universal_adapter	0.003963513860080129	0.006169281268185778	0.008912183289755257	0.012208571054574372	0.016757455360986467	0.020606511312565932	0.024413054326702294	0.030664091243817117	0.0329949447947842	0.03642990838453805	0.041632429104137864	0.0461825397452839	0.050226174141314486	0.05500356548648327	0.060028676447907055	0.06681357775252854	0.07869839643734389	0.10132468105670189	0.14814041830294128	0.23743271172851088	0.40289388181355973	0.6699491178185317	1.0632681868077662	1.6169260256984002	2.3814047038128963	3.3957306889457786	4.713278156500375	6.404651693670053	8.448982353509185	10.81649799890377	13.44506842445018	16.288550741892863	19.329768089391823	22.517776478208148	25.740054382386067	28.906586788563466	32.028274177412065	35.17722993662621	38.267613087499875	41.25641934113989	44.142895728019624	46.861354036894056	49.462240364600106	51.95994288779282	54.33082931859275	56.54825998757461	58.64203605510779	60.65607379434924	62.563550811998326	64.36197560465395	66.04986716873574	67.6390845698991	69.10445974039949	70.48652140808048	71.76348945928915	72.90830972346012	73.97761147715886	74.99138888188743	75.91761784118208	76.76392166052722	77.53889817274245	78.23854830026042	78.88548197657067	79.4758227575793	80.00688047365821	80.48406775754482	80.91942271976566	81.33008624967519	81.70439140739299	82.03711400695252	82.3364868422009	82.60750191306175	82.85678469732429	83.08384506987316
Sin-APnd_020-Ex1-6A-lcwgs-1-2.2 - illumina_universal_adapter	0.0036961728880821497	0.005863515141191147	0.008334988408316195	0.01148585111804161	0.015906379055635102	0.019646699994138938	0.02336903468987838	0.029597997581782363	0.0318904259777528	0.035300045316338645	0.040429394730146964	0.04493494854262667	0.04894383678786241	0.05369424876888461	0.05869442425738503	0.06548136945322974	0.07730446262310367	0.09988373774432747	0.14642314089718667	0.23533894955943802	0.39884942986103983	0.6653851087170677	1.0590438724276026	1.6120505275745165	2.3773500324042605	3.3931938111595104	4.714080179416369	6.410983668679608	8.463243400130125	10.838522970725256	13.482010940753504	16.339244558346053	19.3923446806386	22.580319140860624	25.800471398166387	28.9504294816364	32.05080766936989	35.179138522250454	38.25901688979323	41.23301923930342	44.09755772412778	46.79374702056867	49.374965800590104	51.85504793754738	54.20716490646618	56.40598308441287	58.48152845979135	60.475240927152555	62.35806616398007	64.12664278676817	65.77564727643687	67.32372441750266	68.74839672062723	70.09199807838252	71.34081806844316	72.45956318594472	73.50491462228968	74.49603549280879	75.39653472305073	76.21748693321946	76.96760850182554	77.64074772506527	78.2614815773415	78.8261384124608	79.33304060450715	79.78734325592379	80.20124349197442	80.59115662062928	80.94601497091458	81.26104728315882	81.54381268466199	81.79908161753912	82.03448842428716	82.24895433911853
Sin-APnd_021-Ex1-6B-lcwgs-1-2.1 - illumina_universal_adapter	0.0034664872963745094	0.005315799262191962	0.007467277909661214	0.00990276730082894	0.013048931977598321	0.015838462158855923	0.018647445130777804	0.022955589836560118	0.024434001927045316	0.02670738472934405	0.029852252553402483	0.03267939146327769	0.035183614048125866	0.03826234238392574	0.04169770521523741	0.04689808458615465	0.057490777529210016	0.08017467672282572	0.13113320714697085	0.23011678716308787	0.41343015998792054	0.695842532720145	1.1002070438321563	1.6508941494681628	2.384484822472341	3.3293425284859213	4.509839020505822	5.959739155714389	7.645756615579618	9.54456880094775	11.608624661892666	13.837590258841296	16.230017007315507	18.766317243969084	21.367657237782318	23.96782422831849	26.58591891073087	29.281122510057386	31.97483926775079	34.63134867274063	37.245079445780654	39.76213957561455	42.228466827396	44.66157649383913	47.01542446786794	49.27114737837529	51.44620734711413	53.57914359452219	55.63690388398179	57.60954135519993	59.491598203542566	61.28958203591325	62.98505355204132	64.61073364267679	66.14151199720388	67.54336568475074	68.8744248312331	70.15483085610474	71.34922312492249	72.45217301223832	73.47848603702678	74.43093681566299	75.32449621584215	76.15321362890008	76.91248328243381	77.6041266060759	78.24794135331172	78.8580800777759	79.42403373352522	79.93520573705851	80.40188596621084	80.83017027715	81.22839094854388	81.59596180296711
Sin-APnd_021-Ex1-6B-lcwgs-1-2.2 - illumina_universal_adapter	0.0032927090331069508	0.005121271355549173	0.0070600661584223085	0.009442384588441004	0.012522409776951838	0.015248394175372796	0.018041814914763254	0.02238108408560841	0.023833559121874574	0.026092028117997358	0.029173998585574623	0.03199141110011769	0.03449109470047754	0.037549073392902185	0.04094358536381887	0.04612062138593897	0.05673082184059219	0.07930124642199958	0.1297695665214049	0.228238296011274	0.4093016293826051	0.6914436083245961	1.096208198497936	1.6468324067774611	2.3806266856572593	3.3257846130734245	4.508537628810382	5.961030821014496	7.651189780012151	9.555181595107825	11.628744034850374	13.866295445171861	16.266423553470062	18.800025039632146	21.395734098974422	23.97865489373401	26.574691408385803	29.249460499545847	31.93080982136126	34.5703395338066	37.16055707034437	39.652740971476774	42.09530858474088	44.50571554762608	46.83790413610293	49.07009306046463	51.221965302731654	53.3292160853466	55.35628051956432	57.29224753510123	59.127111913292325	60.875921684569136	62.52163166532527	64.09988325861582	65.59393409594239	66.96247358262396	68.26343342611148	69.5159765704883	70.67821402476436	71.74909663509648	72.74254741218942	73.66010507178476	74.51897560722503	75.31366036301579	76.04129588837128	76.70148794006735	77.3149096471693	77.89599951933451	78.43392040688391	78.91935961050015	79.36049573180483	79.76411131047627	80.1397025504904	80.48598038025251
Sin-APnd_022-Ex1-6C-lcwgs-1-2.1 - illumina_universal_adapter	0.003260373562745743	0.005200994716244456	0.007382161875369474	0.009761616958051313	0.012755439541589527	0.015307177574246962	0.017667128926742885	0.02252030712133849	0.023807553313608995	0.025720544182677656	0.028324292162497537	0.031036935969188786	0.033390386078289404	0.03636633024249053	0.03995176597500155	0.045219398436047886	0.055067156869087	0.07407679255696048	0.11633812524814433	0.20167507136577406	0.36530324107137113	0.6302906712423284	1.0306648698096754	1.5962957995531435	2.355151809559337	3.3366737805438977	4.577566107405872	6.1121439780965305	7.91033426598004	9.940799352580179	12.166487026476249	14.57759666324983	17.152893576661004	19.87085214982792	22.653431457033314	25.42544949434304	28.21078207812635	31.071590847107466	33.9133964816441	36.705282318769875	39.44130134608895	42.07208312125736	44.63720396344402	47.138277806321845	49.54075054124476	51.82922234792015	54.0148509853252	56.141081012449035	58.18282738165088	60.13300861356239	61.982376689453744	63.73508915447624	65.37190720411232	66.92090645796462	68.36926483874674	69.6860494303838	70.93942739518647	72.12174189374588	73.21087569603125	74.21664567956944	75.14961148894531	76.00245109878489	76.80006914722475	77.52915921434553	78.19046894313772	78.79511708511811	79.3555957794708	79.87909702670184	80.35959905011633	80.79408527277884	81.18797610637023	81.55153701421165	81.8827461096072	82.18809813470875
Sin-APnd_022-Ex1-6C-lcwgs-1-2.2 - illumina_universal_adapter	0.0030425819090030065	0.004970200575711107	0.0069010698641168615	0.009170003809078505	0.012170327636012026	0.014676556964902322	0.017013753965514675	0.02186693216011028	0.023121672135404257	0.025059042667205315	0.02768066906636229	0.03038843694050706	0.03274838829300298	0.03573245901144824	0.03935202627178461	0.044627785287075075	0.05443491094889353	0.07347705285374354	0.11533043252187197	0.2001879119390979	0.36161703606623286	0.6263769227183545	1.027495513654464	1.593118316843688	2.353255071798757	3.336436485159969	4.5801210960602265	6.118822380374358	7.921607422027499	9.957522175903753	12.19311774473427	14.614193787632853	17.196695704036877	19.91212529352301	22.690298383017243	25.44428684708094	28.206986977294342	31.044597684530153	33.87291648964323	36.64748789029646	39.35878268898318	41.963821165617034	44.50538637767166	46.983923660319654	49.364568470542835	51.63124648404631	53.79524548467517	55.896349831387	57.90857567964161	59.82365994908356	61.627028477331436	63.332506158465335	64.92190576408692	66.42486971345704	67.83915020167183	69.1253204381604	70.34892595883426	71.50340213317497	72.56081474362378	73.53493342369195	74.43639095695247	75.25622537938494	76.0207992329573	76.71555623370747	77.34502449766029	77.9182196240942	78.44928831863737	78.94433199821631	79.39796925861056	79.80732167430682	80.17624610794937	80.5155037426683	80.8255236605277	81.11055442408637
Sin-APnd_023-Ex1-6D-lcwgs-1-2.1 - illumina_universal_adapter	0.003195464862114061	0.0052438696334182276	0.008070179116053369	0.010167494063818464	0.013019423162695044	0.015052689069856542	0.016924085583492583	0.019296229141847664	0.020244154942780916	0.021848292277898307	0.023836141592631796	0.025751790170684873	0.027411824850329038	0.029427040573320427	0.03161635323395251	0.034415878572335246	0.038972676679278506	0.04835062075165625	0.07036078242308001	0.11545712964806798	0.2062233541434489	0.34874295023855356	0.5672555684818165	0.8834371510055117	1.3267438515832342	1.9328806812954675	2.739681408426758	3.7919955002637655	5.098375250519089	6.657882631879886	8.440099590435498	10.431798252509267	12.622159570615231	14.996173360955938	17.496724764969134	20.07297456554371	22.712982274719145	25.449565456372703	28.23043738507564	31.006940004681404	33.77839905347163	36.482368463649834	39.14162640311069	41.77508888260044	44.345571940464666	46.81664157108803	49.20388439963341	51.5491506514952	53.823217660766005	56.012865705465245	58.1043504437434	60.09944719855319	61.993913594350644	63.81285452599634	65.52799583564783	67.11468388304877	68.60873139812068	70.03494748560934	71.3683244887431	72.61026449924714	73.75756914093932	74.8240246786776	75.82365668782614	76.75185072614144	77.6116188453239	78.39583820979438	79.12055485101611	79.80187477364487	80.43048466491288	81.00052927798099	81.51892765602638	81.99542631623689	82.43416049757953	82.83907853227547
Sin-APnd_023-Ex1-6D-lcwgs-1-2.2 - illumina_universal_adapter	0.0030009886842813174	0.005033090063431841	0.007203770275888331	0.00920908751078644	0.011994638513037474	0.01398365235578194	0.015816619445055823	0.018184104891367004	0.01912504352423441	0.020709966147170723	0.02268558791778898	0.024574452351589636	0.02624030967128868	0.02826833520240079	0.03046230597507677	0.033278716969618635	0.03785764110877041	0.04722976254109328	0.06895170352980085	0.11363930142293678	0.20229481889842638	0.34484818630584935	0.5639110440342977	0.8803319370642482	1.3246989403959628	1.9321289784643836	2.74174553432621	3.79839341715606	5.110157362670122	6.6756591519674116	8.467958594042042	10.46994062071672	12.669657756862854	15.045256469826498	17.544214217256673	20.10669754994952	22.728359867104064	25.448020709966148	28.22007250351396	30.98406634548984	33.734336807120386	36.41588847082333	39.054150552510315	41.66858231524472	44.21932021841887	46.67023885634033	49.037880349404986	51.35831537048877	53.60196781943294	55.75521737662117	57.798719484999125	59.74195747842421	61.58447719097211	63.353183877808405	65.02921917232337	66.57913666551379	68.03912290079269	69.43141395826564	70.72546543273279	71.92698642276792	73.03286938537377	74.05418490608665	75.00869378386594	75.89235394198555	76.70811280084125	77.44946181337973	78.13402203519902	78.77621672797906	79.36701090114671	79.90213073690168	80.38656449097898	80.83022404354404	81.23940192170411	81.61640097960097
Sin-APnd_024-Ex1-6E-lcwgs-1-2.1 - illumina_universal_adapter	0.00405634416438047	0.006617876378911389	0.010519826820772188	0.013130484310650276	0.016832424702883316	0.019909772308559504	0.022425688195982337	0.025762697971350702	0.02735576047189459	0.02969622894736325	0.032985867921503986	0.03611935869900551	0.039116000495182775	0.04279162377562269	0.047193599341552886	0.05276405467109786	0.0615118626311329	0.07876009770034761	0.11706904010054119	0.19325356979340155	0.3418206837620753	0.5784588895835047	0.9328433625156184	1.4306508312979096	2.1105972763263052	3.009554725697095	4.167916437064487	5.633781318415718	7.409989863350328	9.474265513972492	11.769859804885634	14.27715596095916	16.964287468759835	19.801415986936604	22.723901425503204	25.669545922447753	28.630259597605043	31.628938338235102	34.619690364793065	37.55879418221996	40.435152741709686	43.20573405653225	45.89550078446047	48.51590086912437	51.03411687211792	53.43523225447679	55.72556487750543	57.93542503609304	60.05273493040072	62.06940117131499	63.97518289340012	65.77640497585703	67.46873035866223	69.06751770825818	70.56246124366669	71.93814966422173	73.22528626701524	74.4372980424841	75.56110889501535	76.5967977759444	77.55106151298548	78.43128117875958	79.24773974608127	80.00319700274062	80.69012976371303	81.3197052567694	81.89786939470082	82.43645084202126	82.9321985581872	83.37792621720502	83.78329570805101	84.15155105337223	84.49255766114283	84.80542952193247
Sin-APnd_024-Ex1-6E-lcwgs-1-2.2 - illumina_universal_adapter	0.003926513079534382	0.006417866329283633	0.009396963384265484	0.01194445980584007	0.015537622802661523	0.01856233618475146	0.021015091003870792	0.02433104708980465	0.02593463643506579	0.028243524376382702	0.03146473885986131	0.03449822461254895	0.03746854929693309	0.04104241307843959	0.04546895128204337	0.051049933456305596	0.05980826826105789	0.0770021146325668	0.1147864692710174	0.1902709637901806	0.33587652544506796	0.5720340053577428	0.926837797604427	1.4245750874219363	2.1057356285410553	3.005812432400112	4.1675146624911115	5.637699059124655	7.4202868719579165	9.493076985482219	11.803172004993375	14.323507412723334	17.022811461965386	19.86074879271127	22.78137975213351	25.71411658298059	28.655285416446187	31.635429892477404	34.61657968217912	37.543923259582726	40.40010712117184	43.14938034781257	45.81842322744076	48.42079433605225	50.92053572656703	53.30178870741857	55.57351337793534	57.76144611897693	59.85190554135913	61.83532976113045	63.69817248361391	65.45538533725625	67.10186631131782	68.65696550086307	70.11761257618278	71.46105376242062	72.71636595915977	73.8978323402074	74.9869467125506	75.98665308376195	76.90399742190556	77.74423788591764	78.52292788886797	79.23942353875465	79.88886669674069	80.48237371084751	81.02543608506926	81.5301982892614	81.99412861726947	82.40963545957818	82.78637719621561	83.12709080680827	83.4430786136342	83.73150714099037
Sin-APnd_025-Ex1-6F-lcwgs-1-2.1 - illumina_universal_adapter	0.0022460318159332007	0.0034563389167461133	0.004872614000679537	0.006559589862428492	0.008548652099420863	0.010361170350881367	0.01202656861439865	0.014949352374870674	0.01586541949979714	0.01734446577858634	0.019404145609791458	0.021443228642684525	0.02334303808699134	0.025691073094565177	0.028514796063155434	0.03259394292886118	0.040481535882457176	0.05783875205999859	0.0990568686820915	0.18405200891656975	0.3436840614344038	0.6023837714334451	0.9918584387152172	1.5356855125475009	2.264335504033177	3.2127935463051434	4.418211359518743	5.916596070323118	7.694662743806999	9.734001765479087	11.998733512679792	14.473557506663015	17.14623630683164	19.98283129356701	22.910886853607	25.88032530465558	28.879541822063786	31.93686877310973	34.986986844746454	37.99760614202018	40.955129835645195	43.809738193704334	46.58919373872239	49.287430223196516	51.87567882388437	54.34536538788862	56.70203437715488	58.97150436876727	61.13287549723859	63.18417831633022	65.12852686578697	66.97047794203539	68.6938061720052	70.31584719427569	71.82717748321915	73.2128025696644	74.50710341399386	75.71549991656335	76.82909033730239	77.85306212698586	78.79907699665804	79.66866891739325	80.47281990589147	81.2127245764548	81.884737295782	82.4966554232341	83.05597325099689	83.5736394485731	84.04467645637067	84.4695697703498	84.85389425725366	85.20381620617687	85.52405326473279	85.81475941850883
Sin-APnd_025-Ex1-6F-lcwgs-1-2.2 - illumina_universal_adapter	0.002144028624292566	0.003346489325748507	0.004566604425757634	0.006210425091043243	0.00815044733205454	0.009929618386247913	0.011549899853462607	0.01446483721457766	0.01534951874207624	0.016812872222151495	0.01887745605295472	0.02091653908584779	0.022797713331681797	0.02515947953813033	0.02798516410655983	0.0320878501703365	0.03994994232602232	0.057335601701232766	0.09828595994526901	0.18286818341358663	0.341429202419194	0.6002358196094741	0.990628515616012	1.5341633110722483	2.2637077920846194	3.2126277911187273	4.42052310492929	5.922745685819146	7.705686934903544	9.749451325812965	12.023726256231587	14.507400988689474	17.18653835632881	20.018708954626764	22.94027456159862	25.891424036546017	28.867108221482745	31.901568803202633	34.937951752764974	37.931738561818165	40.86349173755512	43.69197060495563	46.44680316799159	49.12213503194279	51.687130828136254	54.13406577640504	56.466537450854325	58.709985839799245	60.841483764318724	62.856368501594886	64.7545733572332	66.54872514939888	68.22389316091551	69.79962081098148	71.27566682281656	72.62744450403568	73.8884981926898	75.06600832499049	76.14536686693489	77.13509893142438	78.0455705928094	78.87944178047198	79.64781711110209	80.3525002757519	80.9933059032366	81.57435041081882	82.10446786337465	82.59469618319946	83.03948796594787	83.43964942915386	83.80062401237126	84.12800129434204	84.42804662495271	84.70002146186384
Sin-CPnd_013-Ex1-4E-lcwgs-1-2.1 - illumina_universal_adapter	0.020161290322580645	0.020161290322580645	0.020161290322580645	0.020161290322580645	0.020161290322580645	0.020161290322580645	0.020161290322580645	0.020161290322580645	0.020161290322580645	0.020161290322580645	0.020161290322580645	0.020161290322580645	0.020161290322580645	0.020161290322580645	0.020161290322580645	0.020161290322580645	0.020161290322580645	0.020161290322580645	0.10080645161290322	0.20161290322580644	0.41330645161290325	0.655241935483871	1.189516129032258	1.8346774193548387	2.681451612903226	3.3870967741935485	4.334677419354838	5.060483870967742	6.058467741935484	7.247983870967742	8.4375	9.66733870967742	10.997983870967742	12.137096774193548	13.45766129032258	14.526209677419354	15.675403225806452	16.88508064516129	18.225806451612904	19.73790322580645	21.29032258064516	22.641129032258064	23.971774193548384	25.383064516129032	26.61290322580645	27.862903225806452	28.921370967741936	30.241935483870968	31.784274193548388	32.8125	34.08266129032258	35.30241935483871	36.54233870967742	37.792338709677416	39.03225806451613	40.060483870967744	41.29032258064517	42.41935483870968	43.71975806451613	45.04032258064516	46.108870967741936	46.99596774193549	47.88306451612903	48.810483870967744	49.86895161290323	50.82661290322581	51.63306451612903	52.590725806451616	53.50806451612903	54.35483870967742	55.16129032258065	56.068548387096776	56.784274193548384	57.631048387096776
Sin-CPnd_013-Ex1-4E-lcwgs-1-2.2 - illumina_universal_adapter	0.020161290322580645	0.020161290322580645	0.020161290322580645	0.020161290322580645	0.020161290322580645	0.020161290322580645	0.020161290322580645	0.020161290322580645	0.020161290322580645	0.020161290322580645	0.020161290322580645	0.020161290322580645	0.020161290322580645	0.020161290322580645	0.020161290322580645	0.020161290322580645	0.020161290322580645	0.020161290322580645	0.10080645161290322	0.2217741935483871	0.4334677419354839	0.6451612903225807	1.2399193548387097	1.8850806451612903	2.7016129032258065	3.417338709677419	4.39516129032258	5.161290322580645	6.209677419354838	7.419354838709678	8.568548387096774	9.778225806451612	11.078629032258064	12.298387096774192	13.679435483870968	14.798387096774194	15.987903225806452	17.258064516129032	18.629032258064516	20.070564516129032	21.60282258064516	22.973790322580648	24.304435483870968	25.735887096774192	27.016129032258064	28.266129032258064	29.324596774193548	30.594758064516128	32.11693548387097	33.11491935483871	34.385080645161295	35.54435483870968	36.76411290322581	37.983870967741936	39.21370967741936	40.20161290322581	41.41129032258064	42.399193548387096	43.59879032258064	44.788306451612904	45.796370967741936	46.6633064516129	47.5	48.36693548387097	49.36491935483871	50.23185483870968	51.068548387096776	51.98588709677419	52.752016129032256	53.47782258064516	54.243951612903224	55.03024193548387	55.715725806451616	56.37096774193549
Sin-CPnd_015-Ex1-4A-lcwgs-1-2.1 - illumina_universal_adapter	0.0	0.0	0.0	0.0	0.0	0.0	0.0	0.0	0.00896941429724639	0.00896941429724639	0.00896941429724639	0.00896941429724639	0.00896941429724639	0.00896941429724639	0.00896941429724639	0.00896941429724639	0.01793882859449278	0.03587765718898556	0.058301192932101537	0.10763297156695667	0.29599067180913086	0.49780249349717465	0.8520943582384071	1.381289801775944	2.16162884563638	3.1482644183334827	4.152838819625079	5.287469728226746	6.498340658355009	7.780966902861243	9.238496726163781	10.718450085209437	12.189434029957845	13.893622746434659	15.548479684276618	17.44999551529285	19.172123060364157	20.894250605435467	22.70158758633061	24.374383352767065	25.961969683379674	27.702036057045476	29.392770652076422	31.280832361646784	33.13301641402816	34.87308278769396	36.34406673244237	38.007893084581575	39.442999372141	40.882590366849044	42.28630370436811	43.78419589200825	45.277603372499776	46.64095434568122	47.865279397255364	48.98645618441115	50.32289891470087	51.659341644990576	52.744640774957396	53.753699883397616	54.69100367745986	55.677639250156965	56.731545430083415	57.80787514575298	58.82590366849045	59.745268633958204	60.704995963763565	61.651269172123065	62.40918468024038	63.144676652614585	63.87568391784016	64.62014530451162	65.47672436989865	66.35572697102879
Sin-CPnd_015-Ex1-4A-lcwgs-1-2.2 - illumina_universal_adapter	0.0	0.0	0.0	0.0	0.0	0.0	0.0	0.0	0.00896941429724639	0.00896941429724639	0.00896941429724639	0.00896941429724639	0.00896941429724639	0.00896941429724639	0.00896941429724639	0.00896941429724639	0.01793882859449278	0.03587765718898556	0.058301192932101537	0.10763297156695667	0.2915059646605077	0.4933177863485514	0.874517893981523	1.4081980446676834	2.1885370885281192	3.1617185397793524	4.1707776482195715	5.2695308996322545	6.47143241546327	7.758543367118127	9.242981433312405	10.776751278141537	12.247735222889945	13.956408646515381	15.620234998654588	17.54865907256256	19.270786617633867	20.961521212664813	22.75091936496547	24.459592788590903	26.087541483541123	27.80518432146381	29.46452596645439	31.32567943313302	33.13750112117678	34.87756749484259	36.33509731814513	37.95856130594672	39.35330522916854	40.77047268813347	42.20557897569289	43.63620055610369	45.02197506502826	46.3449636738721	47.51547223966275	48.596286662480935	49.90133644273028	51.224325051574134	52.332047717284055	53.30971387568391	54.184231769665445	55.134989685173565	56.1485335007624	57.112745537716386	58.10386581756211	58.96941429724639	59.785630998295815	60.6915418423177	61.368732621759804	62.06834693694502	62.7410530092385	63.4182437886806	64.2523993183245	65.06861601937393
Sin-CPnd_018-Ex1-11A-lcwgs-1-2.1 - illumina_universal_adapter	0.0017215555976380257	0.003012722295866545	0.0034431111952760514	0.004734277893504571	0.006886222390552103	0.00860777798819013	0.010329333585828155	0.0133420558816947	0.014202833680513713	0.015063611479332726	0.01743075042608501	0.019797889372837295	0.022380222769294335	0.026253722863979895	0.029912028508960697	0.03464630640246527	0.04562122333740768	0.06154561261555942	0.10781241930208135	0.20077642157453474	0.3793878148294799	0.6438617935166216	1.053376831304767	1.611591233838897	2.3432523628350577	3.3075386919620566	4.491753748687314	5.924518394821561	7.565376073820304	9.364401673352042	11.34376022173636	13.377993354795393	15.582445297570885	17.875557353624735	20.200087799335478	22.502022827827226	24.81041368981011	27.174539914266532	29.548134694509958	31.894830168540295	34.19160053023913	36.41133127894365	38.57382030402672	40.662712827310756	42.7701120732694	44.75635684404428	46.71441114190783	48.57132404841015	50.41467970458106	52.17066641417185	53.86101881660268	55.43925491073734	56.95228708661146	58.421419594745814	59.85052593523508	61.14233821681272	62.344629607313166	63.521097663849055	64.64807099695285	65.7008022449085	66.70683629727822	67.65024876478385	68.55707817583968	69.4316284194398	70.22053127205743	70.95993940124296	71.66211889062959	72.35461462977946	73.0171983404204	73.62813538313219	74.21174273073149	74.7916917726858	75.33312100814295	75.83710640935149
Sin-CPnd_018-Ex1-11A-lcwgs-1-2.2 - illumina_universal_adapter	0.0017215555976380257	0.0034431111952760514	0.0038735000946855578	0.004303888994095065	0.00602544459173309	0.008177389088780622	0.009468555787009142	0.012481278082875686	0.0133420558816947	0.014202833680513713	0.016569972627266	0.01872191712431353	0.020658667171656306	0.02474736171604662	0.028405667361027426	0.03292475080482724	0.04389966773976965	0.0598240570179214	0.10738203040267186	0.19754850482896347	0.3725015924389278	0.6380515433745932	1.0445538588668721	1.600185928004545	2.3275431680066108	3.288601580388039	4.466791192521562	5.888365727271163	7.522982767228468	9.325666672405184	11.29749341504984	13.335169659304146	15.543495102174326	17.82907535248851	20.12455454748911	22.406046103258902	24.695930242567183	27.04262571659752	29.39405546852136	31.722674608776494	33.98953294196636	36.186883467901595	38.330004992511235	40.39393495962952	42.485194621860316	44.464768364694336	46.39742971749273	48.23088642897722	50.04024136209479	51.75297398729492	53.405882555477135	54.94904195430992	56.41946562914249	57.85136949747792	59.23184189233392	60.48599514521322	61.66289359064851	62.81074078537367	63.90435897877322	64.90910186444471	65.873172999122	66.77505293783463	67.63002048651161	68.44840497873878	69.18996505242137	69.89365090295591	70.5536522802004	71.18998226797734	71.78843803260627	72.342563740596	72.87065092017147	73.39615576635047	73.88507755607966	74.3391378449567
Sin-CPnd_019-Ex1-1H-lcwgs-1-2.1 - illumina_universal_adapter	0.0	0.0	0.0034983994822368764	0.005247599223355315	0.005247599223355315	0.005247599223355315	0.005247599223355315	0.005247599223355315	0.005247599223355315	0.006122199093914534	0.006996798964473753	0.00962059857615141	0.01049519844671063	0.015742797670065943	0.02099039689342126	0.025363396246217355	0.03148559534013189	0.04985219262187549	0.08833458692648113	0.16267557592401477	0.29736395599013454	0.5212615228532946	0.8658538718536269	1.272542811663664	1.7666917385296226	2.371040249086043	3.1389389354370376	4.057268799524218	4.993090661022582	6.084591299480488	7.34838811243856	8.706641711417026	10.177718693697633	11.69514946911788	13.281673634312302	14.89793419510574	16.684741730658224	18.51527925973867	20.283720198009412	22.132624324371598	24.142454826916687	26.17677412583743	28.20322202592314	30.328499711382044	32.38468400706677	34.4408683027515	36.50842239675349	38.49376410292291	40.50796760482079	42.481064912802395	44.43492102363169	46.396648533296016	48.28578425370393	50.1285661809722	51.81129633192814	53.55699767356435	55.25022302296699	56.93557697353461	58.5806993300565	60.13836169952246	61.61206248141475	63.043782469520195	64.3539330756179	65.64921548391611	66.92000909583865	68.14095051513932	69.26830974829016	70.34319298920744	71.377844636079	72.39412968566882	73.34307054522557	74.23516241319597	75.10976228375519	75.92051636376358
Sin-CPnd_019-Ex1-1H-lcwgs-1-2.2 - illumina_universal_adapter	0.0	0.0	0.0017491997411184382	0.0034983994822368764	0.0034983994822368764	0.0034983994822368764	0.0034983994822368764	0.0034983994822368764	0.0034983994822368764	0.004372999352796095	0.005247599223355315	0.007871398835032972	0.008745998705592192	0.013993597928947507	0.01924119715230282	0.023614196505098918	0.029736395599013452	0.04635379313963861	0.0865853871853627	0.16092637618289632	0.2964893561195753	0.5151393237593801	0.8527348737952387	1.2594238136052756	1.7666917385296226	2.3806608476621944	3.1546817331071035	4.070387797582606	5.013206458045444	6.091588098444961	7.351886511920796	8.702268712064232	10.179467893438751	11.697773268729556	13.305287830817402	14.921548391610838	16.686490930399344	18.479420665045744	20.23999020448145	22.088894330843637	24.098724833388722	26.131294932568352	28.145498434466234	30.25415872238451	32.297224020010844	34.328044919449354	36.39997201280414	38.366072521821266	40.340044429673426	42.30614493869055	44.20227745806294	46.12289877381098	47.964806101208694	49.78047543248964	51.4133533908237	53.127569137119764	54.78143749234725	56.42393604925746	57.99909041613462	59.47191659815634	60.88526998898004	62.258391785758015	63.502072801693224	64.73176021969948	65.91421924469554	67.02583568017633	68.04824292886005	69.04965978065036	70.0160926376183	70.97115569626897	71.8195175707114	72.62764785110812	73.45064632930433	74.19230701953856
Sin-CPnd_020-Ex1-12E-lcwgs-1-2.1 - illumina_universal_adapter	0.0019113442101561186	0.0022936130521873425	0.0022936130521873425	0.0022936130521873425	0.002675881894218566	0.004204957262343461	0.004969494946405908	0.004969494946405908	0.006880839156562027	0.009747855471796206	0.014143947155155278	0.01567302252328017	0.016628694628358233	0.018157769996483126	0.02140705515374853	0.02599428125812321	0.03249285157265401	0.05447330998944938	0.099963302191165	0.18406244743803424	0.3562745607731005	0.6215691371427697	1.0231425556965703	1.5630972950656736	2.2827183901894523	3.154673618862674	4.2382146516001775	5.477912506307436	6.878545543509839	8.412972675423172	10.05118579794798	11.806373186134344	13.702044373767183	15.674360464227282	17.684330035627454	19.68474288597685	21.69700607042921	23.758390801082584	25.826656370892522	27.880969127968317	29.939104573464427	31.961880151072645	33.97070291594673	35.95276686187862	37.8465267053013	39.72270218199055	41.61474181562409	43.41350785180202	45.18933775745806	46.94624535543357	48.67849661309806	50.32454624688451	51.884394256792916	53.38613740271258	54.865517821373416	56.29539442499121	57.66640162693619	58.98484686310188	60.23123442254469	61.44302665178367	62.59327359745562	63.68312206608664	64.7246135262007	65.7309362528479	66.71050016055291	67.6568066790012	68.5429058548296	69.37414945182648	70.19010229514213	70.96801938867567	71.73255707273812	72.42924203734002	73.1182816251013	73.7828560069726
Sin-CPnd_020-Ex1-12E-lcwgs-1-2.2 - illumina_universal_adapter	0.0019113442101561186	0.0022936130521873425	0.0022936130521873425	0.0022936130521873425	0.002675881894218566	0.004204957262343461	0.004969494946405908	0.004969494946405908	0.006498570314530803	0.008983317787733758	0.012423737366014771	0.013761678313124054	0.014717350418202112	0.01643756020734262	0.019877979785623633	0.024274071468982708	0.029816969678435452	0.05237083135827765	0.09614061377085277	0.1800486245967064	0.3518784690897414	0.613541491460114	1.0126301625407117	1.5525849019098152	2.268192174192266	3.1367069832872065	4.214896252236272	5.450389149681188	6.84930197709445	8.365380204590284	9.997094756800564	11.745019036988333	13.629604428202267	15.584336151928927	17.573663205859418	19.548272909371704	21.53014572088258	23.567638648909004	25.61851098640652	27.65963546843224	29.68852734751296	31.67212036881298	33.648832550956435	35.59821251089466	37.458523830639606	39.31252771449105	41.180293276655604	42.95382956925947	44.70213611828927	46.43190262848056	48.11178305478677	49.714827443844705	51.232817015550694	52.693083992109976	54.13576660193581	55.51709506261564	56.83917185278062	58.121874952216395	59.3229636538785	60.4762687502867	61.55159100292053	62.57760057493233	63.54837229927063	64.48493096224712	65.39970030122785	66.29076897200262	67.10997110047555	67.89190201685041	68.64382482912583	69.3634459242496	70.05401458737902	70.68284683252037	71.30174008776893	71.90362237954709
Sin-CPnd_021-Ex1-3D-lcwgs-1-2.1 - illumina_universal_adapter	0.0	0.0	0.0	0.0	0.0	0.008640055296353897	0.008640055296353897	0.017280110592707794	0.02592016588906169	0.02592016588906169	0.02592016588906169	0.02592016588906169	0.02592016588906169	0.03024019353723864	0.03456022118541559	0.04752030412994643	0.05616035942630033	0.07776049766718507	0.1339208570934854	0.27216174183514774	0.5616035942630033	1.1016070502851218	2.0347330222913427	3.421461897356143	4.959391740107137	6.842923794712286	9.175738724727838	11.96215655780197	14.558493174356315	17.647312942802834	20.593571798859514	23.79471228615863	26.732331086918954	29.695870053568342	32.793329877311216	35.527907378607225	38.21496457577328	41.01866251944013	43.632279246587174	46.19837566960429	48.70399170554691	50.90720580611716	53.17954034905823	55.38275444962848	57.44340763780888	59.16709866943148	60.89942975635044	62.54536029030586	64.08761016070503	65.69034041817868	66.99498876792812	68.36875756004838	69.59996543977881	70.75773284949024	71.80317954034906	72.71038534646621	73.74719198202868	74.59391740107137	75.47088301365129	76.26576810091585	77.16001382408848	77.87281838603766	78.5985830309314	79.19474684637981	79.82115085536547	80.29635389666494	80.81907724209435	81.25108000691205	81.78244340763781	82.37860722308622	82.82357007084845	83.24261275272161	83.55797477103853	83.96405736996716
Sin-CPnd_021-Ex1-3D-lcwgs-1-2.2 - illumina_universal_adapter	0.0	0.0	0.0	0.0	0.0	0.008640055296353897	0.008640055296353897	0.017280110592707794	0.02592016588906169	0.02592016588906169	0.02592016588906169	0.02592016588906169	0.02592016588906169	0.03024019353723864	0.03456022118541559	0.04752030412994643	0.05616035942630033	0.08208052531536203	0.1339208570934854	0.2635216865387939	0.5529635389666494	1.092966994988768	2.0260929669949888	3.42578192500432	4.9680317954034905	6.834283739415932	9.210298945913253	11.940556419561085	14.54985311905996	17.673233108691896	20.60221185415587	23.751512009676862	26.68049075514083	29.596509417660272	32.693969241403146	35.35078624503197	37.977363055123554	40.768100915845864	43.34283739415932	45.92189390012096	48.49663037843442	50.673924313115606	52.89009849663038	55.132192846034215	57.26196647658545	58.964057369967165	60.64886815275618	62.26887852082253	63.77224814238811	65.3663383445654	66.61914636253672	67.9324347675825	69.15500259201659	70.23068947641265	71.24589597373424	72.18334197338864	73.19422844306203	74.00207361327112	74.7926386728875	75.50112320718853	76.38240884741663	77.03473302229135	77.7172973907033	78.27026092966994	78.86642474511837	79.32434767582512	79.79955071712459	80.17539312251598	80.69379644029722	81.25540003456022	81.68308277172974	82.0286849835839	82.3094867807154	82.68532918610678
Sin-CPnd_022-Ex1-1D-lcwgs-1-2.1 - illumina_universal_adapter	0.0023688823613019377	0.0023688823613019377	0.0023688823613019377	0.0023688823613019377	0.0023688823613019377	0.0071066470839058135	0.0071066470839058135	0.00947552944520775	0.00947552944520775	0.014213294167811627	0.016582176529113563	0.0189510588904155	0.0189510588904155	0.02131994125171744	0.023688823613019376	0.024873264793670344	0.028426588335623254	0.031979911877576164	0.04737764722603875	0.08291088264556783	0.1445018240394182	0.22978158904628795	0.40507888378263135	0.6490737669967309	0.954659591604681	1.3798739754583789	1.8927370066802482	2.4944331264509403	3.12929359927986	3.739280807315109	4.385985691950538	5.077699341450703	5.804946226370399	6.5558819349031126	7.392097408442696	8.229497323162931	9.101246032122045	10.091438859146255	11.042545127208983	12.05405789548491	13.086890605012556	14.109063343914341	15.067276259060975	16.096555645046667	17.166106031174493	18.21315203486995	19.210451508978064	20.296584071635003	21.427725399156678	22.45700478514237	23.48509972994741	24.54991235135263	25.69763585540342	26.827592741744446	27.937414128014403	29.080399867342585	30.14995025347041	31.200549580707822	32.24285781968068	33.314777088169805	34.378405268394374	35.43729568389634	36.493817217037005	37.57402757379069	38.59856919505377	39.6029753162458	40.67015682001232	41.69706732363671	42.765433268583884	43.762732742691995	44.710285687212775	45.630596484578575	46.554460605486334	47.42028710854219
Sin-CPnd_022-Ex1-1D-lcwgs-1-2.2 - illumina_universal_adapter	0.0	0.0	0.0	0.0	0.0	0.004737764722603875	0.004737764722603875	0.0071066470839058135	0.0071066470839058135	0.011844411806509688	0.014213294167811627	0.016582176529113563	0.016582176529113563	0.0189510588904155	0.02131994125171744	0.02250438243236841	0.026057705974321315	0.029611029516274222	0.04500876486473682	0.08054200028426588	0.1409485004974653	0.22741270668498603	0.4038944426019804	0.6514426493580329	0.9582129151466339	1.370398446013171	1.8761548301511348	2.479035391102478	3.113895863931397	3.7262519543279478	4.365850191879471	5.055194959018335	5.7812574027573795	6.526270905386839	7.354195290661865	8.177381911214288	9.038470649547545	10.022741270668497	10.969109774008622	11.981806983465201	13.00871748708959	14.033259108352679	14.990287582318661	16.00298479177524	17.086748472070877	18.12550338750178	19.113327332164687	20.18643104183446	21.314019045814184	22.339745108257922	23.365471170701664	24.41488605675842	25.548396266641397	26.64874212346615	27.741981333206994	28.84114274885109	29.882266546643294	30.884303785474014	31.878049936040178	32.908513763206514	33.942530913914815	34.97773250580376	36.00464300942815	37.03155351305254	38.0087174870896	38.98825034348794	40.011607523570376	40.978111526981564	41.96119770692188	42.842421945326194	43.6975884777562	44.54683280428294	45.436348130951814	46.208603780736254
Sin-CPnd_023-Ex1-12B-lcwgs-1-2.1 - illumina_universal_adapter	0.0012906223380914276	0.0025812446761828553	0.003441659568243807	0.003871867014274283	0.004732281906335235	0.005592696798396186	0.006883319136487614	0.010324978704731421	0.012045808488853326	0.015272364334081894	0.017208297841219036	0.020649957409462842	0.0232312020856457	0.026027550484843794	0.028823898884041885	0.03355618079037712	0.04388115949510854	0.06818788019583043	0.1133596620290304	0.23037608734931986	0.44978188482486253	0.7773848549770699	1.2458807637042582	1.9105512678213434	2.7371948753689033	3.762809426705558	4.982447536201956	6.404283145332679	7.971528871221704	9.683109195253952	11.533861628077059	13.43193687996352	15.419280176901301	17.492449859322164	19.577880453954897	21.687402665565337	23.746160398544177	25.80685406503016	27.929497603744526	29.97836056546467	32.09433588876556	34.09049843834697	36.065150615626855	37.99247997384339	39.86388236407596	41.67914268260155	43.44600466344872	45.15909071354207	46.827004981802226	48.46889169957754	50.00322655584523	51.47948340689881	52.894650800616056	54.22227097906611	55.46126842363388	56.69467317140325	57.878388959156105	58.944873217865656	59.99630021596414	61.01245020348812	61.95030243583456	62.83911101933352	63.67823064281596	64.50035707218021	65.25063885805736	65.93466869724581	66.60880376517557	67.24056339967132	67.84629548368224	68.4429932113265	68.99968164648993	69.51765141151063	69.99604209149652	70.46324737788561
Sin-CPnd_023-Ex1-12B-lcwgs-1-2.2 - illumina_universal_adapter	0.0012906223380914276	0.0025812446761828553	0.003441659568243807	0.003871867014274283	0.004732281906335235	0.005592696798396186	0.006883319136487614	0.010324978704731421	0.012045808488853326	0.015272364334081894	0.017423401564234275	0.020649957409462842	0.02280099463961522	0.025812446761828554	0.028823898884041885	0.033341077067361884	0.04388115949510854	0.06754256902678471	0.11163883224490849	0.22887036128821317	0.445694914087573	0.7750187140239023	1.2450203488121971	1.9107663715443588	2.730956867401461	3.747106854925445	4.963733512299631	6.378255594847836	7.949373187751133	9.649553014463574	11.496003372826376	13.37450418591845	15.348726155752303	17.411570859468437	19.483019712105175	21.56629926950776	23.589564888189088	25.63046901215766	27.739776120045086	29.767989124355765	31.847181711021058	33.8171016063946	35.76852258158884	37.68273061270145	39.52186744448173	41.3255121619645	43.06849762955697	44.752544677043275	46.38001944537656	47.98060624833295	49.46740318181427	50.89311065795927	52.273646352271065	53.55587964516489	54.761320908942295	55.96396582432048	57.10573638608537	58.14490247197199	59.14427436910078	60.11482236734553	61.004491365736556	61.84726775251026	62.637558830868244	63.42225721242784	64.12973335742495	64.76902162222623	65.40465312373627	65.99747898436627	66.56470750195744	67.11709386266057	67.63054644949796	68.10097829173228	68.54366175369763	68.96504994708448
Sin-CPnd_024-Ex1-12C-lcwgs-1-2.1 - illumina_universal_adapter	0.003494772402947258	0.003494772402947258	0.004077234470105134	0.004077234470105134	0.005242158604420887	0.006989544805894516	0.008154468940210269	0.009901855141683898	0.010484317208841774	0.015144013746104785	0.018347555115473105	0.021842327518420364	0.025919561988525498	0.030579258525788508	0.03669511023094621	0.043102192969682845	0.05300404811136675	0.08125345836852375	0.13833474094999562	0.25395346128083407	0.47965751230451115	0.8454436904796575	1.3830561784663775	2.157730727786353	3.1470425488540057	4.340216093426916	5.785595713079186	7.475609400937763	9.34443894341381	11.274427002941433	13.366339517138947	15.568337362029297	17.85508343769112	20.179398316684626	22.558173398957393	24.93199755365932	27.37746454262166	29.79992427993127	32.193552144916566	34.53446719282407	36.84392928910505	39.11174534758424	41.34257506479891	43.462154527186414	45.56600751376067	47.57550164545534	49.467338439584125	51.301511489064275	53.06520662841832	54.764539709351425	56.34621545271864	57.8402306549786	59.29580336080613	60.64624166351166	61.951539156012466	63.163642717768006	64.29012435565134	65.37408626263215	66.39281241809127	67.31630602557009	68.17776742289658	69.00573725136151	69.78973119375601	70.52800186387861	71.22957742377028	71.89649649066604	72.50546058187962	73.10656143518653	73.66048286105368	74.17159332498471	74.64367883041618	75.11052217724321	75.55639688965256	75.95509217462214
Sin-CPnd_024-Ex1-12C-lcwgs-1-2.2 - illumina_universal_adapter	0.004077234470105134	0.004077234470105134	0.004659696537263011	0.005242158604420887	0.005824620671578763	0.007572006873052393	0.008736931007368146	0.010484317208841774	0.01106677927599965	0.015726475813262662	0.01893001718263098	0.02242478958557824	0.025919561988525498	0.030579258525788508	0.03669511023094621	0.043102192969682845	0.05300404811136675	0.08154468940210269	0.13833474094999562	0.2524973061129394	0.4747065847336692	0.8349593732708157	1.3751929405597458	2.1390919416373007	3.121996679966217	4.311675452136179	5.762005999359292	7.436001980371028	9.296677053906865	11.227830037568804	13.321781169001369	15.522614089757404	17.80586539301628	20.11445379619652	22.47721117162245	24.842007164283427	27.253400122317032	29.655473687276118	32.02784168681015	34.34429332789702	36.62783586218947	38.87060605178088	41.067944200133965	43.15170224539127	45.2115793458951	47.184087136325246	49.048839444331186	50.855928007688505	52.59894574365845	54.26566094883071	55.815301278504236	57.28223199464135	58.696449893700674	60.005824620671575	61.28054285464659	62.44371960276087	63.54369921658852	64.60174156158081	65.58115152750676	66.47639572472843	67.3034918600926	68.08690334041995	68.82575647260973	69.5078195532516	70.17473862014737	70.80408888371144	71.37286309229111	71.92969682849404	72.43673005795497	72.90066109444624	73.33488656551242	73.7624137228063	74.17829163875703	74.53941812039491
Sin-CPnd_025-Ex1-3B-lcwgs-1-2.1 - illumina_universal_adapter	0.0	0.0	0.0	0.0	0.0	0.0	0.0	0.0	0.0	0.0	0.0	0.00275072894316994	0.00550145788633988	0.01100291577267976	0.01100291577267976	0.01925510260218958	0.0412609341475491	0.057765307806568744	0.11553061561313749	0.27782362326016397	0.47037464928205974	0.7564504593717336	1.2295758375969632	1.9090058865599384	2.654453430158992	3.5759476261209224	4.626726082411839	5.867304835781482	7.212411288991583	8.524508994883645	9.979644605820543	11.50629916927986	13.178742366727183	14.774165153765749	16.309071904054576	18.083292072399185	19.67871485943775	21.406172635748472	23.103372393684324	24.891346206744785	26.53078065687407	28.128954172855806	29.87291632282555	31.54811024921604	33.281069483413106	34.972767783462615	36.55168619684216	38.059085657699285	39.54172855806789	41.20316883974253	42.80409308466744	44.18495901413874	45.59333223304176	46.91368212576333	48.22027837376905	49.449854211366016	50.76470264620124	52.05754524949111	53.155086097815925	54.24437475931121	55.50420861528305	56.60450019255103	57.70204104087583	58.758320955053094	59.776090664025965	60.80211255982835	61.64108488749518	62.50756450459372	63.35203829014689	64.17175551521153	64.96671617978765	65.67915497606866	66.41084887495185	67.11503548440336
Sin-CPnd_025-Ex1-3B-lcwgs-1-2.2 - illumina_universal_adapter	0.0	0.0	0.0	0.0	0.0	0.0	0.0	0.0	0.0	0.0	0.0	0.00275072894316994	0.00550145788633988	0.01100291577267976	0.01100291577267976	0.01925510260218958	0.0412609341475491	0.057765307806568744	0.11553061561313749	0.275072894316994	0.46212246245254995	0.7592011883149035	1.2543323980854928	1.928260989162128	2.6709578038180117	3.6007041866094514	4.659734829729878	5.916817956758541	7.281179512570832	8.618033778951421	10.07316938988832	11.608076140177147	13.288771524453981	14.886945040435716	16.40259668812235	18.165813940694285	19.75298454090334	21.47219013038455	23.147384056775046	24.905099851460637	26.552786488419432	28.123452714969467	29.864664135996037	31.537107333443362	33.25356219398141	34.972767783462615	36.55993838367168	38.089343676074165	39.58023876327227	41.2059195686857	42.762832150519884	44.10243714584365	45.46129724376959	46.75689057600265	48.002970787258626	49.17203058810585	50.44011663090719	51.67794465533366	52.75072894316994	53.834516146778896	55.05308906860318	56.09286460912142	57.132640149639656	58.12015184023767	59.06915332563129	60.02365626891126	60.79110964405567	61.55306156131375	62.32051493645817	63.06871320900038	63.75089398690653	64.40831820432415	65.0987511690598	65.71766518127303
Sin-CPnd_028-Ex1-12H-lcwgs-1-2.1 - illumina_universal_adapter	0.0009862192299600252	0.0013149589732800336	0.0013149589732800336	0.002301178203240059	0.0036161371765200926	0.004602356406480118	0.005588575636440143	0.008875973069640226	0.01019093204292026	0.013149589732800337	0.016436987166000422	0.018902535240900485	0.021532453187460554	0.02432674100568062	0.027614138438880706	0.033860193561960863	0.04503734483484115	0.06492609930570166	0.11555201977698296	0.2265016831474858	0.4179925836313907	0.6975857353250579	1.1152495792131285	1.675093362087103	2.3506535346097204	3.1992951819903217	4.187651220281927	5.312762991794656	6.583835209341469	7.9660214601304435	9.40162791920892	10.927473437828741	12.52038186408584	14.154875867872923	15.847556806227647	17.539909004839046	19.280750315590154	21.0699163686093	22.821112981274986	24.59680070481801	26.333861508520933	28.027857405848938	29.758014674942142	31.459735956238163	33.094229960025245	34.69108326320219	36.266239743320014	37.80589233115927	39.282755628024404	40.754359088996424	42.18191142436356	43.56870003155902	44.88711077214391	46.167058962760365	47.383724752787714	48.559462444771725	49.713667683568275	50.80113875447086	51.86000946770461	52.91115479697034	53.903620082053436	54.84102146013044	55.75869845360825	56.660760309278345	57.50496397012414	58.29476120345045	59.09179071112982	59.88471097201767	60.62519724384599	61.334946349673885	62.024806701030926	62.697736955606985	63.3461760993057	63.99938196928255
Sin-CPnd_028-Ex1-12H-lcwgs-1-2.2 - illumina_universal_adapter	0.0006574794866400168	0.0013149589732800336	0.0013149589732800336	0.002301178203240059	0.0036161371765200926	0.004602356406480118	0.005259835893120134	0.008218493583000211	0.009862192299600253	0.01282084998948033	0.01610824742268041	0.018573795497580474	0.021203713444140543	0.023998001262360617	0.0272853986955607	0.033367083946980854	0.04355801598990111	0.06311803071744161	0.1127577319587629	0.2223924363559857	0.4099384599200505	0.6859154744371976	1.1011137702503682	1.6621081422259625	2.3307647801388596	3.172831632653061	4.1463943824952665	5.267232537344835	6.533702398485167	7.903725278771303	9.335551230801599	10.862876078266357	12.442799284662318	14.04146065642752	15.716882758257942	17.393126709446666	19.11605170418683	20.879411687355358	22.61219887439512	24.368819692825582	26.077280138859667	27.736593993267412	29.426809383547234	31.094670471281297	32.70944009046917	34.29150010519672	35.83953555649064	37.346314169997896	38.79375525983589	40.23527903429413	41.61352040816327	42.95905217757206	44.22585077845571	45.46076162423732	46.63880049442457	47.777554965285084	48.89313328424153	49.94477172312224	50.95334525562802	51.95222096570588	52.90079949505576	53.790697980223015	54.643120134651795	55.485186987166	56.26923127498422	57.01021065642752	57.75809357248053	58.487402693035975	59.16279849568693	59.81978487271197	60.446691563223226	61.0574900063118	61.65086524300442	62.24095308226383
Sin-CPnd_029-Ex1-4D-lcwgs-1-2.1 - illumina_universal_adapter	0.0	0.0	0.0	0.0	0.0	0.007109341674960899	0.007109341674960899	0.007109341674960899	0.007109341674960899	0.007109341674960899	0.007109341674960899	0.010664012512441349	0.014218683349921797	0.014218683349921797	0.017773354187402248	0.021328025024882697	0.042656050049765394	0.07820275842456989	0.12085880847433528	0.29859235034835774	0.6433954215839613	1.233470780605716	2.1861225650504763	3.3804919664439073	5.189819422721456	7.493246125408787	10.031281103369828	12.690174889805204	15.388170055452864	18.20346935873738	21.029432674534338	23.99047348215555	27.036826389876296	29.798805630598608	32.575003554670836	35.482724299729846	38.18427413621498	40.82539456846296	43.52338973411062	46.11119010379639	48.51770226077065	50.71804350917105	52.90061140338405	54.901891084885534	56.95293615811176	58.954215839613255	60.86307407934025	62.597753448030716	64.16891795819707	65.80762121427556	67.15128679084316	68.28522678799943	69.63955637707949	70.90501919522252	72.02474050902887	72.9987203184985	74.09355893644249	74.87558652068819	75.57941134650932	76.28679084316792	77.04393573155126	77.68377648229773	78.40181999146878	79.00255936300299	79.5997440636997	80.15071804350917	80.71591070666855	81.23133797810323	81.86762405801223	82.30484857102232	82.73140907151998	83.11886819280534	83.5098819849282	83.84757571448884
Sin-CPnd_029-Ex1-4D-lcwgs-1-2.2 - illumina_universal_adapter	0.0	0.0	0.0	0.0	0.0	0.007109341674960899	0.007109341674960899	0.007109341674960899	0.007109341674960899	0.007109341674960899	0.007109341674960899	0.010664012512441349	0.014218683349921797	0.014218683349921797	0.017773354187402248	0.021328025024882697	0.042656050049765394	0.08175742926205035	0.12441347931181573	0.30570169202331865	0.6718327882838049	1.2654628181430398	2.228778615100242	3.416038674818712	5.182710081046495	7.4968007962462675	10.066827811744632	12.711502914830087	15.388170055452864	18.171477321200058	20.96189392862221	23.86961467368122	26.89819422721456	29.692165505474193	32.47547277122138	35.37608417460543	38.03497796104081	40.67609839328878	43.363429546424	45.915683207734965	48.2546566187971	50.46566187970994	52.66600312811033	54.631736101237024	56.72543722451301	58.708943551827105	60.57870041234182	62.26361438930755	63.77434949523674	65.37039670126546	66.69628892364567	67.85866628750178	69.15612114318215	70.33627186122564	71.40622778330726	72.3446608844021	73.37196075643395	74.11488696146736	74.77250106640125	75.44077918384758	76.11972131380634	76.7275700270155	77.37096544859946	77.9432674534338	78.48713209156833	79.00966870467795	79.54286933030002	80.00497653917247	80.58438788568179	80.9825110194796	81.38774349495236	81.73965590786293	82.10578700412341	82.42926205033413
Sin-CPnd_031-Ex1-3G-lcwgs-1-2.1 - illumina_universal_adapter	0.0	0.0	0.0	0.0	0.0	0.0	0.0	0.0	0.0	0.0	0.01632253325716151	0.01632253325716151	0.01632253325716151	0.01632253325716151	0.01632253325716151	0.01632253325716151	0.01632253325716151	0.053048233085774915	0.10609646617154983	0.22851546560026118	0.4774340977719742	0.8120460295437852	1.29764139394434	1.9138170244021873	2.648331020974455	3.5787154166326616	4.517261078919448	5.574145107320656	6.688158002121929	7.957234962866237	9.214070023667674	10.421937484697626	11.588998612584673	12.805027340243207	14.118991267444708	15.55129356076063	17.17130498653391	18.54647841344977	19.96653880682282	21.341712233738676	22.69648249408308	24.030849587856036	25.544764547457767	27.00563127397372	28.48282053374684	29.79270382763405	31.167877254549907	32.66138904758019	33.96719170815311	35.35868766832613	36.611442095813274	37.876438423243286	39.28425691667347	40.508446910960586	41.822410838162085	43.29143883130662	44.568677058679505	45.82143148616665	46.99665388068228	48.135150575369295	49.200195870399085	50.43254713131478	51.440463559944504	52.550395821431486	53.63176364971844	54.72129274463397	55.65167714029217	56.684077368807635	57.59405859789439	58.479556027095406	59.36505345629642	60.18526075246878	61.087080714926955	61.95217497755652
Sin-CPnd_031-Ex1-3G-lcwgs-1-2.2 - illumina_universal_adapter	0.0	0.0	0.0	0.0	0.0	0.0	0.0	0.0	0.0	0.0	0.01632253325716151	0.01632253325716151	0.01632253325716151	0.01632253325716151	0.01632253325716151	0.01632253325716151	0.01632253325716151	0.04488696645719416	0.10201583285725944	0.23667673222884192	0.4733534644576838	0.7957234962866238	1.305802660572921	1.934220190973639	2.70137925406023	3.6358442830327267	4.607035011833837	5.680241573492206	6.794254468293479	8.1000571288664	9.352811556353545	10.58516281726924	11.784869011670612	13.017220272586306	14.343426099730678	15.812454092875214	17.39573981881988	18.738268179221414	20.154247939280175	21.545743899453193	22.88827225985473	24.243042520199133	25.732473679915124	27.20150167305966	28.662368399575612	29.972251693462827	31.367828286950136	32.836856280094665	34.10593324083898	35.47702603444054	36.709377295356234	37.93764792295764	39.28425691667347	40.44723741124622	41.72447563861911	43.14045539867787	44.37280665959357	45.601077287194975	46.80486411491063	47.89439320982616	48.88598710519872	50.00408063331429	50.93038439565821	52.003590957316575	53.04415245246062	54.03982698114747	54.93348567697707	55.89243450583531	56.75344813515058	57.56549416469436	58.36937892760956	59.13245735738187	59.96082592018281	60.736146249897985
Sin-CPnd_032-Ex1-3E-lcwgs-1-2.1 - illumina_universal_adapter	0.004492362982929021	0.004492362982929021	0.004492362982929021	0.008984725965858042	0.008984725965858042	0.017969451931716084	0.017969451931716084	0.017969451931716084	0.017969451931716084	0.029200359389038637	0.03593890386343217	0.038185085354896675	0.044923629829290206	0.04941599281221923	0.04941599281221923	0.04941599281221923	0.058400718778077274	0.07861635220125786	0.1302785265049416	0.18194070080862534	0.3032345013477089	0.4694519317160827	0.7210242587601078	1.013027852650494	1.417340521114106	1.853099730458221	2.3135669362084457	2.870619946091644	3.4456424079065586	4.204851752021563	4.993261455525607	5.844564240790655	6.74752920035939	7.708894878706199	8.769092542677448	9.804582210242588	10.94115004492363	12.09568733153639	13.254716981132077	14.380053908355794	15.462713387241688	16.628481581311767	17.81895777178796	18.930817610062892	20.202156334231805	21.403863432165316	22.70215633423181	23.960017969451933	25.161725067385444	26.48921832884097	27.841419586702607	29.01841868823001	30.29424977538185	31.570080862533693	32.78077268643307	33.97124887690926	35.226864330637916	36.44429469901168	37.621293800539085	38.84097035040431	40.1325247079964	41.307277628032345	42.4685534591195	43.53324348607367	44.62713387241689	45.880503144654085	47.079964061096135	48.09074573225517	49.07906558849955	50.154986522911045	51.22416891284816	52.221473495058405	53.214285714285715	54.12848158131177
Sin-CPnd_032-Ex1-3E-lcwgs-1-2.2 - illumina_universal_adapter	0.004492362982929021	0.004492362982929021	0.004492362982929021	0.008984725965858042	0.008984725965858042	0.017969451931716084	0.017969451931716084	0.017969451931716084	0.017969451931716084	0.029200359389038637	0.03593890386343217	0.038185085354896675	0.044923629829290206	0.04941599281221923	0.04941599281221923	0.04941599281221923	0.058400718778077274	0.07861635220125786	0.12578616352201258	0.17295597484276728	0.2942497753818508	0.46271338724168914	0.7053009883198562	0.9973045822102427	1.39937106918239	1.830637915543576	2.293351302785265	2.848158131176999	3.420934411500449	4.162174303683738	4.95507637017071	5.817610062893081	6.731805929919137	7.702156334231806	8.746630727762803	9.793351302785265	10.932165318957772	12.09119496855346	13.232255166217431	14.359838274932613	15.431266846361186	16.5633423180593	17.72911051212938	18.798292902066486	20.067385444743934	21.266846361185983	22.567385444743934	23.798292902066486	24.975292003593893	26.271338724168913	27.5696316262354	28.73989218328841	29.97529200359389	31.217430368373766	32.423629829290206	33.60062893081761	34.818059299191376	35.995058400718776	37.14061096136568	38.34231805929919	39.606918238993714	40.74123989218329	41.839622641509436	42.861635220125784	43.89263252470799	45.00898472596586	46.11635220125787	47.0440251572327	47.9559748427673	48.96001796945193	49.90341419586703	50.74348607367475	51.623989218328845	52.46406109613657
Sin-CPnd_033-Ex1-1B-lcwgs-1-2.1 - illumina_universal_adapter	0.0	0.0	0.0	0.0	0.0	0.0	0.0	0.0	0.0	0.0	0.0	0.009022013713460845	0.01804402742692169	0.01804402742692169	0.01804402742692169	0.01804402742692169	0.027066041140382534	0.03608805485384338	0.04511006856730422	0.14435221941537352	0.31577047997112956	0.6586070010826417	1.1818837964633708	2.084085167809455	3.112594731143991	4.357632623601588	5.656802598339949	7.091302778780223	8.76037531577048	10.393359797906893	12.170696499458678	13.957055214723926	15.61710573800072	17.304222302417898	19.162757127390833	21.075424034644534	22.96102490075785	24.738361602309638	26.786358715265248	28.753157704799712	30.55756044749188	32.316853121616745	34.04907975460122	36.232407073258756	37.51353302057019	38.95705521472392	40.4366654637315	41.85312161674486	43.332731865752436	44.66798989534465	45.967159870083	47.176109707686756	48.529411764705884	49.49476723204619	50.532298809094186	51.407434139299895	52.41789967520751	53.43738722482858	54.17719234933237	55.04330566582461	55.81919884518224	56.52291591483219	57.25369902562252	57.966438108985926	58.64308913749549	59.256586070010826	59.80692890653194	60.43846986647419	60.94370263442801	61.385781306387585	61.900036088054854	62.351136773727895	62.721039335979796	63.063875857091304
Sin-CPnd_033-Ex1-1B-lcwgs-1-2.2 - illumina_universal_adapter	0.0	0.0	0.0	0.0	0.0	0.0	0.0	0.0	0.0	0.0	0.0	0.009022013713460845	0.01804402742692169	0.01804402742692169	0.01804402742692169	0.01804402742692169	0.027066041140382534	0.03608805485384338	0.04511006856730422	0.14435221941537352	0.3247924936845904	0.6586070010826417	1.1818837964633708	2.1021291952363765	3.1216167448574526	4.357632623601588	5.647780584626489	7.136412847347528	8.832551425478165	10.492601948754963	12.342114760014436	14.20967159870083	15.932876217971852	17.674124864669793	19.532659689642728	21.46337062432335	23.39408155900397	25.2075063154096	27.3276795380729	29.39372067845543	31.143991338866833	32.88523998556478	34.62648863226272	36.78274990977987	38.05485384337784	39.50739805124503	40.98700830025262	42.43955250811981	43.90111872970047	45.23637675929267	46.49043666546373	47.618188379646334	48.97149043666546	49.90075784915193	50.94731143991339	51.795380728978714	52.733670155178636	53.75315770479971	54.492962829303494	55.35907614579574	56.026705160591845	56.667268134247564	57.38000721761097	58.056658246120534	58.63406712378203	59.18440996030314	59.67159870083003	60.21291952363768	60.65499819559726	61.04294478527608	61.521111512089504	61.91808011548177	62.26993865030675	62.6488632262721
Sin-CPnd_034-Ex1-3C-lcwgs-1-2.1 - illumina_universal_adapter	0.0	0.0	0.0	0.0	0.0	0.0	0.0	0.0	0.0	0.0	0.0	0.0	0.004882335709403379	0.004882335709403379	0.004882335709403379	0.0073235035641050685	0.014647007128210135	0.02685284640171858	0.06102919636754223	0.15379357484620643	0.30514598183771113	0.5004394102138463	0.8080265599062592	1.2108192559320379	1.7454350161117078	2.4021091690264624	3.197929889659213	4.1304560101552585	5.07274680207011	6.046772776096084	7.1867981642417735	8.348794063079776	9.620642515379357	11.016990528268725	12.45727956254272	14.024509325261205	15.664974123620741	17.25661556488624	18.85558050971585	20.564398008007032	22.302509520554633	24.038179865247535	25.756762034957525	27.50219705106923	29.269602577873254	30.993067083292647	32.62620837808808	34.40337857631091	36.217166292354264	37.81613123718387	39.57133092471439	41.326530612244895	43.03046577482668	44.73684210526316	46.36021872863978	47.964066009178794	49.48247241480324	51.0106434918465	52.67551996875305	54.24763206718094	55.72697978713016	57.31618006054096	58.815057123327804	60.20164046479836	61.54428278488429	62.818572405038566	64.12703837515868	65.3134459525437	66.37535396933893	67.59105556098038	68.71887510985255	69.71487159457084	70.78166194707549	71.88995215311004
Sin-CPnd_034-Ex1-3C-lcwgs-1-2.2 - illumina_universal_adapter	0.0	0.0	0.0	0.0	0.0	0.0	0.0	0.0	0.0	0.0	0.0	0.0	0.004882335709403379	0.004882335709403379	0.004882335709403379	0.0073235035641050685	0.014647007128210135	0.02685284640171858	0.06102919636754223	0.1586759105556098	0.31246948540181624	0.5053217459232497	0.8080265599062592	1.2157015916414413	1.7576408553852163	2.4045503368811643	3.205253393223318	4.125573674445855	5.026364612830779	5.985743579728542	7.118445464310126	8.295088370276341	9.579142661849428	10.982814178302899	12.403573869739283	13.97568596816717	15.618591934381408	17.193145200664	18.74572795625427	20.454545454545453	22.17068645640074	23.857533443999607	25.556586270871986	27.289815447710183	29.052338638804805	30.758714969241286	32.3698857533444	34.12752660872962	35.902255639097746	37.46216189825212	39.144126550141586	40.82609120203105	42.461673664681186	44.13387364515184	45.73527975783615	47.30739185626403	48.811151254760276	50.278293135435995	51.855287569573285	53.34439996094132	54.72365979884776	56.203007518796994	57.62620837808808	58.90538033395176	60.16502294697783	61.33190118152524	62.54760277316668	63.60462845425251	64.54447807831266	65.66497412362074	66.74152914754418	67.66917293233082	68.65296357777561	69.61478371252807
Sin-CPnd_035-Ex1-12D-lcwgs-1-2.1 - illumina_universal_adapter	0.0007514248894466131	0.0011271373341699197	0.001878562223616533	0.0022542746683398393	0.003381412002509759	0.006387111560296211	0.006762824005019518	0.007514248894466132	0.007889961339189438	0.010707804674614237	0.012398510675869117	0.012962079342954076	0.01596777890074053	0.018222053569080368	0.021039896904505168	0.024233452684653274	0.03024485180022618	0.044897637144435135	0.07664533872355453	0.14896998433279107	0.2746457970927371	0.48316620391417225	0.804588200374961	1.2377846491409334	1.798347616668107	2.486464959178843	3.317353030684435	4.2763590458406755	5.453653991381156	6.7288220287720595	8.118206649358847	9.604900793128971	11.152836065388994	12.789251618381357	14.472819083186492	16.228335481156144	18.012406024924765	19.840622780948372	21.68668587809634	23.544771773475453	25.426527552872134	27.227693012875665	29.018150668204584	30.824763958656604	32.60470166553327	34.356273082833326	36.04923335875654	37.69166031086448	39.30797524806414	40.917715217481145	42.46771690818715	43.96436743174244	45.40372180747743	46.77920506760945	48.13684198661712	49.45934979204316	50.693565172959225	51.88532504762155	53.047215782928376	54.175292398210104	55.264482775462966	56.2901777495576	57.28900928385451	58.24162818745045	59.18767212326374	60.08543700993008	60.945067083457005	61.798497901646	62.578476936891576	63.342300337014066	64.09936091313152	64.78935681786587	65.51185184906879	66.18681925601422
Sin-CPnd_035-Ex1-12D-lcwgs-1-2.2 - illumina_universal_adapter	0.00037571244472330657	0.00037571244472330657	0.0011271373341699197	0.0015028497788932263	0.002629987113063146	0.005635686670849599	0.006011399115572905	0.006762824005019518	0.007138536449742825	0.010144236007529277	0.01202279823114581	0.01258636689823077	0.015028497788932262	0.017094916234910447	0.020100615792696903	0.02348202779520666	0.029493426910779566	0.04395835603262687	0.07514248894466131	0.1455885723302813	0.27333080353620554	0.4839176288036189	0.804588200374961	1.2338396684713389	1.7876398119934926	2.4806414162856316	3.3119052002359473	4.27579547717359	5.446515454931413	6.720368498765785	8.108813838240764	9.585739458448082	11.12747547537017	12.752243942576111	14.427357877374973	16.160895097328307	17.92035647596755	19.72415192308415	21.56382790867182	23.412145280488126	25.27492758142628	27.05185958874516	28.825785896506247	30.60271790382513	32.356543595793525	34.09102009685867	35.76087405743141	37.3946596233107	38.98523825804682	40.56755121899903	42.08298736479048	43.55202302365861	44.95436972358836	46.28570677146539	47.60971742667033	48.881128339613994	50.07157322071979	51.231585393803	52.355717028415135	53.441150281220764	54.47172951709679	55.449333298266836	56.40364290786404	57.30084422586329	58.191846288524616	59.02686719692217	59.82751041662753	60.62082724366079	61.341631568862454	62.040268859825446	62.73721544478718	63.36935163303414	64.03060553574716	64.64489538286978
Sin-CPnd_038-Ex1-11C-lcwgs-1-2.1 - illumina_universal_adapter	0.002951743215207381	0.003795098419552347	0.0042167760217248305	0.005060131226069796	0.006325164032587245	0.006746841634759728	0.007590196839104694	0.009698584849967109	0.010541940054312075	0.011806972860829525	0.015602071280381873	0.01813213689341677	0.0198188473021067	0.022138074114055356	0.024668139727090255	0.029095754549901327	0.03689679019009226	0.053974733078077826	0.09572081569315363	0.17773710931570158	0.34577563378143605	0.6453775701249853	1.0872956972017473	1.7141194528311434	2.523951287803397	3.5043517128544197	4.7033919746318755	6.126764720765092	7.690766947222832	9.396874525612699	11.18120329920556	13.081704252196939	15.085727056521666	17.16586266803852	19.27425067890094	21.402668375866547	23.495032637846407	25.635257307672845	27.76578339264932	29.88935179718994	31.9924688380252	34.03423178774436	36.010213031524614	37.953514261136505	39.79540202742591	41.6191576568219	43.422672761313606	45.15935196586098	46.83130365847488	48.47816553375951	50.017499620490156	51.521201949837234	52.91062964899557	54.237649063032364	55.493194123500935	56.718167557812	57.87946767419502	58.99902170796296	60.07851636952452	61.11647578727208	62.08106330224164	63.01212744783848	63.89722873479852	64.75766188203147	65.55863848735811	66.32060991448378	67.05222055425304	67.74798859783763	68.43089547455597	69.05518916457234	69.64680284042032	70.22555534940206	70.78638656029146	71.33709750872873
Sin-CPnd_038-Ex1-11C-lcwgs-1-2.2 - illumina_universal_adapter	0.002951743215207381	0.0042167760217248305	0.004638453623897313	0.005903486430414762	0.007168519236932211	0.007590196839104694	0.008433552043449661	0.010541940054312075	0.01138529525865704	0.012861166866260732	0.017288781689071803	0.0198188473021067	0.02150555771079663	0.02361394572165905	0.025933172533607704	0.030360787356418777	0.03816182299660971	0.05502892708350903	0.09593165449423988	0.1783696257189603	0.3417696965607975	0.6352573076728456	1.075699563142004	1.699782414357279	2.511090120937136	3.4963398384131428	4.704024491035135	6.132246529593334	7.7053148244977825	9.402145495639854	11.177619039587093	13.073903216556749	15.081088602897768	17.161435053215712	19.267714676067264	21.38158449575792	23.449913134413954	25.563572115303522	27.681237033413733	29.79405265909896	31.876507497427767	33.88980720900029	35.83353011621435	37.76418101776106	39.597213554404846	41.39609020527266	43.1882200145057	44.901496112132506	46.54962302022366	48.17308178858772	49.67952502234891	51.13831868706462	52.471452426332924	53.7544065309427	54.97558486683421	56.17061919139103	57.287432320744855	58.36608362710206	59.40066962403225	60.39519624875605	61.317616003508356	62.2027172904684	63.042488235194895	63.852530908968234	64.59700271560376	65.3119570900872	65.98832796397187	66.63981985932836	67.27086039097946	67.85298632077858	68.40475146322129	68.94344459999664	69.45430701502859	69.95378413480191
Sin-CPnd_039-Ex1-10F-lcwgs-1-2.1 - illumina_universal_adapter	0.0013987774684925374	0.0013987774684925374	0.0024478605698619407	0.0024478605698619407	0.004196332405477613	0.004895721139723881	0.004895721139723881	0.006993887342462687	0.007693276076708957	0.009966289463009328	0.011889608482186568	0.01486201060273321	0.016960176805472016	0.01870864864108769	0.020981662027388062	0.025177994432865676	0.0330461176931362	0.053153543802716426	0.09669049250954664	0.19495460967114742	0.3626330587066904	0.6408149277531437	1.0517058091228266	1.5849897189856066	2.2807066623770824	3.0921724412863156	4.067120336825615	5.2032773356086786	6.454833475542376	7.841721335552727	9.334216894434265	10.861681890028116	12.528325243736974	14.236232532766362	15.94623798799849	17.69540921234841	19.510148130533914	21.35321229245639	23.20414457763914	25.06381922199997	26.927165657215596	28.780370955784644	30.574128211942764	32.36036703920773	34.15534822565078	35.92008084933768	37.63533172007665	39.29970206039921	40.9607503042341	42.558678714803264	44.12495978514778	45.617979885580006	47.097012211327296	48.51484802282805	49.89911317508498	51.245261641325484	52.53301114825642	53.756242044453145	54.95849127862248	56.13416374089046	57.251437243848876	58.30524121917444	59.34733043320138	60.34885510064204	61.32992264760599	62.25626302611518	63.130498943923016	64.00141276524317	64.81567609908939	65.60650991033836	66.39454616665034	67.15320809612399	67.84367962400862	68.53537508217818
Sin-CPnd_039-Ex1-10F-lcwgs-1-2.2 - illumina_universal_adapter	0.0013987774684925374	0.0013987774684925374	0.0020981662027388065	0.0020981662027388065	0.0038466380383544783	0.004895721139723881	0.004895721139723881	0.006993887342462687	0.007693276076708957	0.009966289463009328	0.011889608482186568	0.01486201060273321	0.016960176805472016	0.01870864864108769	0.020981662027388062	0.02500314724930411	0.03234672895888993	0.05297869661915486	0.09634079814242352	0.19477976248758586	0.36368214180805974	0.6444867186079366	1.0548530584269349	1.587262732371907	2.2805318151935206	3.0954945377739858	4.0727154466995845	5.208347903931964	6.457281336112238	7.84539312640752	9.33823837965618	10.875494817529479	12.537417297282175	14.237981004601977	15.94518890489712	17.688415325005945	19.4842707473668	21.311074121218056	23.14784378453232	24.989159474619186	26.82960092878824	28.667594522387432	30.444041907372956	32.217866584605055	33.99938453791386	35.73893916716789	37.43478200053154	39.07974430347876	40.711767914842426	42.27595081898421	43.80586367514792	45.25622106279112	46.688569190527474	48.066889538543315	49.404645339972866	50.71320166174763	51.959162691807364	53.14515113790547	54.3078849085899	55.43407561790994	56.50344099257249	57.49954539732274	58.46907303017163	59.40468030940958	60.318956232253015	61.18952035920606	62.00535731770432	62.81297645857521	63.56761690282693	64.29672965827866	65.01919822075506	65.70949490145613	66.3461134968038	66.97556335762543
Sin-CPnd_040-Ex1-11E-lcwgs-1-2.1 - illumina_universal_adapter	0.002767183053770979	0.003228380229399475	0.003228380229399475	0.004150774580656468	0.004611971756284965	0.007379154810055943	0.009685140688198425	0.011991126566340908	0.011991126566340908	0.013144119505412149	0.01660309832262587	0.01937028137639685	0.021445668666725086	0.023982253132681815	0.02744123194989554	0.032975598057437494	0.03943235851623644	0.0583414427170048	0.10561415321892569	0.20730813044500918	0.4030863314993059	0.7113966434069559	1.158527305178783	1.7682299713596554	2.6177551688673457	3.6409211029991653	4.898375202350261	6.385505495164348	8.002923990093485	9.79236903153205	11.688581219128615	13.682797806546233	15.83704981390694	18.0212796376835	20.18936756031306	22.408417770849574	24.560363792332137	26.77042065794389	28.96825579840149	31.13588252385542	33.22279974357437	35.192342282095865	37.17203115848119	39.09038081050792	40.95477039298611	42.78733737034594	44.562715897927845	46.27629400397552	47.97234661734932	49.581924760292765	51.13869582662676	52.624673126501776	54.018180392663275	55.38862780004335	56.70234795482112	57.94273775867397	59.11440918335816	60.248031841053006	61.324235450382105	62.34371180710889	63.32329460814382	64.26736522665536	65.17869084569726	66.06096104267458	66.9174041978167	67.72173207211279	68.50276948903965	69.25060070932125	69.95830777532318	70.63511463055801	71.28448025384293	71.92300774350058	72.49835122009713	73.06977452070083
Sin-CPnd_040-Ex1-11E-lcwgs-1-2.2 - illumina_universal_adapter	0.0018447887025139858	0.0023059858781424823	0.0023059858781424823	0.003228380229399475	0.0036895774050279715	0.00645676045879895	0.008762746336941433	0.011068732215083915	0.011068732215083915	0.012221725154155157	0.015450105383554631	0.017525492673882863	0.0196008799642111	0.022137464430167828	0.025596443247381556	0.03136140794273776	0.037587569813722466	0.05511306248760532	0.10100218146264073	0.20062077139839596	0.3940929865745502	0.7010197069553146	1.1488421644905846	1.751165675861401	2.591466929856521	3.614863462576155	4.873470554866322	6.350454509816582	7.975252159555774	9.753628468779258	11.634851748167893	13.623764568065784	15.763027667218566	17.9161266816402	20.052161400563584	22.238697210218284	24.349827281657728	26.530598126617072	28.695457669017234	30.827111014772147	32.876210066089556	34.8190031684246	36.77102021427221	38.67276676797631	40.5159412803756	42.32106702578553	44.074308088937265	45.7565247870422	47.426750358580804	49.00058572041305	50.52576478021649	51.97092613004838	53.32500103769364	54.65071231903776	55.92822849552869	57.13656509567535	58.26718997172861	59.35492351044842	60.397229127368824	61.39041724508479	62.32134374409091	63.21260728599298	64.06789744819602	64.89874416009076	65.6908503092327	66.44744427585125	67.17014025006111	67.86331960503074	68.51291582690348	69.12008190861839	69.7111060891863	70.29567350929543	70.81705691634345	71.32644919682512
Sin-CPnd_042-Ex1-10D-lcwgs-1-2.1 - illumina_universal_adapter	0.0006308272668777835	0.0018924818006333505	0.0031541363343889177	0.0031541363343889177	0.004415790868144484	0.006308272668777835	0.007569927202533402	0.010093236270044536	0.010093236270044536	0.013247372604433453	0.015455268038505696	0.017032336205700157	0.019240231639772398	0.02334060887447799	0.024286849774794665	0.028071813376061367	0.03595715421203366	0.0498353540833449	0.09777822636605644	0.19429479819835732	0.38480463279544797	0.6986411980671452	1.1670304437238994	1.7921802651997831	2.5627357716909955	3.578367671364227	4.755175937724732	6.1609745019618725	7.785039300538726	9.611599651783349	11.535307402127149	13.594643014849673	15.840388084934585	18.141961368138176	20.552352354878188	22.971890336987926	25.359886955753772	27.819797882943693	30.267407678429493	32.73268063738787	35.13865583325973	37.46293889807093	39.74274864056724	42.022873796696985	44.17841056761837	46.34025561120853	48.38318971499224	50.35578657851907	52.25394582455432	54.0801907621655	55.78720934633678	57.43871513102282	59.00379758014661	60.503273993515094	61.96773949357187	63.333165112728835	64.62131439169326	65.80285386255537	66.9588448291089	68.00034064672411	68.98979321482193	69.93477246060483	70.82802387050378	71.65756172644807	72.44798829184592	73.21034304386772	73.91434627370333	74.57955362662597	75.20375720720152	75.7705555064912	76.31369778327299	76.82656035124462	77.31986727394305	77.77248583792786
Sin-CPnd_042-Ex1-10D-lcwgs-1-2.2 - illumina_universal_adapter	0.001261654533755567	0.0031541363343889177	0.004415790868144484	0.004415790868144484	0.005677445401900052	0.007569927202533402	0.008831581736288969	0.011354890803800104	0.011354890803800104	0.014509027138189022	0.016716922572261265	0.018293990739455722	0.020501886173527967	0.024602263408233557	0.025548504308550234	0.02901805427637804	0.03721880874578923	0.050781594983661575	0.0993552945332509	0.19397938456491842	0.3873279418629591	0.7040032298356065	1.1739695436595552	1.7962806424344886	2.5652590807585067	3.57458270776296	4.759907142226316	6.164128638296262	7.788193436873115	9.618223338085565	11.537199883927784	13.594958428483114	15.841965153101777	18.126821513733113	20.52333430060181	22.93025573737399	25.305951224435724	27.75135312448745	30.181299756500675	32.61566217938204	35.013752034417934	37.31690238578872	39.58661889201499	41.86327449817691	43.99483983295694	46.13776005854077	48.165869721552845	50.091785367330715	51.953356631887054	53.75058351522186	55.420698704280795	57.02583868485131	58.54518615712645	60.00839000264948	61.42743593949105	62.757219818069416	64.01508938822371	65.16351042757472	66.28764461715093	67.29255245328724	68.23437756273577	69.12699814536784	69.957166828579	70.74033888040776	71.4802992644554	72.1874566306254	72.85171774264771	73.46614350058667	74.01937901363848	74.52782579074199	75.03438008604483	75.49519940449906	75.95160293208514	76.35312448745285
Sin-CPnd_043-Ex1-1C-lcwgs-1-2.1 - illumina_universal_adapter	0.0014891589230402668	0.0029783178460805336	0.0029783178460805336	0.0029783178460805336	0.0029783178460805336	0.008934953538241601	0.013402430307362401	0.01489158923040267	0.01489158923040267	0.01712532761496307	0.01935906599952347	0.020103645461043602	0.02382654276864427	0.025315701691684536	0.02829401953776507	0.031272337383845605	0.03797355253752681	0.04616392661424827	0.06775673099833214	0.11615439599714081	0.19880271622587564	0.3231474862997379	0.5167381462949726	0.7721289015963784	1.1153800333571597	1.4712890159637837	1.9552656659518703	2.5293364307838933	3.1056409340004762	3.8256492732904457	4.565016678579938	5.311085299023112	6.165862520848225	7.039998808672862	7.964766499880867	8.961013819394807	10.016082916368834	11.10242435072671	12.193233261853706	13.348076006671432	14.61981772694782	15.824547295687395	17.065016678579937	18.236984751012628	19.496813199904693	20.785680247796044	22.04774243507267	23.335864903502504	24.713336907314748	26.073683583512032	27.35733857517274	28.616422444603288	29.888164164879676	31.182243269001667	32.46738741958542	33.74955325232308	35.019805813676435	36.298248749106506	37.58934953538242	38.85811293781272	40.05241839409102	41.3129914224446	42.47825827972361	43.63235644507982	44.839319752203956	46.06340838694305	47.163152251608295	48.29044555634977	49.35891708363117	50.40281748868239	51.43629378127234	52.477960447939004	53.51962711460567	54.49055873242793
Sin-CPnd_043-Ex1-1C-lcwgs-1-2.2 - illumina_universal_adapter	0.0014891589230402668	0.0029783178460805336	0.0029783178460805336	0.0029783178460805336	0.0029783178460805336	0.008934953538241601	0.013402430307362401	0.01489158923040267	0.01489158923040267	0.015636168691922803	0.018614486538003336	0.020103645461043602	0.02382654276864427	0.02606028115320467	0.02978317846080534	0.03276149630688587	0.03946271146056707	0.04765308553728854	0.0692458899213724	0.11838813438170122	0.20252561353347628	0.32687038360733855	0.5271622587562544	0.7795746962115797	1.1317607815106028	1.4913926614248272	1.9723909935668336	2.5427388610912556	3.12425542053848	3.8375625446747677	4.5709733142720985	5.312574457946152	6.1591613056945445	7.029574696211579	7.951364069573505	8.944633071241363	9.99076721467715	11.083809864188707	12.170895878008102	13.330950679056468	14.593012866333094	15.784340004765308	17.01736359304265	18.186353347629257	19.417143197522037	20.682928282106268	21.92488682392185	23.205563497736478	24.544317369549677	25.871157969978555	27.129497259947584	28.332737669764114	29.553847986657136	30.80027400524184	32.02883011675006	33.27897903264237	34.5120026209197	35.73460209673577	36.939331665475336	38.14331665475339	39.27582201572552	40.44183345246604	41.53040862520848	42.58101024541339	43.70085775553967	44.811025732666195	45.82737669764117	46.86457588753872	47.860078627591136	48.83994519895163	49.77885989992852	50.740856564212535	51.667113414343575	52.57698951632118
Sin-CPnd_044-Ex1-2C-lcwgs-1-2.1 - illumina_universal_adapter	0.0	0.0	0.0	0.0	0.0	0.0	0.0	0.0	0.0	0.0	0.0	0.0	0.0	0.0	0.0	0.009593246354566385	0.01918649270913277	0.04796623177283192	0.2590176515732924	0.6139677666922487	0.9785111281657713	1.7459708365310822	2.8012279355333844	4.048349961627014	5.765541059094398	7.693783576362241	9.698772064466615	12.42325402916347	14.850345356868765	17.258250191864928	19.98273215656178	23.167689946277818	26.285495011511895	29.288181120491174	32.242900997697625	35.4182655410591	37.97006907137375	40.54105909439754	43.28472755180353	45.5487336914812	47.8607060629317	50.30698388334612	52.80122793553338	54.75825019186493	56.6481197237145	58.43246354566385	60.25518035303146	61.71335379892555	63.20990023023791	64.57214121258633	66.09746738296239	67.42133537989255	68.53415195702226	69.77168073676133	70.88449731389102	71.76707597851112	72.59209516500384	73.49386032233308	74.31887950882579	75.24942440521872	75.98810437452033	76.70759785111282	77.45587106676899	78.1945510360706	78.74136607828089	79.2785878741366	79.73906369915579	80.11320030698388	80.54489639293936	81.03415195702226	81.4466615502686	81.81120491174214	82.14696853415195	82.53069838833461
Sin-CPnd_044-Ex1-2C-lcwgs-1-2.2 - illumina_universal_adapter	0.0	0.0	0.0	0.0	0.0	0.0	0.0	0.0	0.0	0.0	0.0	0.0	0.0	0.0	0.0	0.009593246354566385	0.01918649270913277	0.04796623177283192	0.23983115886415962	0.6043745203376822	0.9305448963929395	1.6596316193399847	2.6957022256331546	3.933231005372218	5.535303146584804	7.319646968534151	9.247889485801995	11.886032233307752	14.188411358403684	16.490790483499616	19.215272448196473	22.496162701458175	25.65234075211051	28.645433614735225	31.48503453568688	34.650805832693784	37.116270145817346	39.533768227168075	42.17191097467383	44.407137375287796	46.6327705295472	49.05026861089793	51.45817344589409	53.338449731389105	55.20913277052955	56.95510360706063	58.73944742900997	60.19762087490407	61.67498081350729	62.98925556408288	64.47620874904068	65.64658480429777	66.56753645433615	67.7762854950115	68.87950882578664	69.75249424405219	70.55832693783577	71.4313123561013	72.25633154259401	73.15809669992325	73.90636991557943	74.63545663852648	75.25901765157329	75.9976976208749	76.51573292402148	76.9953952417498	77.43668457405985	77.7916346891788	78.252110514198	78.64543361473523	79.00038372985418	79.37452033768227	79.74865694551036	80.10360706062932
Sin-CPnd_045-Ex1-11H-lcwgs-1-2.1 - illumina_universal_adapter	0.00048759206508070934	0.0007442194677547668	0.0010778350912310417	0.0015141016757769395	0.0019503682603228374	0.0033618189750301538	0.0040803757025175144	0.005517489157492237	0.006261708625247004	0.00798111222316319	0.009931480483486027	0.011612389971001103	0.012613236841429929	0.013755228783329484	0.015064028536967177	0.017553314342905538	0.0209664587984705	0.029178535684040344	0.047950830189647645	0.08775374034439398	0.16257345959401545	0.28563913054635975	0.4712320681602381	0.7228808992224189	1.0348115071727357	1.417725254702697	1.8804116303538891	2.4190853799368695	3.020902301947802	3.6885569841147636	4.416839890163471	5.209112839068956	6.059986655375061	6.965676084892345	7.92452588087356	8.930441142505197	9.964161983216567	11.057869479303001	12.179908640644648	13.338645520568686	14.525444606975132	15.737636974876176	16.970834295686096	18.226011753535044	19.5023609721046	20.795544948289578	22.091372186722097	23.40577924910822	24.725960428054506	26.050068006261707	27.376395411502042	28.708137654938795	30.031282880385966	31.35148972207252	32.659147483768315	33.960030282033514	35.25325275232889	36.534862832653275	37.80353889188287	39.05970436523212	40.30400082120769	41.53596633048477	42.75510046962815	43.95062488772551	45.13946416198321	46.30110093155747	47.44624939050992	48.575140503502965	49.674493802448225	50.743308440475275	51.802576539122846	52.832704596196784	53.84461210768086	54.83246080016424
Sin-CPnd_045-Ex1-11H-lcwgs-1-2.2 - illumina_universal_adapter	0.00046192932481330356	0.0006415685066851438	0.0010008468704288244	0.001360125234172505	0.0017963918187184028	0.003130854312623502	0.0038750737803782687	0.005235199014550774	0.0059024302615033235	0.0076731593399543205	0.00963635897041086	0.011407088048861858	0.012446429029691789	0.013537095491056535	0.014781738394025714	0.01720686734929556	0.02060718043472682	0.028844920060564067	0.047488900864834344	0.08725331690917956	0.16199604793799882	0.2858572638386327	0.4720917699591962	0.7234198167680346	1.035671208971694	1.4198295994046244	1.8840814022121282	2.423409551671927	3.025739728488208	3.6947545358893423	4.4246157004644955	5.219159801883645	6.07190699822927	6.975800035927836	7.933341032155414	8.933623322298356	9.96548361434034	11.055072240613853	12.175712782610926	13.328932173377474	14.506672312469526	15.708342956860934	16.932301691174583	18.179729001462775	19.449277593861474	20.73219647393949	22.019131572869348	23.32523673877897	24.63279184951369	25.938139964585417	27.238150229681523	28.539969717966486	29.828970667487873	31.11077321836426	32.387379064336486	33.654335719968174	34.91089896579157	36.14956245027844	37.37089075371468	38.57378037826879	39.75945030410347	40.92535991993225	42.07496086432109	43.193227602843436	44.30756794210485	45.39139528318834	46.45053506813458	47.49473913824518	48.50846870428825	49.49222418969897	50.458092745143325	51.40090332845742	52.32454384479175	53.225318859547826
Sin-CPnd_049-Ex1-4C-lcwgs-1-2.1 - illumina_universal_adapter	0.0	0.0	0.0	0.0	0.0	0.0	0.0	0.0	0.0	0.0	0.006297229219143577	0.012594458438287154	0.012594458438287154	0.012594458438287154	0.012594458438287154	0.012594458438287154	0.02518891687657431	0.06297229219143577	0.14483627204030225	0.3211586901763224	0.7934508816120907	1.5428211586901763	2.361460957178841	3.3186397984886646	4.565491183879093	6.007556675062972	7.758186397984887	9.722921914357684	12.0088161209068	14.042821158690177	16.309823677581864	18.860201511335013	21.24685138539043	23.765743073047858	26.102015113350127	28.43198992443325	30.8816120906801	32.90302267002519	35.12594458438287	37.204030226700255	39.420654911838795	41.83879093198992	43.99244332493703	45.96347607052897	47.877833753148614	49.86146095717884	51.68765743073048	53.46347607052897	55.050377833753146	56.68765743073048	57.92821158690176	59.250629722921914	60.4911838790932	61.712846347607055	62.90302267002519	64.1750629722922	65.38413098236776	66.41057934508817	67.46221662468514	68.28715365239294	69.24433249370277	69.94962216624685	70.81863979848868	71.53652392947103	72.38035264483628	73.21788413098237	73.94206549118388	74.7544080604534	75.32745591939548	75.91309823677582	76.68765743073048	77.36775818639799	77.85264483627205	78.31863979848868
Sin-CPnd_049-Ex1-4C-lcwgs-1-2.2 - illumina_universal_adapter	0.0	0.0	0.0	0.0	0.0	0.0	0.0	0.0	0.0	0.0	0.006297229219143577	0.02518891687657431	0.02518891687657431	0.02518891687657431	0.02518891687657431	0.02518891687657431	0.037783375314861464	0.07556675062972293	0.1574307304785894	0.34005037783375314	0.7934508816120907	1.5428211586901763	2.3803526448362717	3.375314861460957	4.5843828715365245	6.045340050377834	7.85264483627204	9.836272040302266	12.1095717884131	14.124685138539043	16.39168765743073	18.904282115869016	21.29093198992443	23.80352644836272	26.083123425692694	28.488664987405542	30.963476070528966	32.921914357682624	35.151133501259444	37.2103274559194	39.420654911838795	41.81360201511335	43.96095717884131	45.91939546599497	47.80856423173803	49.76700251889169	51.523929471032744	53.268261964735515	54.83627204030226	56.46095717884131	57.670025188916874	58.967254408060455	60.18261964735517	61.3727959697733	62.550377833753146	63.74685138539043	64.91813602015114	65.96977329974811	66.9647355163728	67.77078085642317	68.69647355163728	69.3765743073048	70.23299748110831	70.8942065491184	71.58690176322418	72.34886649874056	72.97858942065491	73.72166246851386	74.20025188916875	74.6977329974811	75.38413098236776	75.97607052896726	76.43576826196474	76.83249370277079
Sin-CPnd_050-Ex1-9B-lcwgs-1-2.1 - illumina_universal_adapter	0.002605365315640008	0.004776503078673348	0.005644958183886684	0.00868455105213336	0.009987233709953363	0.012158371472986705	0.013895281683413375	0.016066419446446715	0.01736910210426672	0.020191581196210062	0.024750970498580077	0.02713922203791675	0.02887613224834342	0.03061304245877009	0.03430397665592677	0.03756068330047678	0.047982144563036816	0.07729250436398691	0.15089407453081713	0.2972287597592642	0.5601535428626017	0.975057969378273	1.5897070700930116	2.4056206414409407	3.3917514134106836	4.626043231695137	6.096337724821316	7.7883053835531975	9.660694590393149	11.679852710014156	13.830364664298678	16.055129530078943	18.35175905581561	20.71764787619304	23.069424301110754	25.41555576784458	27.764726827446655	30.119759959008917	32.43137033531052	34.730605226362826	36.98967406879901	39.15994337672714	41.284835905407874	43.40343213457581	45.42758387105179	47.37053505519032	49.26724100497625	51.03997498849297	52.77623385759073	54.36615804146005	55.92785743440993	57.45395016804606	58.88125613346418	60.2173743128349	61.46903523322362	62.621692271618016	63.68402997907023	64.72248517112908	65.68473342770545	66.56426133551025	67.4075312426724	68.18610124449617	68.93145283854551	69.62382867117685	70.27104483833708	70.89329292122244	71.47537495549167	72.03140333660451	72.52815965678654	72.98930931765483	73.40942447480177	73.82324333243594	74.22273268083407	74.57706236376112
Sin-CPnd_050-Ex1-9B-lcwgs-1-2.2 - illumina_universal_adapter	0.002605365315640008	0.00434227552606668	0.005210730631280016	0.007381868394313356	0.00868455105213336	0.0108556888151667	0.012592599025593372	0.01519796434123338	0.016500646999053382	0.01954023986730006	0.023882515393366742	0.026270766932703415	0.028007677143130086	0.029961701129860092	0.03386974910332011	0.03756068330047678	0.047765030786733484	0.07577270792986357	0.1493742780966938	0.29266937045689423	0.5542914709024117	0.965287849444623	1.584062111909125	2.395850521507291	3.373730969977507	4.606937219380444	6.064856227257332	7.748356448713384	9.61249533205381	11.623837355727895	13.771526830920475	15.991732307398369	18.270124275925557	20.631670820776918	22.967163712471883	25.289629777588647	27.604496860534795	29.932607883835445	32.21773037942803	34.493082755086974	36.712636890235956	38.85229315570532	40.953954510321594	43.05344472717483	45.04459516965271	46.96257826951636	48.82671715285679	50.561456225520416	52.25559502201534	53.801445109295074	55.31429390257671	56.79696388095218	58.179978636004414	59.4748451978775	60.70327494420176	61.82445048503217	62.86073453932799	63.85728677256029	64.76894751925799	65.61004628865712	66.40924209922969	67.14677759733212	67.83763363352932	68.47551390830851	69.07561638601092	69.6594353304906	70.19831172327547	70.71895055885086	71.17054721356179	71.59087948448504	71.97430241343673	72.35533709084908	72.71748286972306	73.03229784536288
Sin-CPnd_051-Ex1-12G-lcwgs-1-2.1 - illumina_universal_adapter	0.0007765753802307206	0.0011648630703460809	0.0019414384505768013	0.0034945892110382426	0.0046594522813843235	0.006989178422076485	0.007765753802307205	0.009707192252884007	0.010872055323230087	0.013201781463922249	0.015919795294729772	0.017667089900248893	0.019608528350825695	0.022520686026690898	0.024073836787152338	0.02970400829382506	0.03824633747636299	0.061349455038226926	0.11512730011920433	0.22423614104162054	0.4189624176344737	0.7420177758104535	1.196314373245425	1.774668887672254	2.5541564255788396	3.5099265747977992	4.665664884426169	6.05398752043364	7.6088855755006	9.2558078131249	11.025623104670712	12.921243607813903	14.937621582582967	17.044082301458797	19.151707883404974	21.30243339895395	23.539941213243715	25.762694095309097	27.9633145790379	30.139667082134494	32.30767139989361	34.46985140230099	36.590290478020975	38.660640441716076	40.67546526572468	42.59651861257042	44.45602836053288	46.245452180429524	47.982263018315535	49.610547446814294	51.19495536633002	52.74189352374962	54.22359934922983	55.619105307504434	56.96626944835968	58.189375672223065	59.33715408420407	60.42183574654133	61.4867147366827	62.48403166874401	63.433200927231006	64.28821042086503	65.1218640915427	65.90931152709666	66.66084235131493	67.35296515894557	68.02897402743642	68.65935909233869	69.27149463580557	69.87353469932944	70.40102352635114	70.8902660158965	71.37232518317472	71.82351547908877
Sin-CPnd_051-Ex1-12G-lcwgs-1-2.2 - illumina_universal_adapter	0.0007765753802307206	0.0011648630703460809	0.0019414384505768013	0.003106301520922882	0.004271164591268963	0.006600890731961124	0.007377466112191845	0.009318904562768647	0.010095479942999367	0.01223106223863385	0.01475493222438369	0.01650222682990281	0.018443665280479613	0.020967535266229458	0.022520686026690898	0.02815085753336362	0.036499042870843865	0.05882558505247708	0.11221514244333913	0.2180235379997748	0.40731378693101294	0.7270686997410121	1.1796180025704643	1.7573900854621205	2.5343537533829563	3.479445991123743	4.632272143076248	6.0070047099296815	7.55277800427893	9.186304316594251	10.944470977436602	12.814076205342062	14.812398802520764	16.882942910060923	18.9552343122066	21.053540989590005	23.254743904853985	25.439832880978173	27.61346737024396	29.768852338074325	31.896086448371328	34.01633138024625	36.09774754310964	38.12344442244148	40.08798599058014	41.96069752000652	43.78040777973216	45.517606905308284	47.211900241126656	48.79689059217756	50.31509546052861	51.80281974520562	53.2181283756761	54.56606909191158	55.86353240843205	57.038879246411256	58.127055497959546	59.16203633596204	60.18750412555671	61.12483060949519	62.016533289845114	62.8226185345246	63.60230021627625	64.34140583441084	65.03799395047778	65.67963935839342	66.31177171790122	66.90391044532714	67.4739167744165	68.03926365122447	68.52617641462913	68.97911400514869	69.42059710880986	69.83334692340249
Sin-CPnd_053-Ex1-9G-lcwgs-1-2.1 - illumina_universal_adapter	0.002164033758926639	0.0025247060520810793	0.003246050638389959	0.003246050638389959	0.003967395224698839	0.005410084397316598	0.007934790449397678	0.011541513380942076	0.012262857967250955	0.014066219433023155	0.01803361465772199	0.020738656856380294	0.02344369905503859	0.025788068960542452	0.029394791892086852	0.03300151482363124	0.042198658299069464	0.06708504652672581	0.13741614369184157	0.27916035490153646	0.5269422202986367	0.9263867849671787	1.4989540503498522	2.2742191444853206	3.2689533290052655	4.497403159489288	5.881843756762605	7.471506888840799	9.242047175935944	11.179398398615017	13.25308374810647	15.45084036644305	17.736961696602467	20.044002019764843	22.48070403231624	24.91632402798817	27.361501839428694	29.83661545120104	32.275661833657935	34.7442833441535	37.185313424222755	39.54411022145278	41.80137776815985	44.035021279665294	46.179759070908176	48.173194835172765	50.13417009305345	52.03725744788285	53.871636730866335	55.571665584649786	57.24590636947269	58.846930678785256	60.336146577219935	61.74691625189353	63.081584072711536	64.27432734617327	65.43965952535527	66.54602178460651	67.56870807184592	68.522866623386	69.43825290341196	70.28132438866047	71.06596696241795	71.79668902834885	72.46699848517636	73.10592945249945	73.73187621726899	74.29434465844334	74.78810502777176	75.2604053956575	75.7022289547717	76.1312486474789	76.52185674096515	76.89695592584579
Sin-CPnd_053-Ex1-9G-lcwgs-1-2.2 - illumina_universal_adapter	0.0025247060520810793	0.002885378345235519	0.003967395224698839	0.003967395224698839	0.004688739811007718	0.006492101276779918	0.009377479622015437	0.013344874846714275	0.014066219433023155	0.016230253191949796	0.02019764841664863	0.022902690615306934	0.02596840510711967	0.02795210271946909	0.031378489504436266	0.03498521243598067	0.04364134747168723	0.06744571881988026	0.13813748827815048	0.280422707927577	0.5256798672725962	0.9229603981822116	1.4921012767799178	2.2554641852412898	3.238476520233716	4.452679795138137	5.829546274255211	7.409471254418236	9.175142465555796	11.104558897785473	13.16291567481786	15.351294813532423	17.6139724446368	19.899192094063334	22.311007718387074	24.716331241434034	27.13337661400851	29.559799466205007	31.948351727620285	34.38198802567987	36.786049195700784	39.09579456106182	41.329077400274116	43.53134242227512	45.63442256365866	47.59702084685854	49.52878164899373	51.38570295029936	53.16904710380149	54.82994301377768	56.43511505446152	57.9757267546707	59.41444853206377	60.77256005193681	62.06106181923104	63.20385198009089	64.3208540719902	65.37473851258747	66.35576714996753	67.25456250450841	68.11783163817356	68.91076967467359	69.64888552261415	70.33542523263364	70.97255283849094	71.5651374161437	72.13319627786194	72.64084253047682	73.08753516554859	73.522866623386	73.93241001226286	74.32355911418885	74.68278871817067	75.02506672437423
Sin-CPnd_058-Ex1-9D-lcwgs-1-2.1 - illumina_universal_adapter	0.0025098007720147173	0.0035137210808206046	0.005521561698432378	0.006023521852835322	0.009035282779252984	0.010541163242461814	0.011545083551267701	0.014054884323282418	0.014556844477685361	0.017568605404103023	0.019576446021714794	0.022588206948132458	0.02334114717973687	0.026603888183356003	0.028862708878169253	0.03212544988178838	0.0426666131242502	0.06274501930036794	0.128752779604355	0.25951339982632177	0.48966213062007136	0.8307440555368715	1.3620688789723872	2.085895421621432	3.0215491494285187	4.155728118301969	5.473122543532494	7.0397401854240815	8.815675211701695	10.74019044368258	12.825583905149609	15.069345795330767	17.406723254308073	19.86331624995608	22.36834840050397	24.900235419312416	27.48507923441037	30.082974013522808	32.64146492051461	35.199955827506415	37.722556583458406	40.13071042420653	42.472354544496255	44.815755525326395	47.11448205241468	49.28044011866338	51.37963748437649	53.407556508164376	55.30170315080389	57.15770082170877	58.88871041416732	60.55170440570428	62.15521611894448	63.682178908638235	65.06733795471315	66.39201080218253	67.62482494139616	68.81773324833475	69.91577108609118	70.95357370531927	71.93616070756303	72.86102229205045	73.69929574990337	74.5054437578745	75.21546639627746	75.89060280394942	76.54716668590848	77.15303259227282	77.71347110466371	78.2076508766734	78.67196401949613	79.1282457998484	79.55139821001009	79.95397025384125
Sin-CPnd_058-Ex1-9D-lcwgs-1-2.2 - illumina_universal_adapter	0.002007840617611774	0.003011760926417661	0.005521561698432378	0.006023521852835322	0.009035282779252984	0.010541163242461814	0.011545083551267701	0.014054884323282418	0.014556844477685361	0.018070565558505967	0.02007840617611774	0.0230901671025354	0.02434506748854276	0.026854868260557475	0.029364669032572194	0.03237642995898986	0.0426666131242502	0.06324697945477087	0.13025866006756384	0.26252516075273946	0.48639938961645224	0.8294891551508641	1.3605629985091783	2.0896601227794536	3.031086392362174	4.165265361235625	5.48767938801018	7.049277428357737	8.824208534326544	10.761523750244706	12.864485817115838	15.108749667451399	17.444621245965493	19.889920138139434	22.38466210552206	24.89421189745958	27.45069496383377	30.015209392678408	32.557386594652115	35.098810856394216	37.57573323829554	39.94598908738624	42.25224501679057	44.572053870363774	46.8436745491143	48.99181302988168	51.080469232352335	53.08002750741646	54.938283999016164	56.747348395484366	58.424899231499005	60.045477589988906	61.58900506477796	63.069285560112235	64.41428779383492	65.71009793242612	66.92057484476882	68.0750831998956	69.13497206591741	70.13161395248446	71.06651474005993	71.93741560794905	72.72072442889484	73.47341368042204	74.14754616778521	74.78603948418575	75.39993675302054	75.96765368765028	76.47463344359724	76.91987210055265	77.34302451071434	77.75538477755636	78.14189409644662	78.4942701248375
Sin-CPnd_061-Ex1-9A-lcwgs-1-2.1 - illumina_universal_adapter	0.0013608774938080074	0.002268129156346679	0.003175380818885351	0.004989884143962694	0.006350761637770702	0.007258013300309373	0.008165264962848045	0.012247897444272066	0.013155149106810739	0.01633052992569609	0.01746459450386943	0.019732723660216105	0.022000852816562784	0.024268981972909463	0.02562985946671747	0.03243424693575751	0.04717708645201092	0.07643595256888308	0.13948994311532076	0.248586955535596	0.46179109623218384	0.8138047412971885	1.322772923981383	2.0177276974860057	2.903432133039384	3.9826079856291337	5.2418732932328105	6.8018925269680555	8.536557705741995	10.3952895493681	12.440234796730266	14.554811609192274	16.801620351469296	19.097420683523403	21.45105830906435	23.808324941255457	26.124538435716683	28.479763751667075	30.81616359561979	33.08860219736353	35.378505393611135	37.532774466309206	39.5883799207062	41.65169701423478	43.64356803933843	45.506382515445964	47.36375348157826	49.1573900184172	50.87345653810911	52.49040581366866	54.054507679885326	55.57642234379394	56.99853932482331	58.375066909810116	59.67697304555311	60.90629904829301	62.06894205383631	63.16671656550811	64.19077687959863	65.16743329432151	66.09555174509858	66.9567603857634	67.77237963038567	68.55715231848163	69.2720666285621	69.96135107917586	70.59461273962785	71.24102954918665	71.8373207043902	72.3646607332408	72.897217459151	73.40709289349772	73.8949674750279	74.37082097202943
Sin-CPnd_061-Ex1-9A-lcwgs-1-2.2 - illumina_universal_adapter	0.0013608774938080074	0.0018145033250773432	0.002721754987616015	0.004989884143962694	0.006350761637770702	0.007258013300309373	0.008165264962848045	0.012247897444272066	0.013155149106810739	0.01633052992569609	0.01746459450386943	0.019732723660216105	0.021093601154024116	0.023361730310370796	0.024495794888544135	0.03130018235758417	0.04445533146439491	0.07053881676238172	0.13155149106810737	0.23906081307893998	0.45203814085989313	0.8035981600936284	1.3075764586338605	2.0020776063072137	2.887328416029322	3.965823829872168	5.221913756656959	6.785335184126724	8.517505420828684	10.380546709851846	12.432296344683051	14.548914473385771	16.805022545203816	19.082451031091516	21.41068561008138	23.723496910808088	26.010451539152445	28.35093401558658	30.67145695544487	32.93822523429774	35.20000362900665	37.32614790016603	39.373134463768906	41.425564537347014	43.41357974288488	45.277528283570575	47.11902234560845	48.89587472669044	50.583816444843634	52.163341589323466	53.682080872413195	55.17020041189225	56.54536711938525	57.879480689148366	59.15462290084646	60.34743202416918	61.47718715694546	62.541393357103324	63.53460711466754	64.46680819792601	65.34933725266052	66.16200792937953	66.93566678460938	67.67757183165038	68.33963873238798	68.97471489616505	69.56329441223701	70.14121372127414	70.68488428005044	71.17049073242427	71.64883917149778	72.11108389356124	72.5517813886394	72.98408680583907
Sin-CPnd_062-Ex1-11D-lcwgs-1-2.1 - illumina_universal_adapter	0.0017071546852860339	0.0017071546852860339	0.003841098041893576	0.003841098041893576	0.004694675384536593	0.005975041398501118	0.007255407412465643	0.010242928111716202	0.011950082797002236	0.012376871468323745	0.014297420489270532	0.016004575174556567	0.017071546852860338	0.018992095873807124	0.0200590675521109	0.023046588251361456	0.03179575601345238	0.044172627481776125	0.07916929853013982	0.1585519913959404	0.30408692831657474	0.5317786844665995	0.8851597043208085	1.3966659268996364	2.0575481844409924	2.922222032538368	3.954623828465097	5.1758796114515935	6.602847534015057	8.166601225737065	9.883785444799154	11.77019137204022	13.781432985642828	15.898731584068834	18.0858101302559	20.26093859364597	22.43329293067245	24.63466889734879	26.88469877255578	29.110401693497447	31.35744404800519	33.56927633712891	35.695110708981346	37.858502483910065	40.02424159653106	42.12638919712515	44.14317906345494	46.12198473803711	48.050215955067685	49.898637690561145	51.68090718199976	53.34751694351025	54.98937296208409	56.52751933352681	58.02981545657852	59.435017156904586	60.8094900728955	62.12741348993632	63.35187018795773	64.49459685542107	65.5905901633747	66.64753230790242	67.6573143042491	68.60585212626117	69.4816224798129	70.32026221895967	71.09488365740819	71.84731208494802	72.58864400703348	73.27022551513392	73.90357990337505	74.50385816958874	75.0674326100688	75.60433275859126
Sin-CPnd_062-Ex1-11D-lcwgs-1-2.2 - illumina_universal_adapter	0.0017071546852860339	0.0017071546852860339	0.0034143093705720677	0.0034143093705720677	0.0042678867132150845	0.00554825272717961	0.006401830069822627	0.009389350769073187	0.01109650545435922	0.011523294125680728	0.013443843146627516	0.015364392167574303	0.016858152517199583	0.018992095873807124	0.0200590675521109	0.02325998258702221	0.03222254468477389	0.04481281048875839	0.07874250985881831	0.1566314423749936	0.30558068866620003	0.5345528108301894	0.8887874080270413	1.3983730815849225	2.0558410297557064	2.917740751489492	3.9497157587449	5.171184936067057	6.591964422896359	8.147822524198917	9.8519896887857	11.739462587705072	13.75347832767127	15.861814363999521	18.046545572494324	20.202681940010585	22.359031701862506	24.5405619953224	26.7818427027673	28.999009850282533	31.2306878126227	33.44230670741076	35.53421137989314	37.683305734332585	39.82983935674412	41.90851358041552	43.90545777352886	45.852467692097576	47.75039691346433	49.567876470286976	51.32027075473309	52.96938218071939	54.563651262440885	56.06872151185619	57.55287911637674	58.92777882103897	60.2706693753521	61.55146217798794	62.73729450125476	63.835848541236324	64.88425491233761	65.88614131826485	66.830838042235	67.72517370298922	68.539273093535	69.31069361694864	70.03068610546802	70.72571145671509	71.39662324803251	72.00031582361677	72.58608327500555	73.14090854772351	73.6554022910016	74.1391672499445
Sin-CPnd_063-Ex1-9F-lcwgs-1-2.1 - illumina_universal_adapter	0.0014069974674045587	0.0018759966232060783	0.0018759966232060783	0.003282994090610637	0.004689991558015196	0.007972985648625832	0.00984898227183191	0.013131976362442548	0.014538973829847106	0.017118469186755463	0.019228965387862302	0.024856955257480537	0.027436450614388895	0.030484945127098772	0.03353343963980865	0.039864928243129163	0.04924491135915955	0.07433636619454084	0.15054872901228777	0.29804896351186566	0.5822624519275865	1.021011162179908	1.6973079448456994	2.586061345089579	3.7011068380076915	5.029546946815495	6.588500140699747	8.357564956383078	10.307194447049994	12.39494418910046	14.647078135259356	17.02162086108245	19.486445924397337	22.005674889785197	24.571334771597414	27.13887065003283	29.70359253353344	32.225166494700304	34.735015476972144	37.26526592252134	39.757058437294816	42.14496763905825	44.42758653034424	46.68206547228215	48.85306256448739	50.947143795141166	52.882937810711944	54.80231685582966	56.61171559891192	58.33575649563831	59.981709032923746	61.553325204014634	62.97767564018385	64.3229997186005	65.62494137510552	66.81080574054967	67.93992120814183	68.99915580151955	70.00586248944752	70.94081230653785	71.81901322577619	72.64937623112279	73.40634086858643	74.11359159553513	74.79457836975894	75.45469468154957	76.03742613263296	76.6002251195948	77.13300816058532	77.6214707813526	78.09891192195855	78.57424256636338	79.00056279898696	79.37810711940719
Sin-CPnd_063-Ex1-9F-lcwgs-1-2.2 - illumina_universal_adapter	0.0014069974674045587	0.0018759966232060783	0.0018759966232060783	0.0028139949348091175	0.004220992402213676	0.007034987337022794	0.009379983116030392	0.012662977206641028	0.014069974674045587	0.016649470030953947	0.019228965387862302	0.024153456523778257	0.026498452302785858	0.02954694681549573	0.03329894006190789	0.040333927398930686	0.050182909670762596	0.07503986492824313	0.1514867273238908	0.29898696182346873	0.5787449582590751	1.0121001782196792	1.6827689710158522	2.5705843729481286	3.690085357846356	5.029781446393397	6.590845136478754	8.353812963136667	10.302035456336178	12.38931619923084	14.633242660163212	17.00098489822718	19.455491980114438	21.951974486445927	24.50309539442829	27.033111340399586	29.575321264421724	32.0666447800394	34.55515430072226	37.05703029734546	39.50942688303161	41.84785667385799	44.09647312634837	46.32234311978238	48.47411124659976	50.543335521996056	52.456383078510456	54.35911265359722	56.14459243973361	57.82829940906106	59.43274552105807	60.96097927023732	62.353437763812025	63.66171090892037	64.92871212831817	66.0810430541225	67.16771409811463	68.19083575649563	69.15134602757715	70.06261138729951	70.90188537660632	71.70340493387111	72.41300065659883	73.08179345277179	73.71775630803864	74.34058718694305	74.88110871400431	75.4033392739893	75.8986023825157	76.35212456617577	76.7892317793828	77.22516649470032	77.62733327080011	77.97650314229435
Sin-CPnd_065-Ex1-11B-lcwgs-1-2.1 - illumina_universal_adapter	0.0026888328928768974	0.003457070862270297	0.003457070862270297	0.005377665785753795	0.005761784770450495	0.008450617663327392	0.00960297461741749	0.014980640403171286	0.017285354311351486	0.019398008727183332	0.02093448466597013	0.02362331755884703	0.025928031467027227	0.028616864359904123	0.03207393522217442	0.037259541515579864	0.048014873087087455	0.06472404892139388	0.11197068403908794	0.19954981254993548	0.37874131891094587	0.6712479257574826	1.1379524921639725	1.7538872841251307	2.5620736279269867	3.571154200725217	4.781129002519821	6.238092311474402	7.809138958883905	9.524038166062319	11.362047507836028	13.393652817896871	15.416615450802041	17.49892446684285	19.66708407596337	21.80989183209391	23.964799336242393	26.1233559707455	28.28536967611087	30.440661299244056	32.571561366849	34.59894136807817	36.639765533771744	38.64717134779669	40.5848595660992	42.45647931903386	44.32291346567513	46.152664249277855	47.91327361563518	49.59936389896134	51.21343187265687	52.718986233175585	54.18055896994653	55.59296447667629	56.89263106139758	58.11412943273308	59.279738491795214	60.433055743347055	61.52433777887038	62.542253088316635	63.489682564071046	64.40042867678693	65.28274998463525	66.09554575625346	66.87281052178722	67.62856462417798	68.35647010017823	69.04423514227767	69.70107860610904	70.28109827300105	70.8565085120767	71.41117632597874	71.93722727552085	72.42640280253211
Sin-CPnd_065-Ex1-11B-lcwgs-1-2.2 - illumina_universal_adapter	0.003072951877573597	0.003072951877573597	0.003072951877573597	0.004225308831663696	0.004609427816360396	0.006914141724540594	0.008066498678630693	0.013444164464384487	0.015748878372564685	0.018245651773093233	0.01978212771188003	0.02247096060475693	0.024583615020588777	0.027080388421117325	0.030537459283387622	0.03553100608444472	0.048014873087087455	0.0647240489213939	0.11216274353143629	0.20031805051932886	0.3781651404339008	0.6716320447421793	1.1329589453629154	1.752350808186344	2.5536230102636592	3.5496435375822015	4.753088316636962	6.192574211787843	7.756130538995759	9.473334460082356	11.315953229672424	13.35332032450372	15.37128941060783	17.44553192797001	19.608505930797122	21.73306803515457	23.858782496466105	25.99640464630324	28.144398008727183	30.282212218056664	32.38161452891648	34.38325855817098	36.40410853666032	38.382513367340664	40.296962387069016	42.1439985249831	43.994875852744144	45.79543359350993	47.537797308094156	49.198919857415035	50.77611240857968	52.24133427570524	53.66353481654477	55.03618400835843	56.31741288181427	57.5012675926495	58.62519974187204	59.7472112961711	60.799121135763016	61.78438633151005	62.69724509864176	63.57246020527319	64.41521725769775	65.17577284739721	65.90771157273677	66.61641109950219	67.30379202261693	67.94450248909102	68.55409931780468	69.08956118247188	69.60965828775122	70.1120859197345	70.60030114928401	71.04491887407043
Sin-CPnd_067-Ex1-9C-lcwgs-1-2.1 - illumina_universal_adapter	0.0025062154142272836	0.0030074584970727404	0.0040099446627636535	0.005012430828454567	0.007017403159836394	0.008521132408372765	0.010024861656909134	0.013533563236827332	0.014536049402518245	0.016039778651054618	0.019297858689550085	0.02330780335231374	0.028069612639345577	0.030074584970727403	0.03132769267784105	0.0335832865506456	0.04611436362178202	0.07268024701259122	0.13007257999839603	0.25763894458256476	0.5172828614965114	0.931810891009704	1.5713970647205069	2.391180126714251	3.4583266500922285	4.731734702061111	6.240977624508782	7.966256315662844	9.893786590745048	11.957404362819792	14.147836634854439	16.51771393054776	18.89410738631807	21.351702221509342	23.87571176517764	26.376413505493623	28.851050605501644	31.31716657310129	33.79255553773358	36.206542224717296	38.58443940973615	40.86760165209721	43.13096479268586	45.29232496591547	47.395540941535	49.46266741518967	51.38618774560911	53.257077552329775	55.05553773357927	56.73094273799022	58.336674953885634	59.91884874488732	61.41029753789398	62.77092188627797	64.08267503408453	65.31648488250862	66.49089742561553	67.57283061993743	68.59260967198652	69.54522215093432	70.38179685620338	71.22463710000802	72.02010987248376	72.77623506295613	73.4905064560109	74.15715975619537	74.78371360975218	75.36816304434998	75.95637180206913	76.43931951239074	76.90196687785709	77.35509062474938	77.79768826690191	78.22148929344775
Sin-CPnd_067-Ex1-9C-lcwgs-1-2.2 - illumina_universal_adapter	0.0025062154142272836	0.0030074584970727404	0.0040099446627636535	0.005012430828454567	0.007017403159836394	0.008019889325527307	0.009523618574063678	0.013032320153981876	0.014034806319672789	0.015789157109631885	0.0185459940652819	0.022054695645200094	0.02656588339080921	0.028570855722191035	0.029823963429304677	0.032079557302109235	0.04410939129040019	0.0706752746812094	0.12606263533563236	0.254631486085492	0.5160297537893977	0.927299703264095	1.5613722030635977	2.3844133450958376	3.4455449514796697	4.7209579757799345	6.235714572138905	7.958236426337317	9.870980030475579	11.924322319351994	14.111997754430988	16.4608228406448	18.81365787152137	21.257719143475818	23.754661560670463	26.222281257518645	28.66809688026305	31.114413746090307	33.588048359932635	35.98975459138664	38.35186261929586	40.60369716897907	42.84425374929826	44.968271312855876	47.05870558986286	49.103025503248055	51.00248616569091	52.83302590424252	54.596399069692836	56.23922327371882	57.801848584489534	59.33289558104098	60.76845577031037	62.07720145961986	63.353115727002965	64.56136217820193	65.69943459780255	66.75004009944664	67.72871721870237	68.63922527869116	69.44121421124387	70.24445625150372	70.99632087577191	71.71009102574385	72.38351110754671	72.99327331782821	73.56268545994065	74.10753669099367	74.64762611275964	75.0827051086695	75.50575427059107	75.92328975860133	76.32127676638062	76.70397586013313
Sin-CPnd_074-Ex1-12A-lcwgs-1-2.1 - illumina_universal_adapter	0.002050903422957813	0.002563629278697266	0.0030763551344367194	0.004101806845915626	0.008203613691831252	0.010767242970528518	0.012305420537746877	0.017945404950880862	0.01897085666235977	0.021534485941057037	0.025892655714842387	0.02871264792140938	0.03255809183945528	0.03589080990176173	0.03871080210832872	0.04563260116081134	0.05896347341003712	0.08511249205274923	0.14407596546278637	0.24021206341393384	0.42915154125392235	0.7472979347402531	1.1902930740991406	1.7835168891896882	2.5746528845956647	3.489355811234849	4.658114399392932	6.052728727004245	7.60526261818331	9.334430566664615	11.23459258803503	13.26729424311409	15.42458828113784	17.662123915584814	19.95529030537952	22.219487684324946	24.47368690908345	26.766084210094547	29.04027974322689	31.278840829385345	33.46612932996985	35.57317623413113	37.627925101006994	39.688057589368114	41.60847228204024	43.47453803400398	45.25574765684284	46.97209745893066	48.66178551652003	50.273282881109125	51.79556594679957	53.31041448758178	54.69169794294387	56.011710658545084	57.31018888820526	58.5402182161242	59.69820956131176	60.81543920096803	61.84678725978794	62.805071884164974	63.72567115814516	64.62422322032856	65.4512500256363	66.22982423757665	66.97584035767755	67.68699111958819	68.34302385200681	68.93676039295309	69.54228962858139	70.10577534403905	70.62644845054245	71.13686703993109	71.63959474148362	72.10438072971144
Sin-CPnd_074-Ex1-12A-lcwgs-1-2.2 - illumina_universal_adapter	0.0015381775672183597	0.002050903422957813	0.002563629278697266	0.0035890809901761725	0.007690887836091799	0.009229065403310158	0.010767242970528518	0.016407227383662504	0.017432679095141408	0.019996308373838676	0.02563629278697266	0.02896901084927911	0.03307081769519474	0.036403535757501174	0.039223527964068174	0.04563260116081134	0.06075801390512521	0.08818884718718595	0.1474086835250928	0.24303205562050084	0.42915154125392235	0.7414015873992494	1.1810640086958304	1.7650587583830677	2.560809286490699	3.4701285916446194	4.6291453885436535	6.013248836112307	7.55809183945528	9.2829016181628	11.172809122418425	13.200127156012224	15.352293935478578	17.58239504501733	19.864794191841504	22.117455239032793	24.335763653889536	26.610984638733363	28.849545724891815	31.06605959925347	33.22181545971	35.28656248077278	37.30208781968457	39.32991857913411	41.21803154289465	43.060511905494366	44.81121433991673	46.49936421993888	48.1564941856888	49.72389712668431	51.19183125166636	52.65284357759593	53.989519883508684	55.26210545745401	56.5239237884288	57.71447322545581	58.83272831682356	59.91381078365019	60.899526241309296	61.81961278943375	62.6981685432433	63.54108985007896	64.32889312742263	65.05440021329396	65.75555282101766	66.41543099735433	67.02736930617937	67.57624233474846	68.1297298960192	68.63604667856191	69.10288357021267	69.56997682479133	70.0342500871634	70.4592998215714
Sin-CPnd_075-Ex1-11G-lcwgs-1-2.1 - illumina_universal_adapter	0.0013372872459572135	0.002674574491914427	0.0030088963034037306	0.004346183549360944	0.006352114418296764	0.00902668891021119	0.009695332533189797	0.012035585213614922	0.013038550648082832	0.016214607857231216	0.017384734197443776	0.019223504160634945	0.021062274123826115	0.023235365898506586	0.02557561857893171	0.029587480316803347	0.037444042886801976	0.05783767338764949	0.09979506072955706	0.19357232885230666	0.3878133013275919	0.6813478518152003	1.124825734755761	1.751177648580971	2.5490366517001934	3.528766720269597	4.648076145135785	6.000575033515762	7.583588810917613	9.306516266427739	11.114027140244655	13.04858030242751	15.134748406120764	17.344114097347827	19.593431245047856	21.86197189690853	24.181663785927057	26.540471326889836	28.855315549641773	31.15611825631116	33.49085462684671	35.72111543129185	37.923126042666155	40.07732863499747	42.24356681254242	44.312851664755456	46.35188039302872	48.36098731917369	50.29754641222548	52.162393476712815	53.88515377131719	55.54071538181222	57.1118607349062	58.62851163272743	60.0719460538325	61.422271850437795	62.70138710119587	63.915476759619274	65.04180694252673	66.12200071544868	67.1400106314336	68.08614135794834	69.00218312142903	69.85570670616121	70.66426400724811	71.39977199252456	72.08111984433977	72.74374567471156	73.36658720951613	73.94078492074902	74.46834473927913	74.9785198236118	75.4774951272596	75.92765944642994
Sin-CPnd_075-Ex1-11G-lcwgs-1-2.2 - illumina_universal_adapter	0.0010029654344679102	0.0020059308689358204	0.0023402526804251235	0.0030088963034037306	0.005014827172339551	0.0070207580412753705	0.0076894016642539776	0.010029654344679102	0.011032619779147011	0.014208676988295393	0.015211642422763304	0.017217573291699123	0.019056343254890293	0.021229435029570764	0.02373684861574054	0.02791587125935683	0.036273916546589416	0.056333225235947616	0.0986249343893445	0.1930708461350727	0.38597453136440074	0.6800105645692431	1.1203123903006555	1.7383062588386329	2.5304817911625372	3.5065343198055583	4.6204945956879175	5.966307047838107	7.537452400932089	9.258373925573277	11.05552082323403	12.9848919973388	15.053341045023117	17.25451585186869	19.480430472764475	21.717879196156638	24.01065817935028	26.336367860975617	28.629982648697982	30.89852330055865	33.19648427183038	35.388966711577226	37.55136018829005	39.67614246121031	41.80192769956505	43.83309986526831	45.83334726340881	47.81136226108528	49.70362371411473	51.51548077148101	53.18307796718966	54.78447944422342	56.310658513672095	57.78618782868013	59.18198139164797	60.4811559510954	61.72449876802413	62.88710286747818	63.97114134123224	65.01155081858695	65.97389615295891	66.85951463159408	67.72540812335137	68.52727898820848	69.28134183402258	69.96335832946076	70.60358459846279	71.22007401884906	71.78691665022919	72.3036110098859	72.78403145299603	73.24873877096616	73.70776261814098	74.11830980264983
Sin-CPnd_076-Ex1-10E-lcwgs-1-2.1 - illumina_universal_adapter	0.0013413096547468949	0.0016766370684336185	0.0026826193094937898	0.0026826193094937898	0.0030179467231805134	0.003688601550553961	0.005029911205300856	0.00637122086004775	0.007377203101107922	0.010227486117445074	0.013245432840625588	0.015592724736432653	0.017101698098022908	0.018275344045926442	0.019113662580143253	0.021460954475950318	0.026826193094937896	0.0417482630039971	0.07695764144110309	0.15911285779435042	0.3036389730933283	0.5544638785309977	0.9315395552217185	1.435368994286021	2.0968023177830832	2.9133245701102553	3.874372937736406	5.003588003326448	6.271293290769107	7.685704321699708	9.20792311613059	10.806764224588889	12.52883815757706	14.355366579928642	16.212242133218876	18.119249134855274	20.0634774794109	22.065382139120636	24.06493950693457	26.081598572846527	28.089539126002627	30.09513238726292	32.07775572068567	34.07345682324221	36.01751750409099	37.954368645545514	39.85953134640663	41.774921533385196	43.61721034418006	45.41640958231618	47.111321994795716	48.83121629959493	50.49477559889476	52.13519730665021	53.68038602891863	55.20226949593583	56.67318319607264	58.08658824476218	59.4449995976071	60.75981838667275	62.02668535558119	63.26672613139469	64.44171338895298	65.5928924001395	66.66728143359175	67.71149099981221	68.72770072698984	69.68137189151487	70.58424095286638	71.46346943155297	72.29977600128765	73.09450197172518	73.87631783673578	74.62594227003245
Sin-CPnd_076-Ex1-10E-lcwgs-1-2.2 - illumina_universal_adapter	0.001005982241060171	0.0013413096547468949	0.002011964482120342	0.002011964482120342	0.002347291895807066	0.0030179467231805134	0.004694583791614132	0.006035893446361027	0.0070418756874211985	0.00989215870375835	0.012910105426938863	0.01525739732274593	0.016766370684336188	0.018275344045926442	0.019113662580143253	0.021293290769106958	0.026658529388094536	0.041077608176623655	0.07611932290688628	0.15676556589854335	0.3041419642138584	0.5532902325830942	0.9256713254822009	1.4338600209244305	2.0952933444214934	2.9046060573544006	3.862804141964214	4.986150977814738	6.24849102663841	7.659213456018456	9.191324409153097	10.79737505700566	12.529844139818117	14.347151058293317	16.18541594012394	18.06660273090646	19.995406014432493	21.980879630871584	23.981778308340264	25.99491643640851	27.97737210612442	29.959157121012957	31.920487163666607	33.90411647933042	35.823530595273226	37.744286020870774	39.62396383829171	41.506827266142665	43.32430184832471	45.10405209646699	46.75738390964938	48.43234434101457	50.04895780239826	51.63840974327333	53.14335917589935	54.619302787241466	56.04192933980739	57.402017329720735	58.6948721731899	59.94329613434557	61.14343294793036	62.29008503903211	63.385096708426104	64.45026423800198	65.45071357673632	66.41595353703356	67.35503795906322	68.2283982080103	69.03754325723636	69.82539501569332	70.58591758993481	71.29580572470961	71.99211309923008	72.67836065133997
Sin-CPnd_079-Ex1-9H-lcwgs-1-2.1 - illumina_universal_adapter	0.0009353005822246124	0.0018706011644492248	0.0028059017466738373	0.004208852620010756	0.005611803493347675	0.007482404657796899	0.007482404657796899	0.007950054948909206	0.008885355531133819	0.01122360698669535	0.013795683587813034	0.016367760188930717	0.019173661935604554	0.02104426310005378	0.02385016484672762	0.028760492903406834	0.04068557532677064	0.0678092922112844	0.13655388500479343	0.29508733369186524	0.5775481095236982	1.0052143007459022	1.6515070030631094	2.4797156686230037	3.5480627586690674	4.8247480534056635	6.310706853415017	8.014123038791592	9.98059251291884	12.046437673907452	14.213295297776323	16.496597844132157	18.88512170598826	21.419318633525847	23.9291977459256	26.45614609395094	28.977248813337386	31.514251642621648	34.02740430705918	36.493791942385485	38.9627516543129	41.32438562443005	43.59225571117918	45.88374213762948	48.08052938012954	50.169289405382656	52.24472139733907	54.26333387892534	56.14024832230458	57.92339888231581	59.62213856478126	61.25493955619987	62.835831365305026	64.25374704795755	65.64781256576333	66.92964201370216	68.1436621694297	69.30881286973602	70.38417471414877	71.39313021722356	72.33310730235931	73.22374728178269	74.04634414384924	74.81142002010895	75.50681600299296	76.20922674024365	76.84312670984639	77.45153973858349	78.02090396801272	78.5463090700774	79.03523744943531	79.48932588210536	79.91605677274535	80.31005214300745
Sin-CPnd_079-Ex1-9H-lcwgs-1-2.2 - illumina_universal_adapter	0.0009353005822246124	0.0014029508733369187	0.002338251455561531	0.0037412023288984496	0.0051441532022353685	0.006547104075572287	0.006547104075572287	0.007014754366684593	0.007950054948909206	0.010054481258914585	0.012158907568919962	0.014964809315593798	0.017770711062267637	0.01964131222671686	0.021979563682278394	0.02688989173895761	0.038814974162321415	0.06476956531905441	0.13047443122033345	0.2906446559262983	0.5721701311759066	1.0007716229803354	1.6484672761708794	2.4745715154207684	3.537072976827928	4.804872916033391	6.293403792643861	7.995183202001543	9.953936446325438	12.023288984497393	14.188743657492926	16.469474127247643	18.83227722309257	21.340753384618985	23.810180746837517	26.290130240606075	28.76049290340683	31.258680758528772	33.74213762948068	36.17111324151799	38.59096967287862	40.90794304019454	43.14681880889471	45.41351976991606	47.57803914232936	49.64061075128019	51.68634694975098	53.67830336474384	55.525054364346346	57.25372366544298	58.89213646035495	60.47162531858676	61.996632917903995	63.37316154979307	64.70690018004537	65.9550588070241	67.12254775878597	68.23555545163327	69.24988893305586	70.21605443449388	71.10739588935394	71.94940023850165	72.71611289078027	73.42507073210653	74.07791053849931	74.72560619168985	75.3045572520869	75.87298618093389	76.39371478008745	76.87258867818645	77.31638880445203	77.7314284378142	78.10718544672294	78.46283349311385
Sin-CPnd_080-Ex1-2E-lcwgs-1-2.1 - illumina_universal_adapter	0.009249838127832763	0.009249838127832763	0.009249838127832763	0.009249838127832763	0.009249838127832763	0.009249838127832763	0.009249838127832763	0.009249838127832763	0.009249838127832763	0.009249838127832763	0.009249838127832763	0.009249838127832763	0.018499676255665527	0.027749514383498288	0.027749514383498288	0.03699935251133105	0.04162427157524744	0.06012394783091296	0.08324854315049487	0.11099805753399317	0.25899546757931735	0.43474239200813986	0.7261122930348719	1.128480251595597	1.503098695772824	2.118212931273703	2.6963278142632503	3.4270650263620386	4.222551105355656	5.124410322819351	6.077143649986125	6.974377948385904	7.9086115992970125	8.907594117102951	9.911201553972806	11.109055591527149	12.195911571547498	13.366016094718342	14.42974747941911	15.53047821663121	16.788456202016462	17.875312182036815	19.022292109888078	20.22014614744242	21.441124780316343	22.60660438442327	23.795208583849785	25.002312459531957	26.27879012117288	27.62001664970863	28.92424382573305	30.09897326796781	31.380075848672647	32.513181019332166	33.539913051521594	34.76551660345944	35.87549717879937	37.08722597354546	38.354453797058554	39.50605864397373	40.64841365276108	41.624271575247434	42.73887706965128	43.899731754694294	45.12996022569605	46.08731847192674	47.02617704190176	48.13153269817778	49.26001294977338	50.24049579132365	51.17935436129868	52.1737119600407	53.214318749421885	54.18092683378041
Sin-CPnd_080-Ex1-2E-lcwgs-1-2.2 - illumina_universal_adapter	0.0	0.0	0.0	0.0	0.0	0.0	0.0	0.0	0.0	0.0	0.0	0.0	0.009249838127832763	0.018499676255665527	0.018499676255665527	0.027749514383498288	0.03237443344741467	0.05087410970308019	0.06474886689482934	0.09249838127832763	0.24049579132365184	0.4069928776246416	0.6983627786513735	1.114605494403848	1.5215983720284896	2.132087688465452	2.6963278142632503	3.450189621681621	4.287299972250485	5.2076588659698455	6.1603921931366195	7.0622514106003145	8.014984737767088	9.018592174636943	10.036074368698547	11.192304134677643	12.274535195634076	13.426140042549255	14.48062158912219	15.604476921653871	16.84858014984738	17.92156137267598	19.040791786143743	20.261770419017665	21.49662380908334	22.680603089445935	23.85070761261678	25.039311812043287	26.292664878364626	27.522893349366385	28.766996577559894	29.86772731477199	31.088705947645916	32.2680603089446	33.2855425030062	34.47877162149662	35.54712792526131	36.7311072056239	37.956710757561744	39.02969198039034	40.10267320321894	41.06003144944964	42.08213856257515	43.18749421885117	44.30209971325502	45.231708445102214	46.09656831005458	47.11867542318009	48.11303302192212	48.996392563130144	49.83350291369901	50.71223753584312	51.623346591434654	52.46970678013135
Sin-CPnd_081-Ex1-10G-lcwgs-1-2.1 - illumina_universal_adapter	0.001309749117556532	0.0022920609557239313	0.0022920609557239313	0.0029469355145021973	0.003929247352669596	0.0058938710290043946	0.00654874558778266	0.007858494705339192	0.008840806543506592	0.012278897977092487	0.014243521653427287	0.018663924925180583	0.020464829961820814	0.02144714179998821	0.02308432819693388	0.02734101282899261	0.03683669393127746	0.05631921205493087	0.10035952613276927	0.19318799483958848	0.3798272440913943	0.6502904368668181	1.0504187922803387	1.5893805541548516	2.270613813923943	3.0987026934990602	4.091492524606911	5.223934355374228	6.530245381497174	7.948703675810898	9.49257044813066	11.127628502760297	12.883674632124215	14.701442688652989	16.551299598561897	18.440285263357804	20.350881788593394	22.298151289120568	24.251478379316442	26.23394738737795	28.167137084891387	30.081990294759038	32.02909607664652	33.92397561247143	35.82081977197268	37.65414109927244	39.42541306212795	41.15051636858959	42.87185414633827	44.49692536394653	46.094491850086115	47.63623028008985	49.1411320161623	50.608378465105005	52.048283901218724	53.37686066234013	54.64535268269363	55.89763655771737	57.08017629223122	58.22096777362296	59.32115703237045	60.34996496421111	61.35257791370063	62.310495674553536	63.24320076489349	64.14447187641207	64.98516709124368	65.80310541515773	66.56488824565655	67.30014865652484	67.9944794074695	68.68095166370881	69.34532190358937	69.96499695483331
Sin-CPnd_081-Ex1-10G-lcwgs-1-2.2 - illumina_universal_adapter	0.001309749117556532	0.0022920609557239313	0.0022920609557239313	0.0029469355145021973	0.003929247352669596	0.0058938710290043946	0.00654874558778266	0.007858494705339192	0.008840806543506592	0.012770053896176187	0.014407240293121851	0.018336487645791447	0.020137392682431678	0.02111970452059908	0.022756890917544743	0.027013575549603472	0.03650925665188833	0.05484574429767978	0.0977400278976562	0.19056849660447542	0.37638915265780837	0.6475072199920106	1.0466532635673638	1.5826680899273744	2.2619367260201306	3.0857689209631896	4.072173725122953	5.2051067118093535	6.504214117785738	7.913340449636872	9.445092042619237	11.071964165264145	12.81425792889372	14.612379748659144	16.441771828606228	18.309474070241844	20.193875613126306	22.11527756858174	24.050431889771517	26.005559885004025	27.915992691599925	29.805960668234	31.720650159461957	33.5965383330823	35.46898841526905	37.267601390953565	39.00891284274498	40.70307332630435	42.389047877878994	43.978592150673535	45.52327751619177	47.00444004950852	48.45629694631994	49.87082599328099	51.25703171557488	52.54156816261845	53.76978539760709	54.966404935134676	56.10343088781344	57.19576165185559	58.24519813229776	59.224726753590346	60.1664363691135	61.054773708096214	61.9170797833675	62.753518313567035	63.53412878763073	64.28445131335093	64.98156528117039	65.66590919509369	66.30948716773302	66.94340574063038	67.53688580952318	68.08845390665418
Sin-CPnd_085-Ex1-4H-lcwgs-1-2.1 - illumina_universal_adapter	0.0	0.0	0.0	0.001053885147596615	0.002634712868991537	0.00421554059038646	0.004742483164184767	0.0057963683117813825	0.0073771960331763045	0.010275380189066995	0.013437035631856841	0.015281334640150915	0.016598691074646683	0.020023817804335684	0.023185473247125526	0.026347128689915372	0.02898184155890691	0.037676394026578984	0.0563828553964189	0.09300536427540126	0.1622983127298787	0.28560287499868264	0.443949118425074	0.6273251341068851	0.8507487853973674	1.0928788980576898	1.3447574483332807	1.6577613371694753	2.000274010138375	2.3591219028950228	2.7472151084974756	3.157176430912559	3.5913771117223643	4.0429668974675135	4.5082571901314195	5.028349510470349	5.56319622287563	6.155216204538029	6.769894716873755	7.396692908406842	8.055898068228524	8.766480128995543	9.488391455099222	10.252721658393668	11.043925932951826	11.88334545301253	12.741734905729974	13.601441714881911	14.513579310126783	15.481572818194273	16.440608302507194	17.46287689567591	18.479085649245945	19.5205876463583	20.583430817709484	21.6691959910209	22.74916479602053	23.827289302011867	24.99077850495853	26.131609177231866	27.24978131883187	28.399043072285984	29.572280712847913	30.742093226680154	31.881606542518995	33.047466987047756	34.203315522674345	35.32438584843024	36.43623467914466	37.569688155384824	38.709201471223665	39.79417623067438	40.84121112481162	41.890880731817845
Sin-CPnd_085-Ex1-4H-lcwgs-1-2.2 - illumina_universal_adapter	0.0	0.0005269425737983074	0.0005269425737983074	0.0015808277213949225	0.003161655442789845	0.004742483164184767	0.005269425737983074	0.00632331088557969	0.007904138606974613	0.010802322762865304	0.013963978205655148	0.015808277213949225	0.017125633648444993	0.02055076037813399	0.023975887107822988	0.026874071263713682	0.029508784132705218	0.037939865313478136	0.05664632668331805	0.09300536427540126	0.16098095629538295	0.2819142769820945	0.4376258075394943	0.6175766964916163	0.8420542329296954	1.0826035178686226	1.3363263671525076	1.6437973589638202	1.9865735032196192	2.344630982115569	2.735622371873913	3.1492722923055845	3.5845268582629863	4.037434000442632	4.498508752516151	5.0125412332564	5.543962818931993	6.128605604561215	6.741703289175545	7.359279985667162	8.007946294012878	8.708516445877727	9.427793059112417	10.181320939643998	10.962776776586887	11.792711330319221	12.645831357298682	13.493681958540158	14.382370609251003	15.31426855101331	16.24247789475903	17.239716715672326	18.226416685109655	19.23445782878582	20.277013711045768	21.33801258338866	22.384784006239002	23.423124347908566	24.5328654083278	25.618367110352313	26.6804198678428	27.748268993645073	28.846153846153847	29.933763318473552	30.991600535373657	32.075784880963674	33.16418476714408	34.19804609693635	35.226638000990654	36.259445445635336	37.28856429226343	38.28343187159463	39.234036274726776	40.17752695311265
Sin-CPnd_088-Ex1-2D-lcwgs-1-2.1 - illumina_universal_adapter	0.012065637065637066	0.012065637065637066	0.012065637065637066	0.012065637065637066	0.012065637065637066	0.012065637065637066	0.012065637065637066	0.012065637065637066	0.012065637065637066	0.018098455598455597	0.02413127413127413	0.02413127413127413	0.02413127413127413	0.030164092664092663	0.04222972972972973	0.0542953667953668	0.06636100386100385	0.09049227799227799	0.1327220077220077	0.32577220077220076	0.6756756756756757	1.2849903474903475	2.2140444015444016	3.57746138996139	5.447635135135135	7.697876447876448	10.756515444015445	13.791023166023166	16.632480694980696	19.666988416988417	23.045366795366796	26.327220077220076	29.73576254826255	32.90299227799228	36.01592664092664	38.69449806949807	41.451496138996134	44.22055984555985	47.013754826254825	49.68026061776062	52.05719111969112	54.19280888030888	56.268098455598455	58.19860038610039	60.06877413127413	61.92688223938224	63.70053088803088	65.48021235521236	67.21163127413126	68.75	69.96862934362935	71.10279922779924	72.17060810810811	73.28064671814673	74.28812741312741	75.13272200772201	75.93508687258688	76.71935328185327	77.49155405405405	78.29995173745174	78.92133204633205	79.58494208494209	80.17012548262548	80.65878378378378	81.26206563706563	81.68436293436292	82.18508687258688	82.67977799227799	83.1744691119691	83.62089768339769	83.92857142857143	84.35086872586872	84.68870656370657	84.97828185328186
Sin-CPnd_088-Ex1-2D-lcwgs-1-2.2 - illumina_universal_adapter	0.012065637065637066	0.012065637065637066	0.012065637065637066	0.012065637065637066	0.012065637065637066	0.012065637065637066	0.012065637065637066	0.012065637065637066	0.012065637065637066	0.018098455598455597	0.02413127413127413	0.02413127413127413	0.02413127413127413	0.030164092664092663	0.04222972972972973	0.0542953667953668	0.06636100386100385	0.09049227799227799	0.1327220077220077	0.32577220077220076	0.6696428571428572	1.2608590733590734	2.2019787644787643	3.5593629343629347	5.38730694980695	7.553088803088803	10.497104247104247	13.477316602316602	16.222249034749034	19.226592664092664	22.629102316602317	25.844594594594597	29.114382239382238	32.25144787644788	35.41264478764479	37.928330115830114	40.618967181467184	43.261341698841704	45.99420849420849	48.69087837837838	51.04367760617761	53.131032818532816	55.152027027027025	57.05236486486486	58.898407335907336	60.75651544401545	62.542229729729726	64.26158301158301	65.9507722007722	67.5132722007722	68.683638996139	69.6911196911197	70.74686293436292	71.82070463320463	72.8161196911197	73.62451737451738	74.4148166023166	75.18098455598457	75.8807915057915	76.61679536679537	77.20197876447877	77.8293918918919	78.34821428571428	78.78861003861005	79.36776061776061	79.74782818532819	80.23648648648648	80.66481660231659	81.11727799227799	81.5456081081081	81.81708494208493	82.22128378378379	82.54102316602317	82.77630308880309
Sin-CPnd_089-Ex1-9E-lcwgs-1-2.1 - illumina_universal_adapter	0.0003835929618363362	0.0007671859236726724	0.0019179648091816812	0.0023015577710180173	0.0023015577710180173	0.004219522580199699	0.006521080351217716	0.009589824045908406	0.009973417007744742	0.01112419589325375	0.012658567740599095	0.01591910791620795	0.01726168328263513	0.02033042697732582	0.025508931962116357	0.030879233427825066	0.04123624339740614	0.06540259999309532	0.12543489852048195	0.2405127870713828	0.4618459260509488	0.7972979711768249	1.2938590602739621	1.9647631505257142	2.814421560993199	3.8585616031117063	5.105814118522553	6.56039862980594	8.161132059548972	9.84491336552957	11.633799143053324	13.532584304143189	15.527459502173055	17.552063154745237	19.64571354044796	21.709443675127446	23.84202874645656	26.022562938015213	28.118323085008036	30.20257544314577	32.214520527977356	34.212848062663745	36.18259792169333	38.127797831165395	40.06475049195798	41.92345018853594	43.744365978373025	45.51905881630884	47.19631904193822	48.83579536082672	50.436145197607914	52.00561580096128	53.49683344010004	54.91133248687153	56.33158542807057	57.63349994054309	58.89245204128994	60.10671556198287	61.24272611846118	62.356296486672065	63.420766955767895	64.4278902770692	65.40912107344654	66.37577533727412	67.297165631605	68.17271656699643	69.00626407306677	69.79569838852598	70.53679999079378	71.25565320127507	71.93211938947344	72.61932618060324	73.24151396470178	73.83627485202902
Sin-CPnd_089-Ex1-9E-lcwgs-1-2.2 - illumina_universal_adapter	0.0003835929618363362	0.0007671859236726724	0.0019179648091816812	0.0023015577710180173	0.0023015577710180173	0.004219522580199699	0.006904673313054052	0.009973417007744742	0.010740602931417414	0.011891381816926424	0.013425753664271768	0.01649449735896246	0.017645276244471465	0.021097612900998493	0.026084321404870863	0.0312628263896614	0.04161983635924248	0.06655337887860434	0.1256266950014001	0.24166356595689184	0.4652982627074759	0.7978733606195794	1.290214927136517	1.9628451857165325	2.8128871891458536	3.856260045340688	5.097375073362154	6.54793185854626	8.133705162777673	9.810773591926136	11.596207032793362	13.489046502974762	15.472797505111377	17.48704414771398	19.56324105365315	21.607791540240818	23.709880971103942	25.8524394594408	27.92326606391426	29.993517278944967	31.979186245890762	33.93992167031719	35.88397080090375	37.811909027093165	39.715105507244154	41.547145492974494	43.34542929806324	45.09576398292244	46.73965162087206	48.34978307818008	49.903142777136324	51.43444588078698	52.87618002784885	54.2459904945664	55.62615797125355	56.87628743387816	58.10857982377739	59.28716919901954	60.36410643937505	61.41361678295927	62.42189088314608	63.38432562439344	64.30187998910597	65.21406405235277	66.07542204815626	66.88710475540195	67.64968756353258	68.37525365084602	69.05344600737266	69.70708841434177	70.31911098495165	70.93420229925621	71.49233005872807	72.02188014254315
Sin-CPnd_090-Ex1-12F-lcwgs-1-2.1 - illumina_universal_adapter	0.0009090187885919795	0.0009090187885919795	0.0009916568602821594	0.0011569330036625193	0.0015701233621134192	0.001900675648874139	0.0023138660073250385	0.003636075154367918	0.004379817799579537	0.005164879480636247	0.005991260197538047	0.007106874165355476	0.007767978738876915	0.008883592706694345	0.010453716068807763	0.011817244251695733	0.013924515079795322	0.01863488516613558	0.0313198291705782	0.05776401211143579	0.10284308021842894	0.17758921606219671	0.2907207362060531	0.4452952493025347	0.6438332165381919	0.8867891473073211	1.1633374542185084	1.497525816133596	1.880511959381735	2.298412687918975	2.7566821144768676	3.2547417725535825	3.79073230553609	4.362587761632135	4.954441631077204	5.559310996813476	6.217316642646534	6.89527938279277	7.595223850008594	8.313348692996257	9.047670598035197	9.800214197881822	10.565566698840422	11.347570771244595	12.133995980484194	12.924346498129074	13.734158281656992	14.553266848250056	15.381589559836575	16.22441525300472	17.06451388980709	17.915107561714112	18.78103059591966	19.64302832171993	20.512339516864778	21.381072245507795	22.245962303817215	23.12308279673679	23.99933558990361	24.869845037087966	25.756386270180215	26.642886184236623	27.526369808676336	28.404523277492032	29.284081593526466	30.17041623143949	31.045966600996948	31.9127160159194	32.790125742089884	33.64848739273578	34.50354352051407	35.35314553556081	36.20411107879045	37.03342544723725
Sin-CPnd_090-Ex1-12F-lcwgs-1-2.2 - illumina_universal_adapter	0.0008263807169017996	0.0008263807169017996	0.0009090187885919795	0.0010742949319723393	0.0014874852904232393	0.001818037577183959	0.0022312279356348588	0.003470799010987558	0.004214541656199178	0.004999603337255887	0.005825984054157686	0.006776321878594756	0.007437426452116196	0.008511721384088535	0.010040525710356865	0.011280096785709563	0.013428686649654242	0.01838697095106504	0.030906638812127303	0.057144226573759435	0.10193406142983696	0.17593645462839314	0.2890266557364044	0.44223764064999804	0.6390815274160067	0.8824093295077415	1.1598253361716755	1.4954185453054964	1.8817515304570875	2.3002720445320044	2.757632452301305	3.2556507913421746	3.7887076727796805	4.357464201187344	4.9461365048723405	5.546667371844878	6.1993428620539195	6.871644894289378	7.567870648279145	8.278888617101455	9.003417910645105	9.745053285028625	10.500489217384406	11.272700678293292	12.048837447607463	12.828445015932619	13.629125292538774	14.435631553199086	15.25069085427933	16.072030648808028	16.88981700625405	17.7187181843424	18.560552220650266	19.39300683582129	20.235336700559294	21.079484602874484	21.91735201174122	22.76567313667676	23.602342293503987	24.438598259972764	25.286878065872457	26.13135652047441	26.969554481627902	27.8056451719533	28.63781055387341	29.47344673480451	30.30048855627983	31.10786251669289	31.923417646203276	32.71872644814957	33.50606067617776	34.29281643770412	35.07796075683252	35.846866694873796
Sin-CPnd_092-Ex1-11F-lcwgs-1-2.1 - illumina_universal_adapter	0.00046979897301944497	0.001409396919058335	0.0018791958920777799	0.002348994865097225	0.0037583917841555597	0.006107386649252785	0.0065771856222722296	0.0093959794603889	0.010805376379447234	0.01432886867709307	0.017382562001719462	0.01996645635332641	0.022080551731913915	0.02560404402955975	0.031006732219283368	0.03500002348994865	0.04134230962571116	0.060134268546488956	0.11275175352466679	0.2266780044818822	0.45687950126141025	0.8228529012435579	1.3603029263778028	2.111981283208915	3.050639631301766	4.242284726365588	5.647218555180238	7.283998177179985	9.106348393522412	11.105108124233642	13.216149809496518	15.427963374472064	17.79199180670591	20.1884363680781	22.63961250980705	25.13776854883795	27.599984966432864	30.11622826592501	32.62565948030838	35.0714329338476	37.48666945414057	39.86103346378085	42.122645719896454	44.38449287549857	46.526306393494224	48.65355614332627	50.66946353655271	52.662820579074214	54.58382857975072	56.3350042516807	58.00866309306248	59.57990575832601	61.08067857763663	62.49148489361403	63.852727417937864	65.12141954457687	66.344541170833	67.49742785062271	68.5624621224578	69.57018091958452	70.52081914148935	71.45524929882504	72.3264914942896	73.11598866844878	73.88082139652442	74.58364066016152	75.23971492598318	75.8398831140155	76.42830632772237	76.9798503220472	77.51518625180285	78.00964967090582	78.48414663365546	78.91659658831986
Sin-CPnd_092-Ex1-11F-lcwgs-1-2.2 - illumina_universal_adapter	0.00046979897301944497	0.001409396919058335	0.0018791958920777799	0.002348994865097225	0.0032885928111361148	0.00563758767623334	0.006107386649252785	0.008926180487369454	0.01033557740642779	0.014563768163602794	0.017852360974738912	0.020436255326345857	0.022080551731913915	0.02560404402955975	0.030771832732773646	0.03382552605740004	0.03993291270665282	0.05802017316790145	0.1118121555786279	0.22362431115725578	0.4535909084502741	0.8223831022705385	1.3638264186754487	2.1192631672907165	3.0553376210319607	4.250976007366448	5.654030640289021	7.283998177179985	9.09859671046759	11.08866516017796	13.18843167008837	15.400480134550426	17.7506494970802	20.133000089261806	22.579243341774053	25.060251718289745	27.495454694936036	29.970355684802474	32.46898152280639	34.91405027788609	37.31049483925828	39.66583199049127	41.89103482619787	44.121170551121175	46.24583640660161	48.354998895972415	50.34647674260184	52.323155921581154	54.21949947617414	55.92580934618077	57.55577688307173	59.08638193716908	60.546986944286544	61.91034356398897	63.252324330419015	64.50198959865074	65.69128569884947	66.803534767473	67.83004552352048	68.79078442334526	69.68669106489332	70.58330240490095	71.41555128560489	72.15712896451609	72.8679348106945	73.52823726727334	74.14296922346928	74.70719779006563	75.25850688490395	75.77129246395468	76.27139347073387	76.7360246550501	77.17176320252564	77.57884401264698
Sin-CPnd_093-Ex1-10C-lcwgs-1-2.1 - illumina_universal_adapter	0.0008752543708015142	0.0013128815562022712	0.0026257631124045424	0.0026257631124045424	0.0035010174832060567	0.004813899039408328	0.006564407781011357	0.0091901708934159	0.009627798078816656	0.011597120413120061	0.014660510710925362	0.017286273823329906	0.020130850528434826	0.023850681604341263	0.027351699087547317	0.029977462199951864	0.03719831075906435	0.0540469573969935	0.09693442156626769	0.1835846042756176	0.3507581890987068	0.6273385702719854	1.0846589790157766	1.6828953414586114	2.4185466401172837	3.3436905100544845	4.3979343996849085	5.6486728955602725	6.98299818384718	8.456051289906128	10.038511192315266	11.713091617251264	13.499266974464454	15.344740815299446	17.284742128181	19.176385637075775	21.036738802214394	22.954639942233214	24.86028752106081	26.79000459508545	28.656703354412375	30.497800923393363	32.30104374083718	34.09640926894379	35.836414958097194	37.57707708802871	39.30264108006389	40.96649963895757	42.56952801908054	44.09247062427518	45.56924356141003	47.003347847968314	48.40397365484344	49.7687140325157	51.087941182906285	52.33080238944443	53.53515240366731	54.708649701319445	55.831382245465086	56.90335003610424	57.906610358635476	58.90702610446161	59.86455438611847	60.77569418612284	61.668672457933084	62.48900461696681	63.30955558959323	64.07956062230585	64.84912802783309	65.61672611102603	66.32633859215335	67.0031290343756	67.65256777751034	68.29916194393996
Sin-CPnd_093-Ex1-10C-lcwgs-1-2.2 - illumina_universal_adapter	0.0008752543708015142	0.0013128815562022712	0.0021881359270037853	0.0021881359270037853	0.0035010174832060567	0.004813899039408328	0.006564407781011357	0.0091901708934159	0.009627798078816656	0.011815934005820442	0.014660510710925362	0.01684864663792915	0.01969322334303407	0.023413054418940503	0.026914071902146564	0.029758648607251484	0.03719831075906435	0.0540469573969935	0.09562154001006543	0.1807400275705127	0.3476947988009015	0.6273385702719854	1.083783724644975	1.6861775453491172	2.4200783352661865	3.34084593334938	4.4049364346513205	5.652611540228879	6.984748692588784	8.454738408349927	10.02210017286274	11.691429071573927	13.465569681188596	15.306010809391479	17.2261000853373	19.106584101004355	20.94855692435614	22.84917179055163	24.738627163519396	26.646462878274	28.496094177370296	30.31727970941555	32.11570862781996	33.88919279665653	35.6062230585764	37.33244349138968	39.04991138049496	40.68773112185729	42.269096956302924	43.76446904881731	45.21914181308943	46.62129931511346	47.99719918601343	49.32408481214853	50.61596026345157	51.834314347607275	53.0038730005908	54.13513927485175	55.225049780092334	56.256537056081925	57.20859499792127	58.15868361742632	59.06741646791099	59.93063609111398	60.76519113367323	61.52534955471434	62.28091289030874	62.99512045688278	63.7007942933415	64.39924728124112	65.04321568455833	65.6639898470493	66.25325485219142	66.83179799129121
Sin-CPnd_094-Ex1-3H-lcwgs-1-2.1 - illumina_universal_adapter	0.0008462527926342157	0.0010155033511610588	0.0010155033511610588	0.0010155033511610588	0.0010155033511610588	0.001184753909687902	0.0013540044682147452	0.0013540044682147452	0.0016925055852684313	0.0019463814230586962	0.002369507819375804	0.0027080089364294904	0.0028772594949563334	0.0032157606120100197	0.003554261729063706	0.003892762846117392	0.004569765080224764	0.007954776250761627	0.014301672195518245	0.026826213526504637	0.04527452440593054	0.07810913276013812	0.12346828244533206	0.1848216099113127	0.2663157538419877	0.36481957890461036	0.48820323607067906	0.6329970888903933	0.7930234919775235	0.9903696432198226	1.2076027350890257	1.4478539029178796	1.731010087333288	2.044377496445738	2.379324351770361	2.7392356644776927	3.134097217520818	3.5737255432942927	4.045257599350078	4.571119084692979	5.122706654931961	5.707805835759258	6.346980570035881	7.0182282851533415	7.717486967706994	8.462866427459211	9.24988152460903	10.06753097285221	10.935447836977861	11.874957687360368	12.828176832983548	13.797813282783833	14.805531108252659	15.881033782411482	16.97143050572067	18.08374517635908	19.23642610520615	20.40197007650125	21.575891950443438	22.776216911515807	24.02105476948074	25.268177509985783	26.497021190169928	27.76267686683366	29.043818969602597	30.346371268025187	31.60254891341141	32.88529889648636	34.15831697244601	35.41677950037236	36.666694875093086	37.8946923024846	39.126497867442964	40.35415679371742
Sin-CPnd_094-Ex1-3H-lcwgs-1-2.2 - illumina_universal_adapter	0.0008462527926342157	0.0010155033511610588	0.0010155033511610588	0.0010155033511610588	0.0010155033511610588	0.001184753909687902	0.0013540044682147452	0.0013540044682147452	0.0016925055852684313	0.0019463814230586962	0.002369507819375804	0.0027080089364294904	0.0028772594949563334	0.0030465100534831768	0.003554261729063706	0.0039773881253808135	0.004823640918015029	0.00812402680928847	0.014640173312571933	0.02699546408503148	0.04569765080224765	0.07836300859792837	0.12346828244533206	0.18389073183941507	0.26428474713966554	0.3627885722022883	0.48600297880983007	0.6298659535576467	0.7913309863922551	0.9898618915442421	1.2071796086927087	1.44810777875567	1.7336334709904542	2.0455622503554265	2.3784780989777268	2.735427526910839	3.1298659535576467	3.5687326518177507	4.039841581477219	4.562741182045901	5.1117053686277165	5.692742536050369	6.325739624940763	6.991317446347573	7.681182722902985	8.418776656962969	9.20012186040214	10.00888565432266	10.867070611333016	11.790247782817683	12.724003114210277	13.670198361654593	14.65100534831765	15.693419538284477	16.758428677814635	17.838924243450002	18.952169792160312	20.07370861823844	21.19804007853226	22.34141222666035	23.525489134114142	24.704996276487712	25.859115835082257	27.04437749644574	28.230993162277436	29.430979622232755	30.59034594814163	31.774168979757633	32.941659332475794	34.08926274456706	35.221464355832374	36.33014013946246	37.444485816803194	38.55019971565906
Sin-CPnd_095-Ex1-2B-lcwgs-1-2.1 - illumina_universal_adapter	0.0	0.0	0.0026447330142022165	0.0044078883570036935	0.0061710436998051715	0.010578932056808866	0.010578932056808866	0.012342087399610343	0.01410524274241182	0.0215986529493181	0.024684174799220686	0.0273289078134229	0.03394074034892844	0.03923020637733288	0.04451967240573731	0.04936834959844137	0.059947281655250234	0.08815776714007387	0.16353265804483702	0.3380850369821833	0.6461964331367415	1.064505038216392	1.6723528426472014	2.5124963634921054	3.5245475302601537	4.672802447259616	6.00310315340333	7.447568167993441	9.076282915906306	10.760977845953118	12.460218807578041	14.218084684351115	15.97903608297409	17.782743998660003	19.6860701912142	21.62421870178872	23.500215986529494	25.437042130596915	27.254855289025237	29.136582828630118	30.986573572064568	32.77926176685797	34.549469731030655	36.330697416095845	38.01230682429275	39.69523859899677	41.38434141740058	43.03024692990576	44.58579073109236	46.13648585508626	47.64618761736003	49.12591573880617	50.61710436998052	52.01528655682209	53.41214637715656	54.7777101901563	56.0850898768436	57.385416942159694	58.64783616760555	59.899235672158895	61.048812955665454	62.1737060643728	63.32592808089357	64.4265778036374	65.46375393404035	66.46346301340878	67.46846155880564	68.47522325954529	69.38060352807383	70.2877469519452	71.09571288778398	71.91117223382966	72.71296712596865	73.48214364426579
Sin-CPnd_095-Ex1-2B-lcwgs-1-2.2 - illumina_universal_adapter	0.0	0.0	0.0026447330142022165	0.0044078883570036935	0.0061710436998051715	0.010578932056808866	0.010578932056808866	0.012342087399610343	0.01410524274241182	0.02203944178501847	0.025565752470621424	0.02821048548482364	0.03438152918462881	0.039670995213033244	0.046282827748538785	0.05113150494124284	0.06303280350515282	0.0921248666613772	0.16838133523754112	0.3416113476677863	0.6484003773152434	1.0746431814375006	1.6864580853896132	2.5310094945915207	3.536008039988363	4.681177435137922	6.021175495667046	7.473574709299763	9.092151313991518	10.79800410815195	12.503416113476678	14.256433313057048	16.029726799079633	17.831671559422745	19.721774086905928	21.639205522202534	23.5072686079007	25.423818465525905	27.236342157925826	29.098234199924185	30.930152601094917	32.71975527403842	34.472331684783086	36.24518438196998	37.91136618091737	39.57093614732926	41.24372977881217	42.86230638350392	44.3896396992057	45.911683548879076	47.38303668244691	48.818685920323006	50.262710146077424	51.61593187167756	52.99207461673411	54.32457926705632	55.59889979106609	56.842365096576835	58.057619916602754	59.256124760872055	60.35236659525887	61.42260188833937	62.51046873484788	63.55469748662206	64.53809737906958	65.47124734424727	66.41233150846756	67.36663933775885	68.20898680278226	69.05794610034117	69.8042015991819	70.55618735288672	71.29098234199924	71.99977078980544
Undetermined.1 - illumina_universal_adapter	0.0023570593088350217	0.0032542400509266967	0.00434096111290104	0.005326640460232049	0.006677463659101728	0.008571821598811412	0.009867594484185758	0.012885954394376118	0.013784877234996126	0.016488091521410987	0.01993396241045435	0.02286661107305071	0.025365302992239235	0.028318856837175593	0.031736854149765625	0.03669103394464	0.046922204391688926	0.07055063515117982	0.12730088839046133	0.24614354000615862	0.4733246859511143	0.845482748794413	1.3923647577467575	2.134155188986977	3.087445440479213	4.260257179107028	5.646965168722434	7.2630801835724474	9.0714082458673	11.039771924739407	13.130607220671582	15.33277742040175	17.634569872894367	20.011891703922284	22.413114952549087	24.810129813760994	27.191026256759198	29.590173446569786	31.956966556722016	34.28036503779258	36.553964761381465	38.736083581260374	40.85366113486158	42.913790202133356	44.893241815508745	46.79579040565925	48.630504292264234	50.4053082815291	52.09497574150447	53.69190328316341	55.19411135994821	56.60710552583793	57.92310086513902	59.168684414541644	60.339690468044836	61.42096677527873	62.442799544948535	63.42161903090452	64.3230111219786	65.15079414972513	65.91214137904443	66.61269877705695	67.26446469895686	67.86955997549258	68.43012007104014	68.94106189051354	69.41628354755217	69.8605876593789	70.26654905364626	70.64025514524184	70.98400428475404	71.2976036218758	71.5898491862865	71.86184233267579
Undetermined.2 - illumina_universal_adapter	0.0020661288546033525	0.00291174348025636	0.0038131052588160352	0.004716905975315377	0.0060297514262673884	0.007824112910450738	0.009082256467613084	0.01199957466316011	0.012817664132065452	0.015422624061482308	0.01866449521285784	0.021428857157617196	0.023855077778027055	0.02676298864152108	0.030164610227944776	0.03507349546108249	0.045138992338086915	0.06846151059600247	0.12448670242779164	0.24207330100456056	0.46615699576613967	0.834583657771601	1.3787145447280018	2.1165838606006484	3.064757220295463	4.231157513709453	5.6157492020326405	7.227820109358981	9.02866951688155	10.996682162900198	13.102589746879808	15.317752343224434	17.628908226887134	20.005057625605488	22.400644837073422	24.769125692279903	27.113839097264332	29.470309925216483	31.804212737783338	34.09116895657911	36.32452777205218	38.469470731966005	40.554501878231335	42.58455553071981	44.53530398032268	46.410881401057516	48.22046760690953	49.96904778702739	51.628777283793355	53.19065920356768	54.65008064365719	56.02136078291552	57.29773574959658	58.50641329009617	59.650264905418524	60.707002535411874	61.704793300131556	62.660440785142484	63.53429517635948	64.33267872355172	65.06339132446013	65.73046750506646	66.34921822091651	66.92077357132564	67.44834197915347	67.927234586211	68.37114602902943	68.78553726386556	69.16275472925484	69.50867626563189	69.82547514091078	70.11341301829047	70.38178381920977	70.6305384164902
