Sample	1	2	3	4	5	6	7	8	9	12	17	22	27	32	37	42	47	52	57	62	67	72	77	82	87	92	97	102	107	112	117	122	127	132	137	142	147	150
Sin-APnd_001-Ex1-6G-lcwgs-1-2.1	1.6253708564178887e-05	0.0848675782886769	0.0042801432552337735	0.05455595978872749	1.7027694686282645e-05	7.739861221037564e-07	0.0	0.0004968990903906116	0.0802128257503449	0.01693853148501629	5.88229452798855e-06	0.00026594163155485074	0.04350111600671953	0.00020603510570401997	0.06275293721347952	0.03643183636187266	6.60984148276608e-05	0.00019241294995499386	0.0001541780355230683	0.00023188624218228548	0.0012382229981415898	0.0003207398489997967	0.0003041765459867763	0.008792482347098673	0.00040494953908468535	0.0008530875037827604	3.56033616167728e-06	0.0001713605274337717	0.00015526161609401355	0.00023498218667070047	6.393125368577029e-05	0.01793232966579751	0.00020696388905054448	0.017672889517668336	0.044196155544368704	0.00042383480046401706	0.017569484971755273	0.0005696537858683648
Sin-APnd_001-Ex1-6G-lcwgs-1-2.2	0.08835748171324274	0.09382414569366157	0.004656300510576199	0.005354435992713787	0.001255405490052293	0.001856018720804808	0.000807267525354218	0.0005696537858683648	0.0014837313960729013	0.001338222005117395	0.027006388164117535	0.009220806267070893	0.00024303164234057954	0.01763480940046083	0.0014095835255753613	0.00042151284209770583	0.017788523044310636	0.017855859836933663	0.01777691325247908	0.018239602156272707	0.061094749345484436	0.000713924799028505	0.035367760241204416	0.01792582818237184	0.001064850106790348	0.0006382289562867576	0.0006300247033924579	0.017572271321794848	0.017665149656447297	0.017133730785010858	0.00033126606026040776	0.00021981205867746686	0.00029349553750174446	0.008963068888410341	0.030375704550859608	0.004763110595426517	0.018297496318206066	0.0004783234234601215
Sin-APnd_002-Ex1-3G-lcwgs-1-2.1	1.7724772436631776e-05	0.08566160958968681	0.0044777206368041035	0.0558862074927	1.1077982772894861e-05	2.215596554578972e-06	0.0	0.0005073716109985847	0.08249773770974804	0.017318432028521995	3.5449544873263556e-06	0.0002654284672385609	0.04481176967429246	0.00018655322989554946	0.06309132748819081	0.03640668258484168	5.627615248630589e-05	0.00018300827540822313	0.00014401377604763318	0.0002330807575417079	0.001241620309186056	0.00032170461972486677	0.00026985966034771884	0.008793259605813024	0.00039348994809322547	0.0008131239355304828	3.98807379824215e-06	0.00016218166779518076	0.00015730735537510703	0.00023529635409628687	6.159358421729542e-05	0.018006596318374223	0.00021136791130683396	0.017794342168445557	0.044155509974826174	0.0004036816922442888	0.01760335774544085	0.0005361743662081113
Sin-APnd_002-Ex1-3G-lcwgs-1-2.2	0.0886017062176131	0.09594197760293324	0.0044666426540312075	0.005306353748216639	0.0012119313153546977	0.0016838533814800191	0.0007843211803209561	0.00056054592830848	0.001375885460393542	0.0012885909561431302	0.026357622851893286	0.00897936971639766	0.00022111653614698143	0.017339258636135037	0.0013891790397210157	0.00040589728879886775	0.017718125646968043	0.017924176126543886	0.017454912776284057	0.01820334129242084	0.06083274836045301	0.0006939248408941341	0.035281159535115555	0.017842199054024465	0.0010187312957954115	0.0006283431828785966	0.0005583303317539009	0.017460673327325964	0.01721961642218777	0.016799096196128682	0.0003084110403973929	0.0002073798375085918	0.00027650645001145576	0.008945249529457142	0.030618658145659568	0.004752454609571895	0.0178404265767808	0.00044533490747037345
Sin-APnd_003-Ex1-3H-lcwgs-1-2.1	2.6116484126899958e-05	0.0862356978554477	0.004455658738364325	0.0571288762960177	1.0260047335567842e-05	9.327315759607129e-07	0.0	0.0004663657879803564	0.08292263529763526	0.017424172024206885	4.850204194995707e-06	0.0002770212780603317	0.044583823145661304	0.0002037085761898197	0.063266063519524	0.03676659980753457	5.9321728231101333e-05	0.0001848673983554133	0.00014177519954602835	0.00022199011507864966	0.0012418388202340932	0.0003236578568583674	0.00029530281694916164	0.00880162824339567	0.00041264044920501935	0.0008499050120154016	3.7309263038428515e-06	0.0001626683868475483	0.00015576617318543905	0.0002445622192168989	6.26795619045599e-05	0.017948553716212	0.00021191661405827396	0.017906767341608957	0.04416763831646764	0.00040834988395560003	0.017826179333445952	0.000519531487810117
Sin-APnd_003-Ex1-3H-lcwgs-1-2.2	0.0894219089189295	0.09782208949203168	0.004706563532297757	0.005441556014154799	0.0012349366065719837	0.0018794541255608363	0.0007872254501108417	0.0006062755243744633	0.0014895723268092585	0.0013724212408685928	0.026528005298213825	0.009072866585685046	0.00023915237607632678	0.017501588745011624	0.001428944774371812	0.0004191695702367444	0.017809017072448276	0.01787654683854783	0.017602510301530573	0.018195914130156778	0.06113178712741069	0.0006939522925147703	0.035315829114285276	0.017896320747958196	0.0010498826619013784	0.0006654107062903726	0.0006109391822542669	0.017565947223752914	0.017336681802381772	0.016787862543086486	0.0003189941989785638	0.0002091184193303918	0.0002850427696135939	0.00896168498183053	0.030512634590717992	0.004789763188873452	0.018010673639170978	0.0004728949090120814
Sin-APnd_004-Ex1-4A-lcwgs-1-2.1	1.2897799244645546e-05	0.08553949437041374	0.004205972333678912	0.05630405282257567	5.159119697858218e-06	0.0	0.0	0.0004411047341668777	0.0802862207380696	0.016777199301450035	6.706855607215684e-06	0.0002803981555785942	0.04279515584971882	0.00021874667518918846	0.06242999155181252	0.036372051825885335	7.042198387576468e-05	0.0001862442210926817	0.0001465189994191734	0.0002290649145849049	0.0011997532857369287	0.0003188335973276379	0.00028813683512538154	0.00877566260605683	0.0004163409596171582	0.0008355194350681386	3.611383788500753e-06	0.00017154072995378576	0.00016354409442210553	0.00024763774549719445	5.4686668797297116e-05	0.01787041676542619	0.00020765456783879328	0.01774195468494952	0.04434650314286478	0.0004078284121156922	0.017617103988261353	0.0005017243906167118
Sin-APnd_004-Ex1-4A-lcwgs-1-2.2	0.0896087500320994	0.09618017874724631	0.004752839021651883	0.0055279967562550806	0.0012949390441624128	0.0018727604503225334	0.0007790270743765909	0.0005133324099368927	0.0015013038320767415	0.00136381329212882	0.02717617892043795	0.009127772525435653	0.00024918548140655196	0.01772415572199191	0.0014231431686541895	0.0004233057712092668	0.017819599436402288	0.01775897977995245	0.01764367345470532	0.018211692533439513	0.0611244763122695	0.0006957072912561808	0.035479266162170967	0.017909110163160127	0.0010555558901817915	0.0006363774147308113	0.000657271849507137	0.017545908136430907	0.01778193786260792	0.01717677312204915	0.0003317313965722834	0.00021178186359707986	0.0002997448544455625	0.008929920285022791	0.030410431059025272	0.004846992956137796	0.01843663015226613	0.0004359456144690194
Sin-APnd_005-Ex1-4B-lcwgs-1-2.1	2.2363417206504247e-05	0.08603685815425181	0.004273808766857294	0.05618089749009698	1.2779095546573858e-05	7.986934716608661e-07	0.0	0.0004336905551118503	0.07915212042853514	0.016740455427317422	4.153206052636504e-06	0.00028145957941328923	0.04247100457164955	0.0001967980714172374	0.06208420067783677	0.03555224250404013	5.686697518225367e-05	0.00019663833272290523	0.00014887646311758545	0.00020590317699417126	0.0012325437654670485	0.0003039827353141256	0.0002928010267108735	0.008755597313735078	0.0004261828364782381	0.0007824001248389845	3.514251275307811e-06	0.0001801852472066914	0.00016069712649816625	0.00024120542844158156	5.7505929959582356e-05	0.017840416076488765	0.00021245246346179037	0.017612628698371085	0.04417797225928315	0.0003963117006381218	0.017568860296124072	0.0004408787963567981
Sin-APnd_005-Ex1-4B-lcwgs-1-2.2	0.08884586309408307	0.09607004554525561	0.004594883542464963	0.005435907768123855	0.0012858964893739944	0.0018066446328968788	0.0008178621149807269	0.0005790527669541278	0.0014695959878559936	0.0013253519468740412	0.02717362850892898	0.009184176230628298	0.00023401718719663378	0.017727161342207254	0.0014245496760543208	0.00042314780128592684	0.017752719533300404	0.017852077001175012	0.017654160758897454	0.018113249766408115	0.06085469194756204	0.0006461430185736406	0.03526535180901955	0.01785175752378635	0.0010026797843230512	0.0006173900535938495	0.0006044512193529435	0.017508319330972178	0.017784028317389507	0.017470141783026787	0.0003196371273586786	0.00019296434275326523	0.0002618117200104319	0.008925878761893175	0.030503541330977463	0.004773311664033999	0.018431289506823472	0.00039615196194378957
Sin-APnd_006-Ex1-4C-lcwgs-1-2.1	2.117814777296157e-05	0.08562457508031945	0.004291222192496339	0.057570147452324416	1.9854513537151473e-05	1.3236342358100982e-06	0.0	0.0004394465662889526	0.08132673471664406	0.016969785083626947	5.559263790402413e-06	0.000296758795668624	0.04294293023923418	0.00021231093142393974	0.06304311029055201	0.03649630205714468	6.379917016604674e-05	0.0001916622373453022	0.00014851176125789303	0.0002480490557908124	0.0012878961114432257	0.0003258787488564462	0.0003044358742363226	0.008873379190023737	0.0004283280387081478	0.0008976887387264087	2.6472684716201964e-06	0.00016148337676883198	0.00014321722431465264	0.0002477843289436504	6.168135538875058e-05	0.018145437011873475	0.00021760546836718016	0.01805040007374231	0.044763986220861716	0.0004360051172758464	0.01791538938168968	0.0006009299430577846
Sin-APnd_006-Ex1-4C-lcwgs-1-2.2	0.09117854433377862	0.0977053847505582	0.004835235863414289	0.005371307728917379	0.00121244896000205	0.001816026171531455	0.0008510968136258932	0.0006009299430577846	0.0015182084684741827	0.0013649316239673734	0.027203066087521977	0.009325797371823628	0.000255990861205673	0.01777508415269381	0.0014660572795832647	0.0004227687749177454	0.01815655553945428	0.017784614319191643	0.017895005414458206	0.018181969316781833	0.06192569826868113	0.0007422940794423031	0.035594642415710843	0.01787594508146254	0.0010919982445433312	0.0006533458587958644	0.0006422273312150597	0.017652780349304956	0.01787435672037957	0.017326107419907026	0.00033593836904860296	0.0002181349220615042	0.0003150249481228034	0.009038304015805675	0.030434851437675915	0.0049437738707507175	0.018545968731629614	0.0005201882546733686
Sin-APnd_007-Ex1-4D-lcwgs-1-2.1	2.253466140776108e-05	0.08528743380020687	0.004320395362121305	0.0555604596264687	1.5023107605174054e-05	0.0	0.0	0.00048073944336556973	0.07878993976096908	0.016400225802315007	7.261168675834125e-06	0.0002889444362728476	0.042497867563769866	0.00020130964190933232	0.06157596229670715	0.03577853230222902	6.835513960354193e-05	0.00018703768968441698	0.00015198377193901085	0.00023561240427447973	0.0012461667758491878	0.0003062210100187978	0.00029320098342764696	0.008748456328746356	0.0004178927765505916	0.0008355351679744304	4.006162028046414e-06	0.00017051227131872549	0.00015273492731926954	0.0002548920590344531	5.6086268392649805e-05	0.017675186867740778	0.00021633274951450638	0.01741203209952348	0.044018957208793744	0.00040887891198748715	0.017497163042619467	0.0005508472788563819
Sin-APnd_007-Ex1-4D-lcwgs-1-2.2	0.08912583779332883	0.09471318189681982	0.004718507713658417	0.005449632283776888	0.0012719564439047366	0.0017902536562832412	0.0007586669340612896	0.0005596107582927335	0.001462249140236941	0.0013458200562968424	0.027032830209876946	0.009114018613805593	0.00024262318782356098	0.01763011754492526	0.0013984009329149516	0.00043141357339524823	0.017647894888924712	0.017640383335122127	0.017585799377489993	0.017939593561591843	0.060654294645129725	0.0007163518476400495	0.03509623283182736	0.01798591481004113	0.0010573763902775005	0.0006550074915855887	0.0006141947159248658	0.017276072975696655	0.017766577439005588	0.01745785257771926	0.000333512988834864	0.00021633274951450638	0.00030021176697672816	0.008915713593417295	0.030311623444706184	0.004921069281201514	0.018412070295774567	0.0004832432946330987
Sin-APnd_008-Ex1-4E-lcwgs-1-2.1	2.16553189701646e-05	0.08519511844562329	0.004253723369139475	0.05497151160293021	5.156028326229667e-06	2.0624113304918667e-06	0.0	0.0004238255284160786	0.08023501919579035	0.01702025574601718	4.743546060131294e-06	0.0002759506360198118	0.043121308580190046	0.0001984039699933176	0.06286704089945223	0.03662409416574152	5.795375838682146e-05	0.000185617019744268	0.00014890609806151277	0.0002245965938905643	0.0012475526138145303	0.0003194675150931902	0.00029925588405436986	0.008770404182916663	0.00041330723063057016	0.0008130025464798938	3.299858128786987e-06	0.00016478666530630014	0.00014189389953784043	0.0002470768773929256	5.795375838682146e-05	0.01785945091639432	0.00020397248058564565	0.017881931199896683	0.04445073892382511	0.0003953642520552908	0.017658159570538314	0.000525914889275426
Sin-APnd_008-Ex1-4E-lcwgs-1-2.2	0.0882443935977555	0.09487813964228259	0.004670330457898832	0.005166340382882126	0.0011827928980370855	0.001779860978214481	0.000819808503870517	0.000555819853567558	0.0014488439596705364	0.0013607789958585336	0.027046462188070337	0.009148031697529724	0.00023717730300656467	0.017705388790006577	0.0013902714778845674	0.0004112448193000782	0.017883787370094124	0.01776829233558658	0.017742305952822383	0.018077035311761212	0.06163908119327737	0.0006997761644358903	0.035600313181285356	0.017807271909732875	0.0010221310553917692	0.0006502782925040856	0.0005985117681087397	0.017651766095413787	0.017759630207998513	0.017107495745296988	0.0003326669476083381	0.00019922893452551434	0.0002955435436594845	0.008937253259553456	0.030306928260444933	0.0047517957054532605	0.018402896301978926	0.0004753858116783753
Sin-APnd_009-Ex1-4F-lcwgs-1-2.1	2.0070734716913254e-05	0.08484329652011738	0.004265031127344067	0.05523036106922022	1.290261517515852e-05	1.4336239083509468e-06	0.0	0.0004100164377883708	0.08044923924102172	0.016986149515705356	4.874321288393218e-06	0.00026780094607995684	0.04299982878229663	0.00020042062238746235	0.06281595189308675	0.03659841130672798	6.221927762243109e-05	0.00017117469465710304	0.00013275357391329766	0.00022421877926608806	0.0011959290643463597	0.00031080966333048526	0.00028471770819849803	0.00893463092162477	0.00039309967566982965	0.0008469850050537394	2.580523035031704e-06	0.00016257295120699738	0.0001531110334118811	0.00022249843057606694	4.5875965067230296e-05	0.018137922963674506	0.00019181887893735667	0.01788703877971309	0.04455273019982237	0.0004002677952115843	0.01765593860568692	0.0005333080939065522
Sin-APnd_009-Ex1-4F-lcwgs-1-2.2	0.08795569402514727	0.09449301904722761	0.004600499121898189	0.005139541711438144	0.001156934494039214	0.0018393394744142645	0.0007039093390003149	0.0005075028635562352	0.0014235885409924901	0.0013326967852030401	0.026965892266517966	0.00923569194237847	0.00021963118275936504	0.017676009340403833	0.001365956859876782	0.00040657574040832845	0.01797334293899582	0.017806182391282097	0.017755145380144804	0.018108677035944147	0.061654429802540815	0.0007079234859436976	0.035638170012914513	0.017935208543033685	0.0010276216175059585	0.0006514387039546702	0.0006009751423807168	0.017726759626759455	0.017760879875778207	0.017053816564179522	0.0003062220668237622	0.00020328787020416423	0.0002844309834168278	0.009082580908966588	0.03032057221205918	0.004781422459132077	0.018414038928422898	0.0004902993766560238
Sin-APnd_010-Ex1-4G-lcwgs-1-2.1	1.7926735498863298e-05	0.08524268181094785	0.004344597073842164	0.05564669601617742	1.2654166234491739e-05	1.0545138528743115e-06	0.0	0.00044922290132445674	0.07937431221970231	0.016892679214734745	5.4834720349464205e-06	0.0003009582536103285	0.04317559338654466	0.00020183395144014325	0.06283468424290989	0.0366521597898936	6.474715056648273e-05	0.00019065610459967556	0.0001512172865021763	0.00022714228390912673	0.0012460135685562865	0.00031213610045079625	0.0002933657538696335	0.008959571499561302	0.00043846686002513876	0.0008161937221247172	5.061666493796696e-06	0.000174627494035986	0.0001499518698787271	0.00025202881083696046	6.748888658395594e-05	0.018063822299736958	0.0002081610345573891	0.017860301126132218	0.044546250492510694	0.0004154784580324788	0.017526652943082782	0.0005335840095544017
Sin-APnd_010-Ex1-4G-lcwgs-1-2.2	0.08893875286527231	0.095359687715424	0.004653569632734337	0.005418092176068213	0.0012369447494215676	0.0018011096607093244	0.0008151392082718428	0.0005430746342302705	0.001608133625633325	0.0013761405780009766	0.027189163376970103	0.00915782010390167	0.0002606758244305298	0.01773586849149305	0.0014611343945426462	0.0004340379018430666	0.017922306540681228	0.017833516474269208	0.01784216348786278	0.018212930558533385	0.0616943329624116	0.0007037825454083155	0.035367761917092684	0.01793981147063894	0.0010376416312283226	0.0006459951862708034	0.0006227958815075684	0.017607850509754105	0.01779639758664803	0.017209244273367615	0.0003306955442613841	0.00020879374286911372	0.0002889367956875614	0.009127028299397742	0.030603890135347697	0.004796983516725244	0.018407593815773983	0.00046925866452906867
Sin-APnd_011-Ex1-4H-lcwgs-1-2.1	2.07606431654802e-05	0.08436181716852723	0.004375777379924168	0.05493266181586061	8.492990385878262e-06	9.436655984309182e-07	0.0	0.00048693144879035375	0.07998887078539835	0.01697975257880688	6.039459829957876e-06	0.0002778151521780623	0.0432587634307914	0.00020741769853511581	0.06280943856596348	0.03653590097444986	5.850726710271692e-05	0.0001787302643428159	0.0001475892995945956	0.00023157553785494733	0.0012628133038202548	0.0003212237697058845	0.0003008405927797767	0.00879137744810212	0.0004023790111709435	0.0008587356945721355	3.5859292740374888e-06	0.0001600456854938837	0.00014381463720087193	0.00024233332567705977	6.0772064538951135e-05	0.017841696736413684	0.00020571910045794013	0.017853586922953912	0.04438531142219824	0.00040709733916309803	0.017617104323987123	0.0005039174295621103
Sin-APnd_011-Ex1-4H-lcwgs-1-2.2	0.08804400033360467	0.09478177270640141	0.004733426641729485	0.005296795003992744	0.0012050609691962825	0.0018514719041214614	0.0007662564659259055	0.0006048896485942185	0.0014777803271428178	0.0013477432076790371	0.02702865880337804	0.009158463365891746	0.00023233047033369204	0.017515188439356587	0.001394926487600583	0.0004218185224986204	0.017912282923176315	0.01776809081973607	0.017705997623359317	0.018026655193706144	0.06125390019350996	0.0007058618676263268	0.03547748563924974	0.0179521056114301	0.0010346349621196587	0.0006281038223156191	0.0006179122338525652	0.01759200281906886	0.017686935578271012	0.017106958701475373	0.00029876452846322866	0.0001917528496011626	0.00027158695922841825	0.00893877801457703	0.030220890789750154	0.004752299953698104	0.0183427831691805	0.0004246495192939132
Sin-APnd_012-Ex1-5A-lcwgs-1-2.1	2.3773443420478915e-05	0.08517168933594459	0.004311551698738056	0.05607965115343612	1.141125284182988e-05	9.509377368191566e-07	0.0	0.00046215574009411014	0.07989208302112463	0.016798505308457768	4.944876231459615e-06	0.0002966925738875769	0.04312407542701194	0.00021567267871058473	0.062335870523969356	0.03624556240150425	6.06698276090622e-05	0.0001930403605742888	0.0001479659118490608	0.0002434400606257041	0.0012558083752433782	0.000329214644486792	0.00030620195125576847	0.008772780997251447	0.00041689110382151824	0.0008649729654107048	4.37431358936812e-06	0.00017211973036426737	0.00014682478656487778	0.00023963630967842745	6.656564157734096e-05	0.017820192812896266	0.00022232924286831883	0.017720344350530257	0.04413682411672434	0.00043267667025271623	0.01767603065199448	0.0005914832723015154
Sin-APnd_012-Ex1-5A-lcwgs-1-2.2	0.08957167824420682	0.0958697388751601	0.004786069629410816	0.0054859598037097146	0.0012704528163903933	0.0018714454660601002	0.0007778670687180702	0.0005895813968278771	0.001523402254384289	0.0013858966576402389	0.027114087689924616	0.009196328665230699	0.0002556120636569893	0.01753129792845061	0.0014292594184391926	0.0004362902336526291	0.017894746331462888	0.017795658619286333	0.017723577538835442	0.018168045837024714	0.06108215421174698	0.000741921622266306	0.03555137785362626	0.01775039398301374	0.0010979527109313983	0.0006327539700794668	0.0006380792214056541	0.01752102780089296	0.017759522985287206	0.01715149339636504	0.00034880396186526665	0.00022480168098404864	0.00031666226636077913	0.008941477351763165	0.03031969880074199	0.004960661797890812	0.01839817276933495	0.0005306232571450894
Sin-APnd_013-Ex1-5B-lcwgs-1-2.1	1.8235203563771478e-05	0.08529577250965989	0.004347272529603121	0.05647564111723785	1.3372482613432418e-05	1.2156802375847651e-06	0.0	0.0004692525717077194	0.08012913149992462	0.016826230168410734	3.4039046652373425e-06	0.0002839829034998012	0.04267183515551037	0.000212500905529817	0.06250419941542071	0.03603227596991741	5.324679440621272e-05	0.0001947519740610794	0.0001470973087477566	0.00022465770790566463	0.0012728172087512492	0.0003199670385323102	0.000295167161685581	0.00894278696372105	0.0004164920493965406	0.0008648349210178019	2.4313604751695303e-06	0.0001636305599789094	0.00014636790060520573	0.0002443517277545378	5.7380107214000925e-05	0.01806184756189189	0.00020861072876954574	0.017684257280098065	0.04416420421516942	0.00040992737611358286	0.01754494032487085	0.0005057229788352624
Sin-APnd_013-Ex1-5B-lcwgs-1-2.2	0.08935736018343059	0.09644842300926253	0.004651192588999312	0.005395188894401189	0.001227837039960613	0.0018295987575650716	0.0007792510322918346	0.0005300365835869576	0.0015256786981688805	0.0013554834649070133	0.027048155878118478	0.009189083779855724	0.0002428929114694361	0.017771299985109134	0.001439365401300362	0.00042111163429936265	0.017866852451783297	0.017699817987139148	0.017680853375432827	0.018058443657226655	0.061003320594098555	0.0007077690343218503	0.03563645048455981	0.017833299677225956	0.0010272498007591266	0.0006455262061575103	0.0006170792885980269	0.01758554404480618	0.017740664843122	0.017283812209837643	0.0003216689908649289	0.00021420285786243566	0.0002657476999360297	0.009097178353894316	0.0304459821421679	0.004842297522347637	0.018446245653016193	0.0004267037633922526
Sin-APnd_014-Ex1-5C-lcwgs-1-2.1	2.0395466740398545e-05	0.08477579705314059	0.004451650540537656	0.056999890748283155	2.0395466740398545e-05	1.3596977826932362e-06	0.0	0.0004976493884657245	0.08045739689530687	0.016817829934576103	7.342368026543477e-06	0.00030865139667136466	0.04248783631359825	0.0002134725518828381	0.06222765678318211	0.036201137645537805	6.90726473608164e-05	0.0001876382940116666	0.000149566756096256	0.0002556231831463284	0.0013055818109420456	0.00033149431942061105	0.0003021248473144371	0.008801323747373318	0.0004244976477568284	0.0009245944922314008	4.079093348079709e-06	0.00016615506904511348	0.00015527748678356758	0.00024964051290247817	6.771294957812317e-05	0.017946107154654948	0.00021483224966553134	0.01774459994325981	0.04424619748617714	0.00045413905941954095	0.017712239136031715	0.0006349788645177414
Sin-APnd_014-Ex1-5C-lcwgs-1-2.2	0.08964215541739969	0.09618366144993684	0.004954738720134153	0.005591077282434588	0.0012509219600777776	0.0019878781582975116	0.0008198977629640215	0.0005601954864696134	0.0015840479168376202	0.0014361127980805962	0.027294573289784026	0.009237786735617847	0.00025970227649440815	0.017779408206496757	0.0014779914897875479	0.0004397262629229926	0.018017355318468077	0.017791917426097537	0.017759284679312898	0.01812912247620546	0.061114336238712895	0.0007587113627428259	0.03563033651636318	0.018038294664321552	0.0011198470938261495	0.0006640763970673766	0.0006746820397723839	0.017645613944679745	0.017883561056651058	0.01731303186703298	0.0003372050501079226	0.00022462207370092262	0.0003162657042544468	0.008971557909766512	0.03035960403153112	0.005086629405055397	0.01859984984857386	0.0005166851574234298
Sin-APnd_015-Ex1-5D-lcwgs-1-2.1	2.7982879850244583e-05	0.08581929506872259	0.004289775481042494	0.05653661044943416	1.3991439925122292e-05	0.0	0.0	0.000482704677416719	0.07794351353487126	0.016233148429925383	8.115035156570928e-06	0.0002803884560994507	0.04218643000463172	0.00019560033015320963	0.06113307829363533	0.03538519105702978	6.771856923759188e-05	0.00020231622131726832	0.0001611813879374088	0.000258002152219255	0.0012863729867157434	0.0003329962702179105	0.00031116962393471973	0.00870099666063505	0.00040379295623902935	0.0009125217119164758	4.757089574541579e-06	0.0001698560806909846	0.00015054789359431585	0.00025828198101775744	6.324130846155275e-05	0.017677344858996507	0.00020147673492176097	0.017356940884711205	0.043738920178723294	0.0004429689880293717	0.017369813009442316	0.000635211372600552
Sin-APnd_015-Ex1-5D-lcwgs-1-2.2	0.09067292557874752	0.09638842878815998	0.004982351757336048	0.005476249586692865	0.001232645857403274	0.0019937801893299264	0.0008296923875597519	0.0005792456129000628	0.0015292643838158665	0.0014139749188328587	0.026897703769652097	0.009117381912806689	0.0002568828370252453	0.017589758445065242	0.0014220899539894296	0.00042561960252222007	0.017626416017669063	0.017697212703690183	0.01755533950284944	0.01808505541841457	0.06018138054992851	0.0007686897094862187	0.03505695187638641	0.017741145825055062	0.0011377838947109447	0.0006861402139279972	0.0006573178476822453	0.017372331468628842	0.017762972471338255	0.017492657851984894	0.0003500658269265597	0.0002316982451600251	0.00032879883824037386	0.008864136850161975	0.030494902974401036	0.005122545985385773	0.018443795938094705	0.0005260781411845981
Sin-APnd_016-Ex1-5E-lcwgs-1-2.1	1.8454702158454582e-05	0.08551416854836962	0.0042901030951020755	0.05649722518789286	1.4763761726763667e-05	2.460626954460611e-06	0.0	0.00042199752268999477	0.07951146909296296	0.01671749952860539	5.167316604367283e-06	0.0002782969085494951	0.04255334436235547	0.00020177141026577012	0.062342690580909486	0.03588209256342186	5.462591838902557e-05	0.0001823324573255313	0.00015083643230843547	0.00024778513431418357	0.0012696835085016752	0.0003309543253749522	0.0003120074978256055	0.008834142891904486	0.0003902554349774529	0.000897882775682677	4.675191213475161e-06	0.00016215531629895427	0.0001493600561357591	0.00024335600579615443	6.323811272963771e-05	0.017915086667341373	0.0002025095983521083	0.017746533720960817	0.04449404084133855	0.00041289320295849057	0.017604555545688443	0.0005782473342982435
Sin-APnd_016-Ex1-5E-lcwgs-1-2.2	0.08996175176855717	0.09652055291567194	0.004971696761487665	0.005359245506815211	0.0012241619098441539	0.001909446516661434	0.000793552192813547	0.0005843989016843951	0.0014923702478803606	0.0013865632888385544	0.026994308003910134	0.0091611602141523	0.00025295245091855084	0.017670254285372538	0.001421996316982787	0.00041289320295849057	0.017865382002861266	0.017578226837275713	0.017681819232058506	0.01792517523785466	0.06105430630755391	0.0007576270392784221	0.03549848082122145	0.01789269496205578	0.0011104809445480737	0.0006631389642271347	0.0006572334595364292	0.017608984674206473	0.017727586893411473	0.017228817809742305	0.0003486708394470686	0.00022121036320600895	0.00031126930973926725	0.009000481274026022	0.030458870755790676	0.004987444773996212	0.018387527042597808	0.0004884344504604313
Sin-APnd_017-Ex1-5F-lcwgs-1-2.1	1.669246208474162e-05	0.08548968581872762	0.004270235300587538	0.05595920289426655	1.820995863789995e-05	0.0	0.0	0.0004446264900753905	0.07974140887536389	0.01689246813044789	4.248990348843322e-06	0.0002728458802578676	0.04247746001669732	0.00021093202088900775	0.062342400395471745	0.036324314992950926	5.5843873156226515e-05	0.00017694009809826117	0.00014810766358825292	0.00025524292024123096	0.0012391876853090915	0.00030349931063166583	0.00027679137129607925	0.008860965873202115	0.0004009225893444305	0.000851922564943086	2.124495174421661e-06	0.00015994413670288789	0.00014750066496698957	0.0002336944691863827	5.311237936054152e-05	0.01796746268870525	0.0002115390195102711	0.017770491636105296	0.044307560859806264	0.0004324865176501238	0.01763937993391242	0.0005903061591785901
Sin-APnd_017-Ex1-5F-lcwgs-1-2.2	0.08898144538754495	0.09491789190350033	0.004519104735305504	0.005262678046353085	0.0011790948218040219	0.001755743512004187	0.000737503324834948	0.0005250538073927819	0.0015296365255835958	0.0013089925267543746	0.02704209207659206	0.009166893178318834	0.000247958936786071	0.01780175206510036	0.0013836533571697646	0.00041245556314843386	0.01795441221834809	0.01777291963059035	0.01760447751318978	0.018123764833680556	0.06118424702610131	0.0007083673910143081	0.035526718804610904	0.01788915986656228	0.001056481100308829	0.0006425080406072365	0.0006206560902417566	0.01755743512004187	0.01785091895342269	0.017279733250813896	0.0003384017313543074	0.0002212509974504844	0.00032808275479283077	0.009050349443036275	0.030426109390135132	0.00495735773985763	0.018529846911305728	0.0005356762832648902
Sin-APnd_018-Ex1-5G-lcwgs-1-2.1	2.381550036604424e-05	0.08504174959280598	0.004397362031873168	0.057165706414351196	2.211439319704108e-05	1.70110716900316e-06	0.0	0.0004831144359968974	0.07879018074671937	0.016726646571374272	6.80442867601264e-06	0.0002953122045389486	0.04240928216611638	0.00020141108880997416	0.06250922425362392	0.03617914727035921	6.05594152165125e-05	0.00018303913138474002	0.00015718230241589198	0.0002452996537702557	0.0012792325910903765	0.0003150450476993852	0.0003157254905669865	0.008934895294472198	0.00042391590651558745	0.0009015867995716748	3.40221433800632e-06	0.00016840960973131284	0.00015548119524688882	0.0002313505749844298	6.464207242212008e-05	0.017803787630787073	0.00021740149619860384	0.01770580385785249	0.04453804767740694	0.00041609081353817295	0.017539435576723984	0.0005800775446300776
Sin-APnd_018-Ex1-5G-lcwgs-1-2.2	0.09075066525198058	0.09650721191188727	0.004759697858870842	0.0055796315143303655	0.001223096054513272	0.0018814245289174951	0.0007893137264174661	0.0006243063310241597	0.0015701219169899166	0.001397969871486797	0.02711837004538078	0.009264229642391208	0.00025686718251947716	0.017681988357486446	0.0014752001369595404	0.000431740999493002	0.01791367915390468	0.017658853299988002	0.01768471012895685	0.018136524193044092	0.0613106241423443	0.0007151454538489284	0.03544835163055545	0.017830324902623523	0.001118648074336478	0.0006818037533364666	0.0006423380670155933	0.017559848862752022	0.017894626753611843	0.017284269501373507	0.0003494074125132491	0.00022760813921262281	0.0003113026119275783	0.009112490882916128	0.030177641178116058	0.004944438097424585	0.018520293970371204	0.0005358487582359954
Sin-APnd_019-Ex1-5H-lcwgs-1-2.1	2.6297876718996574e-05	0.08540833143510478	0.004450317955673829	0.05689665163958177	1.6735012457543272e-05	3.586074098044987e-06	0.0	0.0004805339291380283	0.07964072892741575	0.01675222561321389	5.737718556871979e-06	0.00029238457479393464	0.042667109618539256	0.00022401009532454352	0.062367327211952664	0.036136868685999336	5.761625717525613e-05	0.000192691714868284	0.00015061511211788946	0.0002464828263389588	0.001321587840932846	0.00034617568626460943	0.00031605266384103156	0.008805246340339662	0.0004128766644882462	0.0008845649441844301	5.9767901634083115e-06	0.00018384606542643967	0.00015324489978978912	0.0002546112609611941	6.670097822363676e-05	0.017787644741122745	0.00021898959158728052	0.017735048987684753	0.04419549439912603	0.00042985074855232577	0.01756817700632239	0.0005881161520793779
Sin-APnd_019-Ex1-5H-lcwgs-1-2.2	0.09076353542151862	0.0968598613881951	0.005014526947099574	0.005526140185087325	0.0012563212923484273	0.001957996457532563	0.0008343599068118004	0.0006191954609291011	0.0015360350719959364	0.0014131522662362613	0.027153035855577032	0.00926952340023322	0.0002636959820095747	0.017677671802116032	0.0014989789729828046	0.00044658576100986905	0.017967665660844602	0.01778621031148353	0.017718553046833743	0.018115650985290593	0.061060083667411995	0.0007901316596025787	0.035463403970386484	0.01792821884576611	0.0011004466048867383	0.0006806368638089385	0.0006691614266951946	0.01753972748514457	0.01793323934950337	0.017172991640717835	0.0003466538294776821	0.0002340511027990695	0.0003239420268567305	0.008980963971143865	0.030460352460400658	0.005026002384213318	0.018614832499738453	0.0005116132379877515
Sin-APnd_020-Ex1-6A-lcwgs-1-2.1	1.7168686275099566e-05	0.08555810416073546	0.004244753292396045	0.05624706890669405	1.3898460317937745e-05	0.0	0.0	0.0004692774248527215	0.0793969984574426	0.01664512309935796	7.030985807897918e-06	0.0002879433955280984	0.042780605437697385	0.00020520667881190432	0.061830652705952144	0.035849852055386475	6.295184967536507e-05	0.00018950959421752762	0.00015713435724162557	0.00025475060206290597	0.0012536411206779845	0.0003270225957161822	0.0003114890224196636	0.008792165997127418	0.00042169563717601695	0.0008769110904129427	6.049918020749371e-06	0.00017168686275099567	0.00016056809449664546	0.00023594680280922546	6.246131578179081e-05	0.017803273622086817	0.00021370926630052508	0.017625209818719356	0.04396737043755141	0.00044393317368471736	0.017521053121983755	0.0006180727059035844
Sin-APnd_020-Ex1-6A-lcwgs-1-2.2	0.08969085221409873	0.09602609744961046	0.0049290480739321565	0.005650950453975629	0.0012385980812750401	0.0019768515911043217	0.0007586924220615428	0.0005951811242034516	0.0015566275556090274	0.0013991661757716857	0.027077307414002032	0.009236589704705709	0.0002442858789999881	0.017728875981561386	0.0014465844521505322	0.000432487382834651	0.017877344240016534	0.01799409130668721	0.017727894913774238	0.01829331698176752	0.06085007545269717	0.0007582018881679685	0.03536275189906722	0.017999814202112243	0.001094871650457778	0.0006497938976880541	0.0006484858073051894	0.01756552819500115	0.017744573066155764	0.017341190694339852	0.0003440277706934237	0.00022826177180989519	0.0003168848952489806	0.008953878670709068	0.030445149615985136	0.0050142374601162215	0.018417749079437523	0.0005068850233600824
Sin-APnd_021-Ex1-6B-lcwgs-1-2.1	9.07796897666351e-06	0.08550020238034982	0.004249786333789475	0.05569204281911969	1.6859085242375095e-05	0.0	0.0	0.000446117332567464	0.08031279153654208	0.016908625015933456	4.928040301617335e-06	0.00028012018556561693	0.042911818723230605	0.00020749643375230883	0.06260556462120442	0.03631784142912443	5.680214873969454e-05	0.000182078120617651	0.00014083820440937962	0.00021164636242735504	0.00120918546769158	0.00030891031574874976	0.0002928293421329458	0.00888759099869577	0.00042355209539690045	0.0008294669939248546	3.3718170484750187e-06	0.0001600316245314682	0.0001540661020610893	0.00023083978254944358	5.7580260366265705e-05	0.018060489593800962	0.0002157962911024012	0.017833540369384376	0.04438711836720952	0.00039190888924967336	0.017619040930992924	0.0004629764178098391
Sin-APnd_021-Ex1-6B-lcwgs-1-2.2	0.08862821111916586	0.0950696785344641	0.004672560317559805	0.005524592548655223	0.0012190415482948144	0.0018687647564817312	0.0007340186343987925	0.0005887711307721764	0.001504349144704239	0.0013715514271027613	0.027154020802995893	0.00923151633764022	0.00022980230038068206	0.017928210617283866	0.0014011196689124653	0.0004271832829875658	0.01799305325283146	0.017762472840824207	0.01758947268918322	0.018077348679043335	0.06148534324948415	0.0006785133383700499	0.035791837969562326	0.017976712908673465	0.0010201043424347882	0.0006344203461976842	0.0006173018904131188	0.017567685563639225	0.017789447377212008	0.017249437908371624	0.00031539457930350944	0.00019115608959431452	0.0002694859933358111	0.009038544654250573	0.030505347578637872	0.004800689365401855	0.018419717794734645	0.0004214771310593773
Sin-APnd_022-Ex1-6C-lcwgs-1-2.1	1.3002486790611137e-05	0.08621948990854246	0.004274567532413412	0.05680461416648241	2.2754351883569493e-05	0.0	0.0	0.0003998264688112925	0.07747206692015882	0.016673738935940194	3.900746037183342e-06	0.000308158936937484	0.042075397130078115	0.00019958817223588097	0.06268563894187583	0.03660850155896566	6.17618122554029e-05	0.00021519115638461434	0.00014692810073390586	0.00024119612996583665	0.0012813950732147275	0.0003107594342956062	0.00028020359033767005	0.00891840568968018	0.0004232309450343925	0.000845161641389724	3.2506216976527842e-06	0.00016578170658029201	0.00016578170658029201	0.00025159811939832555	6.241193659493347e-05	0.018044851168010138	0.00021324078336602267	0.01784591312011379	0.04486183004930608	0.0004303823127692287	0.017676880791835842	0.0006046156357634179
Sin-APnd_022-Ex1-6C-lcwgs-1-2.2	0.09030227076079436	0.09576006459115338	0.0049116893851533575	0.005782856000124304	0.0011962287847362247	0.0020153854525447263	0.0007801492074366684	0.0005981143923681124	0.001661067687500573	0.0014010179516883501	0.027718051215885296	0.009437855036965094	0.00025224824373785607	0.018180727154972025	0.001499836851296995	0.00041868007465767864	0.018016245697070794	0.017596265373734054	0.01803379905423812	0.018003893334619714	0.06210897865271222	0.0007502434878182627	0.035646317536460435	0.017889471450862334	0.0010701046628672967	0.0006533749612282097	0.0006533749612282097	0.017728890738998287	0.018076707260647133	0.017503947717520712	0.00033806465655588963	0.00021909190242179767	0.00031270980731419785	0.009077686152865166	0.030217779301380282	0.004865530557046688	0.0187248812271591	0.0005396032018103622
Sin-APnd_023-Ex1-6D-lcwgs-1-2.1	1.2809808120719631e-05	0.08544258469321092	0.004266830632210612	0.05664497150982221	1.164528010974512e-05	0.0	0.0	0.00048444365256539694	0.07849501057973697	0.016435915441292068	4.658112043898048e-06	0.00029066619153923816	0.042200631872898756	0.00022102741648296237	0.061441429481424024	0.03549644411371849	6.661100222774208e-05	0.00020775179715785296	0.00014230532294108535	0.00024059148706733418	0.0012928589977839033	0.00032047810862018567	0.00032443750385749903	0.008774485657090752	0.00043320442008251843	0.0008747934418440533	3.4935840329235357e-06	0.0001665275055693552	0.00016117067671887246	0.00025689487922097735	6.102126777506442e-05	0.01763840706542435	0.0002149718708258949	0.017563644367119786	0.04391551582185982	0.00042668306322106117	0.017425065533813816	0.0005601379732787403
Sin-APnd_023-Ex1-6D-lcwgs-1-2.2	0.090373196291677	0.09662671171061013	0.004951573102663625	0.005730642342005573	0.0014020917252133124	0.0019447617783274352	0.0008198277197260564	0.0005974028696299246	0.0015301898064205089	0.001405818214848431	0.027059671579810346	0.00916017733432551	0.0002520038615748844	0.01763561219819801	0.0014691685386454443	0.0004364650985132471	0.017669383510516272	0.017780479482763237	0.01760766352593462	0.018156156219103617	0.060635809003431865	0.0007287616292678496	0.03516292329137539	0.017891575455010206	0.0010732290149141103	0.0006756591519674119	0.0006439839900689051	0.01730744820470539	0.017802605514971755	0.017349837024304864	0.000355646854551616	0.00022591843412905532	0.00031698452458726217	0.008936122145014016	0.03049433049537857	0.00498790637660603	0.018459632218763573	0.0005088987407958618
Sin-APnd_024-Ex1-6E-lcwgs-1-2.1	2.105368943450071e-05	0.08578676654911221	0.004140558922118473	0.056353708719680234	1.7544741195417257e-05	3.5089482390834515e-06	0.0	0.0003754574615819293	0.07863202108962106	0.0167811940585927	7.017896478166903e-06	0.00030036596926554345	0.0417242017212935	0.0001929921531495898	0.06263472606763962	0.03587548679638921	7.368791302075248e-05	0.00020843152540155703	0.00014948119498495505	0.00023860848025767468	0.0012540981006484257	0.0003284375551782111	0.0003165071311653273	0.008930975058115201	0.0004400221091810648	0.0008274099947758779	2.8071585912667614e-06	0.00018948320491050637	0.00017193846371508912	0.00024422279744020826	6.947717513385234e-05	0.018113190810148776	0.0002245726873013409	0.017916689708760102	0.044728563203596756	0.0004519525331939486	0.01745701748944017	0.0005473959252970185
Sin-APnd_024-Ex1-6E-lcwgs-1-2.2	0.08882551572415849	0.09492757671192462	0.004930072275912249	0.00566344245788069	0.001305328744939044	0.0019299215314958983	0.0007719686125983592	0.0005789764594487694	0.001663241465325556	0.0014197204575331645	0.027580333159195926	0.009472756666229685	0.00026948722476160907	0.017953884560094387	0.0014835833154844833	0.00044212747812451486	0.01813564807887891	0.017646500694350677	0.01796441140481164	0.01818266798528263	0.06197995632622663	0.000752318502459492	0.03540458594270421	0.017880196647073635	0.0010674220543291858	0.0006470500552869885	0.0006737180619040227	0.017760892406944798	0.018106172913670608	0.017447894224018556	0.00031440176222187726	0.00021264226328845717	0.0002751015419441426	0.009084666990987056	0.030373455957506353	0.0049490205964033	0.01874620507247943	0.00044212747812451486
Sin-APnd_025-Ex1-6F-lcwgs-1-2.1	2.353919807091564e-05	0.08548455939436939	0.004217439654372385	0.05497383549478423	1.765439855318673e-05	3.92319967848594e-06	0.0	0.0004021279670448088	0.07935259829689587	0.016773640225366638	7.454079389123286e-06	0.00027737021726895596	0.04258201699031854	0.00020832190292760343	0.06225215553831135	0.03661718419914852	6.277119485577504e-05	0.00016281278665716652	0.00015065086765386008	0.00024519997990537124	0.0012154072603949443	0.0003095404546325407	0.0002938476559185969	0.00892645622845906	0.00041311292614456944	0.00086781176888109	4.707839614183128e-06	0.00017497470566047292	0.00017301310582122994	0.00022401470164154716	6.198655492007785e-05	0.017954131008623055	0.00021459902241318093	0.01772697774723872	0.044183859419044354	0.0004056588467554462	0.017689315030325257	0.0005610175540234894
Sin-APnd_025-Ex1-6F-lcwgs-1-2.2	0.08765997361608985	0.09429410427240956	0.004741186811450258	0.005298281165795262	0.0011985375017774546	0.0018694046467985503	0.0007728703366617302	0.0005355167561133308	0.001510431876217087	0.0013715506075986845	0.027124217937116092	0.009379585791324184	0.0002479462196803114	0.017756401744827364	0.0014276523630010335	0.00041154364627317506	0.017967469887529907	0.017843104457721904	0.01778543342244816	0.0180957585170164	0.061410629207276114	0.0007214764208735644	0.03560342940222775	0.017807403340647683	0.001097711270040366	0.0006379122677218138	0.0006269273086220533	0.017748163025502545	0.017723054547560232	0.017282086903698413	0.0003330796527034563	0.0002134220625096351	0.00030365565511481174	0.009103000213990926	0.030273370319036756	0.004903214958171728	0.018402552731873998	0.00047078396141831275
Sin-CPnd_013-Ex1-4E-lcwgs-1-2.1	0.0	0.1411290322580645	0.020161290322580645	0.04032258064516129	0.0	0.0	0.0	0.0	0.04032258064516129	0.020161290322580645	0.0	0.0	0.04032258064516129	0.004032258064516129	0.07258064516129033	0.024193548387096774	0.0	0.0	0.0	0.0	0.004032258064516129	0.0	0.008064516129032258	0.016129032258064516	0.0	0.0	0.0	0.0	0.0	0.0	0.0	0.04838709677419355	0.0	0.012096774193548387	0.04435483870967742	0.0	0.028225806451612906	0.0
Sin-CPnd_013-Ex1-4E-lcwgs-1-2.2	0.1411290322580645	0.08064516129032258	0.0	0.0	0.020161290322580645	0.0	0.0	0.0	0.0	0.0	0.024193548387096774	0.016129032258064516	0.0	0.020161290322580645	0.0	0.004032258064516129	0.008064516129032258	0.016129032258064516	0.020161290322580645	0.024193548387096774	0.04435483870967742	0.0	0.012096774193548387	0.012096774193548387	0.0	0.004032258064516129	0.0	0.012096774193548387	0.008064516129032258	0.036290322580645164	0.0	0.0	0.0	0.016129032258064516	0.028225806451612906	0.0	0.008064516129032258	0.0
Sin-CPnd_015-Ex1-4A-lcwgs-1-2.1	0.0	0.06278590008072474	0.0	0.035877657188985564	0.0	0.0	0.0	0.0	0.0986635572697103	0.0161449457350435	0.0	0.0	0.05381648578347834	0.001793882859449278	0.07534308009686967	0.028702125751188447	0.0	0.0	0.0	0.001793882859449278	0.0	0.0	0.0	0.0161449457350435	0.0	0.0	0.0	0.0	0.0	0.0	0.0	0.023320477172840613	0.0	0.025114360032289892	0.046640954345681225	0.0	0.021526594313391337	0.0
Sin-CPnd_015-Ex1-4A-lcwgs-1-2.2	0.0807247286752175	0.08969414297246389	0.0	0.0	0.0	0.0	0.0	0.0	0.0	0.0	0.037671540048434836	0.008969414297246391	0.0	0.019732711453942058	0.001793882859449278	0.0	0.019732711453942058	0.019732711453942058	0.023320477172840613	0.021526594313391337	0.06278590008072474	0.0	0.046640954345681225	0.012557180016144946	0.0	0.0	0.001793882859449278	0.025114360032289892	0.0161449457350435	0.012557180016144946	0.0	0.0	0.001793882859449278	0.0161449457350435	0.028702125751188447	0.007175531437797112	0.017938828594492782	0.0
Sin-CPnd_018-Ex1-11A-lcwgs-1-2.1	0.0	0.08521700208308228	0.0025823333964570387	0.05379861242618831	0.0	0.0	0.0	0.0004303888994095064	0.0675710572072925	0.013428133661576601	0.0	8.60777798819013e-05	0.03796030092791847	0.0	0.067140668307883	0.03477542307228812	0.0	8.60777798819013e-05	0.0	0.00025823333964570383	0.0007747000189371116	0.0001721555597638026	0.0001721555597638026	0.00877993354795393	0.00025823333964570383	0.0006886222390552104	0.0	0.0	8.60777798819013e-05	0.0001721555597638026	8.60777798819013e-05	0.02083082273142011	8.60777798819013e-05	0.021433367190593418	0.048031401174100916	0.0001721555597638026	0.018420644894726876	0.0004303888994095064
Sin-CPnd_018-Ex1-11A-lcwgs-1-2.2	0.08564739098249179	0.0869385576807203	0.00473427789350457	0.00473427789350457	0.0004303888994095064	0.002151944497047532	0.0004303888994095064	0.0008607777988190129	0.0004303888994095064	0.0010329333585828153	0.02866390070067313	0.010587566925473859	8.60777798819013e-05	0.019625733813073493	0.0013772444781104207	0.0	0.01807633377519927	0.018420644894726876	0.018162411555081172	0.01807633377519927	0.06464441269130786	0.00025823333964570383	0.035980511990634734	0.01885103379413638	0.0010329333585828153	0.0005164666792914077	0.00025823333964570383	0.017129478196498356	0.02083082273142011	0.014461067020159415	0.00025823333964570383	0.0001721555597638026	0.00025823333964570383	0.008866011327835833	0.02883605626043693	0.004303888994095064	0.021089056071065815	0.0004303888994095064
Sin-CPnd_019-Ex1-1H-lcwgs-1-2.1	0.0	0.0909583865381588	0.0017491997411184382	0.07696478860921128	0.0	0.0	0.0	0.0	0.11544718291381693	0.016792317514737008	0.0	0.0	0.0454791932690794	0.0003498399482236876	0.06367087057671116	0.03813255435638196	0.0	0.0003498399482236876	0.0	0.0003498399482236876	0.0006996798964473752	0.0003498399482236876	0.0	0.010845038394934317	0.0	0.0003498399482236876	0.0	0.0	0.0	0.0003498399482236876	0.0	0.014693277825394882	0.0	0.017142157462960696	0.03918207420105302	0.0003498399482236876	0.015742797670065943	0.0
Sin-CPnd_019-Ex1-1H-lcwgs-1-2.2	0.10145358498486942	0.10670118420822473	0.005247599223355315	0.008745998705592192	0.0017491997411184382	0.0	0.0034983994822368764	0.0017491997411184382	0.0	0.001049519844671063	0.02868687575434239	0.005597439171579002	0.0003498399482236876	0.01364375798072382	0.002798719585789501	0.0003498399482236876	0.015392957721842258	0.013293918032500131	0.02483863632388182	0.016792317514737008	0.058423271353355836	0.0	0.03428431492592139	0.01609263761828963	0.001049519844671063	0.0003498399482236876	0.001049519844671063	0.022039916738092323	0.017142157462960696	0.015392957721842258	0.0006996798964473752	0.0003498399482236876	0.0003498399482236876	0.010845038394934317	0.027637355909671327	0.004547919326907939	0.017491997411184384	0.0
Sin-CPnd_020-Ex1-12E-lcwgs-1-2.1	0.0	0.09059771556140002	0.0034404195782810135	0.05810486398874601	0.0	0.0	0.0	0.0003822688420312237	0.08333460756280678	0.01689628281778009	0.0	0.0004587226104374685	0.043272832917934524	0.00022936130521873424	0.06437407299805807	0.037003623908622454	7.645376840624474e-05	7.645376840624474e-05	0.00022936130521873424	7.645376840624474e-05	0.0009938989892811817	0.00022936130521873424	0.0004587226104374685	0.00756892307221823	0.0003822688420312237	0.0007645376840624474	0.0	0.00015290753681248948	7.645376840624474e-05	0.00022936130521873424	0.0	0.018272450649092494	0.00030581507362497897	0.018807627027936206	0.04908331931680912	0.0004587226104374685	0.017966635575467516	0.0003822688420312237
Sin-CPnd_020-Ex1-12E-lcwgs-1-2.2	0.08830410250921268	0.09977216777014938	0.004969494946405908	0.005734032630468356	0.001146806526093671	0.0003822688420312237	0.0	0.0003822688420312237	0.0019113442101561186	0.001146806526093671	0.026147188794935706	0.009250905977155614	0.00015290753681248948	0.01918989586996743	0.0013761678313124054	0.0004587226104374685	0.02110124008012355	0.018272450649092494	0.020489609932873593	0.018960534564748697	0.06850257649199529	0.0006116301472499579	0.034251288245997644	0.016208198902123886	0.000917445220874937	0.0004587226104374685	0.0007645376840624474	0.01819599688068625	0.017507912965030046	0.016819829049373843	0.00030581507362497897	7.645376840624474e-05	0.0004587226104374685	0.007645376840624474	0.02813498677349807	0.004204957262343461	0.018272450649092494	0.0003822688420312237
Sin-CPnd_021-Ex1-3D-lcwgs-1-2.1	0.0	0.09504060825989287	0.0	0.04320027648176948	0.0	0.0	0.0	0.0	0.05184033177812338	0.027648176948332468	0.0	0.0	0.036288232244686365	0.0017280110592707793	0.0587523760152065	0.020736132711249352	0.0	0.0	0.0	0.0	0.0	0.0034560221185415585	0.0	0.010368066355624676	0.0	0.0017280110592707793	0.0	0.0017280110592707793	0.0	0.0	0.0	0.017280110592707794	0.0	0.01900812165197857	0.05184033177812338	0.0	0.02592016588906169	0.0
Sin-CPnd_021-Ex1-3D-lcwgs-1-2.2	0.07776049766718507	0.09504060825989287	0.008640055296353897	0.0	0.0	0.008640055296353897	0.0	0.0	0.0	0.0034560221185415585	0.031104199066874026	0.0034560221185415585	0.0	0.02419215482979091	0.0017280110592707793	0.0	0.01900812165197857	0.01900812165197857	0.015552099533437013	0.01900812165197857	0.06739243131156039	0.0017280110592707793	0.036288232244686365	0.02419215482979091	0.0017280110592707793	0.0017280110592707793	0.0034560221185415585	0.020736132711249352	0.02246414377052013	0.01900812165197857	0.0	0.0	0.0	0.010368066355624676	0.02592016588906169	0.013824088474166234	0.02592016588906169	0.0
Sin-CPnd_022-Ex1-1D-lcwgs-1-2.1	0.0	0.075804235561662	0.0023688823613019377	0.059222059032548444	0.0	0.0	0.0	0.0	0.08054200028426589	0.02463637655754015	0.0	0.0	0.0530629648931634	0.0	0.07769934145070356	0.04311365897569527	0.0	0.0	0.0	0.0	0.0	0.0	0.0	0.009001752972947363	0.00047377647226038756	0.0009475529445207751	0.0	0.0	0.0	0.0	0.0	0.016582176529113563	0.0	0.021793717723977826	0.03600701189178945	0.0	0.017529729473634337	0.0
Sin-CPnd_022-Ex1-1D-lcwgs-1-2.2	0.08527976500686976	0.09475529445207752	0.0	0.0	0.0	0.0	0.0	0.0	0.0	0.0014213294167811626	0.02747903539110248	0.007580423556166201	0.0	0.01373951769555124	0.0	0.0	0.01942483536267589	0.018003505945894727	0.020372388307196666	0.016582176529113563	0.05401051783768417	0.0	0.03458568247500829	0.017529729473634337	0.0	0.0	0.0	0.015160847112332402	0.015634623584592788	0.01184441180650969	0.0	0.0	0.0	0.009001752972947363	0.0265314824465817	0.0033164353058227126	0.015634623584592788	0.0
Sin-CPnd_023-Ex1-12B-lcwgs-1-2.1	0.0	0.08776231899021708	0.0021510372301523795	0.04474157438716949	0.0	0.0	0.0	0.0	0.06022904244426663	0.016175799970745895	0.0	8.604148920609519e-05	0.04181616375416226	0.00017208297841219037	0.06504736583980796	0.036653674401796545	0.0	0.0	0.0	0.0004302074460304759	0.0008604148920609518	0.0004302074460304759	8.604148920609519e-05	0.009120397855846089	0.0002581244676182855	0.0007743734028548565	0.0	8.604148920609519e-05	8.604148920609519e-05	0.00017208297841219037	0.0	0.018154754222486084	8.604148920609519e-05	0.019187252092959222	0.04560198927923045	8.604148920609519e-05	0.019015169114547033	0.0004302074460304759
Sin-CPnd_023-Ex1-12B-lcwgs-1-2.2	0.08819252643624756	0.07786754773151613	0.005592696798396186	0.003011452122213331	0.0008604148920609518	0.0021510372301523795	0.0	0.0008604148920609518	0.0004302074460304759	0.0012045808488853325	0.026328695697065127	0.01015289572631923	8.604148920609519e-05	0.019187252092959222	0.0012045808488853325	0.00017208297841219037	0.016864131884394656	0.017122256352012942	0.019789542517401892	0.017724546776455605	0.06659611264551767	0.0004302074460304759	0.03347013930117103	0.018843086136134845	0.0011185393596792373	0.00017208297841219037	0.0006022904244426662	0.018240795711692178	0.01910121060375313	0.01738038081963123	0.0	0.0	0.00017208297841219037	0.008948314877433899	0.031233060581812553	0.0036997840358620926	0.01996162549581408	0.0
Sin-CPnd_024-Ex1-12C-lcwgs-1-2.1	0.0	0.08969915834231296	0.0029123103357893815	0.05242158604420887	0.0	0.0	0.0	0.0005824620671578763	0.07688499286483967	0.01677490753414684	0.0	0.0003494772402947258	0.03972391298016716	0.0	0.06045956257098756	0.03704458747124093	0.0	0.00011649241343157527	0.0	0.00011649241343157527	0.0008154468940210269	0.00023298482686315053	0.0	0.00908640824766287	0.0003494772402947258	0.0006989544805894516	0.0	0.00011649241343157527	0.00011649241343157527	0.00023298482686315053	0.0	0.016075953053557388	0.0003494772402947258	0.01793983166846259	0.043451670209977575	0.00046596965372630106	0.016658415120715264	0.0005824620671578763
Sin-CPnd_024-Ex1-12C-lcwgs-1-2.2	0.07746745493199755	0.0984360893496811	0.004077234470105134	0.005824620671578763	0.0005824620671578763	0.0011649241343157527	0.0005824620671578763	0.0	0.0005824620671578763	0.0010484317208841775	0.024579899234062383	0.010018347555115473	0.0	0.018522293735620466	0.0009319393074526021	0.0	0.017124384774441566	0.01677490753414684	0.018405801322188893	0.01584296822669424	0.06453679704109269	0.0003494772402947258	0.03331683024143053	0.016425430293852114	0.001281416547747328	0.00023298482686315053	0.00046596965372630106	0.01677490753414684	0.018056324081894167	0.016075953053557388	0.0003494772402947258	0.00023298482686315053	0.00023298482686315053	0.009435885487957596	0.027958179223578065	0.00396074205667356	0.01898826338934677	0.0005824620671578763
Sin-CPnd_025-Ex1-3B-lcwgs-1-2.1	0.0	0.06601749463607856	0.00550145788633988	0.04401166309071904	0.0	0.0	0.0	0.0	0.06601749463607856	0.012103207349947737	0.0	0.0	0.04181107993618309	0.0	0.06491720305881059	0.03851020520437916	0.0	0.0	0.0	0.0	0.0	0.0	0.0	0.006601749463607856	0.0	0.0	0.0	0.0	0.0	0.0	0.0	0.012103207349947737	0.0	0.020905539968091545	0.045111954667987016	0.0	0.017604665236287616	0.0
Sin-CPnd_025-Ex1-3B-lcwgs-1-2.2	0.09352478406777796	0.08802332618143809	0.0	0.0	0.0	0.0	0.0	0.0	0.0	0.0	0.023106123122627498	0.01430379050448369	0.0	0.009902624195411784	0.001100291577267976	0.0	0.025306706277163447	0.017604665236287616	0.01980524839082357	0.01430379050448369	0.0682180777906145	0.0	0.030808164163503328	0.020905539968091545	0.0	0.001100291577267976	0.0	0.01650437365901964	0.020905539968091545	0.017604665236287616	0.0	0.0	0.0	0.006601749463607856	0.03190845574077131	0.003300874731803928	0.02200583154535952	0.0
Sin-CPnd_028-Ex1-12H-lcwgs-1-2.1	0.0	0.0818561960866821	0.00624605512308016	0.05424205764780139	0.0	0.0	0.0	0.0003287397433200084	0.07330896276036188	0.017488954344624448	0.0	0.0003944876919840101	0.04484010098884915	0.0002629917946560067	0.06463023353671365	0.037213338943824954	0.00013149589732800335	0.00019724384599200504	0.00013149589732800335	0.00013149589732800335	0.001249211024616032	0.0005917315379760152	0.0004602356406480118	0.007955501788344203	0.0003287397433200084	0.0006574794866400168	0.0	0.00019724384599200504	0.0002629917946560067	0.00013149589732800335	0.00019724384599200504	0.020184620239848516	0.0002629917946560067	0.017423206395960445	0.046812539448769196	0.00013149589732800335	0.019658636650536503	0.0006574794866400168
Sin-CPnd_028-Ex1-12H-lcwgs-1-2.2	0.08711603197980224	0.0982931832526825	0.006574794866400169	0.00624605512308016	0.002301178203240059	0.002629917946560067	0.0003287397433200084	0.0009862192299600252	0.002629917946560067	0.0017094466652640438	0.026890911003576684	0.009664948453608248	0.0003287397433200084	0.016634231011992424	0.0017094466652640438	0.0004602356406480118	0.020053124342520514	0.016897222806648432	0.015450767936040397	0.017094466652640437	0.06377551020408163	0.0007232274353040184	0.03773932253313697	0.017423206395960445	0.0013149589732800336	0.0007889753839680202	0.0011177151272880287	0.01610824742268041	0.01788344203660846	0.017751946139280456	0.0003944876919840101	0.0002629917946560067	0.0004602356406480118	0.008086997685672207	0.02919208920681675	0.005128339995792131	0.01827792972859247	0.0009862192299600252
Sin-CPnd_029-Ex1-4D-lcwgs-1-2.1	0.0	0.07820275842456988	0.0	0.07109341674960899	0.0	0.0	0.0	0.0	0.07820275842456988	0.019906156689890514	0.0	0.0	0.03981231337978103	0.0	0.06682781174463245	0.03696857670979667	0.0	0.0	0.0	0.0	0.0	0.0	0.0	0.009953078344945257	0.0	0.0014218683349921798	0.0	0.0	0.0	0.0	0.0	0.017062420019906155	0.0	0.019906156689890514	0.04407791838475757	0.0	0.025593630029859236	0.0
Sin-CPnd_029-Ex1-4D-lcwgs-1-2.2	0.07820275842456988	0.1066401251244135	0.007109341674960899	0.0	0.0	0.0	0.0	0.0	0.0	0.0014218683349921798	0.035546708374804496	0.011374946679937438	0.0	0.01564055168491398	0.0	0.0	0.014218683349921797	0.019906156689890514	0.024171761694867056	0.022749893359874877	0.07109341674960899	0.0	0.042656050049765394	0.022749893359874877	0.0028437366699843596	0.0	0.0	0.021328025024882697	0.019906156689890514	0.017062420019906155	0.0	0.0	0.0	0.009953078344945257	0.028437366699843595	0.0028437366699843596	0.019906156689890514	0.0
Sin-CPnd_031-Ex1-3G-lcwgs-1-2.1	0.0	0.08161266628580756	0.0	0.03264506651432303	0.0	0.0	0.0	0.0	0.12241899942871134	0.016322533257161514	0.0	0.0	0.03101281318860687	0.0	0.07998041296009141	0.03264506651432303	0.0	0.0	0.0	0.0	0.0	0.0	0.0	0.016322533257161514	0.0	0.0	0.0	0.0	0.0	0.0	0.0	0.016322533257161514	0.0	0.03101281318860687	0.048967599771484537	0.0	0.03264506651432303	0.0
Sin-CPnd_031-Ex1-3G-lcwgs-1-2.2	0.06529013302864606	0.057128866400065294	0.0	0.0	0.0	0.0	0.0	0.0	0.0	0.0	0.02611605321145842	0.006529013302864605	0.0	0.02774830653717457	0.0	0.0	0.019587039908593812	0.009793519954296906	0.03264506651432303	0.01305802660572921	0.06692238635436219	0.0016322533257161513	0.037541826491471475	0.022851546560026116	0.0	0.0	0.0016322533257161513	0.019587039908593812	0.02611605321145842	0.02611605321145842	0.0	0.0	0.0	0.016322533257161514	0.024483799885742268	0.004896759977148453	0.02611605321145842	0.0
Sin-CPnd_032-Ex1-3E-lcwgs-1-2.1	0.0	0.0853548966756514	0.004492362982929021	0.04941599281221923	0.0	0.0	0.0	0.0	0.09883198562443846	0.019766397124887692	0.0	0.0008984725965858042	0.04851752021563342	0.0	0.06558849955076371	0.02425876010781671	0.0	0.0	0.0	0.0008984725965858042	0.0008984725965858042	0.0	0.0	0.008086253369272236	0.0	0.0008984725965858042	0.0	0.0	0.0	0.0008984725965858042	0.0	0.019766397124887692	0.0	0.01527403414195867	0.05480682839173406	0.0008984725965858042	0.020664869721473494	0.004492362982929021
Sin-CPnd_032-Ex1-3E-lcwgs-1-2.2	0.12129380053908356	0.07637017070979335	0.008984725965858042	0.004492362982929021	0.0	0.0	0.0	0.004492362982929021	0.0	0.0008984725965858042	0.02425876010781671	0.006289308176100628	0.0	0.014375561545372867	0.0017969451931716084	0.0	0.014375561545372867	0.021563342318059297	0.029649595687331536	0.016172506738544472	0.06828391734052111	0.0008984725965858042	0.05121293800539083	0.016172506738544472	0.0008984725965858042	0.0	0.0008984725965858042	0.014375561545372867	0.018867924528301886	0.01527403414195867	0.0	0.0	0.0	0.008086253369272236	0.026954177897574125	0.0071877807726864335	0.018867924528301886	0.0
Sin-CPnd_033-Ex1-1B-lcwgs-1-2.1	0.0	0.07217610970768674	0.0	0.07217610970768674	0.0	0.0	0.0	0.0	0.09022013713460844	0.021652832912306026	0.0	0.0	0.025261638397690366	0.0	0.04330566582461205	0.0288704438830747	0.0	0.0	0.0	0.0	0.0	0.0	0.0	0.007217610970768675	0.0	0.0	0.0	0.0	0.0	0.0	0.0	0.021652832912306026	0.0	0.021652832912306026	0.039696860339227716	0.0	0.021652832912306026	0.0
Sin-CPnd_033-Ex1-1B-lcwgs-1-2.2	0.018044027426921686	0.05413208228076506	0.018044027426921686	0.05413208228076506	0.0	0.0	0.0	0.0	0.0	0.0	0.03247924936845904	0.018044027426921686	0.0	0.010826416456153013	0.0	0.0	0.010826416456153013	0.025261638397690366	0.018044027426921686	0.018044027426921686	0.039696860339227716	0.0	0.0288704438830747	0.0036088054853843374	0.0	0.0036088054853843374	0.0	0.0288704438830747	0.010826416456153013	0.010826416456153013	0.0	0.0	0.0	0.007217610970768675	0.018044027426921686	0.0	0.010826416456153013	0.0
Sin-CPnd_034-Ex1-3C-lcwgs-1-2.1	0.0	0.0683526999316473	0.0	0.05858802851284055	0.0	0.0	0.0	0.0	0.05858802851284055	0.015623474270090813	0.0	0.0	0.05663509422907919	0.0	0.08202323991797676	0.03710575139146568	0.0	0.0	0.0	0.0	0.0	0.0	0.0	0.011717605702568109	0.0	0.0	0.0	0.0	0.0	0.0	0.0	0.015623474270090813	0.0	0.01952934283761351	0.05077629137779514	0.0	0.02245874426325554	0.0
Sin-CPnd_034-Ex1-3C-lcwgs-1-2.2	0.08788204276926082	0.07323503564105067	0.004882335709403378	0.0	0.0	0.0	0.0	0.0	0.0	0.0	0.02245874426325554	0.006835269993164729	0.0	0.01855287569573284	0.0	0.0	0.02050580997949419	0.013670539986329458	0.016599941411971488	0.017576408553852164	0.05858802851284055	0.0	0.03710575139146568	0.02245874426325554	0.0009764671418806758	0.0	0.0	0.01855287569573284	0.013670539986329458	0.016599941411971488	0.0	0.0	0.0	0.011717605702568109	0.030270481398300946	0.002929401425642027	0.013670539986329458	0.0
Sin-CPnd_035-Ex1-12D-lcwgs-1-2.1	0.0	0.08904384939942366	0.0041328368919563725	0.04846690536930655	0.0	0.0	0.0	0.0007514248894466131	0.07176107694215156	0.015779922678378876	0.0	0.0004508549336679679	0.04245550625373364	0.0	0.061616840934622275	0.04020123158539381	0.0	7.514248894466131e-05	0.0	0.00022542746683398395	0.001202279823114581	0.00022542746683398395	0.00037571244472330657	0.008941956184414696	0.0004508549336679679	0.0012774223120592422	0.0	7.514248894466131e-05	0.0	0.00030056995577864524	0.00022542746683398395	0.016982202501493456	0.00015028497788932262	0.018334767302497362	0.04508549336679679	0.0005259974226126292	0.01660649005677015	0.0011271373341699199
Sin-CPnd_035-Ex1-12D-lcwgs-1-2.2	0.09467953607027325	0.08303245028385076	0.006762824005019518	0.006762824005019518	0.00037571244472330657	0.002629987113063146	0.00037571244472330657	0.0022542746683398398	0.0011271373341699199	0.0020288472015058557	0.02742700846480138	0.01089566089697589	0.00015028497788932262	0.01532906774471091	0.0016531347567825489	0.0005259974226126292	0.018860764725109988	0.01547935272260023	0.017808769879884733	0.016305920100991505	0.06514853791502136	0.0009017098673359358	0.035542397270824796	0.018334767302497362	0.000976852356280597	0.0007514248894466131	0.0004508549336679679	0.016907060012548797	0.016230777612046846	0.0182596248135527	0.00022542746683398395	0.00030056995577864524	7.514248894466131e-05	0.009167383651248681	0.03276212517987233	0.003907409425122388	0.016381062589936164	0.00037571244472330657
Sin-CPnd_038-Ex1-11C-lcwgs-1-2.1	0.0	0.08517887563884156	0.0042167760217248305	0.058191509099802655	0.0	0.0	0.0	0.000421677602172483	0.07505861318670197	0.015939413362119858	0.0	0.0001686710408689932	0.04022804324725488	8.43355204344966e-05	0.059878219508492585	0.037107628991178504	0.0	0.0001686710408689932	0.0001686710408689932	0.0	0.0007590196839104694	8.43355204344966e-05	0.0003373420817379864	0.009445578288663619	8.43355204344966e-05	0.0003373420817379864	0.0	8.43355204344966e-05	8.43355204344966e-05	8.43355204344966e-05	0.0	0.017794794811678782	0.0	0.017204446168637307	0.04596285863680065	8.43355204344966e-05	0.016951439607333817	0.0
Sin-CPnd_038-Ex1-11C-lcwgs-1-2.2	0.08897397405839391	0.10078094691922344	0.0029517432152073807	0.005060131226069796	0.001686710408689932	0.000843355204344966	0.000843355204344966	0.0	0.000421677602172483	0.0009276907247794627	0.02521632060991448	0.010035926931705096	0.0	0.021168215629058646	0.0007590196839104694	0.000421677602172483	0.017373117209506298	0.017035775127768313	0.017035775127768313	0.01585507784168536	0.06257695616239647	0.0002530065613034898	0.03322819505119166	0.01787913033211328	0.0005903486430414762	0.0007590196839104694	0.0003373420817379864	0.017541788250375293	0.01914416313863073	0.015686406800816368	0.000421677602172483	0.0	0.0001686710408689932	0.009529913809098116	0.029095754549901327	0.00396376946042134	0.0198188473021067	0.0
Sin-CPnd_039-Ex1-10F-lcwgs-1-2.1	0.0	0.09441747912324627	0.003846638038354478	0.0549020156383321	0.0	0.0	0.0	0.0010490831013694032	0.07203703962736568	0.019373067938621646	0.0	0.00034969436712313436	0.0400749744723112	0.0002797554936985075	0.06252535284161644	0.035528947699710454	0.0	0.0002797554936985075	6.993887342462687e-05	0.0	0.0006294498608216419	0.0004895721139723881	0.00034969436712313436	0.00916199241862612	0.000559510987397015	0.0006294498608216419	0.0	6.993887342462687e-05	6.993887342462687e-05	0.00013987774684925375	0.0	0.020911723153963436	0.0004895721139723881	0.017624596103005975	0.04671916744765075	0.0002797554936985075	0.01699514624218433	0.0
Sin-CPnd_039-Ex1-10F-lcwgs-1-2.2	0.08812298051502986	0.088472674882153	0.003846638038354478	0.0031472493041082095	0.0013987774684925374	0.0013987774684925374	0.0006993887342462687	0.0006993887342462687	0.0017484718356156718	0.0012588997216432837	0.026297016407659704	0.008812298051502987	0.0002797554936985075	0.01839392371067687	0.0010490831013694032	0.0006993887342462687	0.018743618077800003	0.01748471835615672	0.018673679204375376	0.016505574128211943	0.06119651424654852	0.0009791442279447763	0.03629827530738135	0.01930312906519702	0.0006993887342462687	0.0006993887342462687	0.0004895721139723881	0.018953434698073885	0.019792701179169408	0.017135023989033587	0.00013987774684925375	0.00020981662027388064	0.00013987774684925375	0.009022114671776868	0.027695793876152244	0.004755843392874628	0.020492089913415674	0.0
Sin-CPnd_040-Ex1-11E-lcwgs-1-2.1	0.0	0.08439908314001485	0.0036895774050279715	0.05442126672416259	0.0	0.0	0.0	0.00046119717562849644	0.07517513962744492	0.01669533775775157	0.0	0.00027671830537709787	0.04003191484455349	0.00046119717562849644	0.06613567498512639	0.03634233743952552	0.0	9.223943512569929e-05	0.0	0.00018447887025139858	0.0008301549161312936	0.000645676045879895	0.000645676045879895	0.008854985772067132	0.00027671830537709787	0.000645676045879895	0.0	0.00036895774050279715	0.0	0.00036895774050279715	0.00018447887025139858	0.02066163346815664	0.00018447887025139858	0.018540126460265555	0.04787226683023793	0.00027671830537709787	0.01531174623086608	0.0
Sin-CPnd_040-Ex1-11E-lcwgs-1-2.2	0.07333035092493093	0.08901105489629982	0.006917957634427447	0.006917957634427447	0.0009223943512569929	0.0023059858781424823	0.0	0.0009223943512569929	0.0018447887025139858	0.0014758309620111886	0.029332140369972375	0.00903946464231853	0.00018447887025139858	0.019646999681773948	0.0011068732215083915	0.000645676045879895	0.01595742227674598	0.018724605330516956	0.016510858887500174	0.017433253238757166	0.060970266618087236	0.0011068732215083915	0.03329843608037744	0.018909084200768353	0.001014633786382692	0.0008301549161312936	0.0008301549161312936	0.015127267360614684	0.016049661711871676	0.01586518284162028	0.000645676045879895	0.00027671830537709787	0.00036895774050279715	0.008854985772067132	0.028317506583589683	0.0036895774050279715	0.01669533775775157	0.0
Sin-CPnd_042-Ex1-10D-lcwgs-1-2.1	0.0	0.0839000264947452	0.00693909993565562	0.04857369954958933	0.0	0.0	0.0	0.0	0.058666935819633864	0.01387819987131124	0.0	0.0003784963601266701	0.03267685242426919	0.0001261654533755567	0.06371355395465614	0.03709264329241367	0.0002523309067511134	0.0002523309067511134	0.0001261654533755567	0.0003784963601266701	0.0015139854405066804	0.0003784963601266701	0.0002523309067511134	0.008579250829537855	0.0003784963601266701	0.0003784963601266701	0.0	0.0003784963601266701	0.0002523309067511134	0.0002523309067511134	0.0	0.018167825286080165	0.0001261654533755567	0.0198079761799624	0.04693354865570709	0.0010093236270044537	0.0198079761799624	0.001261654533755567
Sin-CPnd_042-Ex1-10D-lcwgs-1-2.2	0.08642333556225634	0.08768499009601191	0.007569927202533403	0.00693909993565562	0.0031541363343889177	0.0037849636012667015	0.0006308272668777835	0.0006308272668777835	0.0018924818006333507	0.0011354890803800103	0.02800873064937359	0.01034556717679565	0.0003784963601266701	0.01791549437932905	0.0020186472540089074	0.0005046618135022268	0.020564968900215745	0.017410832565826824	0.018546321646206836	0.019050983459709063	0.06346122304790502	0.0007569927202533402	0.034947830585029205	0.017536998019202384	0.0010093236270044537	0.0010093236270044537	0.0010093236270044537	0.01678000529894904	0.017410832565826824	0.020564968900215745	0.0002523309067511134	0.0003784963601266701	0.0001261654533755567	0.008831581736288969	0.028639557916251373	0.005929776308651166	0.018041659832704608	0.0018924818006333507
Sin-CPnd_043-Ex1-1C-lcwgs-1-2.1	0.0	0.07892542292113414	0.011913271384322134	0.058077197998570404	0.0	0.0	0.0	0.0	0.07743626399809388	0.01757207529187515	0.0	0.0005956635692161067	0.04616392661424827	0.00029783178460805336	0.06701215153681202	0.040207290922087205	0.0	0.0	0.0	0.00029783178460805336	0.0017869907076483202	0.0	0.0	0.0065522992613771735	0.0005956635692161067	0.0008934953538241601	0.0	0.0	0.0	0.0005956635692161067	0.0	0.019656897784131523	0.0	0.019061234214915415	0.05182273052180129	0.0005956635692161067	0.02293304741482011	0.0
Sin-CPnd_043-Ex1-1C-lcwgs-1-2.2	0.08934953538241601	0.09083869430545628	0.0014891589230402668	0.007445794615201334	0.0	0.0	0.0	0.0	0.0029783178460805336	0.00029783178460805336	0.02144388849177984	0.007147962830593281	0.0	0.017274243507267095	0.00268048606147248	0.0005956635692161067	0.018763402430307365	0.017274243507267095	0.016082916368834882	0.01846557064569931	0.0658208243983798	0.0	0.036037645937574456	0.016976411722659044	0.0005956635692161067	0.00029783178460805336	0.00029783178460805336	0.019061234214915415	0.019656897784131523	0.014891589230402668	0.0	0.00029783178460805336	0.00029783178460805336	0.006850131045985227	0.02918751489158923	0.003871813199904694	0.02114605670717179	0.0
Sin-CPnd_044-Ex1-2C-lcwgs-1-2.1	0.0	0.09593246354566384	0.0	0.11511895625479662	0.0	0.0	0.0	0.0	0.03837298541826554	0.007674597083653108	0.0	0.0	0.026861089792785876	0.0	0.07674597083653108	0.01918649270913277	0.0	0.0	0.0	0.0	0.0	0.0	0.003837298541826554	0.007674597083653108	0.0	0.003837298541826554	0.0	0.003837298541826554	0.0	0.0	0.0	0.011511895625479662	0.0	0.023023791250959325	0.05372217958557175	0.0	0.023023791250959325	0.0
Sin-CPnd_044-Ex1-2C-lcwgs-1-2.2	0.01918649270913277	0.1343054489639294	0.0	0.0	0.0	0.0	0.0	0.0	0.0	0.0	0.03453568687643899	0.0	0.0	0.011511895625479662	0.0	0.0	0.03069838833461243	0.023023791250959325	0.023023791250959325	0.007674597083653108	0.06907137375287797	0.0	0.06139677666922486	0.003837298541826554	0.003837298541826554	0.0	0.0	0.026861089792785876	0.03069838833461243	0.007674597083653108	0.0	0.0	0.0	0.007674597083653108	0.026861089792785876	0.015349194167306216	0.03069838833461243	0.0
Sin-CPnd_045-Ex1-11H-lcwgs-1-2.1	2.5662740267405754e-05	0.0847383683629738	0.004311340364924167	0.055790797341340105	0.0	0.0	0.0	0.00048759206508070934	0.08399414889521903	0.01780480919752611	5.13254805348115e-06	0.0003130854312623502	0.04545384556162907	0.0001642415377113968	0.06409012754381913	0.03933071573382606	2.5662740267405754e-05	0.00022583211435317065	0.00015910898965791568	0.00020530192213924603	0.0012112813406215514	0.0002771575948879821	0.00030282033515538785	0.009023019478019862	0.00047732696897374703	0.0008263402366104653	0.0	0.00016937408576487797	0.00012831370133702875	0.00022069956629968947	5.645802858829266e-05	0.01829240126260682	0.00023096466240665178	0.017948520543023583	0.044771216670516076	0.0004208689403854543	0.017476326122103317	0.00030795288320886906
Sin-CPnd_045-Ex1-11H-lcwgs-1-2.2	0.0869966895065055	0.09554238201555162	0.004696281468935253	0.004798932430004876	0.001154823312033259	0.0017963918187184028	0.0005389175456155208	0.0006928939872199554	0.0015141016757769395	0.0012934021094772499	0.026678984781995024	0.009382297841763544	0.00022069956629968947	0.01760463982344035	0.0013755228783329484	0.00045679677675982246	0.017645700207868195	0.0184617753483717	0.01747119357404984	0.01815895501321631	0.062026843226319704	0.000610773218364257	0.03531193060795031	0.01716837323889445	0.0009392562937870505	0.00047219442092026587	0.0006672312469525496	0.018225678137911566	0.01717350578694793	0.01650627453999538	0.00026175995072753866	0.00015397644160443453	0.00022583211435317065	0.009161598275463855	0.030446275053250184	0.004701414016988734	0.017892062514435293	0.00035927836374368056
Sin-CPnd_049-Ex1-4C-lcwgs-1-2.1	0.0	0.06297229219143577	0.012594458438287152	0.03778337531486146	0.0	0.0	0.0	0.0	0.06297229219143577	0.020151133501259445	0.0	0.0	0.04534005037783375	0.0	0.05793450881612091	0.04030226700251889	0.0	0.0	0.0	0.0	0.0	0.0	0.0	0.005037783375314861	0.0	0.0	0.0	0.0	0.0	0.0025188916876574307	0.0	0.017632241813602016	0.0	0.015113350125944584	0.0327455919395466	0.0	0.0327455919395466	0.0
Sin-CPnd_049-Ex1-4C-lcwgs-1-2.2	0.10075566750629722	0.07556675062972291	0.0	0.012594458438287152	0.0	0.0	0.0	0.0	0.0	0.0025188916876574307	0.025188916876574305	0.005037783375314861	0.0	0.015113350125944584	0.0	0.0	0.025188916876574305	0.030226700251889168	0.007556675062972292	0.022670025188916875	0.07052896725440806	0.0	0.04785894206549118	0.027707808564231738	0.0	0.0	0.0	0.012594458438287152	0.025188916876574305	0.012594458438287152	0.0	0.0	0.0	0.005037783375314861	0.030226700251889168	0.005037783375314861	0.025188916876574305	0.0
Sin-CPnd_050-Ex1-9B-lcwgs-1-2.1	0.0	0.08293746254787358	0.006947640841706688	0.05688380939147351	0.0	0.0	0.0	0.0013026826578200039	0.07816095946920024	0.014590045767584044	0.0	0.0003473820420853344	0.03673565095052411	8.68455105213336e-05	0.06504728738047887	0.03169861134028676	0.0	8.68455105213336e-05	8.68455105213336e-05	8.68455105213336e-05	0.0009553006157346697	0.0002605365315640008	8.68455105213336e-05	0.007816095946920024	0.0005210730631280016	0.0005210730631280016	0.0	0.0	8.68455105213336e-05	8.68455105213336e-05	0.0	0.018584939251565392	0.0002605365315640008	0.01832440272000139	0.04759133976569081	0.0002605365315640008	0.015371655362276046	0.0
Sin-CPnd_050-Ex1-9B-lcwgs-1-2.2	0.08337169010048025	0.10204347486256699	0.0021711377630333397	0.003908047973460012	0.000868455105213336	0.0013026826578200039	0.000434227552606668	0.0	0.0021711377630333397	0.0013026826578200039	0.028137945408912086	0.009726697178389363	0.0	0.018932321293650724	0.0011289916367773368	0.0003473820420853344	0.017021720062181386	0.016848029041138718	0.020669231504077398	0.01728225659374539	0.0656552059541282	0.0005210730631280016	0.03673565095052411	0.017455947614788053	0.0006947640841706688	0.0001736910210426672	0.000434227552606668	0.015719037404361383	0.017455947614788053	0.019192857825214727	8.68455105213336e-05	8.68455105213336e-05	0.0	0.007989786967962691	0.031003847256116095	0.003994893483981346	0.017977020677916056	0.0
Sin-CPnd_051-Ex1-12G-lcwgs-1-2.1	0.0	0.08542329182537926	0.0027180138308075218	0.05630171506672724	0.0	0.0	0.0	0.0007765753802307204	0.07843411340330278	0.015376192528568266	0.0	0.0003882876901153602	0.04045957731002054	0.0001553150760461441	0.06321323595078066	0.03541183733852085	0.0	0.00023297261406921618	0.0001553150760461441	7.765753802307205e-05	0.001320178146392225	0.00023297261406921618	0.0003106301520922882	0.008154041492422565	0.0006212603041845764	0.0008542329182537927	0.0	0.0001553150760461441	0.0	0.0003882876901153602	0.0001553150760461441	0.0177835762072835	0.00023297261406921618	0.01964735711983723	0.04410948159710493	0.0005436027661615044	0.018249521435421932	0.0
Sin-CPnd_051-Ex1-12G-lcwgs-1-2.2	0.09241247024745575	0.09940164866953222	0.007377466112191845	0.0054360276616150435	0.0023297261406921618	0.0019414384505768013	0.0007765753802307204	0.0007765753802307204	0.0015531507604614409	0.001397835684415297	0.02554933000959071	0.010328452557068582	0.0001553150760461441	0.020113302347975662	0.001397835684415297	0.0003882876901153602	0.017938891283329643	0.018249521435421932	0.016774028212983565	0.01848249404949115	0.06305792087473451	0.0006212603041845764	0.03774156347921302	0.017084658365075854	0.0008542329182537927	0.0006212603041845764	0.0007765753802307204	0.020113302347975662	0.01848249404949115	0.01630808298484513	0.0003882876901153602	0.0	7.765753802307205e-05	0.00830935656846871	0.029742837062836598	0.004348822129292035	0.01817186389739886	0.0
Sin-CPnd_053-Ex1-9G-lcwgs-1-2.1	0.0	0.08908605640914666	0.004328067517853278	0.05987160066363702	0.0	0.0	0.0	0.0003606722931544399	0.0678063911130347	0.015220370771117363	0.0	0.0005770756690471038	0.03952968332972661	0.0004328067517853279	0.06290124792613432	0.03736564957079997	7.213445863088797e-05	0.0004328067517853279	0.00014426891726177594	0.0	0.0014426891726177595	0.0003606722931544399	0.0005770756690471038	0.008223328283921229	0.0002885378345235519	0.0012262857967250955	0.0	0.00021640337589266394	0.0003606722931544399	0.00021640337589266394	7.213445863088797e-05	0.017672942364567554	0.00021640337589266394	0.018754959244030873	0.04688739811007718	0.0003606722931544399	0.017240135612782224	0.0
Sin-CPnd_053-Ex1-9G-lcwgs-1-2.2	0.1013489143763976	0.09305345163384549	0.011541513380942076	0.009738151915169878	0.0032460506383899584	0.005049412104162159	0.0007213445863088798	0.0018033614657721993	0.0018033614657721993	0.0022361682175575273	0.02986366587318762	0.009738151915169878	0.0004328067517853279	0.017600807905936666	0.0016590925485104235	0.0007934790449397678	0.017240135612782224	0.01925990045444709	0.01889922816129265	0.018754959244030873	0.06261271009161076	0.0008656135035706558	0.03188343071485249	0.01788934574046022	0.0015148236312486475	0.0007213445863088798	0.0009377479622015437	0.017384404530044004	0.016158118733318905	0.017312270071413113	0.00021640337589266394	0.00014426891726177594	7.213445863088797e-05	0.008367597201183005	0.03101781721128183	0.004833008728269495	0.01673519440236601	0.0
Sin-CPnd_058-Ex1-9D-lcwgs-1-2.1	0.0	0.08332538563088862	0.003011760926417661	0.04919209513148846	0.0	0.0	0.0	0.0005019601544029435	0.07027442161641209	0.012649395890954176	0.0	0.0001003920308805887	0.035438386900847815	0.0002007840617611774	0.05943208228130851	0.03403289846851957	0.0	0.0001003920308805887	0.0	0.0	0.0009035282779252983	0.0002007840617611774	0.0004015681235223548	0.009938811057178282	0.0003011760926417661	0.0004015681235223548	0.0	0.0002007840617611774	0.0001003920308805887	0.0002007840617611774	0.0	0.017769389465864198	0.0002007840617611774	0.015460372755610659	0.04367053343305609	0.0	0.016564685095297134	0.0
Sin-CPnd_058-Ex1-9D-lcwgs-1-2.2	0.08934890748372394	0.09938811057178282	0.003011760926417661	0.004015681235223548	0.0015058804632088305	0.001003920308805887	0.0005019601544029435	0.0015058804632088305	0.001003920308805887	0.0014054884323282417	0.02479683162750541	0.008834498717491805	0.0003011760926417661	0.017167037280580666	0.001305096401447653	0.0007027442161641208	0.017167037280580666	0.01766899743498361	0.020078406176117742	0.016665077126177725	0.061439922898920286	0.0006023521852835322	0.03523760283908663	0.017970173527625376	0.0007027442161641208	0.0006023521852835322	0.0005019601544029435	0.020279190237878917	0.01997801414523715	0.015962332910013602	0.0001003920308805887	0.0002007840617611774	0.0001003920308805887	0.010039203088058871	0.02519839975102776	0.004417249358745903	0.020379582268759504	0.0
Sin-CPnd_061-Ex1-9A-lcwgs-1-2.1	0.0	0.08573528210990447	0.00544350997523203	0.061239487221360335	0.0	0.0	0.0	0.0	0.07575551382197908	0.014243851101857144	0.0	0.0006350761637770702	0.03919327182167061	0.00018145033250773434	0.06096731172259873	0.03801384466037034	0.0	0.00018145033250773434	0.0003629006650154687	0.0	0.0016330529925696088	0.0003629006650154687	0.00027217549876160145	0.00898179145913285	0.0007258013300309374	0.0004536258312693358	0.0	0.0	0.0	9.072516625386717e-05	0.0	0.018780109414550505	0.0003629006650154687	0.0185079339157889	0.047721437449534124	0.0003629006650154687	0.01569545376191902	0.0
Sin-CPnd_061-Ex1-9A-lcwgs-1-2.2	0.09934405704798453	0.09843680538544587	0.002721754987616015	0.006350761637770702	0.0013608774938080074	0.0004536258312693358	0.0009072516625386716	0.0	0.002268129156346679	0.0009072516625386716	0.02522159621857507	0.010070493454179255	0.00027217549876160145	0.017419231920742493	0.0014516026600618747	0.0006350761637770702	0.01887083458080437	0.01923373524581984	0.016421255091949957	0.019052284913312102	0.06332616604519928	0.0005443509975232029	0.03411266251145405	0.018417208749535036	0.0005443509975232029	0.0004536258312693358	0.0006350761637770702	0.019052284913312102	0.018689384248296637	0.01723778158823476	0.00018145033250773434	9.072516625386717e-05	0.0	0.009163241791640584	0.02875987770247589	0.005806410640247499	0.01977808624334304	0.0
Sin-CPnd_062-Ex1-11D-lcwgs-1-2.1	0.0	0.08493094559298017	0.0025607320279290506	0.06188435734161873	0.0	0.0	0.0	0.0004267886713215084	0.0606039913276542	0.015876538573160116	0.0	0.0005121464055858102	0.04293494033494375	0.0002560732027929051	0.05949434078221827	0.036020963859535314	8.535773426430168e-05	0.00017071546852860336	0.0004267886713215084	0.0	0.0013657237482288269	0.00017071546852860336	0.00017071546852860336	0.009303993034808883	0.0005121464055858102	0.0005975041398501119	0.0	8.535773426430168e-05	0.00017071546852860336	8.535773426430168e-05	0.00017071546852860336	0.018095839664031957	0.0003414309370572067	0.018437270601089167	0.044898168223022686	0.0002560732027929051	0.017925124195503354	0.0
Sin-CPnd_062-Ex1-11D-lcwgs-1-2.2	0.07938269286580057	0.10029533776055449	0.005121464055858101	0.006828618741144135	0.0008535773426430168	0.0021339433566075422	0.0017071546852860337	0.0	0.0021339433566075422	0.0019632278880789386	0.029704491523976986	0.009047919832015978	0.0003414309370572067	0.017412977789917544	0.0015364392167574305	0.0005121464055858102	0.017583693258446147	0.017583693258446147	0.01877870153814637	0.016815473650067435	0.06145756867029722	0.0005975041398501119	0.03670382573364973	0.017412977789917544	0.0005975041398501119	0.0004267886713215084	0.0005975041398501119	0.018437270601089167	0.017412977789917544	0.017156904587124638	0.0002560732027929051	8.535773426430168e-05	8.535773426430168e-05	0.009474708503337488	0.0303019956638271	0.003926455776157877	0.018522628335353467	0.0004267886713215084
Sin-CPnd_063-Ex1-9F-lcwgs-1-2.1	0.0	0.08676484382328112	0.0060969890254197546	0.05393490291717475	0.0	0.0	0.0	0.0	0.07175687083763249	0.017165369102335615	0.0	0.0004689991558015196	0.03864553043804521	0.00018759966232060783	0.06415908451364788	0.037332332801800955	0.0	0.0002813994934809117	0.00018759966232060783	9.379983116030391e-05	0.001219397805083951	0.0008441984804427352	0.00037519932464121565	0.00816058531094644	0.0006565988181221273	0.0007503986492824313	0.0	0.0002813994934809117	0.00018759966232060783	0.00018759966232060783	0.0	0.018384766907419567	0.00037519932464121565	0.0167901697776944	0.04840071287871681	0.0002813994934809117	0.015945971297251664	0.0004689991558015196
Sin-CPnd_063-Ex1-9F-lcwgs-1-2.2	0.08113685395366288	0.09145483538129631	0.003282994090610637	0.005627989869618235	0.0018759966232060783	0.0018759966232060783	0.0009379983116030392	0.0004689991558015196	0.0014069974674045587	0.0009379983116030392	0.028233749179251477	0.01322577619360285	0.0002813994934809117	0.022605759309633242	0.0016883969608854704	0.00037519932464121565	0.016977769440015007	0.01894756589438139	0.018572366569740175	0.01800956758277835	0.06190788856580058	0.0009379983116030392	0.032829940906106365	0.015945971297251664	0.0009379983116030392	0.0006565988181221273	0.0004689991558015196	0.019135165556701996	0.020448363192946253	0.01707156927117531	0.00018759966232060783	9.379983116030391e-05	0.0004689991558015196	0.00816058531094644	0.028702748335053	0.003939592908732765	0.02082356251758747	0.0
Sin-CPnd_065-Ex1-11B-lcwgs-1-2.1	0.0	0.09449327023538812	0.003841189846966996	0.05185606293405446	0.0	0.0	0.0	0.0007682379693933992	0.07951262983221682	0.016747587732776105	0.0	0.0003841189846966996	0.037259541515579864	0.0003072951877573597	0.06576117018007498	0.04071661237785017	7.682379693933992e-05	0.00015364759387867985	0.00015364759387867985	0.0003072951877573597	0.0015364759387867983	0.0004609427816360396	0.0003841189846966996	0.01067850777456825	0.0006145903755147194	0.0008450617663327393	0.0	0.00015364759387867985	0.00015364759387867985	0.00015364759387867985	0.00015364759387867985	0.018284063671562902	0.0004609427816360396	0.017054882920533466	0.04632474955442198	0.0006145903755147194	0.018591358859320263	0.0007682379693933992
Sin-CPnd_065-Ex1-11B-lcwgs-1-2.2	0.09526150820478152	0.09795034109765842	0.006145903755147193	0.007298260709237293	0.0015364759387867983	0.0011523569540900988	0.0011523569540900988	0.0007682379693933992	0.0015364759387867983	0.0014596521418474588	0.03218917091758343	0.00960297461741749	0.0003072951877573597	0.017054882920533466	0.0017669473296048183	0.0005377665785753795	0.019282773031774322	0.016286644951140065	0.016901235326654784	0.016824411529715446	0.06107491856677524	0.0008450617663327393	0.03664495114006515	0.015902525966443364	0.0009218855632720792	0.0006145903755147194	0.0003841189846966996	0.016286644951140065	0.019513244422592342	0.01889865404707762	0.0004609427816360396	0.0002304713908180198	0.0003072951877573597	0.01090897916538627	0.03218917091758343	0.005147194394935776	0.02043512998586442	0.0011523569540900988
Sin-CPnd_067-Ex1-9C-lcwgs-1-2.1	0.0	0.08420883791803672	0.0025062154142272836	0.05714171144438207	0.0	0.0	0.0	0.0	0.07318149009543667	0.015338038335070976	0.0	0.00030074584970727405	0.03779372844654744	0.00020049723313818267	0.06325687705509664	0.03779372844654744	0.0	0.00040099446627636534	0.00020049723313818267	0.00010024861656909134	0.0010024861656909134	0.0006014916994145481	0.0005012430828454567	0.007919640708958217	0.0008019889325527307	0.0008019889325527307	0.0	0.00010024861656909134	0.00030074584970727405	0.00040099446627636534	0.0	0.018245248215574626	0.00020049723313818267	0.01864624268185099	0.046916352554334746	0.00040099446627636534	0.01864624268185099	0.0005012430828454567
Sin-CPnd_067-Ex1-9C-lcwgs-1-2.2	0.08471008100088219	0.09573742882348224	0.006516160076990937	0.006014916994145481	0.0005012430828454567	0.0010024861656909134	0.0010024861656909134	0.0	0.0010024861656909134	0.0016039778651054614	0.02907209880503649	0.010325607506616409	0.00030074584970727405	0.01644077311733098	0.0019047237148127358	0.00030074584970727405	0.017744005132729168	0.018445745448712806	0.018445745448712806	0.0185459940652819	0.06185339642312936	0.0007017403159836394	0.037693479829978345	0.017744005132729168	0.0007017403159836394	0.0006014916994145481	0.0006014916994145481	0.017744005132729168	0.019347982997834627	0.0185459940652819	0.00040099446627636534	0.00010024861656909134	0.00020049723313818267	0.007919640708958217	0.030375330820434678	0.004511187745609111	0.019448231614403722	0.0010024861656909134
Sin-CPnd_074-Ex1-12A-lcwgs-1-2.1	0.0	0.07947250763961525	0.004614532701655079	0.05281076314116368	0.0	0.0	0.0	0.0	0.06562890953465002	0.016714862897106175	0.0	0.0002050903422957813	0.03968498123423368	0.00010254517114789065	0.06716708710186838	0.03773662298242376	0.0	0.0	0.0002050903422957813	0.0002050903422957813	0.0015381775672183595	0.00010254517114789065	0.0006152710268873439	0.009536700916753831	0.0005127258557394533	0.0010254517114789065	0.0	0.0	0.0005127258557394533	0.0004101806845915626	0.00030763551344367197	0.019073401833507662	0.00030763551344367197	0.018765766320063985	0.047068233556881806	0.0006152710268873439	0.018253040464324535	0.0005127258557394533
Sin-CPnd_074-Ex1-12A-lcwgs-1-2.2	0.09229065403310159	0.0876761213314465	0.005639984413133985	0.008716339547570706	0.002563629278697266	0.002050903422957813	0.0015381775672183595	0.0005127258557394533	0.003076355134436719	0.0015381775672183595	0.02902028343485305	0.009741791259049611	0.00030763551344367197	0.01897085666235977	0.002358538936401485	0.0010254517114789065	0.018150495293176642	0.01589450152792305	0.019996308373838676	0.017945404950880862	0.06378309645398798	0.0007178161980352345	0.03342972579421235	0.01743267909514141	0.0012305420537746879	0.0009229065403310157	0.0009229065403310157	0.0186632211489161	0.019278492175803442	0.017535224266289298	0.0008203613691831252	0.00030763551344367197	0.00030763551344367197	0.009741791259049611	0.03209663856928977	0.005127258557394532	0.020201398716134456	0.002050903422957813
Sin-CPnd_075-Ex1-11G-lcwgs-1-2.1	0.0	0.08358045287232584	0.0023402526804251235	0.06051224787956391	0.0	0.0	0.0	0.0	0.07589105120807187	0.015646260777699397	6.686436229786067e-05	0.00013372872459572135	0.03851387268356775	0.00013372872459572135	0.061180891502542516	0.03503692584407899	6.686436229786067e-05	0.0002674574491914427	0.000200593086893582	0.00013372872459572135	0.0010029654344679102	0.00013372872459572135	0.0002674574491914427	0.008692367098721888	0.0003343218114893034	0.000802372347574328	0.0	0.000200593086893582	0.000200593086893582	0.000401186173787164	0.0	0.018187106545018105	0.00013372872459572135	0.017451598559741634	0.04265946314603511	0.00013372872459572135	0.017117276748252332	0.0003343218114893034
Sin-CPnd_075-Ex1-11G-lcwgs-1-2.2	0.08959824547913331	0.10430840518466265	0.0036775399263823372	0.005349148983828854	0.0020059308689358204	0.0006686436229786068	0.0020059308689358204	0.0	0.0020059308689358204	0.0013372872459572135	0.029152861961867255	0.009695332533189799	0.00013372872459572135	0.01959125815327318	0.001404151608255074	0.00013372872459572135	0.017251005472848056	0.019256936341783874	0.01805337782042238	0.016381768762975864	0.06057911224186177	0.000200593086893582	0.03597302691624904	0.01765219164663522	0.0010698297967657708	0.0006686436229786068	0.0004680505360850247	0.01765219164663522	0.01805337782042238	0.01798651345812452	0.0003343218114893034	0.00013372872459572135	6.686436229786067e-05	0.00882609582331761	0.03129252155539879	0.00394499737557378	0.018187106545018105	0.0003343218114893034
Sin-CPnd_076-Ex1-10E-lcwgs-1-2.1	0.0	0.07947259704375352	0.004694583791614132	0.0536523861898758	0.0	0.0	0.0	0.0006706548273734474	0.07343670359739249	0.015357995546851945	0.0	0.00020119644821203422	0.040842878987042947	0.000268261930949379	0.06096252380824637	0.03983689674598278	6.706548273734475e-05	0.000268261930949379	6.706548273734475e-05	0.0	0.001073047723797516	6.706548273734475e-05	0.0003353274136867237	0.008249054376693403	0.000268261930949379	0.000536523861898758	0.0	0.0001341309654746895	0.000268261930949379	0.0001341309654746895	0.0001341309654746895	0.01629691230517477	0.0	0.01669930520159884	0.04285484346916329	0.000268261930949379	0.016900501649810874	0.0
Sin-CPnd_076-Ex1-10E-lcwgs-1-2.2	0.08819110979960833	0.08651447273117471	0.002011964482120342	0.004694583791614132	0.0013413096547468949	0.002011964482120342	0.0003353274136867237	0.0003353274136867237	0.002011964482120342	0.000536523861898758	0.02541781795745366	0.008114923411218713	0.0	0.018174745821820423	0.0011401132065348607	0.00040239289642406844	0.019583120959304666	0.01763822195992167	0.01891246613193122	0.01763822195992167	0.06109665477372106	0.00020119644821203422	0.03292915202403627	0.019113662580143253	0.0009389167583228264	0.0006706548273734474	0.000268261930949379	0.014821471684953189	0.019448989993829973	0.019314859028355287	0.0003353274136867237	0.0	0.0001341309654746895	0.008450250824905437	0.028905223059795586	0.00409099444697803	0.01991844837299139	0.0003353274136867237
Sin-CPnd_079-Ex1-9H-lcwgs-1-2.1	0.0	0.0827741015268782	0.002338251455561531	0.055182734351252136	0.0	0.0	0.0	0.0004676502911123062	0.07903289919797975	0.016741880421820565	0.0	0.00028059017466738374	0.041994996141885094	0.00018706011644492249	0.06079453784459981	0.0357284822409802	0.0	0.00028059017466738374	9.353005822246124e-05	0.00028059017466738374	0.0013094208151144574	0.00018706011644492249	0.00018706011644492249	0.010381836462693198	0.00018706011644492249	0.0006547104075572287	0.0	9.353005822246124e-05	0.0	0.00028059017466738374	0.00018706011644492249	0.016928940538265484	0.00018706011644492249	0.016741880421820565	0.047139149344120466	0.00018706011644492249	0.017116000654710407	0.0004676502911123062
Sin-CPnd_079-Ex1-9H-lcwgs-1-2.2	0.0902565061846751	0.09727126055135969	0.006079453784459981	0.005611803493347675	0.0018706011644492248	0.002338251455561531	0.0004676502911123062	0.0018706011644492248	0.0014029508733369187	0.001964131222671686	0.03142609956274697	0.010662426637360582	0.00018706011644492249	0.019921902401384244	0.0013094208151144574	0.0005611803493347675	0.016180700072485794	0.019454252110271936	0.015713049781373487	0.018518951528047327	0.0656581008721678	0.0008417705240021512	0.0328290504360839	0.0178642411204901	0.0004676502911123062	0.0006547104075572287	0.00037412023288984497	0.018425421469824864	0.01646129024715318	0.01936072205204948	0.0004676502911123062	0.00018706011644492249	0.00037412023288984497	0.010194776346248276	0.03339023078541867	0.003460612154231066	0.017396590829377792	0.0004676502911123062
Sin-CPnd_080-Ex1-2E-lcwgs-1-2.1	0.0	0.1017482194061604	0.0	0.08324854315049486	0.0	0.0	0.0	0.0	0.055499028766996576	0.016649708630098972	0.0	0.0018499676255665527	0.03699935251133105	0.0	0.055499028766996576	0.04069928776246416	0.0	0.0	0.0	0.0	0.0018499676255665527	0.0	0.0	0.007399870502266211	0.0	0.0	0.0	0.0	0.0	0.0	0.0	0.014799741004532421	0.0018499676255665527	0.02034964388123208	0.044399223013597264	0.0	0.009249838127832763	0.0
Sin-CPnd_080-Ex1-2E-lcwgs-1-2.2	0.09249838127832763	0.13874757191749146	0.0	0.018499676255665527	0.0	0.0	0.0	0.0	0.009249838127832763	0.0018499676255665527	0.014799741004532421	0.007399870502266211	0.0	0.024049579132365183	0.0018499676255665527	0.0018499676255665527	0.02034964388123208	0.014799741004532421	0.012949773378965869	0.024049579132365183	0.055499028766996576	0.0018499676255665527	0.04254925538803071	0.024049579132365183	0.0	0.0	0.0018499676255665527	0.016649708630098972	0.024049579132365183	0.016649708630098972	0.0	0.0	0.0	0.007399870502266211	0.03144944963463139	0.0018499676255665527	0.024049579132365183	0.0
Sin-CPnd_081-Ex1-10G-lcwgs-1-2.1	0.0	0.07629288609766799	0.0036018100732804633	0.05566433749615261	0.0	0.0	0.0	0.0	0.07596544881827885	0.015520527043044905	0.0	0.00013097491175565322	0.04007832299722988	6.548745587782661e-05	0.06149272106927918	0.03628005055631593	0.0	0.00026194982351130644	6.548745587782661e-05	0.00013097491175565322	0.0011132867499230523	0.0001964623676334798	0.0003929247352669596	0.009364706190529204	0.0004584121911447862	0.000654874558778266	0.0	6.548745587782661e-05	0.00013097491175565322	0.00013097491175565322	0.0	0.019187824572203194	6.548745587782661e-05	0.017485150719379703	0.044400495085166435	0.0001964623676334798	0.018009050366402317	0.000327437279389133
Sin-CPnd_081-Ex1-10G-lcwgs-1-2.2	0.07956725889155933	0.09135500094956811	0.004584121911447862	0.0032743727938913296	0.001309749117556532	0.001309749117556532	0.001309749117556532	0.000654874558778266	0.000654874558778266	0.0009168243822895724	0.03012422970380024	0.009561168558162685	6.548745587782661e-05	0.019253312028081022	0.000982311838167399	0.00026194982351130644	0.019973674042737113	0.016502838881212303	0.016830276160601437	0.018336487645791447	0.06345734474561397	0.0004584121911447862	0.034249939424103315	0.017616125631135356	0.0008513369264117459	0.0005893871029004394	0.0004584121911447862	0.01807453782228014	0.018271000189913622	0.01637186396945665	0.0001964623676334798	0.00013097491175565322	6.548745587782661e-05	0.009364706190529204	0.03038617952731154	0.003929247352669596	0.018140025278157966	0.000327437279389133
Sin-CPnd_085-Ex1-4H-lcwgs-1-2.1	0.0	0.08958023754571226	0.002634712868991537	0.06217922370820028	0.0	0.0	0.0	0.0	0.0916880078409055	0.01633521978774753	0.0	0.00021077702951932296	0.04742483164184767	0.0	0.06228461222295994	0.04036380115295035	0.0	0.00021077702951932296	0.00010538851475966148	0.00010538851475966148	0.001053885147596615	0.0003161655442789845	0.0007377196033176304	0.008641858210292242	0.0004215540590386459	0.000632331088557969	0.0	0.00010538851475966148	0.0	0.00010538851475966148	0.0	0.01686216236154584	0.00021077702951932296	0.018126824538661775	0.04500089580237546	0.0003161655442789845	0.017916047509142455	0.0005269425737983074
Sin-CPnd_085-Ex1-4H-lcwgs-1-2.2	0.07535278805315797	0.1001190890216784	0.004742483164184767	0.0057963683117813825	0.0005269425737983074	0.0031616554427898445	0.0005269425737983074	0.0005269425737983074	0.002634712868991537	0.0011592736623562763	0.02740101383751199	0.00843108118077292	0.00010538851475966148	0.01781065899438279	0.0011592736623562763	0.00010538851475966148	0.018021436023902115	0.019496875230537378	0.016440608302507192	0.019496875230537378	0.061968446678680955	0.000632331088557969	0.03309199363453371	0.017494493450103808	0.0009484966328369534	0.0009484966328369534	0.000632331088557969	0.01485978058111227	0.017389104935344145	0.017494493450103808	0.00021077702951932296	0.00021077702951932296	0.00021077702951932296	0.00853646969553258	0.030141115221263188	0.004847871678944429	0.018864544141979408	0.0005269425737983074
Sin-CPnd_088-Ex1-2D-lcwgs-1-2.1	0.0	0.09652509652509653	0.0	0.060328185328185326	0.0	0.0	0.0	0.0	0.04826254826254826	0.009652509652509652	0.0	0.0	0.041023166023166024	0.0	0.09411196911196912	0.04584942084942085	0.0	0.0	0.0	0.0	0.0	0.0	0.0	0.004826254826254826	0.002413127413127413	0.002413127413127413	0.0	0.0	0.0	0.0	0.0	0.026544401544401547	0.0	0.012065637065637066	0.04343629343629343	0.0	0.028957528957528955	0.0
Sin-CPnd_088-Ex1-2D-lcwgs-1-2.2	0.1327220077220077	0.08445945945945946	0.012065637065637066	0.0	0.0	0.012065637065637066	0.0	0.0	0.0	0.002413127413127413	0.03137065637065637	0.012065637065637066	0.0	0.014478764478764478	0.0	0.0	0.004826254826254826	0.016891891891891893	0.019305019305019305	0.03137065637065637	0.03861003861003861	0.0	0.03137065637065637	0.02413127413127413	0.002413127413127413	0.0	0.002413127413127413	0.028957528957528955	0.02413127413127413	0.012065637065637066	0.0	0.0	0.0	0.004826254826254826	0.03861003861003861	0.004826254826254826	0.02413127413127413	0.0
Sin-CPnd_089-Ex1-9E-lcwgs-1-2.1	0.0	0.09052793899337536	0.004219522580199699	0.05984050204646845	0.00038359296183633625	0.0	0.0	0.0	0.087842788260521	0.014576532549780776	0.0	0.00023015577710180173	0.042195225801996986	0.00023015577710180173	0.06567111506638076	0.03812914040653182	0.0001534371847345345	0.00023015577710180173	7.671859236726725e-05	7.671859236726725e-05	0.0010740602931417415	0.000306874369469069	0.00038359296183633625	0.008745919529868466	0.0001534371847345345	0.000613748738938138	0.0	0.00023015577710180173	0.0001534371847345345	0.0001534371847345345	0.0	0.017721994836838735	0.00023015577710180173	0.01864261794524594	0.050327396592927315	0.00023015577710180173	0.01588074862002432	0.0
Sin-CPnd_089-Ex1-9E-lcwgs-1-2.2	0.0847740445658303	0.09282949676439337	0.004603115542036035	0.00613748738938138	0.001534371847345345	0.0026851507328543535	0.0	0.00038359296183633625	0.001534371847345345	0.0011507788855090087	0.02846259776825615	0.008669200937501198	0.0	0.01864261794524594	0.0017645276244471464	0.00038359296183633625	0.01894949231471501	0.021097612900998493	0.019333085276551348	0.021481205862834828	0.06444361758850449	0.0005370301465708708	0.036671487151553744	0.018028869206307804	0.0009206231084072069	0.00046031155420360345	0.0006904673313054051	0.017338401875002397	0.017952150613940534	0.01664793454369699	7.671859236726725e-05	0.0	7.671859236726725e-05	0.008745919529868466	0.03275883894082312	0.004756552726770569	0.019563241053653146	0.0
Sin-CPnd_090-Ex1-12F-lcwgs-1-2.1	0.0	0.08486929962581481	0.004793008158030437	0.05429321310044823	0.0	0.0	0.0	0.0002479142150705399	0.08453874733905409	0.018312596686543878	3.305522867607198e-05	0.0001818037577183959	0.04773175020824794	0.00011569330036625194	0.06425936454628393	0.041335563459428015	1.652761433803599e-05	8.263807169017995e-05	0.00011569330036625194	8.263807169017995e-05	0.0010412397032962674	0.0002479142150705399	0.00026444182940857586	0.0084951937697505	0.00042971797278893575	0.0005949941161692957	0.0	0.0001818037577183959	9.916568602821594e-05	0.0001818037577183959	6.611045735214397e-05	0.017172191297219395	0.0001818037577183959	0.01854398328727638	0.04470719678438736	0.0003636075154367918	0.01789940632809298	0.0002479142150705399
Sin-CPnd_090-Ex1-12F-lcwgs-1-2.2	0.0841255569806032	0.09296783065145245	0.004214541656199177	0.004214541656199177	0.0012395710753526992	0.0012395710753526992	0.0004958284301410798	0.0004131903584508998	0.0009916568602821596	0.0009751292459441234	0.02733667411511153	0.009123243114595867	0.00014874852904232393	0.016924277082148855	0.001355264375718951	0.0004131903584508998	0.017882878713754942	0.017668019727360474	0.01751927119831815	0.018263013843529772	0.06363131520143857	0.0005784665018312596	0.035964088799566314	0.017816768256402795	0.0008759635599159075	0.0005619388874932237	0.0004958284301410798	0.018163848157501553	0.017254829368909572	0.016957332310824927	0.00026444182940857586	0.00013222091470428793	0.00011569330036625194	0.008544776612764607	0.03166690907167696	0.004214541656199177	0.017816768256402795	0.0004131903584508998
Sin-CPnd_092-Ex1-11F-lcwgs-1-2.1	0.0	0.08691281000859732	0.005167788703213895	0.04744969627496394	0.0	0.0	0.0	0.0	0.06718125314178063	0.013812089806771684	0.0	0.000281879383811667	0.0384295559929906	9.3959794603889e-05	0.0614497056709434	0.03570472194947782	0.0	0.000187919589207778	9.3959794603889e-05	9.3959794603889e-05	0.0008456381514350009	0.00046979897301944497	0.000281879383811667	0.008926180487369454	0.000563758767623334	0.000563758767623334	0.0	9.3959794603889e-05	9.3959794603889e-05	0.000281879383811667	9.3959794603889e-05	0.019073838304589467	0.000187919589207778	0.017476521796323353	0.04632217873971727	0.000187919589207778	0.017100682617907797	0.0
Sin-CPnd_092-Ex1-11F-lcwgs-1-2.2	0.09067120179275287	0.07986582541330564	0.00469798973019445	0.0032885928111361148	0.001409396919058335	0.001409396919058335	0.0009395979460388899	0.0	0.001409396919058335	0.0009395979460388899	0.02546310433765392	0.010053698022616122	0.000187919589207778	0.02170471255349836	0.0008456381514350009	9.3959794603889e-05	0.02142283316968669	0.015409406315037795	0.018510079536966133	0.016255044466472798	0.06389266033064452	0.000657718562227223	0.03730203845774393	0.014563768163602796	0.00046979897301944497	0.000281879383811667	0.000563758767623334	0.01954363727760891	0.019355717688401133	0.018416119742362243	0.00046979897301944497	9.3959794603889e-05	0.0	0.008926180487369454	0.03081881263007559	0.004510070140986672	0.020013436250628357	0.0
Sin-CPnd_093-Ex1-10C-lcwgs-1-2.1	0.0	0.08096102929914006	0.004376271854007571	0.058642042843701454	0.0	0.0	0.0	0.00043762718540075714	0.06958272247872038	0.014879324303625742	0.0	0.0003501017483206057	0.04367519310299556	8.752543708015142e-05	0.06214306032690751	0.039211395811907836	8.752543708015142e-05	0.0003501017483206057	0.00026257631124045424	0.00017505087416030285	0.001050305244961817	0.0005251526224809085	0.00026257631124045424	0.009015120019255595	0.00043762718540075714	0.0008752543708015143	8.752543708015142e-05	0.00043762718540075714	0.0003501017483206057	0.00026257631124045424	8.752543708015142e-05	0.017242511104789828	0.00026257631124045424	0.017242511104789828	0.04638848165248025	0.0005251526224809085	0.01908054528347301	0.00043762718540075714
Sin-CPnd_093-Ex1-10C-lcwgs-1-2.2	0.08927594582175444	0.09365221767576203	0.004813899039408328	0.006126780595610599	0.00043762718540075714	0.0030633902978052996	0.00043762718540075714	0.0008752543708015143	0.0021881359270037857	0.00183803417868318	0.027132885494846937	0.009977899827137262	0.0005251526224809085	0.01899301984639286	0.0013128815562022712	0.00043762718540075714	0.017942714601431042	0.017942714601431042	0.017242511104789828	0.017942714601431042	0.06616923043259447	0.0007002034966412114	0.03439749677249951	0.02074352858799589	0.0014004069932824228	0.0007002034966412114	0.0006126780595610599	0.017942714601431042	0.019255596157633312	0.018730443535152404	0.00043762718540075714	8.752543708015142e-05	0.00043762718540075714	0.009102645456335748	0.026782783746526338	0.0046388481652480254	0.01969322334303407	0.00043762718540075714
Sin-CPnd_094-Ex1-3H-lcwgs-1-2.1	0.0	0.08784103987543158	0.004739015638751608	0.058052941574707195	0.0	0.0	0.0	0.0003385011170536863	0.09308780718976373	0.018685261661363483	0.0	0.0003385011170536863	0.043158892424345	0.00010155033511610589	0.06566921670841513	0.0386229774558256	6.770022341073725e-05	6.770022341073725e-05	0.00020310067023221177	0.00016925055852684315	0.0012524541330986392	0.00016925055852684315	0.000270800893642949	0.008834879155101212	0.0003723512287590549	0.0004400514521697921	0.0	0.00010155033511610589	0.00016925055852684315	0.00020310067023221177	6.770022341073725e-05	0.018448310879425903	0.0002369507819375804	0.0189899126667118	0.04468214745108659	0.00020310067023221177	0.018956062555006432	0.0003385011170536863
Sin-CPnd_094-Ex1-3H-lcwgs-1-2.2	0.08767178931690475	0.10036558120641798	0.0032157606120100193	0.004400514521697922	0.0008462527926342157	0.001184753909687902	0.0003385011170536863	0.0005077516755805294	0.0013540044682147452	0.0012863042448040078	0.02586148534290163	0.009511881389208584	0.0003385011170536863	0.01773745853361316	0.0015571051384469568	0.0005754518989912667	0.019260713560354747	0.016721955182452102	0.01729740708144337	0.017331257193148736	0.06329970888903934	0.0005754518989912667	0.037438223546137704	0.017162006634621894	0.0007108523458127412	0.0005077516755805294	0.0004400514521697921	0.018177509985782953	0.018211360097488322	0.01557105138446957	0.0002369507819375804	0.00020310067023221177	0.0002369507819375804	0.009037979825333425	0.03036355019971566	0.004332814298287184	0.018820662108184956	0.00016925055852684315
Sin-CPnd_095-Ex1-2B-lcwgs-1-2.1	0.0	0.09256565549707757	0.003526310685602955	0.050249927269842114	0.0	0.0	0.0	0.0	0.08727618946867313	0.016221029153773592	0.0	0.00017631553428014776	0.04125783502155457	0.0	0.06453148554653407	0.03473416025318911	0.0	0.0	0.0	0.00017631553428014776	0.001410524274241182	0.000705262137120591	0.00017631553428014776	0.009168407782567684	0.0008815776714007387	0.0010578932056808865	0.0	0.00017631553428014776	0.00017631553428014776	0.0005289466028404432	0.0	0.01710260682517433	0.00017631553428014776	0.01410524274241182	0.040376257350153835	0.00017631553428014776	0.01886576216797581	0.0008815776714007387
Sin-CPnd_095-Ex1-2B-lcwgs-1-2.2	0.09432881083987905	0.10049985453968423	0.007934199042606649	0.007934199042606649	0.0	0.004407888357003694	0.0008815776714007387	0.0	0.0008815776714007387	0.0015868398085213296	0.029092063156224382	0.011284194193929457	0.000705262137120591	0.021863126250738323	0.0015868398085213296	0.0	0.014634189345252263	0.020099970907936842	0.01833681556513537	0.019747339839376547	0.058184126312448764	0.0008815776714007387	0.03438152918462881	0.01904207770225596	0.001410524274241182	0.0012342087399610342	0.0008815776714007387	0.01569208255093315	0.016044713619493445	0.019218393236536103	0.0005289466028404432	0.00017631553428014776	0.0005289466028404432	0.009168407782567684	0.029973640827625117	0.005818412631244876	0.01745523789373463	0.0008815776714007387
Undetermined.1	4.843033908766711e-05	0.14678991883677936	0.006061457619483055	0.1477606161367667	2.473779910233356e-05	4.529456173666708e-06	0.0	0.0006041597696260056	0.06724674529219561	0.015202806069177207	0.00036117186689407	0.0007787877261061405	0.03826540322666542	0.00833099389825461	0.06916103283906944	0.04164479563586758	0.00868296748491908	0.0031282514853576285	0.005261764711036915	0.006381515961108458	0.011095564894837368	0.006698926312970796	0.00987874391476709	0.012217894450730847	0.006132326187615656	0.009328519515578287	0.003855124675319435	0.01716322438508129	0.00796145995842454	0.012040479136605378	0.005803905773054253	0.027951274047697258	0.0036464909555662334	0.0216680124435868	0.053084320464139086	0.009707321419579088	0.028401711043183127	0.0065743314262243936
Undetermined.2	0.2144408309875483	0.24211615662835753	0.0220591484051682	0.017849889941009164	0.016922745104230155	0.021055699652848196	0.022500596172247873	0.017969397900052832	0.017925845436844497	0.023284122406351082	0.043869803876254936	0.021656026805711867	0.008995290909078683	0.02822380794146973	0.01678191385919969	0.010712163850721764	0.030916465110802885	0.02495890624754963	0.031354986152354956	0.027245236356134316	0.07223527927004873	0.009997345982576025	0.04518494889726435	0.03122119298537895	0.01689194480224922	0.017214790501519958	0.014696621920784667	0.03450895101199078	0.033077991280817766	0.027300565405394186	0.010692722031145564	0.007874773135654671	0.013997761675158463	0.01892371947387384	0.051260273621032935	0.038917435863850026	0.028450977589564396	0.009293050389541419
