Sample	1	2	3	4	5	6	7	8	9	12	17	22	27	32	37	42	47	52	57	62	67	72	77	82	87	92	97	102	107	112	117	122	127	132	137	142	147	150
Sin-APnd_001-Ex1-6G-lcwgs-1-2.1	39.280486634176846	39.00280686841167	39.32658182659068	39.35256272958218	39.38325677462506	39.37003689042314	39.26394644238943	39.34846080437143	39.34883309169616	39.29889971758253	39.46393298277077	39.464179549981715	39.32504476445486	39.258644516711186	39.20502883551086	39.15108052293877	38.887545056344365	38.82797156124216	38.44957303094274	38.27823764257821	38.288461828974256	38.594392534012215	38.84763205331328	38.73959484442581	38.45122688448845	37.88214378335547	36.99187771997589	35.646049276461135	34.23043339592843	33.168391871155016	32.13352986595342	31.092851763708875	30.179348968229675	29.862397487182847	30.108783913546738	30.650377049274347	31.430142730084192	31.8107260900807
Sin-APnd_001-Ex1-6G-lcwgs-1-2.2	38.91080804514921	39.05764595232387	39.11954295376463	39.14822585778811	39.202751105807515	39.22585462251176	39.19300193017433	39.20532745793244	39.22711091034599	39.16407218649679	39.171746766632346	39.16903915265299	38.961882315054105	38.883490926324626	38.858960067757224	38.84148714839001	38.786648460758705	38.68563339266531	38.55876574228756	38.28177088612967	37.80827294725858	37.213285611103416	36.456956124808755	35.549340481394445	34.46113995942285	33.42805424927552	32.387786842643045	31.458978357049283	30.600818897440824	29.87057243696257	29.290634911109983	28.788362196062714	28.466509509816557	28.379935446925863	28.390063380407764	28.53678324541096	28.73672293486435	28.97712038974102
Sin-APnd_002-Ex1-3G-lcwgs-1-2.1	39.33882008095302	39.03985435022746	39.355981249938104	39.37813956401624	39.40569170359457	39.39320158820165	39.297684163210505	39.381739775481634	39.37624420978766	39.33017765029826	39.496258121075314	39.50124900046131	39.381142140467	39.327952624164745	39.27753130964732	39.24684878914657	39.060245389282635	38.9478846713753	38.608248253871736	38.48467811514149	38.4689222281519	38.720290732352375	38.93372541416202	38.75647083917115	38.367667959001984	37.68702846427853	36.72029707782091	35.41049392050276	34.197141654453745	33.316571148975804	32.418424174232214	31.503088947051253	30.7388885827673	30.631588216491526	30.978151386439453	31.472765681100633	32.13539863268004	32.42505634982107
Sin-APnd_002-Ex1-3G-lcwgs-1-2.2	38.95462119269949	39.094178828020766	39.16603758125894	39.194793498757306	39.2529990813472	39.2715625457036	39.25356250755103	39.26431980487862	39.295728456131776	39.262731355084775	39.26760720956005	39.27382133752861	39.10271229563698	39.03431923170379	39.011442975718104	38.99308836235532	38.936420359462375	38.81311407169462	38.638372089545285	38.30293662921931	37.77587390384191	37.139771356196114	36.35493277204297	35.43385735958363	34.35770974759016	33.33672496853909	32.30767276817586	31.367652241560023	30.516042755784696	29.83034670253097	29.288660082755634	28.820205265715277	28.560224400936484	28.5442416279973	28.613487093961744	28.815777679597307	29.06494347315276	29.325495040154475
Sin-APnd_003-Ex1-3H-lcwgs-1-2.1	39.317093935611545	39.06797463242471	39.38701434870418	39.39415056606407	39.42651168809203	39.383171905013114	39.303422068098904	39.36895877336694	39.38524036786523	39.34547510692859	39.507150343579596	39.50891935109379	39.390525064544796	39.332092072806674	39.274608989829225	39.23335882022364	39.01783453847383	38.896355029574536	38.46447323457254	38.28111099635404	38.256656867482	38.58926967873115	38.924621833076664	38.82886342712014	38.574583943188216	38.091543190494725	37.35625568190928	36.2676848812261	35.136571667302746	34.252252829839975	33.340591745991524	32.39607124505982	31.53100746827913	31.17391588912064	31.18591220509208	31.392469731531218	31.845604983271407	32.02908471582108
Sin-APnd_003-Ex1-3H-lcwgs-1-2.2	38.92872314335839	39.08874294562284	39.16523034864919	39.194883638984344	39.255049713147265	39.2738481159116	39.253440490013894	39.265206152659374	39.29780346097699	39.26297210010512	39.266104537327784	39.274058536424214	39.0965795212757	39.023053011211495	38.96486158575878	38.9619627567557	38.92825967276922	38.845023326264254	38.744976324987405	38.521586116387496	38.13675300711027	37.668803429721166	37.076698590244305	36.35336145873473	35.470135928185115	34.6167413621431	33.688792557615365	32.77582878353866	31.882247552164905	31.062591666877232	30.43163973996526	29.9117882841844	29.580784744570668	29.48517031879114	29.447438304493225	29.530225544475297	29.645230265822626	29.812309857421624
Sin-APnd_004-Ex1-4A-lcwgs-1-2.1	39.26546842414315	39.02852757163189	39.33204890169629	39.380085233042664	39.371466304493026	39.35550094426723	39.279577171963275	39.33749783494317	39.363369117718435	39.32107285390261	39.481545677936516	39.4785884447301	39.34847737546089	39.28383529267886	39.2061372681561	39.148735607458676	38.729476825150485	38.63678836441035	38.028008463587454	37.839370266499614	37.78221328221299	38.33795870684446	38.71135953418927	38.511636963271464	38.023745730618856	37.17043198095996	35.985496177111656	34.48053154203882	33.13123079686976	32.09917014656814	31.177732321060738	30.29878747660323	29.527570525263002	29.317700961609614	29.822883510159794	30.670904771717527	31.594365446785503	32.019217798261316
Sin-APnd_004-Ex1-4A-lcwgs-1-2.2	38.94880150231502	39.123419724555376	39.201701420926035	39.223001594671004	39.27690320022388	39.28876695710748	39.253236976798675	39.26230645127153	39.295598250681806	39.239134342535394	39.23770286738843	39.234266021778424	39.05340102390727	38.982994187206934	38.968587959385914	38.94228813949207	38.86785802004569	38.71596355324412	38.51709153543618	38.120202365954235	37.51657682296173	36.81637203815422	35.98024726809457	35.01622427838652	33.88991751560733	32.8133115038941	31.69007732707866	30.63604514678579	29.547113368701766	28.423762105664782	27.63600119882464	27.041001425374485	26.68607574616961	26.61641747710096	26.70488065492239	26.98752153142484	27.342120633193723	27.718350241982705
Sin-APnd_005-Ex1-4B-lcwgs-1-2.1	39.16071104772538	38.93128276984404	39.34163420783054	39.44931179339039	39.35144323391178	39.38079954791394	39.296852662914716	39.33884417984759	39.38253752088214	39.37052700806335	39.52626684545367	39.53940676515255	39.431896739093496	39.366837104924976	39.09198283233942	39.036052481796595	37.43099471705002	37.370305357845865	34.88196912188741	34.054930437432674	33.751572130259014	36.25851049306311	38.2737881030598	38.33881521123537	37.99042810281571	37.28982240643323	36.30598229956294	35.07218733924047	34.01609227094823	33.257441794873806	32.76166147378801	32.29698142348406	31.88608036298765	31.860936479756447	32.376885890799485	33.09426223002773	33.79924410851148	34.100482076204315
Sin-APnd_005-Ex1-4B-lcwgs-1-2.2	39.02885124421148	39.20352999512102	39.29275407152168	39.304563792801694	39.351949637520555	39.36848070746734	39.330769500666186	39.31951733132487	39.35493723032065	39.265430448378766	39.24348053714596	39.286744248183005	39.12050436789885	39.03307321138247	38.7844766416064	38.724566768893304	38.81685875470957	38.775592365190064	38.72005087932996	38.442852118732915	37.98633155927273	37.44957427281815	36.85771997661521	36.15188470693609	35.329849185347435	34.592279693125036	33.87084153754595	33.22400450546182	31.786243972949244	29.116388390546312	27.905056837463462	27.589109747423652	27.563599628093176	27.791932140063455	28.129912294910792	28.546165119220696	28.98423069992568	29.355147334625304
Sin-APnd_006-Ex1-4C-lcwgs-1-2.1	39.2830676525871	39.0609967452893	39.352225688320246	39.38183104465502	39.431302536035545	39.41894333961283	39.3200117665789	39.37438475495268	39.3821037133076	39.33800174010251	39.49333052475797	39.49661734152511	39.366030018012545	39.31221809171864	39.25712476041558	39.21915619588156	38.95011216741241	38.85520621083068	38.47884994504006	38.37092544746647	38.33801323983675	38.676220953309965	38.92624025983893	38.82751329947972	38.571808348563515	38.07093128734071	37.26906922517046	36.096784971859265	34.822890385136795	33.7150984257065	32.62979769097832	31.540305821984003	30.496296847320327	29.819751381252036	29.704455299892366	30.028939118278526	30.64027699852489	30.945913869637806
Sin-APnd_006-Ex1-4C-lcwgs-1-2.2	38.93609819523531	39.10674045909883	39.18765541120471	39.206181657786225	39.26793787792736	39.28302783766929	39.258129774712685	39.26560881112602	39.29752907137581	39.25258429260195	39.24908603850198	39.25151700925586	39.070955419840104	39.000463372578736	38.963038339912764	38.949359930192585	38.914650666717215	38.83713203299153	38.74755967644661	38.55923347388388	38.22486472855201	37.800262852581085	37.229929911449396	36.51949570806305	35.60651623545929	34.66270716133243	33.61406897182687	32.51491405404652	31.41843932616852	30.388059606744037	29.52911714708324	28.786066631853323	28.25841742161028	27.985089853321732	27.821603145547932	27.834960393951672	27.93703506354741	28.129194404966317
Sin-APnd_007-Ex1-4D-lcwgs-1-2.1	39.25312635563985	39.03325143277568	39.33940273557519	39.36475906209187	39.383992145218265	39.372427206752725	39.2650759357371	39.33085060622433	39.355819687103974	39.31209712078512	39.47530957898755	39.47868521618171	39.348931106519856	39.288217931308324	39.20936235559022	39.16050797583669	38.71690705162011	38.622829807883626	37.97674937734539	37.77490727644091	37.719838873665545	38.332341827427584	38.774377288746976	38.62144138730186	38.19554457444287	37.41839014407022	36.29651001317038	34.84247908867926	33.511459382355724	32.487848367868935	31.570379985344704	30.671080188603593	29.87501055404607	29.592037016836986	29.999034795382585	30.754077114287377	31.593333385830743	31.967976693751787
Sin-APnd_007-Ex1-4D-lcwgs-1-2.2	38.97168914150689	39.13908910066157	39.21912157661405	39.23885507945477	39.29332724012781	39.30994189575268	39.28282323352135	39.285660773047304	39.31621379279271	39.263338137764876	39.25830137052431	39.263063089703145	39.08936248929588	39.02380269431673	39.00887636056304	38.98516088289752	38.92078694693259	38.79227691082693	38.62649769960542	38.27880385366247	37.732603081772695	37.08636419250315	36.3211335525597	35.430365909444035	34.390099787111296	33.4302674479968	32.48517215648785	31.668071197862098	30.79200555344196	29.90020859209332	29.292377744673253	28.850080460634523	28.617884967038485	28.634798397219704	28.760385627648343	29.014164264085753	29.302547472112384	29.58376284502304
Sin-APnd_008-Ex1-4E-lcwgs-1-2.1	39.25592676690852	39.04544923474537	39.352216998340566	39.3744758819866	39.37547831701378	39.363798943521545	39.29485715254458	39.34549341365848	39.363723479890965	39.31463282282672	39.47462663806762	39.47379938425885	39.33667911723764	39.27618332964058	39.19710415587639	39.15312020663381	38.74980765230088	38.6524033598908	38.080729123452706	37.90515938386947	37.85095312586589	38.37457989351481	38.7510886077286	38.61641297460493	38.25013063210247	37.55547712617748	36.513873046991854	35.112012801469625	33.76330872484758	32.69500538629655	31.712558626877883	30.7588068603968	29.887417845133662	29.490623083955427	29.7591942059936	30.424968017671894	31.242526686519852	31.615914993014716
Sin-APnd_008-Ex1-4E-lcwgs-1-2.2	38.914992416616656	39.08677137817729	39.16479850354734	39.19038376793187	39.2457829617724	39.2615995323936	39.2357431846638	39.24036203733488	39.270859656146946	39.2165728774802	39.21301211606847	39.21401915852257	39.02044791325531	38.939509875784466	38.887525696871776	38.81110507030832	38.77118952027756	38.69854283833543	38.598421974844236	38.31703390272179	37.845542727975804	37.277738606399375	36.57928217072423	35.752709844526564	34.78067013230142	33.88026466842108	32.97371235256311	32.135892703298026	31.303033157407583	30.488834098869482	29.924496783494227	29.47394456151722	29.217836884011614	29.19910012868828	29.289154622339176	29.49325537253511	29.72939864849773	29.991801358110237
Sin-APnd_009-Ex1-4F-lcwgs-1-2.1	39.27776728444723	39.039451136513236	39.364148486678786	39.377219409300785	39.42659020538684	39.39649689123673	39.31868675290364	39.36629883652388	39.371564823864034	39.32353260815571	39.482659913112926	39.48320274620408	39.34976816079285	39.292218999069306	39.23520011762598	39.196672748147066	38.92497986869468	38.82494014727705	38.45392286739233	38.352595298679844	38.326529922935116	38.65484845226178	38.85971704192179	38.67260776662025	38.25091482910608	37.5001793019086	36.40641390720707	34.9631162487923	33.59068497704503	32.49533188974095	31.47273130485968	30.475762774295085	29.582568870826627	29.188304742738985	29.49913440225574	30.228257590275188	31.110329806470382	31.527953408255186
Sin-APnd_009-Ex1-4F-lcwgs-1-2.2	38.970861149639354	39.13119890913836	39.205475508607115	39.22758158785919	39.28304465476121	39.29736833529928	39.273526940323585	39.27988273988639	39.30916281653825	39.26122771451347	39.25859071816544	39.25731839988476	39.07722311808584	39.005522689169936	38.969194028537814	38.962048961668486	38.91043856404731	38.801068342271	38.64701318149803	38.35486785062688	37.8785560041094	37.32403297730669	36.6498497440286	35.839783054855	34.86437611891658	33.959886027472734	33.02538421228265	32.16365569853103	31.375156166444366	30.69232316331524	30.135153913361034	29.660816694538948	29.362308321437002	29.32955950572146	29.386943680271127	29.579852572138485	29.822021354946344	30.08847234340924
Sin-APnd_010-Ex1-4G-lcwgs-1-2.1	39.27795084927804	38.986862950782	39.32859073461105	39.364913801717734	39.38532657471503	39.37277378944235	39.26247988673003	39.34847047194599	39.35309879651708	39.306895482956165	39.473303686871475	39.476281857548926	39.34505579580427	39.28491341618747	39.19517165945935	39.16338777254069	38.71730317193127	38.618453747778084	37.981602187854726	37.798007006780566	37.72857678971985	38.32385879350877	38.75772527779797	38.616723349598296	38.23282915479407	37.53851733749425	36.5374210648928	35.221916163870944	33.95579860506376	32.92991379096169	31.972455651049053	31.03390281440046	30.160706177557266	29.74498691917746	29.947836915805123	30.5201245743613	31.25264481986731	31.587250665999314
Sin-APnd_010-Ex1-4G-lcwgs-1-2.2	38.933633601231875	39.108575656750176	39.18582307779946	39.20646309853205	39.26147061152144	39.2779814090895	39.249104032304906	39.25594445276573	39.286252151050086	39.231317935209574	39.229233545165485	39.23368080127193	39.05112455255395	38.98008192475942	38.95812671434953	38.937669280581545	38.88014903823908	38.76216823570595	38.61789449690135	38.31512877280276	37.82909668192154	37.24353580266452	36.51634321844462	35.65192681825711	34.622123970588845	33.65403419670319	32.67701007107128	31.803201976479535	30.891391737681495	29.96958186458886	29.334322742906956	28.869219959652618	28.597749405918528	28.571636496252022	28.629834833182446	28.810048871655415	29.035371153233644	29.282862057735308
Sin-APnd_011-Ex1-4H-lcwgs-1-2.1	39.27241676213574	39.04133079799326	39.363210245430245	39.36600453363376	39.40661852323846	39.361087375300016	39.27551742081244	39.337880958509835	39.35627379370236	39.30725083769667	39.468428699203585	39.467721636993325	39.330847788607436	39.270235637640795	39.20933456269054	39.16358017366882	38.85190887791347	38.75250058077899	38.32626187954671	38.205004341711046	38.17276664880434	38.54283211522776	38.764846365295476	38.533475953919	38.020808430391384	37.14032751726431	35.917906449182446	34.38480520222461	33.02294841861557	31.983393448292066	31.04270782503179	30.133449557704882	29.343904851632082	29.109950170493004	29.623808777414972	30.496480367008918	31.439960429459195	31.86692657985333
Sin-APnd_011-Ex1-4H-lcwgs-1-2.2	38.91515825338142	39.07088229015411	39.14633171419819	39.17047447374176	39.226011874219715	39.241702447477884	39.2200735564686	39.22706810025073	39.25328522551277	39.19764033397383	39.195891910353055	39.19524708100167	38.99532917990873	38.91389237505174	38.85911311929022	38.85224561932028	38.80211217273701	38.67970386490136	38.49777400420585	38.13600903548486	37.565107628553065	36.894662214049745	36.08655553393722	35.15152311685349	34.09072311981282	33.17928903139162	32.29553608991518	31.52537266345331	30.8036778649513	30.166246274337443	29.661128003878694	29.24382584606085	29.02159218619217	29.060323744111788	29.19912087735384	29.46207535354762	29.75832564355965	30.047394736508842
Sin-APnd_012-Ex1-5A-lcwgs-1-2.1	39.30344052316182	39.07313365441302	39.346499345241334	39.37765851285738	39.38840390007714	39.368838299085816	39.302447915333374	39.35821143674558	39.3787686565901	39.33240831942713	39.48493087386347	39.48274933140518	39.348891634520854	39.28912020343678	39.24267168771935	39.19718937038755	38.97260201935812	38.845931042027296	38.57919752950941	38.53051264406754	38.48884682405244	38.70655945439605	38.843055927425034	38.6807089043033	38.31741335502283	37.64581326648672	36.63021235314526	35.316285341268156	33.985615134425124	32.79302480323291	31.645916492679923	30.512994925529974	29.44521246782835	28.690086626243698	28.59696091710565	29.106660550488726	29.872920613929967	30.2369486553341
Sin-APnd_012-Ex1-5A-lcwgs-1-2.2	38.93754950344123	39.087482391961395	39.152499773771915	39.17945802178553	39.23093789201219	39.249516704914015	39.216134339963055	39.23220743192836	39.25871493545472	39.20215001316669	39.20930823121435	39.20193407042166	39.01066539053358	38.93424478940323	38.91032758701946	38.891606844758535	38.83489527646024	38.733969032674565	38.6041824752141	38.3257732122285	37.85762228517261	37.26939987346442	36.517807575771	35.63529715415906	34.5889942308129	33.549580250377346	32.40910176361293	31.28001445349285	30.227099583987563	29.310074489235177	28.502318024846023	27.756750149744164	27.220893642597048	26.93958789934012	26.792410162724842	26.828675622547554	26.93653008297236	27.16198239175219
Sin-APnd_013-Ex1-5B-lcwgs-1-2.1	39.244110621893014	39.03880761316831	39.335187415890886	39.375664461945455	39.37462007105335	39.369382045300064	39.300883691337184	39.345388772290974	39.36305686102391	39.311006364049575	39.46496433504181	39.46682711700715	39.317343408502126	39.25571951718579	39.163252354562914	39.117732807901746	38.6550618560595	38.45629795243099	37.90615605033174	37.84200959820881	37.725057808938416	38.26921414405541	38.67768752770307	38.499989130603	37.9876011897279	37.04269847557224	35.67076443055295	34.017774334322986	32.520260618015605	31.289846428343008	30.240527338746006	29.26841131612059	28.43669771501836	28.030231059601608	28.5004985589752	29.635264043863298	30.84978041350221	31.409854690592176
Sin-APnd_013-Ex1-5B-lcwgs-1-2.2	38.930608984195466	39.07303727848194	39.142479924226166	39.174045158849474	39.22636137434742	39.24785389585338	39.21466937515361	39.222887300618865	39.24737598763838	39.18443396827947	39.186379931949375	39.18561716067839	38.97891512282267	38.89618654117249	38.83514312258143	38.812386823664966	38.77230138711668	38.6778524225705	38.514508782578545	38.160964135572996	37.56805075630324	36.83956120605351	35.94721671042933	34.897186632676735	33.70554408905694	32.67773006678595	31.734080169467767	30.954662832119432	30.221008795045343	29.515387678057188	28.99989936355857	28.599974516910855	28.40086681891116	28.459551141923093	28.66382992545947	28.990125114527718	29.356240580833536	29.695274771268853
Sin-APnd_014-Ex1-5C-lcwgs-1-2.1	39.25630630890933	39.055079521584894	39.34597057301268	39.38929410677748	39.42453246961704	39.41500240224606	39.311542100560395	39.371657004540914	39.38065654503105	39.33730893917671	39.48555857778604	39.48727444024472	39.35213399604097	39.2945342447025	39.21713234978687	39.158071021230256	38.67174100802963	38.46868241409719	37.87675121154171	37.809478749657266	37.67183874582564	38.25960064724334	38.698587397736276	38.50382924752081	37.94434312082323	36.93225178801958	35.50368299026912	33.81915992296224	32.31874923576486	31.088642143927956	30.05816811045043	29.11797215216568	28.31528729836277	27.954073335707818	28.500251578082242	29.712986676117474	30.985624407554177	31.578139921195994
Sin-APnd_014-Ex1-5C-lcwgs-1-2.2	38.953468517659516	39.08756471396616	39.15502826777698	39.184789767947855	39.23291697800913	39.253998385086945	39.221200380633796	39.23344089675876	39.25448904562881	39.18895778009213	39.19128445686634	39.188317607182086	38.99419498514904	38.92022982427741	38.87407979427229	38.863864265177504	38.82302843991472	38.6964863655285	38.50263083708911	38.13752228663639	37.558082121802954	36.88673742760544	36.078571425366434	35.129057887841384	33.96058813183711	32.852588476384526	31.7225712945635	30.649644755159557	29.544926327834965	28.409297667825967	27.57349542743833	26.96210015112361	26.62848602478824	26.60717867944927	26.780925746156253	27.150800483318175	27.607674199551013	28.024477877751067
Sin-APnd_015-Ex1-5D-lcwgs-1-2.1	39.284707445707056	39.073560471115286	39.348622973675724	39.36326087409115	39.39796927121611	39.38310073590497	39.2794526526315	39.347155075747416	39.36723920011946	39.320838889800505	39.477106282559475	39.47928390467285	39.34361861618167	39.2836762486017	39.23146369266112	39.18288489275953	38.896956693919	38.74889924864848	38.40780111201725	38.35957671528897	38.30096382552383	38.611487934789594	38.82540754825872	38.66442449178053	38.25373688414439	37.47575402668044	36.29965709219374	34.803118003580465	33.34749676350012	32.068019827325486	30.884748703665103	29.74667748074386	28.717716319414052	28.06462291838155	28.199435708438095	29.016742061872606	30.06169339069003	30.57720157545852
Sin-APnd_015-Ex1-5D-lcwgs-1-2.2	38.98328515427633	39.11314001603307	39.17979198982229	39.207612540986524	39.25736473019914	39.276031829518445	39.24344598979587	39.25811677009512	39.28037611564944	39.22473542746759	39.23138779189781	39.22672854166438	39.039700901071114	38.967525358645375	38.944242634402336	38.9263177473916	38.869724460417316	38.76772348862787	38.6227503723402	38.3098063260113	37.7807598728637	37.123310214624205	36.30542206353815	35.36108870863935	34.24735167786467	33.20867201759026	32.179304192260744	31.297062133410286	30.48952003092892	29.863633773948028	29.3328772142573	28.850817961964328	28.552066765136555	28.48614589445261	28.54194657754828	28.737615695216743	28.98938682682425	29.262772225850046
Sin-APnd_016-Ex1-5E-lcwgs-1-2.1	39.25720697334789	39.05592869733007	39.35231291182745	39.379376265023694	39.37950315955574	39.37154017703079	39.30393095736671	39.357225701179644	39.3735406421385	39.32363789226731	39.474370746944714	39.47494368916731	39.33482436992141	39.275558698268306	39.19922916923649	39.13903428118406	38.65892000277854	38.461152677251945	37.89650593679156	37.83272187983829	37.711271657177384	38.267217202420206	38.65518362933076	38.40777140795278	37.75443911497253	36.60354452328539	35.020153410740235	33.22451691433738	31.700713367742246	30.496169554323124	29.528790927392826	28.671680297432715	27.970615306098672	27.7564321735931	28.527391568843825	29.953035834184156	31.331441027544038	31.949000652041537
Sin-APnd_016-Ex1-5E-lcwgs-1-2.2	38.983928710322175	39.11706267873841	39.184081421752225	39.21631757875095	39.26618821251913	39.28578132373807	39.253970166226914	39.26353039092054	39.285740600361976	39.22083376917188	39.22316156164083	39.21921831836374	39.025325545252166	38.945855936344955	38.89603509582383	38.82336745214062	38.76661309635724	38.66138991121787	38.4665615880532	38.02309432254867	37.333048250015636	36.541358210468694	35.61675979278469	34.58152574569977	33.43710220920255	32.461763345806986	31.56523070629172	30.812194547304802	30.099152552695006	29.419990699322238	28.960505057461916	28.61030457418986	28.488048816082873	28.632344542694817	28.929457585053605	29.338530753247863	29.774447491438803	30.160071583575107
Sin-APnd_017-Ex1-5F-lcwgs-1-2.1	39.27214500929983	39.04750231600324	39.36168656266514	39.3839598914735	39.429234765336155	39.40033446838029	39.32405993213027	39.37373011335942	39.37989688550221	39.330952395404736	39.48303726570916	39.48256679928777	39.34532903634963	39.28758485688975	39.22841029124886	39.18264002760144	38.881143284331145	38.7319266524718	38.36936331064818	38.324361143056095	38.26236346931761	38.59251270842664	38.799596612996254	38.57175517657529	38.01407862283181	37.00835919046294	35.570627354927026	33.86930231335673	32.34434432069631	31.08134137226121	29.987820675854117	28.98245182160893	28.129053230258496	27.724610880498847	28.239691221015356	29.440992783878993	30.71704568672243	31.312077506197152
Sin-APnd_017-Ex1-5F-lcwgs-1-2.2	38.98747212510582	39.125766381284244	39.1926597234927	39.22118416690228	39.269892983715074	39.28837979442414	39.26056229195881	39.27125366217443	39.29444192000462	39.23427196160467	39.23709571919078	39.230009429116585	39.04018077754339	38.96530947642606	38.93037125492474	38.92309012436309	38.866733149202325	38.74891233738051	38.56127033764055	38.19233191995727	37.59941553316756	36.92187677660909	36.12591962415617	35.1992162980101	34.111167566704	33.14773957355433	32.191329601343945	31.355521581168283	30.614204951384874	30.000260602718065	29.482493995873135	29.032558270957146	28.77850216656018	28.812567117355048	28.97905328488837	29.285920812659462	29.635359223605057	29.97408464911413
Sin-APnd_018-Ex1-5G-lcwgs-1-2.1	39.27037295277706	38.99966454166627	39.327959751260025	39.36030800518579	39.39101441851632	39.37992952789309	39.275164087096414	39.360023886266426	39.36041986999322	39.30991635928227	39.469552311461015	39.475609532215266	39.33747543856414	39.279934304602016	39.20455227845954	39.17018461299574	38.778992142994255	38.60405798434723	38.14966432052234	38.10146956607002	38.006323015347185	38.446555996263285	38.77435766023188	38.60111621208887	38.12618263181829	37.25415493724921	35.97127352571676	34.397993095001866	32.918696134016216	31.65670176685837	30.534111383462154	29.47115949029658	28.535389466104796	27.997310386259517	28.299124882427982	29.27615291347604	30.420075629863845	30.971630533676105
Sin-APnd_018-Ex1-5G-lcwgs-1-2.2	38.970903582538504	39.12133983827642	39.19094193093763	39.21871767683741	39.27193854974898	39.29362946932737	39.264254342467304	39.27342150693463	39.297302670037396	39.24095782268081	39.24491915011869	39.24521165889862	39.061505836396634	38.98952112540351	38.96477015218309	38.94589108110192	38.891268774864656	38.77615714583068	38.60901094158935	38.26040843855305	37.68104769965741	36.96730018846226	36.08910251014694	35.05443733464813	33.84916211966391	32.74783726337854	31.70013642199053	30.82772783591746	30.035529821055093	29.355582098119726	28.842746353149444	28.41517098406532	28.176049969274608	28.18488483266311	28.319967398621326	28.59197523106309	28.91774484086517	29.237745138899143
Sin-APnd_019-Ex1-5H-lcwgs-1-2.1	39.274595256551564	39.059481350406486	39.3652606530786	39.366386465180945	39.41433074581352	39.36902512240945	39.282683240257974	39.34727288149565	39.363812787615096	39.313901717471296	39.4697103351038	39.468461267243995	39.32645684021161	39.2659510058125	39.220337309954814	39.173414218908114	38.940757993741684	38.810778113051796	38.5386465945971	38.494678500328675	38.45995057146721	38.68525982015312	38.81576813994066	38.62693556197798	38.19022374520399	37.38442159684915	36.180742040971516	34.667374944989625	33.19890513332641	31.9093593712914	30.72118683656434	29.585656416041207	28.561681268204108	27.912248293459054	28.057337600092108	28.897188670912964	29.954615052636875	30.471041638814825
Sin-APnd_019-Ex1-5H-lcwgs-1-2.2	38.945978471314945	39.09363736738937	39.16121193717045	39.18847499377936	39.241976063576985	39.26012673855263	39.232925505861175	39.24280657443093	39.26727356906559	39.210154839029265	39.21601401552512	39.208547111163895	39.01169988231939	38.93192992084435	38.892772195933915	38.880104958172986	38.8263735189753	38.729121154604925	38.58500358320524	38.27966408622338	37.75990934117794	37.119860209093936	36.312322630384394	35.35699846267395	34.24695924345503	33.27427246684986	32.320686335374624	31.489899654952733	30.78729299028662	30.27149546366408	29.788882347889732	29.330463140035334	29.035944573829994	28.9903568746188	29.052375276821017	29.244930500927694	29.486268487168264	29.750173852872273
Sin-APnd_020-Ex1-6A-lcwgs-1-2.1	39.26781993746723	39.03876166942321	39.33521819891864	39.39041609758263	39.374928536365324	39.360363293325854	39.28491456947553	39.346417120411196	39.370987815980165	39.33180149954086	39.48998219500951	39.48154875317853	39.35131846640105	39.27499480667679	39.196192695023214	39.09877769009667	38.6870988891067	38.67154700908527	38.020264157897564	37.6641089929685	37.69043443292201	38.24073522135633	38.724991782126565	38.62755787202375	38.296361107572224	37.61866469365214	36.555895262086004	34.9624753458687	33.38093563404739	32.339191587226	31.39689089317041	30.453977685793046	29.69949759600376	29.68174966441554	30.304772697753368	31.18035251842186	32.195147983733605	32.685644698108966
Sin-APnd_020-Ex1-6A-lcwgs-1-2.2	38.972408735699005	39.11424211446531	39.175097978217956	39.20650553898201	39.25556057980354	39.27291807257428	39.22838534547325	39.24211277297363	39.268520959454534	39.197147555219544	39.198857916097396	39.19402410354379	39.003030327086286	38.929481689542946	38.91846207780984	38.89245699900177	38.82250132274508	38.67954932067719	38.52476734161378	38.17672409971027	37.592525944358066	36.87026518352218	36.009546767366515	35.006661935903296	33.848381320315625	32.74668390380967	31.59758565431012	30.52625982368724	29.39089798499877	28.15499137490167	27.315159927906887	26.70528472357193	26.32368206317117	26.227717210513283	26.327976674328504	26.64263695912741	27.046831416344595	27.463996982824128
Sin-APnd_021-Ex1-6B-lcwgs-1-2.1	39.231427529166574	39.02273052104857	39.33146015927763	39.37508506543251	39.36757646979547	39.36273664141526	39.287152641729826	39.3360549862437	39.35675859134769	39.30785923478246	39.47157119243493	39.46840681475869	39.321550082914925	39.245387354926116	39.161782440533884	39.07950173207	38.69808194316883	38.66672544003153	38.06246777661437	37.734463716842896	37.75683465435289	38.25553807268416	38.6900192957418	38.58071091624083	38.26034511144044	37.649746875748896	36.7431709130358	35.42053046229855	34.08779679884618	33.11253219712436	32.171218732508294	31.235398269108845	30.425389242884286	30.195819696440758	30.48978091605759	31.027758211512502	31.765811214634972	32.113648468282726
Sin-APnd_021-Ex1-6B-lcwgs-1-2.2	38.89728061528503	39.06767136958631	39.13530205690307	39.16429296582291	39.22127548083765	39.24042249956974	39.19761129067982	39.20943293312588	39.23932715183301	39.17120103046879	39.17304199070314	39.171179077346096	38.95853359884059	38.87224946455869	38.79862243636373	38.77170786125787	38.73330871128776	38.64540059060488	38.52294346296686	38.241605828388074	37.77258019960872	37.200243284381166	36.48419174024393	35.62811856797529	34.61355307309416	33.68677683456384	32.76075284841702	31.925055919316254	31.050886106387644	30.13041970472246	29.5006011988703	29.046531529167403	28.786147968637795	28.76011601073737	28.83440622347166	29.01778466199071	29.23748194829658	29.484238356911476
Sin-APnd_022-Ex1-6C-lcwgs-1-2.1	39.20090031819036	39.00275438178929	39.32200203449911	39.37427567209367	39.404336251329745	39.39433207298062	39.27991578029256	39.343628680703326	39.35811449118701	39.31845440999818	39.480419249583576	39.477691821949406	39.33940729334189	39.2629955792195	39.17778055742051	39.088303073404305	38.67353384771604	38.65530425721571	37.98289270614451	37.61193944247807	37.6267089932285	38.18884936638557	38.692940735380354	38.59255247462353	38.269539197719254	37.63804634255324	36.68213041585268	35.28729608281232	33.887925884264995	32.890316014389334	31.95129913371582	31.018519845012957	30.2258300771314	30.046149388301256	30.420137224344842	31.05476900984698	31.875947564351417	32.265748985822285
Sin-APnd_022-Ex1-6C-lcwgs-1-2.2	38.873619014004525	39.06020112376593	39.131864459737244	39.16309279231199	39.219895911192495	39.24350075573704	39.19964063727008	39.209706902493636	39.2409199571464	39.17490588962592	39.1734582447566	39.17132919156453	38.96649393079673	38.88948546754309	38.831385259587826	38.81987583535289	38.782622488464035	38.6601285048772	38.512511337355825	38.2456331635707	37.78963432651311	37.25299267511407	36.58887604748846	35.790890431749524	34.78388804650834	33.79277056533448	32.73530949461739	31.68502984038212	30.507259762965965	29.195594471420634	28.280315021649464	27.62770787026873	27.225006837682734	27.10422577570073	27.134762440990652	27.341975791580023	27.630209717759566	27.940518043778464
Sin-APnd_023-Ex1-6D-lcwgs-1-2.1	39.248870419474635	39.03484838427561	39.33681052081186	39.36650775517429	39.38836105492263	39.374677058914635	39.2650486248671	39.33322167838764	39.352634104134424	39.3125684247546	39.47768787155722	39.47651355219473	39.34094931857644	39.27076099343555	39.20898023446607	39.124019843557306	38.789236630927306	38.73938594437981	38.212571019323015	37.93021030677162	37.94735080824067	38.387556263588586	38.78523938852963	38.7330309473319	38.52653733418577	38.09033084473698	37.36804220715324	36.20615493579375	34.87239390858688	33.82828172261642	32.784437983643045	31.732870074774343	30.7702313800705	30.300393088759165	30.312912212055892	30.659598363605237	31.30297103236573	31.619794763583347
Sin-APnd_023-Ex1-6D-lcwgs-1-2.2	38.93259872577345	39.05648442967823	39.13389249310308	39.17035211833468	39.21908833760133	39.24111571099675	39.20435198092037	39.20944728007015	39.231228495534616	39.172838790893856	39.17834514048284	39.175609128502174	38.97121081799941	38.89700542553601	38.88073528298612	38.85860055874054	38.800116858056846	38.70190596436312	38.608747710829064	38.39095638260335	38.00433556107542	37.50992585915965	36.880009414044444	36.11546924539749	35.17477430166167	34.24145443493025	33.25543785438043	32.339106210777246	31.374293495994607	30.41762254619392	29.725793857580555	29.18096976768831	28.815530243374713	28.669188521946115	28.61269857240511	28.685244903734294	28.810204218619173	28.997760356438732
Sin-APnd_024-Ex1-6E-lcwgs-1-2.1	39.22202168193153	39.02107965565147	39.33657129719641	39.36418854449108	39.37032295798161	39.36256116447676	39.29215404788058	39.342926774426	39.35685786036688	39.31053344153994	39.47306458345556	39.47155301276892	39.331352115657175	39.264104091124864	39.199757012352336	39.13024325994205	38.82098184021036	38.76975622073362	38.301895407516625	38.06304182020655	38.08251660925559	38.4652376638714	38.791112549935846	38.681447376583975	38.37483723392698	37.77004311234165	36.82495606095015	35.406608023252254	33.93681730253955	32.88539727329457	31.877103846059914	30.869602711266054	30.010419807760165	29.773234528836678	30.130411057846835	30.785303598412384	31.6424843943036	32.051512483013184
Sin-APnd_024-Ex1-6E-lcwgs-1-2.2	38.92134299519892	39.05892513616825	39.13696835574335	39.17454687547809	39.225522910484486	39.250437846561276	39.21777950386841	39.223228268873015	39.24364718957107	39.185503903213665	39.1894674848224	39.184791881472776	38.977290760714716	38.89324781511829	38.846943074473074	38.77775413838337	38.72952617127991	38.65938924369814	38.558302101354705	38.28584985743845	37.81230547443647	37.23036225539472	36.516479747333264	35.65993567115372	34.65453732271742	33.72691829287703	32.794016457247956	31.942731157579566	31.122223320133138	30.36409102380162	29.830751889007196	29.38573560608379	29.116282783050714	29.08185614098224	29.169567930571105	29.373741445535085	29.61964160444834	29.893846175007813
Sin-APnd_025-Ex1-6F-lcwgs-1-2.1	39.25963352960251	39.02765139789391	39.35391272571614	39.378560188464235	39.420286947924644	39.395023935147	39.31725340635245	39.36598625503069	39.37234764484536	39.32871725474416	39.486872246122246	39.48613807422721	39.3530285385118	39.28827587673361	39.231240886284546	39.168677071763774	38.89034484670166	38.842762154626755	38.42504919054877	38.214626877130904	38.23088137603561	38.576071075196225	38.865739377882925	38.743354316501424	38.423740795609596	37.80806308159841	36.86043492944724	35.45263477284488	33.9954229127847	32.9279809957069	31.90453910475761	30.887220143700137	30.01611571963928	29.77401710754375	30.127353942855894	30.773175239894346	31.636384695386205	32.058700875189345
Sin-APnd_025-Ex1-6F-lcwgs-1-2.2	38.97259796067765	39.11063989995684	39.17411801616268	39.20127471819313	39.25557313563127	39.277464197517254	39.24472231072852	39.25276216306163	39.27489485481582	39.21510220023435	39.21762676353465	39.214712202800705	39.01622690704137	38.94039897410683	38.901295760274614	38.8967383361361	38.846082790066625	38.74015747370422	38.599434003905586	38.32980166244409	37.87073858176764	37.32809854261568	36.66634429996456	35.86677906110653	34.89761265257005	33.98801824217232	33.04515180301332	32.168324403575085	31.33355465410453	30.548244588823856	29.946871888718753	29.459217125111838	29.144331012754186	29.082938234105445	29.118820822704	29.295501108039094	29.52833597073701	29.792745403544927
Sin-CPnd_013-Ex1-4E-lcwgs-1-2.1	38.88709677419355	38.674596774193546	39.18024193548387	39.311290322580646	39.30241935483871	39.281451612903226	39.33064516129032	39.29274193548387	39.35322580645161	39.237016129032256	39.44741935483871	39.485	39.372419354838705	39.31911290322581	39.24887096774194	39.18806451612903	38.792741935483875	38.763064516129035	38.22725806451613	37.979354838709675	38.01137096774193	38.476451612903226	38.80758064516129	38.61854838709677	38.342903225806445	37.870161290322585	37.21790322580645	36.38983870967742	35.612096774193546	35.061129032258066	34.318709677419356	33.4483870967742	32.65677419354838	32.20911290322581	31.814112903225805	31.473709677419357	31.505725806451615	31.51290322580645
Sin-CPnd_013-Ex1-4E-lcwgs-1-2.2	38.02862903225807	38.57661290322581	38.854032258064514	39.02741935483871	38.99475806451613	39.11451612903226	39.13306451612903	39.05403225806452	39.20967741935484	39.13306451612903	39.148870967741935	39.101451612903226	38.93967741935484	38.86395161290323	38.82725806451613	38.861693548387095	38.8391935483871	38.714999999999996	38.53201612903226	38.3008064516129	37.9225	37.424677419354836	37.04459677419355	36.39072580645161	35.69951612903226	34.91620967741936	33.94935483870968	32.76104838709678	31.47806451612903	29.786209677419357	28.601612903225806	27.5658064516129	26.78354838709678	26.236451612903227	25.917983870967742	25.72983870967742	25.524838709677418	25.68064516129032
Sin-CPnd_015-Ex1-4A-lcwgs-1-2.1	39.24764552874697	38.89765898286842	39.30361467396179	39.31114898197148	39.3635303614674	39.347385415732354	39.216073190420666	39.309355099112025	39.356534218315545	39.30443986007714	39.49907615032738	39.53129428648309	39.42538344246121	39.386814960983045	39.36066014889228	39.316100098663554	39.146183514216524	39.05548479684277	38.78137949591892	38.66194277513679	38.67396179029509	38.896259754238045	39.01996591622567	38.88897658982869	38.54882052201991	38.090088797201545	37.364786079469006	36.389918378329895	35.492187640147094	34.614691900618894	33.76941429724639	32.74629114718809	31.72381379495919	31.028935330522916	30.957467037402456	30.837420396448113	31.06072293479236	30.88169342541932
Sin-CPnd_015-Ex1-4A-lcwgs-1-2.2	38.566866983585975	38.93299847519957	39.14503542918647	39.14431787604269	39.23078302986815	39.309355099112025	39.28782850479864	39.2609202619069	39.270607229347924	39.24979818817831	39.254641671898824	39.27107363889138	39.08641133733967	39.02796663377882	38.997327114539424	38.99463629025025	38.94803121356175	38.86328818728136	38.73534846174545	38.45202260292403	38.141644990582115	37.74186025652524	37.203121356175444	36.60349807157593	35.93886447214997	35.13312404699973	34.27288546057942	33.29690555206745	32.3071486231949	31.5498430352498	30.778437528029418	30.06468741591174	29.66691183065746	29.438084133106106	29.34318772984124	29.254282895326934	29.291165126917214	29.51403713337519
Sin-CPnd_018-Ex1-11A-lcwgs-1-2.1	39.196395062578546	38.948955876530036	39.308055158641345	39.35635340093308	39.36896379568578	39.34694509959199	39.28207688467299	39.34172017835316	39.35928004544907	39.31268958631019	39.506133902594385	39.524118993922905	39.42340799146108	39.37968220083668	39.31879422245941	39.27355174135349	39.119565479367154	39.04978566632809	38.686418647890235	38.46038700569835	38.41080964759757	38.6870280785718	38.94445573019781	38.841186496117885	38.59196894313702	38.127429545337165	37.41625148484171	36.28251760290599	35.084705700070586	34.2482552034018	33.36230998330092	32.47495653072116	31.78056535885826	31.60397162876375	31.638500869385574	31.820796391619467	32.22990342073097	32.382486614905226
Sin-CPnd_018-Ex1-11A-lcwgs-1-2.2	38.67468624649233	39.02170881608622	39.15844336942862	39.20891937955136	39.27795375901665	39.29040060598757	39.27636992786682	39.286484067002945	39.322197737875946	39.28373646426911	39.29091362955567	39.301229190696716	39.12566839396079	39.06482345447346	39.049580801211974	39.030178869626596	38.97951004527691	38.86551207671251	38.71448172568732	38.39808907328662	37.939926317420415	37.388563706164895	36.74449016130976	35.9709935097354	35.05280699640195	34.11547850637836	33.06076574792983	31.976974193881595	30.878761168591943	29.850665381238485	29.069924423709267	28.342462168815747	27.86780002410178	27.678473668807136	27.633737325046912	27.745839860898307	27.896522457692775	28.16512300514745
Sin-CPnd_019-Ex1-1H-lcwgs-1-2.1	39.28450733789291	38.95747695429341	39.35472021550141	39.35853347093705	39.39757560915881	39.32424915601113	39.25847924574507	39.32914691528626	39.3357938743025	39.304616138116806	39.48963948993336	39.517780615368466	39.41168115587119	39.372268187304314	39.32762161311201	39.26949920411412	39.10764225366895	39.00623764627683	38.54654095751194	38.26230999317813	38.17307981598419	38.547037730238415	38.96765029998776	38.92485088072207	38.781857300285125	38.48769088142175	37.97879270233868	37.231604540922525	36.36013923629939	35.66644160296664	34.86761006839371	33.97346114152775	33.09526491630079	32.581958753870104	32.245909496405396	32.01127184313177	32.04342913117249	31.936119225454355
Sin-CPnd_019-Ex1-1H-lcwgs-1-2.2	38.900662946701885	39.04951984467106	39.15706064475503	39.212475292553655	39.255015830257655	39.290734488971296	39.25882908569329	39.30308383914359	39.30976578215466	39.265105214364425	39.268204796305696	39.28463328027427	39.142465322115136	39.08819814934667	39.05909846245343	39.04655320191013	39.00003148559534	38.91984816946247	38.83121971697948	38.6451398485193	38.36590459864612	37.98920393919782	37.55396106281376	36.975199846070424	36.275708863195085	35.50691458657664	34.62542986583638	33.62856793017194	32.57233115849499	31.496860186464687	30.710503944445417	30.06764505238853	29.66758208119785	29.51235109937204	29.401018034249336	29.411695149469118	29.376536234672635	29.36024768668334
Sin-CPnd_020-Ex1-12E-lcwgs-1-2.1	39.19532408752428	38.98254560467286	39.35244422697595	39.365663083533384	39.36757442774354	39.37840028134987	39.299622318384074	39.3518325968287	39.36980687778101	39.323881099099374	39.49238979189285	39.50518509457332	39.374488906558206	39.32259361763941	39.24416887108366	39.202651416688326	38.83841801862413	38.75996727778712	38.26757136959281	38.13424823009526	38.07323812290708	38.48154100215599	38.84741662716555	38.68926283276503	38.321315310631654	37.68730102906772	36.82730316977324	35.7548739277359	34.73144696402086	33.86275478218322	33.01936726861267	32.11510420648634	31.222593617639415	30.62596981605223	30.560467285432498	30.820116515543056	31.244415052217924	31.40559488677197
Sin-CPnd_020-Ex1-12E-lcwgs-1-2.2	38.81342986895824	39.02704169788529	39.150162846526705	39.17002553555865	39.24586767381764	39.274094405113225	39.250309637762044	39.25262618694475	39.26877322283215	39.24319179192342	39.24584473768712	39.251014541506756	39.0671783972232	38.99147234667197	38.94882184742886	38.891307206532204	38.84908637746754	38.786515084328514	38.6782550191899	38.42294836312482	38.0290463156929	37.58022905549015	37.05157571216685	36.406348720928456	35.61852321900946	34.85172250340219	33.9940610712702	33.07656691998348	32.13828498906711	31.252973287053315	30.559773085215376	29.994533555558952	29.6329607486353	29.53791036560192	29.50756433584611	29.577640330891903	29.650947262190556	29.80362849584856
Sin-CPnd_021-Ex1-3D-lcwgs-1-2.1	39.30119232763089	39.02004492828754	39.458441334024535	39.407810609987905	39.42560912389839	39.36236391912908	39.32261966476585	39.394850527043374	39.40798341109383	39.31840331778123	39.531086918956284	39.54836702954899	39.451356488681526	39.417003628823224	39.41607050285122	39.38489718334198	39.27105581475722	39.18244340763781	38.941904268187315	38.84002073613271	38.85654052185934	39.00148608951097	39.10157249006394	38.82343182996372	38.311249351995855	37.39585277345775	36.11764299291516	34.41150855365474	33.07979955071712	32.27350959046138	31.50786245031968	30.6263003283221	30.05909797822706	30.39533437013997	31.219491964748574	31.896595818213235	32.60808709175738	32.78797304302748
Sin-CPnd_021-Ex1-3D-lcwgs-1-2.2	38.833074131674444	39.188353205460515	39.2909970623812	39.372040781060996	39.36547433903577	39.47727665457059	39.38275444962848	39.392776913772245	39.47814066010022	39.4108864696734	39.41786763435286	39.41987212718161	39.2935890789701	39.277207534128216	39.25940902021773	39.21354760670469	39.17667185069985	39.075272161741836	38.813029203386904	38.328149300155516	37.624779678589945	36.87606704682911	36.07344047001901	35.05553827544497	33.88812856402281	32.916295144288924	31.859892863314325	30.86739243131156	29.9504752030413	29.312839122170384	28.732400207361326	28.2213236564714	28.134301019526525	28.36537065837221	28.61603594263003	29.016969068602037	29.510247105581477	29.72282702609297
Sin-CPnd_022-Ex1-1D-lcwgs-1-2.1	39.105699530961296	38.82039133936609	39.27156867389965	39.28682427630644	39.32231013407874	39.322499644667644	39.2221537878429	39.30051641635476	39.30591746813853	39.26278485810395	39.481631686170466	39.502117780831	39.41189178945373	39.37838631733548	39.33210783152508	39.27986923769366	39.14360164874212	39.02854977021841	38.60076751788507	38.356090396550904	38.26008433221206	38.59491164068792	38.9884303785474	38.98809873501682	38.881934903112715	38.6851186810063	38.36444781352158	37.831525086464204	37.206234898374944	36.57579002226749	35.75325721324679	34.83438669635666	33.84886530534894	33.050532998531295	32.31413275216753	31.672582555550292	31.418420429241486	31.17401809826124
Sin-CPnd_022-Ex1-1D-lcwgs-1-2.2	38.294878476334866	38.721751077841475	38.92196901501872	39.00819633297011	39.123229260434925	39.1675747382385	39.12199744160705	39.15667787937651	39.18444118065097	39.1409769270858	39.169697256834226	39.19905244705548	39.005202065665415	38.946652769223476	38.9067702657886	38.879821860046434	38.84914957123229	38.811920216042076	38.75075567347326	38.63198938740702	38.433657080589384	38.207949969204535	37.91173544321789	37.54167811626475	37.002302553655184	36.36804851471076	35.47327426919979	34.285554555360775	33.00335433742361	31.764561519874917	30.68832140995878	29.74213294167812	29.09334344056474	28.745619936513958	28.40670867484721	28.22183161984176	28.012479272279336	28.113327332164683
Sin-CPnd_023-Ex1-12B-lcwgs-1-2.1	39.134680743054304	38.87956772755823	39.28952961117851	39.362535814769885	39.34198910714747	39.352159211171625	39.257289865172986	39.32904846717087	39.359042530308116	39.299185187097216	39.4880462559046	39.49439095531865	39.362494514855065	39.27167600216824	39.066470492071275	39.05658260413172	38.296141039209104	38.2439585968354	37.15151045834301	36.846230092150435	36.69204890598247	37.64555896853463	38.56544573793484	38.46795556817498	38.05253865413903	37.336360272923606	36.36591380363612	35.192347469950015	34.1527907557024	33.32537277475198	32.5566058353338	31.75938153377559	30.99008802044346	30.563428925427843	30.719860956953443	31.17014532407527	31.72606282749542	31.926064548325204
Sin-CPnd_023-Ex1-12B-lcwgs-1-2.2	38.775775879128915	39.037445256102494	39.13859563081318	39.19996042091496	39.25828794644778	39.28763669841597	39.259045111552794	39.25587878475001	39.29921788286312	39.23528389389363	39.230179912753925	39.25195185118264	39.05994682635967	38.9765037901276	38.88505717456958	38.85288454092563	38.84388804281424	38.76419125302221	38.64689777410668	38.370064445075414	37.92787314042831	37.40294606059042	36.79817075793948	36.07064866678712	35.23607719642412	34.44336146890031	33.62613424193146	32.803982000120456	31.761482666941998	30.377512196381094	29.564148232277603	29.086507834077594	28.832117567090847	28.84309646111355	28.930062035913714	29.11720915825611	29.324956333944225	29.542603443380397
Sin-CPnd_024-Ex1-12C-lcwgs-1-2.1	39.15652503130734	38.941247051285785	39.3069982817369	39.35565716282727	39.419122229664794	39.376812185106445	39.28147479395405	39.342272184523985	39.36425430293852	39.319423362553515	39.494944811719144	39.512010950286864	39.371549057867604	39.304200133966276	39.19394472434983	39.14533709992136	38.62278475114308	38.56986224772111	37.8110329964761	37.62427468911087	37.517017794216144	38.14015668229607	38.69995864519323	38.514996650843116	38.02136004892681	37.18421527798002	36.08025861315782	34.78316451641088	33.64203279261439	32.72705245070915	31.908958849054954	31.053699507819555	30.264344584558927	29.85502519148441	30.133612138509477	30.755637359116985	31.44099251536244	31.717890322392755
Sin-CPnd_024-Ex1-12C-lcwgs-1-2.2	38.76994495733465	39.0163963071905	39.12972012697673	39.17353292366835	39.24865888109037	39.28037976526779	39.267693741445086	39.249928648396775	39.27375134694353	39.23091941637301	39.237140111250255	39.23955616390482	39.05657920027958	38.98470571104057	38.937584529807495	38.939411130850104	38.9099175816175	38.78029181349565	38.593251594489914	38.29600489268136	37.825822873285375	37.33966042461485	36.72351574103736	35.968791682441676	35.04434516702101	34.09195212161808	33.10056440574307	32.058022541282	30.892499635961208	29.60061507994292	28.704217607828287	28.029887293590008	27.689291434895303	27.582931531584006	27.652787372222384	27.836486588810907	28.099943501179485	28.365564842589627
Sin-CPnd_025-Ex1-3B-lcwgs-1-2.1	39.28150960004401	38.98597128238983	39.35027782362326	39.37679485063542	39.406722781537106	39.3877977664081	39.327501787973816	39.33652417890741	39.35280849425098	39.328183968751716	39.497254772514715	39.50812565329812	39.39162678109699	39.39127468779226	39.37250371348408	39.34900148539363	39.22931176761842	39.14855036584695	38.953798756670516	38.87198107498487	38.88298399075755	38.967178302250105	39.04903999559884	38.88223579248501	38.58550915992738	38.10903889530726	37.47857182153271	36.524927105683005	35.68029927930901	34.949969741981626	34.08857347197007	33.126676569290865	32.118435385377126	31.563602354623974	31.340331187764757	31.15092699565385	31.295329262254494	31.3175991637784
Sin-CPnd_025-Ex1-3B-lcwgs-1-2.2	38.518897507839576	38.963525334213564	39.097320790009356	39.15607636023546	39.24101887000055	39.27314738405678	39.27644825878858	39.32596137976564	39.34950761951917	39.289123617758705	39.30261319249601	39.314452329867414	39.1729768388623	39.09254552456402	39.073136381141	39.08244484788469	39.04386862518568	38.939054849535125	38.787610716839964	38.55327061671343	38.157715794685586	37.783044506794305	37.273257413214495	36.726566540133135	35.96399845959179	35.200550145788625	34.25999889970842	33.23688177367002	32.2240853826264	31.500159542278702	30.77537547450074	29.984705947075973	29.630236012543328	29.422148869450403	29.32182428343511	29.320591956868565	29.38473895582329	29.45986686471915
Sin-CPnd_028-Ex1-12H-lcwgs-1-2.1	39.197283294761206	38.93198374710709	39.34259283610351	39.337070008415736	39.403810751104565	39.35133073848096	39.27243320008416	39.32117215442878	39.36532847675153	39.298695560698505	39.48722385861561	39.49983694508732	39.3683857563644	39.31464338312645	39.2495226698927	39.19644698085419	38.860130443930146	38.77831501157164	38.309338838628236	38.1824952661477	38.11929439301494	38.49662450031559	38.807483431516935	38.63646775720598	38.26455528087523	37.675986219229955	36.88680833158006	35.927073690300865	35.00286135072586	34.20208026509573	33.33695692194404	32.432922627814015	31.522427940248264	30.86277745634336	30.66503787081843	30.80256154007995	31.09798153797602	31.14603934357248
Sin-CPnd_028-Ex1-12H-lcwgs-1-2.2	38.64703213759731	38.94451530612245	39.082342730906795	39.13586813591416	39.20156348621923	39.238467809804334	39.21468677677257	39.21472622554176	39.258612981274986	39.21504313065432	39.22733405217757	39.23280428150642	39.0425586471702	38.96134941089838	38.90393172733011	38.90319929518199	38.85780954134231	38.76605170418683	38.63343283189564	38.39225752156533	38.01222648853356	37.592687513149585	37.07804018514622	36.46571507468967	35.73522775089417	35.012160740584896	34.16053939617084	33.23660977277509	32.27853986955607	31.34389333052809	30.565598043341048	29.909409846412792	29.47698690300863	29.32136150852093	29.213049652850835	29.227616768356825	29.235264569745425	29.342500788975386
Sin-CPnd_029-Ex1-4D-lcwgs-1-2.1	39.259206597469074	38.99289065832504	39.34338120290061	39.348784302573584	39.38319351628039	39.40850277264325	39.31522820986777	39.354756149580545	39.35347646807906	39.3273994028153	39.519579126972836	39.52344660884402	39.43352765533912	39.394795961893934	39.34932461254088	39.314602587800366	39.12122849424143	39.07527370965448	38.740395279397134	38.5994596900327	38.63580264467511	38.89213706810749	38.984444760415194	38.62360301436088	37.91127541589648	36.86702687331153	35.355723020048345	33.64185980378217	32.40636997014077	31.54329589080051	30.82553675529646	30.061709085738663	29.607564339542158	29.774889805204037	30.66244845727286	31.587999431252666	32.43008673396844	32.86591781601024
Sin-CPnd_029-Ex1-4D-lcwgs-1-2.2	38.931181572586375	39.17631167353903	39.275558083321485	39.27797525949097	39.37636854827243	39.40850277264325	39.326887530214705	39.355893644248546	39.36698421726148	39.339371534195934	39.34488838333571	39.31318071946538	39.19033129532205	39.13502061709086	39.09643111047917	39.08249680079624	39.06805061851272	38.900440779183846	38.61268306554813	38.06062846580407	37.38495663301578	36.641945115882265	35.707322621925215	34.76342954642401	33.631053604436225	32.57659604720603	31.62991610976824	30.60210436513579	29.687814588369122	28.96937295606427	28.399431252666005	27.946935873738095	27.94375088866771	27.974377932603442	28.255253803497794	28.67157685198351	29.151883975543864	29.366699843594482
Sin-CPnd_031-Ex1-3G-lcwgs-1-2.1	39.26777115808373	38.96515139149596	39.332408389782096	39.37288827225986	39.4479719252428	39.393128213498734	39.313474251203786	39.438178405288504	39.34693544438097	39.318240430914884	39.53356728964336	39.5523708479556	39.4737288827226	39.4085366848935	39.391593895372566	39.34546641638782	39.204635599445034	39.105590467640575	38.76151146657961	38.6085366848935	38.57112543866808	38.797225169346284	39.04852689137354	38.906063821105036	38.67891944829838	38.2420631682037	37.59053293071084	36.84772708724394	36.07332081939117	35.34272423080062	34.5374357300253	33.577017873173915	32.829641720395	32.26602464702521	31.785521913000895	31.667346772219048	31.647367991512283	31.358850893658698
Sin-CPnd_031-Ex1-3G-lcwgs-1-2.2	38.65241165428875	38.97314943279197	39.05688402840121	39.17375336652248	39.20803068636253	39.25308087815229	39.27332081939117	39.240349302211705	39.2765853260426	39.268815800212195	39.30452950297886	39.31575940585979	39.178976577164775	39.061160532114584	39.094752305557826	39.05818983106178	39.04284664980005	38.91925242797682	38.74238145760222	38.50851220109361	38.149775565167715	37.76678364482168	37.20757365543132	36.61496776299682	35.88528523626867	35.0110503550151	34.0380641475557	32.82265567616094	31.618966783644822	30.600310128131888	29.743377132130906	29.01728556271933	28.421251938300827	28.14605402758508	27.971762017465107	27.902032155390522	27.861846078511388	28.031665714518894
Sin-CPnd_032-Ex1-3E-lcwgs-1-2.1	39.23809523809524	38.925516621743036	39.307187780772686	39.34510332434861	39.359209344115	39.31680143755615	39.3151841868823	39.337825696316266	39.29254267744834	39.293513027852654	39.48564240790655	39.50539083557952	39.415417789757406	39.343683737646	39.344600179694524	39.271356693620845	39.12851752021563	38.97581311769991	38.547672955974846	38.31347708894879	38.28005390835579	38.6011859838275	38.938580413297395	38.898778077268645	38.745408805031445	38.509919137466305	38.13477088948787	37.5666846361186	36.845103324348614	36.150206648697214	35.4044204851752	34.38921832884097	33.40212039532794	32.668984725965856	32.01058400718778	31.420467205750224	31.3255525606469	30.98787061994609
Sin-CPnd_032-Ex1-3E-lcwgs-1-2.2	38.318149146451034	38.78050314465409	38.96100628930817	39.02021563342318	39.06774483378257	39.15256064690027	39.15238095238095	39.16163522012579	39.23845462713387	39.20267744833782	39.1833423180593	39.234627133872415	39.046648697214735	38.99051212938006	38.9478167115903	38.972938005390844	38.890278526504936	38.81502246181492	38.71146451033243	38.561617250673855	38.312345013477085	38.009326145552556	37.65723270440252	37.19583108715184	36.57522012578617	35.8678167115903	34.8696316262354	33.583288409703506	32.227978436657686	30.902120395327945	29.78098831985624	28.628499550763706	27.79734052111411	27.220682839173406	26.658867924528302	26.317268643306374	26.007421383647802	25.926145552560648
Sin-CPnd_033-Ex1-1B-lcwgs-1-2.1	38.96571634788885	38.55142547816673	39.12522555034283	39.31071815229159	39.28184770840852	39.19234933237099	39.086972212197765	39.24575965355467	39.240346445326594	39.28459040057741	39.48437387224829	39.52551425478167	39.416889209671595	39.394153735113676	39.273908336340675	39.006134969325146	38.684806928906525	38.53164922410682	36.82944785276074	35.64691447130999	35.21833273186575	36.6469866474197	38.32753518585348	38.46351497654276	38.23875857091303	37.699891735835436	36.89556116925298	35.82591122338506	34.70977986286539	34.291447130999636	33.80786719595814	33.16795380728979	33.00743413929989	33.00295922049802	33.16701551786359	33.26394803320101	33.68791050162396	33.83904727535186
Sin-CPnd_033-Ex1-1B-lcwgs-1-2.2	38.786358715265244	39.0	39.12414290869722	39.180440274269216	39.30783110790328	39.25009022013713	39.27318657524359	39.30710934680621	39.35618910140744	39.265824612053414	39.24944063514977	39.30025261638398	39.17878022374594	39.132804041862144	39.12854565138939	39.16174666185492	39.147239263803684	38.91699747383616	38.76513893901119	38.564056297365575	38.13099963911945	37.60981595092024	37.13763984121256	36.53980512450379	35.7878022374594	35.125297726452544	34.44662576687117	33.5868639480332	32.15438469866474	29.978130638758568	28.83118007939372	28.546373150487188	28.27672320461927	28.49916997473836	28.628148682785998	28.995308552868998	29.31916275712739	29.610249007578492
Sin-CPnd_034-Ex1-3C-lcwgs-1-2.1	39.27526608729616	38.974123620740166	39.36510106434918	39.32506591153208	39.37388926862611	39.405136217166294	39.33190118152524	39.36998340005859	39.34986817693584	39.32116004296455	39.512430426716136	39.51766429059662	39.4276730788009	39.40208963968363	39.36615564886242	39.354789571330926	39.239097744360905	39.14516160531198	38.936549165120596	38.87760960843668	38.85530709891613	39.010721609217846	39.08895615662533	38.99650424763207	38.809881847475836	38.44948735475051	37.95812908895616	37.195234840347624	36.34820818279466	35.591407089151446	34.697666243530904	33.709247143833615	32.76129284249585	32.10166975881261	31.654877453373693	31.330495068840936	31.416014061126845	31.4107997265892
Sin-CPnd_034-Ex1-3C-lcwgs-1-2.2	38.74016209354555	39.01874816912411	39.134557172151155	39.11922663802363	39.24187091104384	39.23855092276145	39.27194609901377	39.28991309442437	39.29518601699053	39.25198711063373	39.27219998047066	39.27606679035251	39.129733424470274	39.052221462747774	39.03552387462162	39.019978517722876	38.978713016307	38.91928522605214	38.814041597500236	38.60396445659603	38.304540572209746	37.98902450932526	37.5613709598672	37.05058099794942	36.391973440093736	35.670969631871884	34.814295478957135	33.773401035055166	32.78586075578557	32.07411385606874	31.269875988672982	30.516668294111906	30.0168733522117	29.774709501025292	29.57150668879992	29.549243237965037	29.42564202714579	29.412947954301337
Sin-CPnd_035-Ex1-12D-lcwgs-1-2.1	39.2215388430311	38.977874294130245	39.33063822272985	39.36055996182762	39.39438159610161	39.37751962158242	39.27726451283246	39.34720714154215	39.36962214599434	39.32106957818765	39.50173616720706	39.514892114171495	39.398158257595966	39.335872648509735	39.27775744755993	39.211534372053	38.82836328387706	38.75955230105087	38.20211676391357	38.05652218018418	37.982267875458845	38.444600072888214	38.86498322443934	38.751521071832464	38.45856305018391	37.95491751233276	37.2303109771905	36.29548581497666	35.344526057536605	34.53480261946716	33.66304905677391	32.71435860249999	31.786535217406005	31.088822179057036	30.85006443468427	30.89096449141685	31.1885858559293	31.19922903806343
Sin-CPnd_035-Ex1-12D-lcwgs-1-2.2	38.75335605141249	39.007164836320875	39.12382355040746	39.1745597589429	39.24987507561213	39.26508391537453	39.25533042030951	39.25037853028806	39.278669677375724	39.234738372639114	39.24525832109137	39.254741303196184	39.082170565935655	39.02073707267406	39.00205965562198	38.98815979801699	38.93108156341462	38.83488264621789	38.71844334819902	38.50123646965558	38.14776319596034	37.76162548232085	37.27112086293634	36.67783634717333	35.94930737410816	35.183276287660476	34.31960354822832	33.35550888372075	32.3225746822412	31.289150551733723	30.469219757966044	29.81422522458211	29.345959776225662	29.15919011425416	29.045283118112717	29.01882695060508	29.041372702988042	29.13776999635559
Sin-CPnd_038-Ex1-11C-lcwgs-1-2.1	39.19550660347125	38.94010491338742	39.33240002024053	39.35937051967548	39.4085212609847	39.40398400998532	39.29603454382917	39.359294617707086	39.374112368647424	39.32342503415588	39.51210889402398	39.533530116214344	39.43605680840657	39.38940577192302	39.346119722704806	39.296861031929424	39.13341204648574	39.07999055442171	38.68603235110564	38.43324843557609	38.38624150319632	38.69378278543357	38.97836287887732	38.87063605849512	38.62387201241419	38.166103867626965	37.46491136336802	36.39613237303287	35.27451717914552	34.50361293369541	33.65300656130349	32.80771332669894	32.13098318349722	31.94341423920927	31.91137854841702	31.97929225631251	32.32719989205053	32.429149729282976
Sin-CPnd_038-Ex1-11C-lcwgs-1-2.2	38.60496398873278	38.9926037748579	39.12175519085128	39.17052642231855	39.264307521041715	39.29002985477423	39.26310995665154	39.27501813213689	39.30886197648726	39.27640966822406	39.28403359927134	39.28914433180967	39.12099785787778	39.05457351527316	39.01796177914214	39.00654612309613	38.97141363199352	38.87888744581443	38.72236746672964	38.466280972219884	38.06728287820265	37.646335621637114	37.116376271357964	36.44413109113296	35.60523723581898	34.73046873682257	33.742398839543235	32.64437735085263	31.51036314875099	30.456946716818187	29.610580734393714	28.897582943984343	28.41732588931806	28.23896132373033	28.19148717256734	28.28241773069982	28.439619140789716	28.643699293268337
Sin-CPnd_039-Ex1-10F-lcwgs-1-2.1	39.2560042522835	38.94992376662797	39.364780182120825	39.37490733099271	39.4171853799779	39.38691583555972	39.315214502524796	39.380488453092	39.37277419535326	39.326439691709446	39.51844008336714	39.53502259025612	39.434472870711	39.38075841714342	39.33075212264481	39.28287196989831	38.97617042704676	38.86354366283868	38.366478297967575	38.22645367948413	38.16676364857115	38.61679232350925	38.95172679078486	38.78902938831461	38.43563245723238	37.84862849869214	37.0743841882195	36.12680057629632	35.18568071505504	34.36476759312361	33.48949378243415	32.525888573386865	31.54158845169322	30.879747101033693	30.62568435187646	30.703450784014773	31.012618371543265	31.062637255039096
Sin-CPnd_039-Ex1-10F-lcwgs-1-2.2	38.75948021429271	39.023268663188375	39.14082192164049	39.18272929459652	39.26578170678827	39.28824607293226	39.269334601558235	39.28803625631198	39.302828328041294	39.26701822607041	39.274512875746595	39.28507644318866	39.124784937964215	39.07227343301954	39.02843294960205	39.02962610678267	38.994995174217735	38.89035263179981	38.75754010994391	38.54169895511323	38.19429438670602	37.82999538403436	37.382427158663326	36.83614720734078	36.14829838720958	35.43686338140465	34.57653550796604	33.621626498440364	32.59706676364857	31.588959449441187	30.790782056482634	30.11531101817012	29.667513393294264	29.518323984837252	29.413534570785135	29.4107482060679	29.450225902561158	29.56026632723
Sin-CPnd_040-Ex1-11E-lcwgs-1-2.1	39.16633998533393	38.9362671622999	39.33941806140379	39.36590922717189	39.388028243715034	39.35496963016598	39.29844530432096	39.348854155617154	39.36032874134679	39.3113864970691	39.50672932798959	39.523607299828896	39.42664336083605	39.3883658400476	39.343983913442514	39.29800624460976	39.14284106684131	39.087307392529524	38.74034506772681	38.55630525718661	38.53043947478866	38.769520401057065	38.98380367758628	38.860942594787545	38.585816342060724	38.110037956527556	37.38387562434568	36.268512685228316	35.10290139143188	34.299887006691975	33.45125099733889	32.60215010123279	31.95844060010976	31.81049777011166	31.835336005202304	31.93371120755257	32.35385630018401	32.443099798456835
Sin-CPnd_040-Ex1-11E-lcwgs-1-2.2	38.64349919521093	39.01168212445867	39.150576265870946	39.19724942004455	39.27962845955531	39.31254871395168	39.30100956061745	39.29988423950892	39.32779589257795	39.29465610832599	39.30781683092973	39.314583515890554	39.149449099973715	39.07531257638578	39.03966941386451	38.99579111457521	38.957626125897605	38.87665466016686	38.74737555747208	38.45964755311839	38.022941792304465	37.536786470319655	36.95151803050358	36.27266530459767	35.442333288750945	34.66639302300912	33.806396804825965	32.90276210988484	32.02739880180974	31.2824067113413	30.66070369465057	30.08587860367943	29.75836035180121	29.672717881075698	29.68670691380686	29.808557052396612	29.95103192868047	30.143515337112074
Sin-CPnd_042-Ex1-10D-lcwgs-1-2.1	39.207403388804074	38.94229192162602	39.317810777053026	39.35919304576021	39.374194118166564	39.35708608268884	39.24830622878844	39.32975864548769	39.35280907381941	39.30514124222505	39.49780093614767	39.52245618904631	39.41405987812417	39.34606174537288	39.28244912378092	39.21279822359042	38.77500410037724	38.64638599058806	37.90280970464667	37.70742988354929	37.60493559253605	38.31524457173137	38.836628354423986	38.68593633691223	38.26193209775299	37.55396727268139	36.56332874932186	35.31188100074438	34.15452240067625	33.20183696900115	32.27188655202432	31.302658306102625	30.371524457173138	29.83069857811534	29.897730283493775	30.376043703713048	31.006631256229422	31.26750861079219
Sin-CPnd_042-Ex1-10D-lcwgs-1-2.2	38.83232611246388	39.09472502239437	39.204476350285766	39.25018609404373	39.29101323475606	39.34131540101689	39.31538840034822	39.31127540656817	39.327929246413746	39.28503299226606	39.294391945597454	39.30400575314467	39.15965481131956	39.11242098888482	39.09597910700093	39.07336521113789	39.02901300765825	38.90228485636063	38.73778781494051	38.438785783676714	37.97580398935164	37.46171761648226	36.84597216790098	36.12215086864914	35.23745095318001	34.40755478734813	33.527192440166026	32.67652691739947	31.672333177729275	30.610643317646765	29.897129735935703	29.388983232611245	29.09276693455798	29.01721653776763	29.064092050314787	29.22514477485775	29.41752690478294	29.636958907911836
Sin-CPnd_043-Ex1-1C-lcwgs-1-2.1	39.21938289254229	38.87791875148916	39.30515844650941	39.33395878008101	39.3949845127472	39.35650464617584	39.298248749106506	39.308672861567786	39.34208958780081	39.29502620919705	39.497009768882535	39.512925899451986	39.40695139385275	39.36409935668334	39.352710269239935	39.29970812485108	39.191339051703594	39.090588515606385	38.81585656421253	38.67133071241363	38.60713604955921	38.81211579699785	39.02769835596855	38.96035263283297	38.853252323087915	38.6294079104122	38.30600428877769	37.780021443888494	37.10695735048844	36.5034191088873	35.654205384798665	34.65030974505599	33.67703121277103	32.87475577793661	32.12427924708125	31.535430069096975	31.359751012628067	31.036216345008338
Sin-CPnd_043-Ex1-1C-lcwgs-1-2.2	38.45860138193948	38.800363354777225	38.96744698594234	39.042798427448176	39.150702883011675	39.167798427448176	39.141470097688824	39.162020490826784	39.20770788658566	39.170079818918275	39.19266142482726	39.20838694305456	39.02520848224923	38.97578031927567	38.933148677626875	38.93167738861091	38.88492375506315	38.79174410293067	38.71392661424827	38.59154157731713	38.36266976411723	38.11166309268525	37.78258875387181	37.378514415058376	36.84670002382654	36.184423397665	35.35249583035502	34.204455563497746	33.0319156540386	32.07981891827496	31.110698117703123	30.209250655229926	29.530658803907556	29.170055992375506	28.859840362163446	28.66059685489635	28.507475577793663	28.533893257088398
Sin-CPnd_044-Ex1-2C-lcwgs-1-2.1	38.77129700690714	38.61358403683806	38.96853415195702	39.006907137375286	39.141212586339215	39.21565617805065	39.012279355333845	39.14044512663085	39.20951650038373	39.075671527244815	39.244973138910204	39.28810437452034	39.11166538756716	38.91742133537989	38.84313123561013	38.88649270913277	38.69823484267076	38.62501918649271	38.2	38.086262471220266	37.95425940138143	38.181580966999235	38.258403683806605	37.98526477359939	37.298695318495774	36.28526477359939	34.82287029930929	33.3905602455871	32.03898695318496	31.324174980813506	30.77943207981581	30.084804297774365	29.33691481197237	29.65986185725249	30.436531082118186	31.28104374520338	32.18372985418266	32.41212586339217
Sin-CPnd_044-Ex1-2C-lcwgs-1-2.2	38.234458940905604	38.46392939370683	38.594781273983116	38.64466615502686	38.7567152724482	38.84574059861857	38.675364543361475	38.9224865694551	38.7567152724482	38.695471987720644	38.76799693016117	38.87229470452801	38.39892555640829	38.27528779739064	38.21795855717575	38.19079048349961	38.11818879508826	37.94827321565618	37.65295471987721	37.16285495011512	36.42885648503453	35.63837298541826	34.77498081350729	33.88188795088258	32.86838066001535	31.977743668457407	31.242670759785113	30.52287029930929	29.719263238679968	29.152110514198007	28.832847275518038	28.483499616270148	28.357789716039907	28.50821181887951	28.702609363008442	28.991250959324635	29.40138142747505	29.606293169608595
Sin-CPnd_045-Ex1-11H-lcwgs-1-2.1	39.25863884825622	38.956423640516334	39.34781533092104	39.33367721405292	39.39765750506839	39.340658505915265	39.27584982164395	39.33296738265712	39.352536761875434	39.30287915415609	39.49335088664768	39.51355588061693	39.406092129237564	39.36972412554212	39.349683475761545	39.31344214335206	39.19976338953473	39.12439510354916	38.94479482639156	38.864695152308364	38.85145399953807	38.96428013447276	39.07520938229784	39.00905381476635	38.896994585161806	38.69342335822619	38.37688567249211	37.85509451587241	37.14685913721867	36.486802371237204	35.632743500911026	34.68518182051479	33.719191828983504	32.97997823799626	32.30684332897067	31.76034921856956	31.598068006261705	31.403088767418584
Sin-CPnd_045-Ex1-11H-lcwgs-1-2.2	38.499112582441555	38.86044550517104	39.01162881412477	39.05931429158006	39.15719608899838	39.18091102727949	39.184352400749354	39.18827674699104	39.2238966304822	39.19915846742116	39.20970174763261	39.224851592373035	39.036216798829784	38.96397793004337	38.932838555700975	38.92400390073652	38.890620063130335	38.8259061256961	38.76028495906793	38.633080093412374	38.42521815895501	38.19169050735238	37.864946236559135	37.46079246541946	36.92348469217543	36.29678897528678	35.43895275489517	34.34791582621192	33.294755254446066	32.43635240074936	31.593219801370388	30.744469525495937	30.138491338825162	29.80961459696666	29.514178663997747	29.338395052223678	29.165542741293915	29.125524674724765
Sin-CPnd_049-Ex1-4C-lcwgs-1-2.1	39.24836272040302	38.96700251889169	39.34987405541562	39.38110831234257	39.42065491183879	39.416120906801005	39.3073047858942	39.346599496221664	39.34785894206549	39.31163727959698	39.48110831234257	39.510327455919395	39.397783375314866	39.36523929471033	39.304836272040305	39.259949622166246	39.02337531486146	38.99173803526448	38.600100755667505	38.36624685138539	38.35697732997481	38.751133501259446	38.85833753148616	38.59153652392947	38.02962216624685	37.18085642317381	36.100554156171285	34.68090680100756	33.54216624685138	32.76639798488665	31.941662468513858	31.059093198992446	30.311032745591937	30.244433249370275	30.773148614609575	31.38448362720403	31.946649874055414	32.26549118387909
Sin-CPnd_049-Ex1-4C-lcwgs-1-2.2	38.835264483627206	39.07254408060454	39.18337531486146	39.191687657430734	39.26146095717884	39.29823677581864	39.25541561712846	39.297229219143574	39.329471032745595	39.261712846347606	39.284130982367756	39.30458438287153	39.115465994962214	39.084332493702775	39.04584382871536	39.064785894206544	39.011284634760706	38.80977329974811	38.544231738035265	38.115113350125945	37.54629722921915	36.86891687657431	36.16025188916877	35.283677581863984	34.48554156171285	33.60463476070529	32.805340050377836	31.896372795969775	31.105793450881613	30.436120906801005	29.821360201511332	29.364130982367755	29.003627204030227	29.185188916876577	29.179748110831234	29.43546599496222	29.657833753148616	29.884130982367758
Sin-CPnd_050-Ex1-9B-lcwgs-1-2.1	39.18969664863175	38.90111770172041	39.31694269064761	39.38609777067575	39.36498562706801	39.37288856852545	39.28899580536184	39.3411117962257	39.3649508888638	39.33185232789391	39.519674850408606	39.5215715563584	39.40884087297107	39.355462148384234	39.243994198719896	39.132415086802084	38.77525945096268	38.626550409476586	37.59016040365793	37.01352358289838	36.968384760349814	37.774582055980616	38.722473012757604	38.635462495766276	38.258365393800965	37.572164276967705	36.596142322422644	35.316626572989314	34.23557886875038	33.51940562932599	32.82056849071187	32.09201108148714	31.544670725246856	31.628351585364793	32.04050127228673	32.51187959738421	33.078914778500526	33.29415442868681
Sin-CPnd_050-Ex1-9B-lcwgs-1-2.2	38.871546805387894	39.125057535150724	39.212962560900415	39.279277792734504	39.34766863227006	39.36746072411787	39.339982804588914	39.35133351281406	39.377187421296256	39.31631913988206	39.30875142209523	39.32987919789487	39.1775452247996	39.11659009787489	39.00546084570158	38.95254587614094	38.94962786698741	38.861274718403436	38.708120923688845	38.37750180204434	37.86834567987008	37.255716605730065	36.58636178102773	35.77718047365541	34.87810190452205	34.055021841645896	33.239047478440604	32.460011984680456	31.405485162444528	30.067713444553483	29.342876496999487	28.978955595890472	28.81746636907605	28.91053696579155	29.109119647059845	29.41333773350587	29.718993981606122	30.031125430970846
Sin-CPnd_051-Ex1-12G-lcwgs-1-2.1	39.17606905308281	38.90585188377773	39.30102779751574	39.355931676898045	39.379423082150026	39.3695761063287	39.25877433107738	39.356358793357174	39.34557992707957	39.304002081222016	39.49565467245992	39.508059687583724	39.3980593381248	39.33184075545253	39.190193406098444	39.16064937233295	38.505766460485894	38.44021883894216	37.51434373556056	37.28181376945806	37.13970047487585	37.93494162094579	38.702078504005186	38.59417024862061	38.201470057194776	37.52617719120451	36.57728749985439	35.41767407907867	34.34646599958842	33.42600517975778	32.59179082165558	31.72876862324834	30.869245673504413	30.336636108425456	30.416304976683325	30.837055070843086	31.362613331469554	31.571889524386407
Sin-CPnd_051-Ex1-12G-lcwgs-1-2.2	38.79015768363096	39.05908573780486	39.174632388629384	39.23511984499555	39.27107528510024	39.31393448033517	39.29701290279994	39.30328763187221	39.31802703258899	39.26905618911163	39.26599803526429	39.2851514904423	39.12300099789936	39.057739156095536	39.02995173584012	39.01722366535814	38.963810810705866	38.848119716860616	38.69699659471696	38.409418306211435	37.95652886336544	37.448114280832954	36.825123766701225	36.09224783626685	35.18863870218722	34.3286917422857	33.434067585355336	32.545393548988315	31.48587292897053	30.261663968067218	29.469393999402037	28.956122714441584	28.657928640488315	28.613828477795767	28.648078558365466	28.77628028158623	28.963531243568987	29.179074399804303
Sin-CPnd_053-Ex1-9G-lcwgs-1-2.1	39.192252759143045	38.87782586741687	39.288407992498016	39.362057274760154	39.381071918055255	39.36491379932193	39.25212435980668	39.345343720695375	39.3522758421698	39.30650941354685	39.502537690254634	39.51918055254995	39.407224987376466	39.34896919858617	39.274835172762025	39.198239919209406	38.87042775733968	38.72774724085696	37.88244680083676	37.44062324172257	37.404910913943596	38.07125874630311	38.818613575705115	38.72505229748251	38.37246483445142	37.710623963067164	36.78211353963788	35.53200173122701	34.42830988963428	33.670289259179114	32.900328933131355	32.08207314434105	31.468162735338673	31.456602466998483	31.78487196133593	32.20080934862584	32.755035706557024	32.96733751713193
Sin-CPnd_053-Ex1-9G-lcwgs-1-2.2	38.869241866839786	39.13476159561422	39.23171030801414	39.279600375099186	39.3367597201183	39.371636730866335	39.34363413402583	39.35121546562793	39.36414196061459	39.33087066291568	39.323473995527664	39.33555940272668	39.19632402798817	39.13673519440236	39.12224626704177	39.10230830267619	39.05171319339248	38.89737142032749	38.72203419173339	38.378469306787856	37.882937315155445	37.28648344514174	36.61214744283345	35.78741975041478	34.84332539854288	33.94342061602827	33.0584563225853	32.208643150833154	31.18910192599004	30.01339392627858	29.31468657577725	28.890447954988097	28.688343071485253	28.735500252470608	28.842406405539926	29.103358580393852	29.349185601962056	29.621452787996827
Sin-CPnd_058-Ex1-9D-lcwgs-1-2.1	39.20595927095307	38.935924786290464	39.30681310517571	39.364377895682644	39.3896365306522	39.37666588026242	39.25932767456919	39.33123848628896	39.33899879027603	39.31193309875063	39.50358148570166	39.51382749637334	39.39971789839323	39.3562903136749	39.304146692835516	39.20954326645551	38.95526029143807	38.81404283727958	38.16588176830523	37.836664173597896	37.805263554179064	38.324946917713675	38.87813511763436	38.76682244163459	38.410394590877374	37.76946174812643	36.85204724448973	35.602660388818336	34.44268066800858	33.638450147827264	32.81209523188049	31.997090638945075	31.311587750164392	31.225997520316838	31.52186689020625	31.948306135458967	32.555186001335215	32.785467249609724
Sin-CPnd_058-Ex1-9D-lcwgs-1-2.2	38.881572540771714	39.124240157816274	39.195297637273555	39.259066655288905	39.319914265205625	39.33929996636867	39.33443095287096	39.34017337703733	39.363675151466474	39.309604003634185	39.314171841039254	39.3135032301136	39.16400945692931	39.11186985177117	39.10038901911967	39.08541454379351	39.02388226022619	38.88157254077172	38.6950923355704	38.36959326168689	37.86698658260507	37.28541153203258	36.642197782340034	35.85581495740868	34.9314372625101	34.06790717752825	33.16903508199519	32.329803884167674	31.364905957765075	30.375570603205524	29.731913120736476	29.264614318915363	29.025249599686777	29.03414232578218	29.126448782495647	29.330748573178262	29.574550620171767	29.821974811639453
Sin-CPnd_061-Ex1-9A-lcwgs-1-2.1	39.21237854168368	38.932337171007866	39.32458742730646	39.372209067073115	39.36474238589042	39.34964571822578	39.273273273273276	39.34434736851655	39.36527766437132	39.310686517333046	39.50888290102792	39.51803344129628	39.40589169229652	39.354791649655695	39.303419431516105	39.223452455476625	38.99241356159785	38.86986200702213	38.28637217277701	37.99707139163332	37.9647696034403	38.407149143100796	38.89011004962667	38.758841621077266	38.4222421817588	37.79939032688277	36.90136541375212	35.70269000117943	34.59743247779502	33.83480217377498	33.025230668735205	32.17950699944657	31.495930976293515	31.38801157653121	31.624844179526956	31.959304319425165	32.48026818359145	32.6767915952206
Sin-CPnd_061-Ex1-9A-lcwgs-1-2.2	38.774874572457655	39.0716547363073	39.16795950028578	39.226676827885285	39.28694555582773	39.32325376736253	39.29687996153253	39.30025493771717	39.34007421318599	39.28476270832766	39.29925333188173	39.30313092548742	39.1465646915798	39.09500920860438	39.08061293922321	39.05807862242907	39.00141349809023	38.86037941264527	38.68802518530616	38.35467370693957	37.83499995463742	37.25553105976067	36.59639095288643	35.81294103771445	34.876978489063085	33.950066682997196	32.90293133012166	31.84678696823712	30.689765293994903	29.497284595774023	28.678900048084337	27.992947025575425	27.59530769440135	27.485379639458188	27.47537446812371	27.648472641826118	27.873601698375115	28.129355942044764
Sin-CPnd_062-Ex1-11D-lcwgs-1-2.1	39.18616521843044	38.956322447376955	39.34015057104324	39.36417877323864	39.38789968759069	39.35947556208068	39.2566536353859	39.32619458149103	39.365706676681974	39.30416033596804	39.500339723782375	39.518947709851986	39.41444082148284	39.372844290421156	39.32529661812657	39.27394028372911	39.10954640900012	39.04460112330778	38.664805299008144	38.425098588183076	38.391436912098605	38.68357546477286	38.966167608447	38.87900882598972	38.65460163545419	38.252387455827375	37.59717295184117	36.5710756781672	35.41631357017259	34.61613773324001	33.73677723338511	32.856452191133044	32.07596496918586	31.77373713232156	31.70467931099237	31.807475630366866	32.147484507571235	32.201512539051166
Sin-CPnd_062-Ex1-11D-lcwgs-1-2.2	38.689929494511496	39.032000614575686	39.16023353876095	39.20202468545675	39.28613619680079	39.31851238540724	39.292555098417466	39.30027143759496	39.32907967290916	39.293741570923736	39.30247025282961	39.306642538880446	39.14348293698892	39.086231797463164	39.074418287040984	39.051566314423745	39.003940113013634	38.90029875206993	38.77833962135309	38.505756525598784	38.094426139952546	37.63220547313792	37.05575225771207	36.363856121003124	35.533747033818734	34.70975809618109	33.80811752052854	32.88399883913481	31.92808440172764	31.099119108182396	30.410036362394795	29.841209006948123	29.44024617170562	29.306958362497227	29.26555986137904	29.32104409580552	29.459158031309222	29.626926950851015
Sin-CPnd_063-Ex1-9F-lcwgs-1-2.1	39.21215645811837	38.93570021573961	39.34684363568146	39.36078229059188	39.4221180001876	39.39176437482413	39.30458681174374	39.35248100553419	39.34851327267611	39.32208798424163	39.51586155144921	39.52229059187694	39.41765688021762	39.360656598818125	39.30441797204765	39.23221836600694	38.98794109370603	38.869098583622545	38.24147453334584	37.923637557452395	37.8965481662133	38.377013413375856	38.89760060031892	38.73252978144639	38.32277459900572	37.593685395366286	36.569972798048966	35.25718600506519	34.12077666260201	33.35772629209267	32.58553606603508	31.776655098020825	31.156611950098487	31.192085170246695	31.645027670950192	32.15149985930025	32.77527811649939	33.02323421817841
Sin-CPnd_063-Ex1-9F-lcwgs-1-2.2	38.87803207954226	39.1432417221649	39.236234874777224	39.278510458681176	39.33201388237501	39.37095957227277	39.36452490385517	39.35417878247819	39.38033017540568	39.333702279335895	39.33505862489447	39.33928712128318	39.1923365537942	39.129520682862776	39.09244536159835	39.097202889034804	39.04678923177938	38.90973079448457	38.699581652753025	38.378459806772355	37.882637651252224	37.35153550323609	36.75442078604258	36.00778913797954	35.15311134039958	34.3174130006566	33.47507550886408	32.596686989963416	31.67171935090517	30.675523872057035	30.032454741581468	29.56382890910796	29.35373979926836	29.37725729293687	29.520026263952722	29.749104211612423	30.00052152706125	30.274251946346496
Sin-CPnd_065-Ex1-11B-lcwgs-1-2.1	39.173790793436176	38.89435191444902	39.33733329236064	39.3926080142585	39.37745067912236	39.37574519083031	39.30303914940692	39.34195808493639	39.37226507282896	39.32142462049045	39.5123870690185	39.53636070309139	39.43238123040992	39.37971851760802	39.29200725216643	39.19681027595108	38.96667844631553	38.94049228689079	38.197163665416994	37.65033495175466	37.57309323335996	38.2082355110319	38.84830833999139	38.784993239505866	38.543316329666276	38.07515364759388	37.35077745682503	36.247781328744395	35.10671132690062	34.35604449634319	33.57859381722083	32.798067113269006	32.21943334767377	32.10959682871366	32.204045541146826	32.37944809784279	32.79758773277611	32.93233359965583
Sin-CPnd_065-Ex1-11B-lcwgs-1-2.2	38.75694487124331	39.097650728289594	39.20797738307418	39.2456901849917	39.323919857415035	39.33440630569725	39.31115942474341	39.32353573843034	39.35237539180137	39.30346475324196	39.303996373916775	39.31786767869215	39.15588162989368	39.08932456517731	38.99295525782067	38.9689985249831	38.96894935775306	38.898220760862884	38.76984205027349	38.49285077745683	38.05427601253764	37.55768698912175	36.95178384856493	36.225015364759386	35.380520558048055	34.591312765042105	33.759539979103934	32.94824841742979	31.91585643168828	30.762150451723926	30.060617048737015	29.56767408272386	29.304256038350438	29.297132935898226	29.388161452891648	29.55486601929814	29.76323827668859	29.95577254010202
Sin-CPnd_067-Ex1-9C-lcwgs-1-2.1	39.21344935439891	38.95362498997514	39.333978266099926	39.36568690352073	39.41952041061833	39.40951559868474	39.31443981073061	39.36991739513995	39.371340925495225	39.32483960221349	39.52130483599326	39.52526064640308	39.42563357125671	39.3706873045152	39.30130924693239	39.21465434277007	38.971657711123584	38.840584649931834	38.18419680808405	37.85387561151656	37.8214732536691	38.327251583928145	38.873784986767184	38.736131606383836	38.345773518325444	37.64002325767904	36.65071778009464	35.356309647926864	34.2272936883471	33.46659315101452	32.70119095356484	31.893868794610636	31.272026626032563	31.30641591146042	31.709651936803272	32.177548319833186	32.76173309808324	32.99511789237309
Sin-CPnd_067-Ex1-9C-lcwgs-1-2.2	38.84454447028631	39.11447389526025	39.22077752827011	39.25860133130163	39.30556780816425	39.351351351351354	39.311672948913305	39.326650092228725	39.348905285107065	39.30232977784907	39.30151575908253	39.313319031197366	39.161001283182294	39.103985884994785	39.050102253588896	39.04649330339242	39.015307963750104	38.879497152939294	38.67725960381747	38.352937284465476	37.89156107145721	37.36101331301627	36.75413826289197	35.98644438206753	35.029386879461065	34.09557302109231	33.106379821958456	32.06041583126152	30.890823241639264	29.64971328895661	28.798383992300906	28.187831822920845	27.827568369556502	27.82878939770631	27.90876373406047	28.15285708557222	28.472287272435644	28.800264656347743
Sin-CPnd_074-Ex1-12A-lcwgs-1-2.1	39.173301339239934	38.93300723968908	39.31158350253287	39.366158042617776	39.37387969400521	39.34563875387108	39.29723743308928	39.34311614266084	39.36368670399311	39.31655489243011	39.49401751471523	39.50808261038988	39.38379581205522	39.31543099735434	39.20658545089112	39.159072171291456	38.697180007793435	38.63609590024406	37.961779363809754	37.7828749564183	37.68869542033266	38.23771406304478	38.74204557107406	38.57986628109683	38.16915646342214	37.46484956623392	36.502471338624666	35.27468569905044	34.13383580467196	33.22741237515125	32.36917287064952	31.448938657478617	30.57426731475215	30.0371808281548	30.14142004553006	30.612736110256566	31.221157119711233	31.44606123997621
Sin-CPnd_074-Ex1-12A-lcwgs-1-2.2	38.72144629709387	39.01088004265879	39.10659570540823	39.164718308414855	39.227906642876185	39.25131770544925	39.240068500174324	39.24661088209356	39.27315982690375	39.227106790541235	39.24169691749215	39.244256444964	39.06381796181218	38.99862794561004	38.98509198301851	38.97301421276072	38.90694846079698	38.78140445866404	38.611622469697906	38.31079185381161	37.84876638159109	37.29510654443282	36.649685186324575	35.880506162964785	34.959962263377015	34.03951475625013	33.00558461002071	31.942939764966468	30.756615188990747	29.52687503845444	28.636284583358968	27.91098463873336	27.451172091306223	27.264986976763264	27.21981787977604	27.34463791300068	27.528966959945855	27.788818474538033
Sin-CPnd_075-Ex1-11G-lcwgs-1-2.1	39.163861149465255	38.906821167919816	39.31563656544517	39.36192007702775	39.38508857856395	39.36498915125722	39.25585313911465	39.347911993126345	39.351689829596175	39.2996974387606	39.50272572572908	39.52467462129697	39.4252285925386	39.363405803158	39.297497601241005	39.24804873074724	39.03514056560564	38.99058616643209	38.379409788274	37.96393470026378	37.90837710163049	38.4089651736969	38.90598402610385	38.83713780410748	38.60685827764089	38.146835476893344	37.42663943058309	36.34202324873877	35.173370599071255	34.37053956197156	33.53101737470455	32.692067546378794	32.0569604129543	31.86936709537867	31.89721342770124	32.08923182877374	32.52248615071896	32.668596817925
Sin-CPnd_075-Ex1-11G-lcwgs-1-2.2	38.74514313988359	39.06771019648093	39.19427774787455	39.23912367566773	39.31361057526754	39.34475599522588	39.326863091874976	39.337133457923926	39.372879146008366	39.31437015442325	39.318895534463564	39.331873907185575	39.174324084877625	39.114690434718646	39.1004189052298	39.08206196320454	39.04241674551089	38.9177441301448	38.773533748115256	38.4891636271242	38.04931781634365	37.53906383206346	36.90622072594638	36.164178755186164	35.262159785766585	34.39300598770364	33.48676520244858	32.57480617692978	31.56783957902197	30.53978262395817	29.857846365754746	29.35203752428012	29.049119229187635	28.99558895801921	29.03288857388345	29.16257200456015	29.336051592541953	29.551781433772522
Sin-CPnd_076-Ex1-10E-lcwgs-1-2.1	39.26692062129463	38.998289830190195	39.358290634975994	39.36896745982778	39.37885291198326	39.35924296483086	39.31744775598895	39.360181881589185	39.38083134372401	39.320518013788664	39.50454703972959	39.52134157791668	39.42014244708533	39.36928132628699	39.32549427260777	39.26777369423505	38.99244708533412	38.88218740778497	38.43847815006572	38.32814604179521	38.27050460069212	38.66789575341364	38.97182042546342	38.81394291386109	38.46704670440217	37.89433162539903	37.11865493467822	36.132827212490284	35.141889100517744	34.28529388094536	33.38158113582101	32.414930117766986	31.407245754754946	30.71496499181801	30.48242213697454	30.59817313625023	30.917308259784853	30.97222147705019
Sin-CPnd_076-Ex1-10E-lcwgs-1-2.2	38.84543418193524	39.055865547120206	39.16657724602302	39.1987284384473	39.26659870697749	39.2980792445744	39.275055664350674	39.28687260240899	39.30587225366848	39.27379617458486	39.28525498296536	39.291215763071065	39.12799581511388	39.068751508973364	39.03524827641709	38.97053410950452	38.938737022829095	38.87225769241087	38.774981892319666	38.55091745580385	38.196280548327394	37.79865198379698	37.30027765109853	36.700835635914906	35.96867237170373	35.22910641950801	34.36812511736459	33.40913297743917	32.44841054805913	31.547833784907585	30.864115942806556	30.252810043726697	29.86050111328701	29.7391635592993	29.667734796255065	29.711075193819248	29.765985728465274	29.870181345065323
Sin-CPnd_079-Ex1-9H-lcwgs-1-2.1	39.158453948137584	38.92029836088573	39.32206607898613	39.32937077653331	39.408852620010755	39.354474244160215	39.26004629737882	39.331680968971405	39.3354221713003	39.29584025066056	39.48911263357262	39.502182523908616	39.38262492108401	39.33341127504852	39.28344751794608	39.2055145322328	38.974869408656204	38.846484438936564	38.30245750227979	38.03080505997615	38.00850562349475	38.42525311572007	38.84540136086235	38.67977272195852	38.275915542357424	37.55453877990039	36.560667804615704	35.23680781911287	34.09818598452078	33.32020108962517	32.519204059204526	31.680630392592416	31.023093506675707	30.99878130334136	31.387864474945637	31.84462786728085	32.45970210676457	32.67387471648701
Sin-CPnd_079-Ex1-9H-lcwgs-1-2.2	38.782715645240486	39.08273201300068	39.190768583253444	39.24089134145486	39.312198657843666	39.33774171674422	39.3181004045175	39.32153295765426	39.35858021371618	39.30148198377253	39.2945701124699	39.30757453176515	39.14957981621343	39.076370098440385	39.010650267729794	39.00925854046344	38.97522669347862	38.85054177286226	38.664387027380926	38.32450627820516	37.789562980802955	37.20648724483831	36.517395187878506	35.72115509621905	34.81556714289054	34.01552598966494	33.18345079149812	32.361877148268526	31.478809362358827	30.63850351906844	30.053465522482288	29.606277737507895	29.38324221946828	29.4095185540253	29.509475997848806	29.736589426426917	29.988224565669793	30.249107957069704
Sin-CPnd_080-Ex1-2E-lcwgs-1-2.1	39.29553232818426	38.94866339839053	39.326611784293775	39.37785588752197	39.411340301544726	39.36509111090556	39.28110258070484	39.371011007307374	39.415780223846085	39.335824623069094	39.48319304412173	39.51719544907964	39.45485154009805	39.29494033854407	39.279178614374246	39.217389695680325	39.032836925353806	38.843178244380724	38.33969105540653	38.01121080381093	37.900989732679676	38.32526130792711	38.79811303302193	38.74498196281566	38.64049579132366	38.35323281842568	37.88829895476829	37.2502821200629	36.521172879474605	35.92770326519286	35.13784108778096	34.31800943483489	33.37744889464435	32.735140135047644	32.08939043566737	31.573693460364446	31.495069836277867	31.43760984182777
Sin-CPnd_080-Ex1-2E-lcwgs-1-2.2	38.6269540283045	38.94422347608917	39.07612616779206	39.13606511886042	39.22116362963648	39.149014892239386	39.23374340949034	39.20858384978263	39.268707797613544	39.248210156322266	39.25165109610582	39.269706780131344	39.12318934418647	39.02081213578763	38.989362686152994	39.012228286005	38.94807140875035	38.87669965775599	38.78483026547035	38.605901396725564	38.318379428360004	37.931255203033956	37.53750809360836	37.07620016649709	36.43074646193692	35.6564980112848	34.70683563037647	33.44989362686153	32.08868744796966	30.632984922763853	29.514901489223938	28.41772268985293	27.648802145962446	27.1343631486449	26.61744519470909	26.30250670613264	26.03389140690038	25.89103690685413
Sin-CPnd_081-Ex1-10G-lcwgs-1-2.1	39.218040484345224	38.89937197529813	39.313868278531245	39.36094721056182	39.38617297856596	39.374712673787336	39.25456938723388	39.35877302702667	39.357751422714976	39.30049835953923	39.506389611070006	39.52771494620205	39.42822640323246	39.350646033752234	39.29337070484149	39.23412682300705	38.77764520206154	38.6518254628326	37.89848789464378	37.701209553310065	37.5944270175048	38.30166534600298	38.865589616309	38.74693813400044	38.39051872613801	37.8129206750447	37.010246167346644	35.994267228112456	35.00620166207163	34.161452773721194	33.28973353154203	32.32988781998808	31.3360213751056	30.70682837702438	30.527210692791794	30.703792378569887	31.050265551633583	31.176108866346652
Sin-CPnd_081-Ex1-10G-lcwgs-1-2.2	38.78145526224452	39.053450861487484	39.164340770525406	39.20532282041375	39.264968795227276	39.31496191904441	39.27907479322336	39.29919253966903	39.32781055788764	39.27479191360895	39.2807565110903	39.3009737984689	39.1448765888894	39.089873674697614	39.06403363435734	39.04860348000341	39.000110018925874	38.8876641279363	38.76387319009044	38.520826975592826	38.138648731835424	37.69883759765817	37.153961008768775	36.5078146181099	35.7189527246056	34.92351327103294	34.043718115794924	33.11115971735614	32.044865456021896	30.898364778226732	30.09108388288223	29.48663073588254	29.103860485523995	28.975562700964627	28.928355413520542	28.991487940485	29.08096607094911	29.217300476093804
Sin-CPnd_085-Ex1-4H-lcwgs-1-2.1	39.159589827900554	38.8939686153003	39.327526426170074	39.30418287015081	39.37978859063939	39.321255809541874	39.24664074109204	39.321550897383204	39.32831684003077	39.28622677500606	39.487133116233	39.51245586855945	39.402952986183564	39.3736465479992	39.35408433188951	39.29733050892114	39.12675076670144	39.07252205254672	38.81674623499531	38.7029603633796	38.6970396366204	38.87712963841201	39.03217300578583	38.95556187886645	38.84491236944997	38.65806274832168	38.41294170961249	38.04825740090845	37.49487706429753	36.90441261711299	36.06727581228198	35.0594159368512	33.90274747857978	32.90721805937589	31.97195190068186	31.16705765805643	30.7832516572344	30.42110088842518
Sin-CPnd_085-Ex1-4H-lcwgs-1-2.2	38.24992886275254	38.72663273156491	38.90639392119047	38.980313425442894	39.085701940202554	39.115200185483786	39.11133242699211	39.11529503514707	39.1472909882281	39.1294002339625	39.1489160791257	39.17165892061083	38.97397746793554	38.89792490014438	38.87802333301717	38.85615310843424	38.820936482342155	38.75029245312846	38.699210640024454	38.6096493724114	38.46561067374877	38.29238567980862	38.047285718802364	37.74114894558791	37.29415620685658	36.70410277487959	35.84701803197488	34.639575495062545	33.437602622066244	32.39519428372696	31.390479201576614	30.375499278088675	29.673438932625125	29.236205170360535	28.82119995362906	28.58278162445857	28.30035937483533	28.204780423029497
Sin-CPnd_088-Ex1-2D-lcwgs-1-2.1	39.08349420849421	38.822876447876446	39.1722972972973	39.27726833976834	39.25241312741313	39.29150579150579	39.121138996138995	39.263513513513516	39.232142857142854	39.175193050193045	39.37471042471042	39.3957528957529	39.220415057915055	39.14362934362934	39.03624517374517	39.00574324324324	38.89855212355212	38.74295366795367	38.433397683397686	38.246138996139	38.22422779922779	38.35704633204633	38.47065637065637	38.20357142857142	37.54367760617761	36.52089768339768	35.10028957528958	33.297586872586876	31.907818532818528	31.238127413127415	30.598938223938223	29.862789575289575	29.42895752895753	29.824662162162163	30.676833976833972	31.740057915057918	32.697200772200766	33.00675675675676
Sin-CPnd_088-Ex1-2D-lcwgs-1-2.2	38.56105212355212	38.7386583011583	38.828426640926644	38.79488416988417	38.95366795366795	39.02871621621622	38.98021235521235	38.94208494208494	39.10086872586873	38.996476833976836	38.99937258687259	39.040299227799224	38.68542471042471	38.57355212355212	38.53947876447877	38.54855212355212	38.49507722007722	38.37128378378378	38.031370656370655	37.4574806949807	36.69874517374518	35.71081081081081	34.82244208494209	33.89140926640927	32.682384169884166	31.65550193050193	30.601303088803085	29.637934362934363	28.810714285714283	28.085472972972973	27.589671814671817	27.247393822393825	27.10299227799228	27.33233590733591	27.719980694980695	28.26872586872587	28.80260617760618	29.41650579150579
Sin-CPnd_089-Ex1-9E-lcwgs-1-2.1	39.214186802100556	38.95009071973548	39.34355736440948	39.35995212759836	39.36330473008481	39.36028968940478	39.30433114813209	39.34402534782292	39.35449743568105	39.315007307445924	39.49814686240136	39.51195774339932	39.40344236323952	39.348556347888135	39.31537555668929	39.23994123355825	39.033287430042236	38.91111307169736	38.4267333606963	38.19013015309195	38.16859524421446	38.54639441795522	38.92151304407867	38.79526646285094	38.46556370903707	37.88112454112692	37.050743978549484	35.95476825231211	34.95944425051689	34.21598892183526	33.43480645817111	32.6235671843893	31.910299087432342	31.724612475210307	31.841361294702967	32.08861764604343	32.483859558944815	32.60595412995362
Sin-CPnd_089-Ex1-9E-lcwgs-1-2.2	38.786749164726324	39.05564015911436	39.171761420521456	39.217071421173564	39.279090731243265	39.31566248422474	39.30491420943409	39.30740756368602	39.327853068551896	39.284778647681364	39.297658164967984	39.30501394360416	39.14059832830187	39.07159302321121	39.03319383335955	38.955941279589396	38.91824483204382	38.8436958414687	38.7120605463131	38.42798694249558	37.995352387674394	37.528312612920175	36.95359675940666	36.29342560022709	35.48770392760834	34.714159567000266	33.876648778448214	32.983421879375356	32.034692147468476	31.122040100808228	30.465009800800175	29.918406708273714	29.618690183472513	29.563205763100655	29.59531249400636	29.72613764082657	29.883857257387042	30.052928156874177
Sin-CPnd_090-Ex1-12F-lcwgs-1-2.1	39.23088746677949	38.96137000700771	39.367709669315495	39.35676343033941	39.43347965781227	39.40459930451799	39.3306977297669	39.37469589189618	39.37697670267483	39.33272732080761	39.51366503153469	39.5275816133596	39.416905766154095	39.371484245878015	39.32663458105803	39.286248033213894	39.0917682564028	39.00114800809192	38.73170095595721	38.65477813330513	38.61662711057635	38.808039362166305	38.988542396636305	38.92721635308273	38.795969906519815	38.590521743729425	38.301148338644204	37.86872942312014	37.29538218455396	36.6698665229866	35.84942748343933	34.87855806481469	33.78239842128228	32.81246644894289	31.968271938755272	31.305510967724878	30.989680488159614	30.68666783461808
Sin-CPnd_090-Ex1-12F-lcwgs-1-2.2	38.282443706945564	38.75419636128043	38.9457679390726	38.99821667041292	39.10101512607264	39.13920713728498	39.13179780777723	39.14358695508456	39.1781809046555	39.15118569105262	39.16365775938438	39.175623091060544	38.96754935145641	38.89420145178565	38.85679946053867	38.84950251880842	38.814299691925264	38.75055565839404	38.694096336158445	38.60782846980736	38.45097909587339	38.28975453187185	38.045060226626646	37.737985746585395	37.290282754426094	36.71679932831775	35.876471949332945	34.73224768943951	33.5428567650831	32.51472742658433	31.507795745130966	30.515509513294813	29.76311664529095	29.331431225291215	28.923801086855917	28.66510062011609	28.398242122939006	28.32880531792519
Sin-CPnd_092-Ex1-11F-lcwgs-1-2.1	39.19762093800063	38.92753350841175	39.343888150260504	39.366889507979536	39.426281494148654	39.39196737715931	39.31527739280362	39.347561978229514	39.3853995875165	39.32099578590321	39.51059349704262	39.53437847944864	39.438174924949614	39.387060796685105	39.3424655989702	39.29449724462902	39.12729015254373	39.08365522392968	38.67238756536078	38.40833423378136	38.3749033388613	38.68339589489658	38.97810266986757	38.84584486298313	38.55142184659184	38.00972108034971	37.20606792353552	35.97489206368594	34.73486707038059	33.908062220175985	33.042869156288035	32.20836711970948	31.631414517727865	31.591864960983195	31.743371371390186	32.02279088777912	32.530245188084024	32.68372663337358
Sin-CPnd_092-Ex1-11F-lcwgs-1-2.2	38.78416965380514	39.10565309104234	39.21413906989199	39.270787430058675	39.33345861305947	39.36497272816962	39.3287324353909	39.35085057104065	39.37025326862636	39.333167337696196	39.33728841428753	39.34648519898335	39.18594737311904	39.12277444481507	39.09239160563195	39.094402345236475	39.04838271703538	38.93289861268363	38.75825554245338	38.45908003965103	38.01420484174822	37.517072964478494	36.93788975697299	36.23610029268476	35.390266704876986	34.557640105798725	33.70586637977609	32.79986469789577	31.900481543947347	31.109911348933792	30.490849725402494	29.962498766777692	29.655000305369335	29.619391422410352	29.6476789581738	29.83248284059251	30.0260682054149	30.24567667495079
Sin-CPnd_093-Ex1-10C-lcwgs-1-2.1	39.23728583619614	38.95815846480383	39.32705192446555	39.37300277893263	39.411478961073065	39.408205509726265	39.30074177807926	39.359094986980594	39.3762499726483	39.329964771011575	39.51948535042997	39.53649679438087	39.433988752981335	39.3859442900593	39.33356031596683	39.272793155510826	38.95650948556924	38.83049211176998	38.282441084440165	38.13828493906042	38.05266755650861	38.5617084965318	38.941735191790116	38.77123564035798	38.38432069320146	37.755830288177506	36.93733616332246	35.90783746526334	34.92015667053238	34.0956863088335	33.26071814621124	32.32081048554736	31.34888952101705	30.715460930833025	30.571805430953372	30.779429771777423	31.146381917244703	31.215413229469814
Sin-CPnd_093-Ex1-10C-lcwgs-1-2.2	38.70495612787467	39.00164985448896	39.10474606682567	39.15900308527166	39.244104067744686	39.2712019430647	39.2556924356141	39.25384564889171	39.28562613509551	39.245760049014244	39.2550570009409	39.27202993369948	39.11147327191966	39.049965646265946	39.01200411369554	39.00293997943152	38.970219470033484	38.86857442944356	38.723660313778694	38.49822629701757	38.1480667819085	37.75578127393274	37.27977068335485	36.65192271503905	35.87628804621343	35.06547690422529	34.128298286689564	33.03336557186932	31.847772258812718	30.65346316273167	29.727036169886873	28.990285551738474	28.477354981291437	28.258168530229103	28.177907704426598	28.230155138837222	28.3055425483031	28.484987199404827
Sin-CPnd_094-Ex1-3H-lcwgs-1-2.1	39.199167287252045	38.90004400514522	39.34356509376481	39.31901360774491	39.39033917811929	39.33556969738	39.248825401123824	39.32685667862704	39.329050165865546	39.286041567937176	39.486514115496576	39.511448107778754	39.40884638819308	39.37407555344932	39.36107507954777	39.32703202220567	39.21696432198227	39.128141628867375	38.95375126937918	38.889494956333365	38.87594272561099	38.98749779974274	39.09856204725476	39.064000406201345	39.00900345271139	38.920248459819916	38.7691246361113	38.49739692640986	37.98483311894929	37.40184144607677	36.542124433010635	35.503074267145074	34.30727845101889	33.220940356103185	32.16080563265859	31.220746056461984	30.744372080427866	30.357958161261934
Sin-CPnd_094-Ex1-3H-lcwgs-1-2.2	38.185877733396524	38.69953625346964	38.90063976711123	38.96322523864329	39.07332949698734	39.11461986324555	39.11167151851601	39.12774016654255	39.161390562588856	39.14209870692573	39.16571389885586	39.185353056665086	38.99548304109403	38.9277232414867	38.908844357186375	38.895086994787086	38.867287929050164	38.8259765757227	38.80233091869203	38.75043531243654	38.651601110283664	38.535089702796014	38.33384334168303	38.08272493399228	37.68098774625956	37.113880576805904	36.23549725814096	35.02047864057952	33.789899126667116	32.7874673346422	31.771650531446756	30.720675648229637	29.95121454200799	29.47943334913005	29.045537201272758	28.729885586622437	28.412607135603547	28.27477151174599
Sin-CPnd_095-Ex1-2B-lcwgs-1-2.1	39.2969947017182	39.04794900954749	39.37524353583172	39.36253118581013	39.42559925242213	39.39968086888295	39.34749147073603	39.381978789241224	39.38245484118378	39.33325928080893	39.494510415840196	39.504634453818554	39.37973605564518	39.32411908351185	39.29422302151931	39.25443565805365	39.11080549751836	38.98018389710226	38.80075110417603	38.73977766611127	38.71428596616504	38.81897507779923	38.86996200400237	38.70777639663943	38.38543281055778	37.81275642890517	37.01797536871986	35.989311752311934	35.029781456895265	34.366397785476885	33.54127282184197	32.655664577327585	31.892324103215117	31.58453712764363	31.44570274964076	31.44249380691686	31.68088651450636	31.70461858542047
Sin-CPnd_095-Ex1-2B-lcwgs-1-2.2	38.872444526725026	39.01919194590639	39.15786411361773	39.19027090881842	39.28116156673984	39.26023291282078	39.255930813784346	39.26599843079175	39.28794971480962	39.26178448952245	39.266030167587914	39.271626422645966	39.09268731321573	39.03597718476986	39.00863769802439	38.97861821515785	38.92161540292508	38.79635732106177	38.59451835003922	38.28516921883403	37.835663343118846	37.35194872744263	36.78397997055531	36.103659428913986	35.26748653390107	34.46904163691342	33.5380321423219	32.55090493947969	31.681203882468065	31.03320197826029	30.416556028668907	29.812633008031174	29.449782691104	29.37038075339628	29.33934921936297	29.372902065536483	29.456722470533265	29.60868530321864
Undetermined.1	38.140196814556816	37.72469442050056	38.128852199256364	38.065787208176765	38.32968434188568	38.34034328114216	38.15566066363787	38.237164520297334	38.333715878426375	38.231398335835294	38.48999988024815	38.547339058953845	37.75889589251597	37.3390652797523	36.879539931847646	37.002322517676056	36.527809827841885	36.31330643043095	35.447932620841286	35.1628886882696	35.14182975667556	35.85341715256901	36.46812115610969	36.32449718498306	35.85093660077338	35.072016498871626	33.99695694688843	32.60367031937924	31.36863068752619	30.435328343570593	29.631789929620368	28.89857250739332	28.304249504075937	28.16678270564298	28.564620517475525	29.317071906019162	30.242427677293517	30.654067031972417
Undetermined.2	37.2175918168587	37.55309700468352	37.737462107310044	37.74904861647535	37.963978231531186	38.031944449578795	37.921676323298826	37.93660859540334	38.04372243627755	37.94719489193855	37.95380616282197	38.016031356491325	37.22306813284977	37.012875227945315	36.94385080211077	36.93918122268091	36.88727076722817	36.75676503773265	36.597379884510225	36.21102232776955	35.59014099057735	34.851032828024536	34.03419755299057	33.09763424448373	32.06798907159294	31.110683677404005	30.1602301741409	29.259449881590086	28.225087327479503	26.98959923347386	26.22053703998848	25.790689900040583	25.63965061823784	25.780578074492155	26.04257573964112	26.427877385377553	26.87079947093025	27.2434080585708
