Sample	1	2	3	4	5	6	7	8	9	10	11	12	13	14	15	16	17	18	19	20	21	22	23	24	25	26	27	28	29	30	31	32	33	34	35	36	37	38	39	40	41	42	43	44	45	46	47	48	49	50	51	52	53	54	55	56	57	58	59	60	61	62	63	64	65	66	67	68	69	70	71	72	73	74	75	76	77	78	79	80	81	82	83	84	85	86	87	88	89	90	91	92	93	94	95	96	97	98	99	100	101	102	103	104	105	106	107	108	109	110	111	112	113	114	115	116	117	118	119	120	121	122	123	124	125	126	127	128	129	130	131	132	133	134	135	136	137	138	139	140	141	142	143	144	145	146	147	148	149	150
Sin-APnd_001-Ex1-6G-lcwgs-1-2	52.585	37.704	37.4095	38.741	39.0924	38.813900000000004	35.5288	36.4861	39.9619	36.790800000000004	42.5231	42.3817	37.2177	40.2367	36.5286	40.1063	40.5001	37.1479	40.8686	37.119600000000005	41.2434	37.1626	37.580400000000004	39.872	36.4836	39.675700000000006	40.078599999999994	36.7398	40.4302	37.0	40.515499999999996	37.1891	40.3623	36.9	40.3266	37.3361	39.9383	40.9083	37.615700000000004	37.719	41.3478	37.2703	37.583299999999994	41.213499999999996	37.688	40.875	41.4239	41.321200000000005	42.2624	41.9167	42.0073	41.4957	41.2246	41.6567	41.990100000000005	42.4345	43.3466	41.3818	41.932199999999995	42.0278	41.8103	41.5929	41.8905	40.856700000000004	41.971000000000004	44.3738	44.938	45.16	45.061099999999996	45.7181	45.5833	45.5969	45.614399999999996	45.7535	46.0002	46.6941	46.940799999999996	47.0589	47.0393	47.2423	47.5038	47.6914	48.032799999999995	47.951100000000004	48.2947	48.6086	48.9245	49.1849	49.3529	49.5164	49.8048	50.1514	50.494099999999996	50.867	51.184	51.5703	51.8829	52.2092	52.4075	52.515299999999996	52.3248	52.1932	51.7254	51.0534	50.24720000000001	49.1112	48.291000000000004	47.5671	47.0499	46.5204	46.079100000000004	45.4602	44.9388	44.4122	43.9386	43.6368	43.2853	42.8975	43.039500000000004	42.8405	42.9472	43.0496	43.4317	43.6085	43.8926	44.372699999999995	44.6314	45.0477	45.527499999999996	46.490700000000004	46.7897	47.6353	48.3551	48.9903	49.646699999999996	50.3679	51.113699999999994	51.8331	52.577	53.1241	54.138600000000004	55.0036	55.82939999999999	56.762100000000004	57.743599999999994	58.567	59.349399999999996	60.2928	61.34119999999999	62.2482
Sin-APnd_002-Ex1-3G-lcwgs-1-2	53.2244	38.742399999999996	38.6788	39.5653	40.183600000000006	39.5821	36.6622	37.7105	40.7697	37.6319	43.480999999999995	43.2228	38.8162	41.5013	38.3645	41.3191	41.633700000000005	38.6845	41.932	38.7393	42.238	38.775	39.0647	41.233	38.2838	41.0835	41.3037	38.413599999999995	41.563	38.5704	41.6374	38.729200000000006	41.5006	41.3264	41.417	38.6868	41.132200000000005	38.939299999999996	41.795	38.9901	39.287	38.7254	38.9486	42.0912	39.0648	42.1618	42.3238	42.2937	42.9704	42.8136	42.9085	42.540099999999995	42.4021	42.667500000000004	42.9088	43.289699999999996	43.951499999999996	42.2356	42.6996	42.7911	42.688900000000004	42.6017	42.830200000000005	42.043	42.8535	44.973600000000005	45.5095	45.7382	45.7464	46.2485	46.233999999999995	46.314	46.341300000000004	46.511599999999994	46.753499999999995	47.279700000000005	47.4775	47.6607	47.7188	47.9348	48.208600000000004	48.4489	48.7372	48.8236	49.1641	49.4337	49.7871	50.0187	50.2441	50.451299999999996	50.709199999999996	51.038	51.3061	51.5707	51.864	52.1116	52.3389	52.54259999999999	52.610299999999995	52.6597	52.3681	52.079600000000006	51.52910000000001	50.754999999999995	49.9371	48.8541	48.019800000000004	47.3747	46.905	46.4783	46.083400000000005	45.5768	45.1152	44.6455	44.292500000000004	44.041999999999994	43.7924	43.5197	43.748799999999996	43.6498	43.7825	43.9908	44.3639	44.5638	44.8806	45.3018	45.618700000000004	45.9976	46.496700000000004	47.416000000000004	47.6571	48.4856	49.1271	49.693799999999996	50.2636	50.9193	51.626099999999994	52.309000000000005	52.961400000000005	53.507400000000004	54.4267	55.277699999999996	56.0798	56.97449999999999	57.977999999999994	58.7584	59.493300000000005	60.5057	61.509499999999996	62.41179999999999
Sin-APnd_003-Ex1-3H-lcwgs-1-2	52.134899999999995	36.4647	36.575	38.7398	39.2033	38.7283	34.3691	35.309400000000004	39.5926	35.3907	42.1297	41.9136	36.2781	40.1705	35.7258	39.9699	40.2086	36.0575	40.4456	36.068	40.7762	36.0898	36.347	39.7472	35.540699999999994	39.5548	39.7247	35.659600000000005	40.0475	35.875099999999996	40.163399999999996	36.0672	40.076699999999995	39.913399999999996	39.982	36.0201	39.5912	36.276199999999996	40.361000000000004	36.3151	36.639500000000005	36.072700000000005	36.3375	40.694900000000004	36.404199999999996	40.678	40.895900000000005	40.8485	41.519800000000004	41.3922	41.4653	41.0736	40.9215	41.1903	41.4563	41.8425	42.505900000000004	40.003699999999995	40.5662	40.6395	40.5414	40.4646	40.7472	39.642300000000006	40.6287	43.536	44.073499999999996	44.3031	44.2648	44.8498	44.796	44.9424	44.9704	45.1862	45.43	46.0393	46.2692	46.4326	46.5213	46.738099999999996	47.0351	47.241699999999994	47.5597	47.5901	47.9272	48.2161	48.5436	48.782599999999995	48.9846	49.1826	49.4407	49.7812	50.086299999999994	50.3745	50.6486	50.9656	51.2157	51.4842	51.6168	51.7231	51.5811	51.4482	51.1158	50.597899999999996	50.0537	49.2061	48.5869	48.0389	47.614200000000004	47.2659	46.9016	46.4342	46.0112	45.5884	45.2378	45.007799999999996	44.6909	44.3691	44.4642	44.2724	44.2954	44.3559	44.6046	44.7085	44.8847	45.1748	45.3679	45.570699999999995	45.9106	46.6227	46.7425	47.4035	47.8847	48.314099999999996	48.734300000000005	49.227199999999996	49.7819	50.2777	50.7892	51.121399999999994	51.8953	52.5779	53.211200000000005	53.945699999999995	54.792399999999994	55.4157	56.0017	56.8475	57.7499	58.4965
Sin-APnd_004-Ex1-4A-lcwgs-1-2	55.15839999999999	37.2162	36.3819	40.3273	40.3012	40.3551	34.572900000000004	35.557	41.8378	36.607	44.336	44.2722	36.0808	41.6883	35.2368	41.5051	41.9888	36.1042	42.5889	36.1248	43.1031	36.2412	36.871900000000004	41.359	35.3569	41.120000000000005	41.5514	35.7189	42.1869	36.0767	42.2404	36.3097	42.1511	41.613099999999996	36.236000000000004	42.3884	35.668499999999995	37.2183	43.032	43.044399999999996	37.7348	36.606100000000005	37.0182	43.3725	37.2537	42.9621	43.9249	43.6841	44.9731	44.459700000000005	44.6248	43.841499999999996	43.3917	44.0177	44.359500000000004	44.8713	45.9112	42.1517	43.3666	43.2777	43.203599999999994	42.6432	42.9272	41.090700000000005	43.0416	46.9407	47.449999999999996	47.5417	47.4035	48.3884	48.1555	48.0965	48.0684	48.1884	48.483599999999996	49.317499999999995	49.57	49.6062	49.53	49.7063	49.963800000000006	50.1374	50.494099999999996	50.3366	50.6989	51.0582	51.3781	51.584399999999995	51.734199999999994	51.864900000000006	52.065799999999996	52.442299999999996	52.6852	52.979699999999994	53.307	53.520900000000005	53.785000000000004	53.9776	54.0006	53.886100000000006	53.3652	53.0679	52.3976	51.546400000000006	50.7328	49.4595	48.587599999999995	47.7699	47.193400000000004	46.690799999999996	46.2877	45.6806	45.1907	44.7281	44.3702	44.2055	44.000699999999995	43.8079	44.078	44.040400000000005	44.261	44.5606	45.051	45.4418	45.9307	46.5391	47.009299999999996	47.5533	48.2447	49.2719	49.7757	50.77779999999999	51.6201	52.3691	53.105199999999996	53.923100000000005	54.80500000000001	55.6409	56.5051	57.1987	58.2305	59.1988	60.1027	61.096799999999995	62.1509	63.0205	63.784600000000005	64.795	65.7752	66.7166
Sin-APnd_005-Ex1-4B-lcwgs-1-2	67.69969999999999	27.3412	27.942299999999996	56.8091	57.28	56.813199999999995	26.317899999999998	27.4927	57.644099999999995	27.354499999999998	60.1869	59.4609	28.1826	57.9526	27.8889	58.2189	58.0753	28.2856	58.192699999999995	28.3124	58.3312	27.7931	28.508899999999997	57.5545	27.9665	57.885200000000005	57.607600000000005	28.150599999999997	57.8585	28.2617	57.89149999999999	28.4036	58.339200000000005	57.426	28.400399999999998	57.6678	27.659899999999997	28.6459	58.4548	58.134699999999995	28.3524	27.7914	28.5343	58.1867	28.6202	53.3628	59.2305	59.117200000000004	59.5511	59.2692	59.678200000000004	58.9716	58.5984	59.156200000000005	59.1761	59.149499999999996	58.105700000000006	39.792899999999996	43.9542	42.9529	46.2692	44.4912	43.6802	36.999900000000004	43.2898	60.7795	60.0503	59.477599999999995	59.5219	60.9082	61.4961	61.9799	62.1711	62.3556	62.543099999999995	62.953	63.0659	63.132299999999994	63.177499999999995	63.287000000000006	63.4765	63.6061	63.8128	63.8297	64.0709	64.2666	64.48230000000001	64.6308	64.77239999999999	64.9038	65.0739	65.2855	65.4656	65.643	65.8865	65.99000000000001	66.1612	66.2613	66.2733	66.2104	65.8611	65.583	65.03179999999999	64.3223	63.5875	62.64769999999999	61.957300000000004	61.4251	61.075500000000005	60.73030000000001	60.492000000000004	60.07940000000001	59.7754	59.47130000000001	59.25319999999999	59.136900000000004	59.0511	58.96789999999999	59.2429	59.2827	59.5652	59.8492	60.2719	60.586600000000004	60.9779	61.434999999999995	61.8015	62.252700000000004	62.797000000000004	63.5918	63.9472	64.69359999999999	65.30709999999999	65.8529	66.3995	66.98570000000001	67.5877	68.18469999999999	68.8269	69.316	70.0479	70.73899999999999	71.381	72.078	72.82650000000001	73.4323	73.98219999999999	74.69170000000001	75.3918	76.0954
Sin-APnd_006-Ex1-4C-lcwgs-1-2	53.9842	38.0666	39.0353	39.812599999999996	40.4281	39.750600000000006	36.6803	37.8796	41.0542	37.4485	43.884699999999995	43.4771	38.765	41.6381	38.3512	41.491099999999996	41.836800000000004	38.7794	42.0998	38.8582	42.466	38.8433	39.0933	41.4868	38.2733	41.3598	41.5208	38.483000000000004	41.9072	38.7354	42.022999999999996	38.908300000000004	41.9425	41.647400000000005	38.8692	41.9018	38.4527	39.131	42.186299999999996	42.2265	39.4118	38.8635	39.0623	42.3723	39.0573	42.018499999999996	42.4613	42.347699999999996	42.998799999999996	42.7777	42.8447	42.4745	42.2672	42.5593	42.802299999999995	43.0438	43.5797	41.598800000000004	42.309400000000004	42.2962	42.3466	42.141099999999994	42.2948	41.3327	42.4777	44.6053	44.972699999999996	45.129200000000004	45.1477	45.754400000000004	45.7121	45.7357	45.7966	45.946999999999996	46.1618	46.705999999999996	46.948	47.0349	47.0943	47.2907	47.5192	47.6879	47.9555	47.915400000000005	48.2145	48.4504	48.7357	48.9122	49.0723	49.188900000000004	49.3759	49.6535	49.8647	50.08860000000001	50.370099999999994	50.61	50.8392	51.072399999999995	51.186	51.229400000000005	51.0587	50.950799999999994	50.562200000000004	50.011300000000006	49.3913	48.4636	47.7866	47.1349	46.6616	46.189	45.7386	45.1286	44.556200000000004	43.969	43.446600000000004	43.0523	42.627900000000004	42.1559	42.152699999999996	41.8461	41.781600000000005	41.7729	41.9457	41.995599999999996	42.1283	42.3884	42.532199999999996	42.777300000000004	43.1392	43.9163	44.1414	44.8599	45.4293	45.9461	46.4816	47.0953	47.7958	48.474000000000004	49.1456	49.688300000000005	50.574799999999996	51.4401	52.254400000000004	53.1631	54.165600000000005	54.980700000000006	55.734899999999996	56.718500000000006	57.7875	58.7269
Sin-APnd_007-Ex1-4D-lcwgs-1-2	55.1346	36.512899999999995	36.1778	40.8463	41.3325	40.7909	34.2254	35.2217	41.849	35.202099999999994	44.4962	44.1625	36.031800000000004	42.2128	35.495599999999996	42.1275	42.5195	35.9275	42.7904	35.9546	43.094500000000004	35.8574	36.302299999999995	41.8773	35.327	41.8126	42.0142	35.5418	42.3834	35.754200000000004	42.3935	35.936800000000005	42.3409	41.9791	35.8647	42.3421	35.4767	36.3029	42.7732	42.728899999999996	36.5873	35.9189	36.2242	42.9952	36.4151	42.2297	43.4204	43.2845	44.0864	43.8341	43.9876	43.5957	43.4095	43.8152	44.0934	44.449600000000004	44.9365	40.943400000000004	42.1871	42.0759	42.6108	42.1866	42.3187	40.6079	42.478	46.579	46.8631	46.9709	46.9729	47.7372	47.7843	47.849199999999996	47.936299999999996	48.1086	48.3066	48.8732	49.1154	49.2061	49.2444	49.3922	49.6589	49.8121	50.102199999999996	50.070800000000006	50.38510000000001	50.6336	50.939800000000005	51.1303	51.346000000000004	51.4748	51.678900000000006	52.0221	52.270300000000006	52.52139999999999	52.863800000000005	53.05180000000001	53.3287	53.5121	53.5824	53.5593	53.1965	52.8738	52.2802	51.4083	50.51989999999999	49.3212	48.442	47.6948	47.180499999999995	46.673700000000004	46.3028	45.7031	45.2106	44.7434	44.3582	44.142399999999995	43.939499999999995	43.7199	43.981500000000004	43.9586	44.2021	44.4922	44.974599999999995	45.3165	45.7895	46.3474	46.7967	47.346500000000006	48.025800000000004	49.023	49.5199	50.4549	51.2536	51.964200000000005	52.6797	53.4708	54.2929	55.0983	55.9009	56.547000000000004	57.5282	58.4292	59.284800000000004	60.2123	61.2084	62.0178	62.7568	63.7081	64.6655	65.5654
Sin-APnd_008-Ex1-4E-lcwgs-1-2	54.650200000000005	37.5637	36.7329	40.389599999999994	40.7096	40.348099999999995	34.9131	36.0248	41.6343	36.397	44.3367	44.148199999999996	36.7655	41.8666	36.1053	41.68	42.119800000000005	36.6774	42.4671	36.6999	42.9574	36.7644	37.2629	41.5431	36.086400000000005	41.446600000000004	41.707499999999996	36.405	42.185	36.588100000000004	42.2772	36.9157	42.1623	41.7423	36.7862	42.3258	36.316500000000005	37.451499999999996	42.7659	42.8318	37.8341	36.9011	37.2911	43.0042	37.3743	42.428399999999996	43.3961	43.1332	44.1622	43.801	43.9467	43.3454	43.0193	43.479600000000005	43.761	44.1613	44.9568	41.591899999999995	42.649300000000004	42.626799999999996	42.7387	42.315999999999995	42.4719	40.8778	42.6522	46.104800000000004	46.5724	46.7013	46.611000000000004	47.4623	47.4107	47.352199999999996	47.3715	47.477999999999994	47.7308	48.4227	48.713699999999996	48.749900000000004	48.7329	48.9202	49.156499999999994	49.3464	49.648199999999996	49.505700000000004	49.8363	50.129400000000004	50.4127	50.60940000000001	50.7613	50.869200000000006	51.0479	51.3922	51.6235	51.895599999999995	52.2344	52.4705	52.751599999999996	52.9795	53.063	53.0495	52.6818	52.4482	51.911300000000004	51.133300000000006	50.355700000000006	49.2025	48.390499999999996	47.6144	47.066	46.5572	46.1134	45.475300000000004	44.9168	44.3752	43.931599999999996	43.6589	43.364200000000004	43.0484	43.2208	43.0977	43.235	43.453599999999994	43.8326	44.1255	44.5156	45.0034	45.4025	45.8683	46.4718	47.4435	47.8699	48.7852	49.5608	50.236599999999996	50.9265	51.666500000000006	52.5053	53.2791	54.061400000000006	54.706999999999994	55.6376	56.578700000000005	57.4298	58.370999999999995	59.392199999999995	60.2105	60.956900000000005	61.916700000000006	62.904700000000005	63.816399999999994
Sin-APnd_009-Ex1-4F-lcwgs-1-2	54.3589	39.4894	39.3915	40.4131	40.9176	40.4799	37.589	38.6434	41.8216	38.605000000000004	44.4762	44.1414	39.4619	42.2187	38.9476	42.109	42.5882	39.570499999999996	42.9178	39.5818	43.284	39.5497	39.8939	42.0404	38.963	41.9429	42.211	39.231100000000005	42.675200000000004	39.4824	42.7021	39.6741	42.5841	42.2641	39.632600000000004	42.7582	39.237100000000005	40.1282	43.1012	43.1175	40.4059	39.708	39.9777	43.2619	40.0871	43.0868	43.6158	43.397200000000005	44.265100000000004	43.932500000000005	44.0535	43.5779	43.3549	43.6909	43.9846	44.2696	45.0094	43.077799999999996	43.7871	43.781	43.7672	43.486200000000004	43.7102	42.7414	43.8951	45.976299999999995	46.3906	46.544200000000004	46.5334	47.1487	47.0418	47.0397	47.0534	47.180699999999995	47.3929	47.9616	48.1952	48.2501	48.2453	48.4161	48.6482	48.7871	49.1015	49.0438	49.3541	49.5836	49.8747	50.0471	50.190900000000006	50.3257	50.485	50.77739999999999	51.0127	51.240399999999994	51.5733	51.7599	52.0226	52.2053	52.288500000000006	52.259699999999995	51.91519999999999	51.6304	51.036	50.2074	49.3327	48.1298	47.240500000000004	46.4663	45.9206	45.3697	44.948100000000004	44.2934	43.711299999999994	43.1633	42.6924	42.348	42.0449	41.7145	41.9058	41.7662	41.918	42.1413	42.5317	42.8054	43.1775	43.682900000000004	44.051899999999996	44.5304	45.1753	46.164500000000004	46.6202	47.5706	48.3506	49.0659	49.7912	50.5903	51.458499999999994	52.2876	53.14149999999999	53.821600000000004	54.864999999999995	55.8451	56.765600000000006	57.788399999999996	58.872800000000005	59.7717	60.5819	61.6211	62.7037	63.6922
Sin-APnd_010-Ex1-4G-lcwgs-1-2	55.4041	36.6184	36.8092	40.8125	41.0971	41.0389	34.972500000000004	35.9439	42.3394	36.3095	44.9561	44.682300000000005	36.492200000000004	42.4543	35.8315	42.481	42.831599999999995	36.613800000000005	43.26	36.6837	43.623400000000004	36.6464	37.0592	42.199999999999996	35.865399999999994	42.104200000000006	42.348200000000006	36.2049	42.9097	36.5743	43.0471	36.7218	42.9071	42.426199999999994	36.6342	43.0177	36.172399999999996	37.377500000000005	43.5261	43.547799999999995	37.7456	36.882	37.2183	43.796	37.3012	43.0423	44.1608	43.9848	44.995200000000004	44.5976	44.7145	44.0786	43.7239	44.2064	44.4769	44.8841	45.5602	41.600500000000004	42.8112	42.641	42.850500000000004	42.3262	42.5232	40.7147	42.626999999999995	46.633	46.9999	47.0306	46.9771	47.829	47.6759	47.6976	47.6954	47.8733	48.1101	48.821799999999996	49.0366	49.1117	49.096000000000004	49.2554	49.4985	49.635400000000004	49.966	49.8294	50.1749	50.4851	50.7843	50.976699999999994	51.1282	51.23	51.404700000000005	51.737	51.9776	52.22599999999999	52.5024	52.7176	52.935500000000005	53.1328	53.1701	53.1208	52.724000000000004	52.526300000000006	51.995999999999995	51.2968	50.64959999999999	49.5753	48.8356	48.1425	47.6352	47.208099999999995	46.826299999999996	46.2853	45.8157	45.354299999999995	44.9914	44.7841	44.5398	44.2586	44.3957	44.2819	44.3935	44.5789	44.941900000000004	45.2099	45.5281	45.9978	46.3376	46.7089	47.2265	48.100500000000004	48.4503	49.290800000000004	49.9685	50.5854	51.198299999999996	51.876	52.627500000000005	53.327000000000005	54.055600000000005	54.622499999999995	55.530199999999994	56.3965	57.19840000000001	58.110099999999996	59.085	59.857800000000005	60.5714	61.505500000000005	62.466699999999996	63.363899999999994
Sin-APnd_011-Ex1-4H-lcwgs-1-2	53.548899999999996	38.4671	37.906	39.658100000000005	39.998400000000004	39.7925	36.2138	37.2516	41.0242	37.533	43.5699	43.3495	37.8596	41.248200000000004	37.2731	41.0896	41.555	37.903999999999996	41.9392	37.9441	42.3407	37.9259	38.352799999999995	40.9246	37.3068	40.8072	41.1161	37.545899999999996	41.5264	37.7655	41.5951	37.9913	41.4478	41.111799999999995	37.8566	41.6567	37.4624	38.5376	42.1089	42.182199999999995	38.9476	38.1096	38.474399999999996	42.4528	38.6387	42.2317	42.910900000000005	42.7208	43.7111	43.4259	43.5449	43.0075	42.7597	43.1871	43.4948	43.9799	44.769	42.4927	43.3454	43.3334	43.3385	43.0207	43.2828	42.1757	43.5217	45.975899999999996	46.4247	46.5601	46.524300000000004	47.2414	47.1349	47.1482	47.153	47.2971	47.531400000000005	48.1562	48.3696	48.4344	48.442299999999996	48.606700000000004	48.8671	49.0417	49.338300000000004	49.2817	49.6175	49.8803	50.1835	50.3687	50.5525	50.6907	50.8768	51.2244	51.455600000000004	51.711	52.0633	52.24720000000001	52.5208	52.7049	52.7489	52.6777	52.2383	51.8819	51.1782	50.244200000000006	49.3241	48.0547	47.1221	46.3356	45.7972	45.2692	44.8795	44.272800000000004	43.764199999999995	43.2693	42.9013	42.6879	42.498200000000004	42.295	42.6265	42.6259	42.897999999999996	43.245	43.7525	44.1526	44.6685	45.264700000000005	45.773399999999995	46.3626	47.092800000000004	48.1751	48.6904	49.7137	50.554100000000005	51.324400000000004	52.095400000000005	52.9209	53.8186	54.671499999999995	55.5354	56.2527	57.2841	58.25900000000001	59.1662	60.1669	61.218799999999995	62.0868	62.879200000000004	63.88700000000001	64.9152	65.8571
Sin-APnd_012-Ex1-5A-lcwgs-1-2	52.42400000000001	38.6384	38.109700000000004	37.5486	37.8605	37.5347	35.8938	36.8996	38.5585	37.529	41.390100000000004	41.3657	37.9445	39.163599999999995	37.201299999999996	38.777699999999996	39.228699999999996	37.6671	39.5915	37.699	40.103699999999996	37.905100000000004	38.2646	38.725300000000004	37.1265	38.4272	38.807900000000004	37.3567	39.2633	37.6416	39.3874	37.8788	39.2568	38.927299999999995	39.217999999999996	37.9985	37.2655	39.898	38.4454	39.9028	38.9013	38.06	38.277499999999996	40.198	38.394800000000004	40.3448	40.396100000000004	40.2025	41.213899999999995	40.9106	41.017900000000004	40.4638	40.165	40.5935	40.8	41.3469	42.2105	41.181400000000004	41.938900000000004	41.9955	41.698800000000006	41.4	41.769400000000005	40.832	41.9145	43.1989	43.6104	43.8848	43.8545	44.7432	44.513200000000005	44.4918	44.406	44.526900000000005	44.7571	45.5381	45.7612	45.8588	45.837	46.018	46.292899999999996	46.4559	46.7631	46.5886	46.9222	47.1939	47.479	47.6346	47.7258	47.7993	47.922	48.2173	48.429100000000005	48.6278	48.8358	49.1419	49.2641	49.4778	49.499500000000005	49.4427	49.1117	48.8822	48.4358	47.824	47.2286	46.2382	45.543099999999995	44.8803	44.2965	43.8549	43.4016	42.7645	42.278	41.7083	41.2565	41.012100000000004	40.6841	40.4217	40.448299999999996	40.379	40.372400000000006	40.5611	40.9254	41.118900000000004	41.4563	41.9134	42.2974	42.7352	43.297799999999995	44.1616	44.5741	45.4119	46.165	46.7305	47.3555	48.0697	48.8509	49.5917	50.326800000000006	50.9404	51.941	52.7777	53.620599999999996	54.5529	55.5146	56.3149	57.0229	57.993399999999994	58.958600000000004	59.88719999999999
Sin-APnd_013-Ex1-5B-lcwgs-1-2	53.613200000000006	38.2191	36.9751	40.3153	40.713300000000004	40.5402	35.4282	36.4257	41.765	36.8452	44.117200000000004	44.0323	37.1941	41.9287	36.5536	41.8348	42.242000000000004	37.2018	42.6843	37.2392	43.0909	37.21	37.7147	41.6196	36.5623	41.4576	41.825	36.836200000000005	42.2245	37.1446	42.3146	37.3654	42.1747	41.8661	41.9844	37.3127	36.7391	42.6214	37.7639	42.6565	38.1255	37.2312	37.6037	42.9219	37.710300000000004	42.7108	43.3587	42.9763	44.0387	43.706	43.9732	43.3839	43.156099999999995	43.6394	43.7955	44.384	44.6372	41.5148	43.203	42.924	43.570100000000004	43.0221	43.0719	41.5514	43.6199	46.820699999999995	46.745799999999996	46.8976	47.024899999999995	48.0387	48.1412	48.221799999999995	48.2248	48.4317	48.6429	49.2943	49.5419	49.6581	49.6504	49.8178	50.029199999999996	50.182	50.473	50.341100000000004	50.6375	50.7982	51.0695	51.183800000000005	51.278400000000005	51.3725	51.4834	51.699	51.871900000000004	52.0514	52.271	52.441	52.6104	52.702000000000005	52.7052	52.5926	52.1428	51.696799999999996	50.9896	50.016000000000005	49.0486	47.769099999999995	46.7833	45.967400000000005	45.3174	44.7422	44.2476	43.5791	43.0255	42.4542	41.9882	41.747299999999996	41.5443	41.4092	41.7029	41.8356	42.0961	42.5751	43.194500000000005	43.6712	44.2969	45.0276	45.69	46.4739	47.4074	48.5811	49.2978	50.4231	51.4689	52.3297	53.227000000000004	54.2008	55.2253	56.2207	57.2039	58.0887	59.2828	60.323499999999996	61.3233	62.4225	63.5062	64.4575	65.295	66.3887	67.43390000000001	68.4252
Sin-APnd_014-Ex1-5C-lcwgs-1-2	54.76180000000001	37.2348	36.7064	40.2329	40.4515	40.2138	34.7289	35.8708	41.5739	36.0292	44.258900000000004	44.0444	36.4606	41.726600000000005	35.802	41.4738	41.9345	36.498999999999995	42.3247	36.5025	42.736200000000004	36.485299999999995	36.8398	41.4097	35.7858	41.2057	41.566900000000004	36.0912	41.9338	36.302299999999995	42.0275	36.5321	41.9049	41.5856	41.837999999999994	36.620799999999996	36.0705	42.4754	37.0176	42.46	37.3936	36.634100000000004	36.9894	42.8544	37.2177	42.7083	43.3517	43.0406	44.048700000000004	43.7678	44.0806	43.574200000000005	43.3517	43.8709	44.0317	44.5708	44.7577	41.4015	43.108200000000004	42.7887	43.4996	43.0129	43.0071	41.4015	43.56	46.9889	46.9657	47.086	47.2641	48.327999999999996	48.3915	48.4923	48.59	48.7607	49.038900000000005	49.633300000000006	49.8975	49.9379	49.951	50.1393	50.3429	50.5158	50.7964	50.7096	50.9867	51.2072	51.4327	51.604499999999994	51.68469999999999	51.8117	51.9655	52.1875	52.419700000000006	52.569500000000005	52.815999999999995	52.9627	53.1092	53.203100000000006	53.181900000000006	53.0041	52.534800000000004	52.0683	51.314800000000005	50.320299999999996	49.2661	47.9495	46.8947	46.0715	45.4534	44.8782	44.412099999999995	43.7693	43.222100000000005	42.699999999999996	42.2402	42.0437	41.867	41.7451	42.113	42.281200000000005	42.597	43.1209	43.763600000000004	44.2614	44.8888	45.629999999999995	46.3014	47.1009	48.0653	49.271	50.011799999999994	51.1576	52.223299999999995	53.1015	54.0025	55.0169	56.059000000000005	57.08	58.081	58.9998	60.238400000000006	61.299400000000006	62.343	63.4694	64.5814	65.5504	66.4102	67.5413	68.61319999999999	69.65010000000001
Sin-APnd_015-Ex1-5D-lcwgs-1-2	52.30629999999999	38.258199999999995	38.1896	38.467	38.783899999999996	38.3838	35.917100000000005	36.9133	39.5742	37.2294	42.032199999999996	41.9434	37.7221	39.923700000000004	37.1026	39.7093	40.0472	37.779	40.4239	37.7456	40.854	37.8162	38.0711	39.6768	37.142399999999995	39.3922	39.703500000000005	37.3263	40.1447	37.6382	40.2785	37.8735	40.1717	39.899	40.1203	37.9411	37.3194	40.67	38.288	40.7975	38.6328	37.980000000000004	38.1473	40.982800000000005	38.3026	41.1223	41.315000000000005	41.0777	41.9771	41.6542	41.869099999999996	41.4199	41.222300000000004	41.6173	41.8934	42.2702	42.8815	41.3521	42.281	42.2441	42.2848	42.065000000000005	42.2787	41.4541	42.7021	44.4976	44.7423	44.9195	45.024	45.8487	45.8125	45.860299999999995	45.933	46.1045	46.4088	47.0028	47.296	47.340700000000005	47.4018	47.592600000000004	47.8572	48.0601	48.341699999999996	48.2708	48.5361	48.7796	49.0357	49.1782	49.2997	49.4354	49.591499999999996	49.8065	50.025200000000005	50.235600000000005	50.4429	50.6725	50.831199999999995	50.9745	51.0324	50.9298	50.58200000000001	50.261900000000004	49.694	48.8634	48.0055	46.8144	45.887299999999996	45.1072	44.4913	43.9208	43.3889	42.7254	42.0948	41.4789	40.910999999999994	40.572	40.2223	39.9087	40.047399999999996	40.001599999999996	40.095	40.3765	40.7824	41.062599999999996	41.4702	41.989399999999996	42.4439	43.0135	43.7806	44.7857	45.365899999999996	46.347	47.2568	47.989599999999996	48.7772	49.659	50.5951	51.531800000000004	52.44950000000001	53.2779	54.4619	55.49230000000001	56.4912	57.6114	58.7414	59.7083	60.5761	61.7382	62.8709	63.946400000000004
Sin-APnd_016-Ex1-5E-lcwgs-1-2	54.120900000000006	37.701499999999996	36.2641	39.7824	39.996900000000004	39.787800000000004	34.5433	35.6194	41.0883	36.1766	43.6824	43.5595	36.2943	41.2161	35.6033	41.0675	41.482200000000006	36.331799999999994	41.9315	36.2974	42.3564	36.3111	36.784	40.880100000000006	35.6084	40.6549	41.0365	35.9553	41.4784	36.1523	41.510999999999996	36.3865	41.3166	41.082499999999996	41.2202	36.4549	35.7887	41.9636	36.8961	42.0502	37.3284	36.4085	36.8419	42.389700000000005	37.1264	42.3697	43.0015	42.7043	43.823	43.5447	43.8515	43.3221	43.0845	43.683	43.8275	44.45	44.781	41.6619	43.312400000000004	43.1242	43.7765	43.254599999999996	43.295899999999996	41.7894	43.8876	47.181200000000004	47.1665	47.2868	47.469899999999996	48.5091	48.6231	48.7282	48.768499999999996	48.9323	49.2083	49.841800000000006	50.11	50.1495	50.144800000000004	50.321000000000005	50.5063	50.6975	50.9579	50.863499999999995	51.1455	51.319700000000005	51.5559	51.7129	51.78359999999999	51.914	52.0578	52.284299999999995	52.5221	52.6466	52.958000000000006	53.067699999999995	53.2311	53.287099999999995	53.2365	53.052	52.4905	51.954100000000004	51.0966	49.952600000000004	48.8279	47.4076	46.2936	45.4566	44.8082	44.236799999999995	43.7886	43.19	42.686099999999996	42.1933	41.8457	41.6976	41.6304	41.6684	42.1386	42.4545	42.8886	43.5643	44.3479	44.9839	45.7619	46.6147	47.4135	48.335	49.430099999999996	50.735200000000006	51.5794	52.8194	53.9575	54.911100000000005	55.89619999999999	56.9573	58.0296	59.1047	60.1536	61.095	62.348400000000005	63.438300000000005	64.4676	65.5984	66.70739999999999	67.6661	68.52709999999999	69.6264	70.6609	71.6733
Sin-APnd_017-Ex1-5F-lcwgs-1-2	53.239000000000004	38.779599999999995	37.896	38.7915	39.1285	38.6906	35.9573	37.1104	40.0845	37.3958	42.752	42.588300000000004	37.864599999999996	40.3224	37.1847	40.1076	40.568	37.884299999999996	41.0169	37.8957	41.400999999999996	37.8823	38.2458	39.9767	37.1933	39.7473	40.2222	37.5054	40.6567	37.721199999999996	40.6393	37.9441	40.471000000000004	40.240700000000004	40.4214	38.0749	37.4711	41.1857	38.4702	41.2204	38.887	38.0116	38.3625	41.4852	38.6078	41.6489	41.9875	41.672	42.747	42.431999999999995	42.6898	42.1911	42.0071	42.4601	42.6826	43.2073	43.8427	42.2389	43.2382	43.2213	43.3668	43.1325	43.2943	42.4082	43.7708	45.6716	45.982299999999995	46.186	46.2903	47.0881	47.1042	47.146300000000004	47.1873	47.3752	47.6839	48.2291	48.5499	48.5704	48.586400000000005	48.7954	48.983900000000006	49.195499999999996	49.445499999999996	49.3762	49.6522	49.8311	50.0721	50.240700000000004	50.31529999999999	50.4163	50.531499999999994	50.7925	51.012	51.1795	51.458099999999995	51.592000000000006	51.7661	51.843799999999995	51.8482	51.7084	51.2324	50.7405	49.9905	48.9532	47.8801	46.5271	45.4759	44.5978	43.9569	43.357800000000005	42.8507	42.1837	41.5901	41.0266	40.5385	40.2959	40.091300000000004	39.970800000000004	40.3136	40.4653	40.7833	41.3034	41.9524	42.455	43.0917	43.823	44.5167	45.3119	46.2937	47.5193	48.278	49.443599999999996	50.5164	51.4135	52.3411	53.3556	54.413900000000005	55.4444	56.4732	57.39379999999999	58.648999999999994	59.735099999999996	60.7915	61.941100000000006	63.0836	64.07300000000001	64.9379	66.0877	67.1794	68.2298
Sin-APnd_018-Ex1-5G-lcwgs-1-2	52.8907	37.727500000000006	37.4118	39.420300000000005	39.8324	39.411699999999996	35.4947	36.424299999999995	40.5895	36.601299999999995	43.0465	42.8805	37.3502	41.0073	36.8219	40.9429	41.2492	37.3803	41.579	37.400299999999994	41.8718	37.3876	37.662800000000004	40.7633	36.7525	40.593	40.8446	36.9717	41.2153	37.2388	41.3157	37.455	41.1927	40.9454	41.029700000000005	37.4135	36.955799999999996	41.557	37.7587	41.6057	38.0614	37.366	37.6441	41.8393	37.7893	41.695	42.1617	41.9101	42.7797	42.518699999999995	42.7335	42.3421	42.2043	42.6189	42.781200000000005	43.2357	43.4249	41.0781	42.4121	42.2319	42.7436	42.4253	42.503099999999996	41.3994	43.032399999999996	45.5994	45.5566	45.7418	45.9438	46.7906	46.9431	47.0356	47.1418	47.329100000000004	47.592	48.1327	48.4084	48.4688	48.574400000000004	48.754799999999996	48.999900000000004	49.1749	49.4669	49.4428	49.6789	49.8896	50.1139	50.2829	50.3805	50.515699999999995	50.6638	50.8679	51.0679	51.235600000000005	51.4673	51.6044	51.78359999999999	51.881	51.9092	51.8232	51.4413	51.0601	50.440799999999996	49.5242	48.572199999999995	47.375099999999996	46.4124	45.651	45.061800000000005	44.4891	43.9969	43.3601	42.7614	42.174	41.6526	41.3524	41.0589	40.8533	41.0727	41.1173	41.3238	41.693400000000004	42.220600000000005	42.5887	43.087599999999995	43.7048	44.2362	44.907000000000004	45.7674	46.8515	47.515800000000006	48.5347	49.5138	50.301700000000004	51.1447	52.091699999999996	53.0683	54.0528	54.996599999999994	55.87029999999999	57.0676	58.112399999999994	59.1314	60.253299999999996	61.374700000000004	62.3401	63.221799999999995	64.3777	65.4878	66.5429
Sin-APnd_019-Ex1-5H-lcwgs-1-2	51.7043	38.8371	37.9638	37.584	37.885799999999996	37.6184	36.1257	37.0824	38.8189	37.528	41.3097	41.2428	37.799	39.0517	37.2119	38.981300000000005	39.4313	37.953199999999995	39.8093	37.9134	40.2404	37.9812	38.3167	38.8637	37.2765	38.67	39.098	37.588300000000004	39.5344	37.8367	39.5531	38.0774	39.4583	39.2276	39.4569	38.2915	37.5973	40.1528	38.658500000000004	40.1677	39.0443	38.229800000000004	38.5071	40.4164	38.6653	40.6565	40.7643	40.4639	41.528999999999996	41.1403	41.2776	40.7667	40.5067	40.948299999999996	41.248200000000004	41.6962	42.5889	41.5671	42.314299999999996	42.3745	42.155	41.951699999999995	42.2579	41.5277	42.6398	43.926300000000005	44.3496	44.5807	44.586	45.3745	45.2783	45.2845	45.2988	45.4926	45.7372	46.4219	46.7284	46.7984	46.8122	47.0261	47.274699999999996	47.465	47.8	47.6847	47.9898	48.2151	48.4942	48.6563	48.7405	48.857299999999995	48.9898	49.2587	49.4822	49.6751	49.911100000000005	50.09909999999999	50.2843	50.4116	50.46810000000001	50.3717	49.9855	49.6814	49.102000000000004	48.274	47.4378	46.2521	45.3604	44.557900000000004	43.940400000000004	43.3767	42.8556	42.1957	41.5934	40.9671	40.4339	40.0998	39.772600000000004	39.495400000000004	39.6289	39.6106	39.7009	40.0204	40.441500000000005	40.7406	41.1699	41.7263	42.2023	42.7935	43.561299999999996	44.5884	45.1552	46.1568	47.0781	47.7891	48.592600000000004	49.4674	50.4041	51.3377	52.245	53.0602	54.24060000000001	55.256400000000006	56.2471	57.3493	58.462	59.4154	60.26669999999999	61.4151	62.5308	63.58279999999999
Sin-APnd_020-Ex1-6A-lcwgs-1-2	53.7555	37.3549	35.742200000000004	41.3379	41.211	41.6428	34.087	35.0025	42.7326	36.333	44.674	44.9381	35.5358	42.5854	34.7349	42.2705	42.6635	35.551300000000005	43.2457	35.527	43.7365	35.644	36.1635	42.152	34.971000000000004	41.8277	42.3886	35.2239	42.6843	35.5212	42.8588	35.8527	42.7475	35.362500000000004	42.6159	36.098	42.2175	43.6198	36.5089	36.5951	44.0957	36.043	36.277100000000004	43.9314	36.4969	43.1316	44.5461	44.1596	45.407	45.008199999999995	45.0984	44.3054	43.8696	44.480599999999995	44.878299999999996	45.4803	46.7265	42.4953	43.2203	43.2876	42.973299999999995	42.722500000000004	43.105199999999996	41.2008	42.8579	47.741299999999995	48.2795	48.4833	48.274	49.1738	48.8876	48.9623	48.9098	49.0966	49.3325	50.1469	50.3776	50.4078	50.379	50.5155	50.8031	50.989399999999996	51.38589999999999	51.23950000000001	51.612199999999994	51.8602	52.2166	52.438399999999994	52.5216	52.744800000000005	52.9819	53.3479	53.6995	54.1659	54.476400000000005	54.969100000000005	55.333600000000004	55.6643	55.94670000000001	56.006	55.7681	55.5829	54.9757	54.1153	53.120999999999995	51.6675	50.627	49.7055	48.9946	48.342200000000005	47.7577	46.9602	46.3794	45.724199999999996	45.2149	44.9154	44.5811	44.1682	44.384499999999996	44.271100000000004	44.4452	44.6985	45.2451	45.6036	46.076899999999995	46.7926	47.308299999999996	47.9486	48.6946	49.9041	50.449600000000004	51.5361	52.497099999999996	53.3531	54.234	55.1608	56.1207	57.0238	57.9593	58.696000000000005	59.8738	60.9048	61.833000000000006	62.8919	63.9711	64.8778	65.74419999999999	66.7453	67.7898	68.7342
Sin-APnd_021-Ex1-6B-lcwgs-1-2	55.0801	37.177	36.5706	41.1498	41.219699999999996	41.2907	34.844500000000004	35.8627	42.728300000000004	36.7069	45.143	45.087500000000006	36.3125	42.6232	35.5906	42.5205	42.949	36.4855	43.4883	36.516999999999996	44.0721	36.6166	37.140299999999996	42.4623	35.801100000000005	42.2331	42.6788	36.1718	43.1464	36.5373	43.308	36.713699999999996	43.1303	36.3885	43.0781	37.094899999999996	42.6267	43.9697	37.5175	37.6342	44.471500000000006	36.9942	37.3963	44.2573	37.4797	43.465199999999996	44.6284	44.432500000000005	45.626400000000004	45.1603	45.236399999999996	44.4405	43.965900000000005	44.5216	44.8806	45.2972	46.5057	42.5637	43.3093	43.3005	42.924099999999996	42.5589	42.848000000000006	40.9539	42.6264	46.9047	47.5904	47.6475	47.4396	48.2798	47.9215	47.8717	47.796699999999994	47.9133	48.1324	49.0308	49.2324	49.2727	49.2196	49.377900000000004	49.6232	49.7967	50.1567	49.9555	50.3506	50.6787	51.067499999999995	51.294	51.4486	51.551199999999994	51.8273	52.1773	52.5218	52.908	53.1907	53.6544	53.9369	54.2158	54.3624	54.36260000000001	54.087799999999994	53.9406	53.4708	52.8253	52.1421	50.9914	50.2777	49.5575	48.9881	48.5563	48.126799999999996	47.5671	47.1337	46.693	46.3372	46.1964	45.9368	45.5931	45.7368	45.5963	45.672200000000004	45.8185	46.2394	46.4752	46.7889	47.3374	47.653600000000004	48.043400000000005	48.511500000000005	49.4078	49.6937	50.5126	51.1976	51.818200000000004	52.4237	53.0968	53.80819999999999	54.430299999999995	55.118	55.5872	56.5148	57.3025	58.0333	58.875299999999996	59.7674	60.4938	61.192800000000005	62.00790000000001	62.938	63.728300000000004
Sin-APnd_022-Ex1-6C-lcwgs-1-2	55.2991	36.8727	36.0672	41.9555	41.981	41.9476	34.434799999999996	35.4137	43.3095	35.9488	45.5864	45.5379	36.016799999999996	43.2639	35.2787	43.242599999999996	43.6143	36.1665	43.9555	36.2052	44.4063	36.2595	36.6223	43.1496	35.362500000000004	42.9628	43.2991	35.7637	43.7419	36.1576	43.8591	36.4336	43.756099999999996	36.0688	43.7571	36.661899999999996	43.345099999999995	44.5537	37.009	37.118	44.8686	36.5436	36.9031	44.8303	37.073	43.8934	45.2349	44.971	46.0907	45.5705	45.6278	45.0395	44.6764	45.231300000000005	45.609100000000005	45.8629	46.9231	42.4203	43.1979	43.1555	42.8778	42.7227	42.8891	41.0804	42.7229	47.611599999999996	48.1622	48.2496	48.024699999999996	48.8819	48.648	48.6028	48.6508	48.834300000000006	49.085499999999996	49.775000000000006	50.1354	49.9982	50.0351	50.2431	50.4985	50.6913	51.0575	50.9059	51.27270000000001	51.609700000000004	51.9389	52.201299999999996	52.30820000000001	52.52869999999999	52.77230000000001	53.2258	53.5381	53.927	54.237899999999996	54.5703	54.9134	55.167699999999996	55.3411	55.3771	55.13400000000001	54.977399999999996	54.47070000000001	53.771800000000006	52.8876	51.635799999999996	50.8039	50.0149	49.4676	48.980000000000004	48.5146	47.9116	47.4691	46.9842	46.5718	46.3478	46.0599	45.6826	45.860299999999995	45.755	45.8833	46.0599	46.4903	46.7252	47.0938	47.6148	47.964	48.4208	48.9441	49.915	50.289300000000004	51.1258	51.87389999999999	52.532900000000005	53.203599999999994	53.93900000000001	54.6924	55.41740000000001	56.1597	56.7356	57.7289	58.5732	59.375699999999995	60.285900000000005	61.2222	62.014199999999995	62.7726	63.655499999999996	64.6492	65.514
Sin-APnd_023-Ex1-6D-lcwgs-1-2	53.1528	39.049	36.936400000000006	41.7969	41.4232	41.236200000000004	35.3024	36.9444	42.7577	37.0713	44.8705	44.5108	37.1145	42.423899999999996	36.473499999999994	42.046099999999996	42.5584	37.3673	43.1216	37.4206	43.7423	37.4745	37.7994	42.2227	36.7186	42.0586	42.3595	36.931000000000004	42.9054	37.4542	43.0717	37.7946	42.9359	37.3547	42.9016	37.6914	42.519400000000005	43.4135	38.1083	38.2927	44.0073	37.778600000000004	38.0261	43.7952	37.9396	43.0308	44.015	43.7362	44.8494	44.4172	44.4855	43.8408	43.573	43.795899999999996	44.1048	44.4311	45.3306	42.0828	42.7921	42.7118	42.477900000000005	42.2275	42.4514	41.102199999999996	42.3152	46.008300000000006	46.5744	46.6413	46.541900000000005	47.214299999999994	46.998	46.9435	46.9664	47.1199	47.3324	48.024	48.3555	48.362	48.4464	48.5317	48.774499999999996	48.924800000000005	49.2206	49.0888	49.4624	49.7083	50.019400000000005	50.243700000000004	50.40559999999999	50.523300000000006	50.7046	51.002199999999995	51.24530000000001	51.6092	51.883500000000005	52.284	52.6186	52.883	53.119099999999996	53.190000000000005	53.111799999999995	53.0007	52.6989	52.2042	51.607	50.657399999999996	49.9949	49.3329	48.8289	48.3251	47.9013	47.3104	46.808899999999994	46.2829	45.8504	45.5504	45.100699999999996	44.669799999999995	44.6772	44.3392	44.3247	44.3085	44.5377	44.6242	44.7963	45.1235	45.3045	45.5376	45.8755	46.6493	46.8352	47.5206	48.1085	48.6338	49.1718	49.8051	50.4242	51.0126	51.6686	52.0918	52.9679	53.7504	54.47	55.2933	56.22239999999999	56.9754	57.67099999999999	58.556799999999996	59.5143	60.349799999999995
Sin-APnd_024-Ex1-6E-lcwgs-1-2	53.0543	39.3623	37.2825	41.3863	41.0756	40.7522	35.5492	37.057	42.101	37.392199999999995	44.3397	44.1118	37.6768	42.103	36.981	41.721599999999995	42.1712	37.653999999999996	42.6583	37.6203	43.173899999999996	37.7348	38.0734	41.72	37.039	41.5466	41.9026	37.2391	42.322700000000005	37.607	42.4395	38.0492	42.2825	37.6139	42.2606	37.892700000000005	41.913	42.7371	38.2538	38.332899999999995	43.2463	37.8996	38.1447	43.1085	38.1002	42.512899999999995	43.3705	43.0803	44.1861	43.791999999999994	43.9016	43.4231	43.198	43.518	43.782700000000006	44.1496	44.975	42.3352	42.9218	42.9837	42.8535	42.6557	42.9382	41.756	42.8704	46.0806	46.5958	46.771	46.6777	47.323100000000004	47.2346	47.2274	47.2518	47.4222	47.621	48.2184	48.5493	48.5599	48.6456	48.778	49.0349	49.1907	49.4984	49.4508	49.7914	50.063599999999994	50.366200000000006	50.5813	50.76199999999999	50.9459	51.1566	51.5185	51.77119999999999	52.1957	52.5185	52.8917	53.257200000000005	53.557900000000004	53.8066	53.906600000000005	53.752900000000004	53.549400000000006	53.043600000000005	52.2479	51.3505	50.138099999999994	49.1958	48.4334	47.862700000000004	47.2806	46.7915	46.1344	45.5912	44.9846	44.5234	44.1724	43.8106	43.403999999999996	43.5926	43.391600000000004	43.511300000000006	43.6704	44.0729	44.2981	44.6556	45.1772	45.5216	45.9989	46.580799999999996	47.583	47.97	48.8663	49.6534	50.357600000000005	51.0836	51.855799999999995	52.692899999999995	53.4608	54.2594	54.895700000000005	55.917899999999996	56.84	57.6995	58.6496	59.678799999999995	60.512299999999996	61.336999999999996	62.291399999999996	63.35039999999999	64.2549
Sin-APnd_025-Ex1-6F-lcwgs-1-2	52.45269999999999	37.8023	37.462	39.6824	39.944	39.6392	35.5164	36.5492	40.7806	36.5225	43.0884	42.9112	37.2125	41.084900000000005	36.6652	40.9135	41.261900000000004	37.2268	41.5642	37.3086	41.8685	37.2213	37.458000000000006	40.822199999999995	36.6456	40.6267	40.9005	36.802099999999996	41.1674	37.117	41.3003	37.2818	41.1718	37.0172	41.1533	37.358599999999996	40.8523	41.6126	37.5471	37.6552	41.8801	37.3145	37.4861	41.882200000000005	37.5942	41.4002	42.1603	42.0115	42.784	42.508	42.6299	42.280699999999996	42.103	42.4727	42.8061	43.0865	43.8551	41.510999999999996	41.9983	42.104200000000006	42.0043	41.9397	42.1841	41.2213	42.2644	45.083600000000004	45.544000000000004	45.7426	45.7273	46.3226	46.2419	46.3655	46.4339	46.6234	46.8663	47.382600000000004	47.6557	47.7169	47.8074	48.0192	48.273500000000006	48.470400000000005	48.8274	48.833	49.1567	49.416900000000005	49.7596	49.9737	50.173500000000004	50.409499999999994	50.6814	51.056400000000004	51.3597	51.74419999999999	52.082499999999996	52.4353	52.779399999999995	53.0572	53.3041	53.4075	53.249	53.0767	52.5689	51.8261	50.9198	49.7085	48.8125	48.0466	47.5322	46.9755	46.5132	45.881899999999995	45.3446	44.769	44.270700000000005	43.918600000000005	43.571	43.1348	43.350300000000004	43.1386	43.248799999999996	43.3992	43.7756	43.985400000000006	44.2867	44.7615	45.0739	45.514900000000004	46.0656	47.0901	47.454499999999996	48.3277	49.1014	49.8071	50.4938	51.2825	52.1004	52.878400000000006	53.7102	54.3244	55.39770000000001	56.346700000000006	57.213	58.2108	59.2714	60.136	60.9738	61.99869999999999	63.0854	64.0378
Sin-CPnd_013-Ex1-4E-lcwgs-1-2	64.0121	47.7823	43.8306	50.0403	50.7863	50.0605	44.3952	46.0484	52.60080000000001	44.919399999999996	54.919399999999996	53.7702	47.8427	52.782300000000006	47.1976	52.6613	53.2056	46.6935	53.447599999999994	47.0968	52.9234	46.7137	46.9153	52.3992	45.987899999999996	52.9234	52.9435	46.2702	52.15729999999999	47.2782	52.4597	46.9556	52.883100000000006	52.07659999999999	47.5	45.9476	46.875	52.721799999999995	46.875	53.1855	53.1452	46.8347	46.2702	52.802400000000006	47.3185	51.5524	52.4597	53.7702	54.5766	52.9032	52.883100000000006	52.5605	53.5685	53.467699999999994	52.1169	54.0524	53.125	49.7984	50.4637	50.52419999999999	50.7056	50.9073	50.52419999999999	49.8185	50.483900000000006	53.528200000000005	53.366899999999994	53.8911	53.810500000000005	55.3427	54.213699999999996	53.2056	53.1653	54.0121	54.1331	53.508100000000006	54.9798	53.64919999999999	54.4153	54.0323	55.28229999999999	54.254000000000005	54.536300000000004	54.496	54.8992	54.334700000000005	55.120999999999995	54.4153	54.6976	55.3427	55.826600000000006	55.3226	54.5968	55.5847	54.5766	55.766099999999994	55.6855	56.2903	56.592699999999994	55.887100000000004	55.020199999999996	55.040299999999995	55.6855	54.7984	53.3468	54.112899999999996	52.822599999999994	51.512100000000004	51.6331	51.6532	51.935500000000005	50.8266	52.6613	50.584700000000005	51.8548	51.3911	50.8065	51.612899999999996	51.7742	50.5444	52.05650000000001	51.87500000000001	51.814499999999995	51.0081	52.5806	53.2056	52.2379	52.8629	52.883100000000006	53.1855	52.9234	53.709700000000005	53.548399999999994	53.8508	53.6694	54.435500000000005	54.5766	56.2097	56.0685	56.0282	54.939499999999995	55.5847	57.5202	55.5444	58.145199999999996	57.1976	58.5685	57.338699999999996	57.7419	58.790299999999995
Sin-CPnd_015-Ex1-4A-lcwgs-1-2	57.1083	39.3219	39.9677	41.429700000000004	41.779500000000006	42.3536	37.9317	39.7435	42.228	38.4429	45.6723	44.174400000000006	42.1562	43.5824	42.0755	43.1429	43.412	40.4521	44.2641	42.5688	43.977	41.1158	41.313100000000006	43.0891	41.4746	42.6765	43.5286	41.1606	43.1339	41.1696	43.438900000000004	42.0486	42.3984	42.2728	41.053	41.151700000000005	40.7301	43.053200000000004	41.2952	42.6406	43.1877	41.1158	41.3759	43.9232	41.1965	43.0891	42.7124	43.6631	43.349199999999996	43.519600000000004	42.9007	43.5375	42.9456	43.6272	43.098	44.874	43.7438	43.788700000000006	44.3358	43.5824	42.9994	44.102599999999995	43.349199999999996	43.5555	43.5914	45.2148	45.6992	45.726099999999995	44.7484	45.5377	45.0982	45.726099999999995	45.7709	46.1476	45.501799999999996	45.7081	45.457	46.1566	46.7934	46.3629	45.6453	46.04	47.5738	46.9011	47.0356	47.502	47.7532	46.8562	47.7263	48.6053	48.4528	48.524499999999996	47.9953	48.6232	49.1614	48.4169	49.3049	49.4035	49.8251	49.4035	49.134499999999996	48.9371	48.6411	47.5558	47.6455	46.9459	46.4526	45.9503	46.0041	45.995200000000004	45.0982	45.5646	44.4614	45.152	43.824600000000004	43.8873	44.3896	43.815599999999996	44.5511	44.4704	44.3448	44.8471	44.7215	45.0444	45.7889	45.2597	46.7934	46.1028	46.7217	47.5379	47.7173	47.4123	48.138799999999996	48.7219	49.1614	49.278	49.7982	50.6503	50.8297	50.84760000000001	51.027	51.6459	52.4262	53.0451	53.439800000000005	54.5968	54.17530000000001	54.4982	55.2157	55.1709
Sin-CPnd_018-Ex1-11A-lcwgs-1-2	55.395799999999994	39.149899999999995	38.2852	40.681200000000004	41.0225	40.3657	36.3743	37.6668	41.9918	37.7619	44.5711	44.466499999999996	39.0302	42.454	38.157000000000004	41.999900000000004	42.519400000000005	38.6739	43.0441	38.4781	43.1805	38.6924	39.081900000000005	42.0361	38.4286	41.777	42.225	38.389	42.4342	38.5891	42.498799999999996	38.8831	42.2702	38.5065	38.8021	42.253	42.0796	42.7695	39.0165	42.780699999999996	39.3698	38.8232	39.1013	43.0535	39.3225	43.0875	43.3587	43.1319	44.0309	43.6199	43.9005	43.5386	43.3324	43.4757	43.8153	44.2126	44.9317	43.0462	43.397400000000005	43.264399999999995	43.0574	42.9946	43.1331	42.2732	43.0363	45.5033	45.9341	46.3697	46.2599	46.7204	46.485	46.495799999999996	46.47	46.6666	46.7549	47.2451	47.6075	47.4349	47.7994	47.5958	48.0271	47.9608	48.4304	48.4304	48.8164	48.9008	49.4276	49.5688	49.8356	49.9535	50.3258	50.7695	51.2714	51.604099999999995	51.7706	52.444199999999995	52.5733	52.74759999999999	53.095400000000005	53.27309999999999	53.147	52.9783	52.767399999999995	52.241499999999995	51.463800000000006	50.58709999999999	49.938500000000005	49.1285	48.978699999999996	48.418299999999995	48.0766	47.6045	47.330299999999994	47.0286	46.7673	46.5608	46.624500000000005	46.150600000000004	46.4476	46.1751	46.3761	46.3908	46.752300000000005	47.0858	47.3178	47.822700000000005	48.1119	48.4803	48.943	49.6402	49.997	50.7162	51.0101	51.8429	52.0749	52.7037	53.19819999999999	53.925999999999995	54.3439	54.6357	55.293400000000005	56.0995	56.5617	57.448299999999996	58.153299999999994	58.7072	59.34890000000001	60.09179999999999	60.7649	61.4703
Sin-CPnd_019-Ex1-1H-lcwgs-1-2	59.3049	36.4796	37.5886	41.3283	43.1265	41.8951	35.8254	37.6375	43.2612	36.2504	46.8138	46.1107	40.2736	45.1241	39.364	44.615100000000005	45.0804	39.2223	45.3375	39.1541	45.162600000000005	39.1856	39.4532	44.3195	38.5401	44.5101	44.392900000000004	39.0999	44.2792	39.1663	44.4612	39.1768	44.8075	38.671299999999995	38.6853	39.0596	38.7955	44.4594	44.4314	44.539899999999996	44.996399999999994	38.9809	39.096399999999996	44.4489	39.1383	44.4262	44.6098	44.583600000000004	44.755	45.0506	45.218599999999995	45.054100000000005	45.0629	45.110099999999996	45.2868	45.369	45.0786	42.8029	42.5965	42.6577	43.228	43.1877	43.4554	42.3919	42.9778	46.1474	46.192899999999995	46.8401	46.5689	46.9835	47.0027	46.6267	47.1007	47.2879	46.9713	47.620200000000004	47.7427	47.8651	47.8966	47.58	48.5298	48.491299999999995	48.396899999999995	48.7572	48.960100000000004	48.8831	49.114000000000004	49.2505	50.285999999999994	49.7263	50.3717	50.392700000000005	50.885999999999996	51.1029	51.172799999999995	51.44220000000001	51.7903	51.575199999999995	52.36579999999999	52.1244	52.0807	52.2748	52.0614	52.0789	51.2201	50.7653	50.4784	49.7892	49.9711	49.7595	50.2633	49.5443	49.4761	49.4814	48.835899999999995	48.8989	48.8954	48.57	48.9269	48.7642	48.9706	48.916399999999996	49.010799999999996	49.4516	49.278499999999994	49.254	49.687799999999996	49.3939	49.8225	50.209	50.305200000000006	50.5991	50.7845	51.251599999999996	51.510400000000004	51.8883	51.8603	51.706300000000006	52.5127	52.481199999999994	53.02869999999999	53.5937	53.8404	54.085300000000004	54.541799999999995	54.9651	55.440900000000006	55.699799999999996	56.58840000000001	56.9557
Sin-CPnd_020-Ex1-12E-lcwgs-1-2	57.9325	38.59	39.1615	42.1046	42.4789	42.1528	36.4921	38.2663	43.2155	37.4891	46.0496	46.0385	40.147	44.3654	39.3978	43.902	44.1257	39.3905	44.3099	39.8355	44.571	39.561	39.7426	43.8604	39.1153	43.491099999999996	43.7939	39.2238	43.998799999999996	39.692499999999995	44.1368	39.631699999999995	43.9953	39.48	44.0756	39.318999999999996	43.8741	43.9418	43.9942	39.6004	39.962399999999995	39.3014	39.6887	44.373400000000004	39.961200000000005	43.7335	44.5741	44.4315	44.8902	44.9166	44.967	44.6414	44.8046	44.925399999999996	45.235	45.238099999999996	45.235	42.355399999999996	43.4403	43.24	43.8363	43.5355	43.6295	42.4987	43.7319	46.536300000000004	46.4686	46.686899999999994	46.5126	47.0776	47.5607	47.2916	47.5978	47.416199999999996	47.8	47.9445	48.186099999999996	48.3742	48.4533	48.4564	48.7458	48.8566	49.0321	48.8276	49.3008	49.1701	49.601299999999995	49.6712	49.817699999999995	50.025600000000004	50.0673	50.218300000000006	50.5914	50.712900000000005	50.8238	50.8804	51.179300000000005	51.047399999999996	51.064600000000006	51.1629	50.7435	50.5222	50.058899999999994	49.410199999999996	48.6678	47.9163	47.2649	46.7916	46.4472	46.2308	46.0259	45.4957	45.2308	44.99	44.6918	44.507600000000004	44.5129	44.041599999999995	44.5385	44.3738	44.8172	44.946799999999996	45.0978	45.3688	45.5141	45.8432	46.1678	46.393699999999995	47.0049	47.5929	47.862700000000004	48.498400000000004	48.9629	49.435	49.702600000000004	50.286699999999996	50.992000000000004	51.31	51.7187	52.2714	52.905199999999994	53.403	54.0467	54.7164	55.2317	55.7566	56.3793	57.0238	57.871700000000004	58.4283
Sin-CPnd_021-Ex1-3D-lcwgs-1-2	54.7952	42.3017	41.2995	42.5782	43.3212	42.1375	40.3318	40.9798	43.5027	40.2022	45.9824	45.766400000000004	43.1916	44.8678	41.8179	44.2198	44.2198	41.7315	44.2025	42.0771	44.3494	43.0707	41.9734	44.1248	41.6019	44.1161	43.5286	41.1439	44.6	42.768299999999996	44.9456	42.370799999999996	44.4099	43.5977	44.5395	41.7315	42.2585	44.1766	44.1852	41.5673	41.9043	41.9388	43.243500000000004	44.9888	42.5091	44.8073	45.0924	44.332100000000004	44.9715	45.299800000000005	45.368900000000004	45.5158	45.6195	46.207	46.6131	46.008300000000006	45.3862	46.1811	45.299800000000005	45.4294	46.2243	45.8182	46.474900000000005	46.1206	46.042899999999996	47.2352	47.537600000000005	47.8745	47.9696	48.600300000000004	48.8336	49.2397	49.2742	48.7731	48.997800000000005	49.8099	49.6026	49.8877	49.2915	49.5507	50.25920000000001	50.28510000000001	50.4406	51.5379	50.0518	51.4688	51.20099999999999	53.30049999999999	51.658899999999996	52.3501	53.09310000000001	54.1472	53.6979	54.4064	54.2163	54.225	53.939899999999994	55.5037	55.3223	55.1581	55.400000000000006	53.205499999999994	53.0154	51.01090000000001	50.4752	48.8163	46.6909	46.2157	46.1725	45.775	45.8009	44.1766	44.548100000000005	44.168	43.6928	44.2371	44.1507	45.0406	44.5395	44.9456	45.9305	46.2761	46.9328	48.150999999999996	47.9696	49.1533	49.7408	51.0282	52.2723	52.376	53.0759	54.2768	55.1581	55.6333	56.160399999999996	57.3268	58.208099999999995	58.7697	60.16930000000001	60.463100000000004	61.3876	62.484899999999996	62.9342	63.94499999999999	64.8436	65.8631	66.226	66.5975	68.2651	68.818
Sin-CPnd_022-Ex1-1D-lcwgs-1-2	59.9067	37.4686	38.499100000000006	41.3133	43.547200000000004	42.2087	37.0706	38.238499999999995	43.6514	36.9664	46.266600000000004	46.3045	40.6998	44.615500000000004	40.2757	44.6345	45.0609	40.216499999999996	45.034800000000004	39.8825	44.8358	39.539	39.802	44.0636	39.8517	44.1773	44.2791	39.441900000000004	44.317099999999996	39.3542	44.4284	40.1905	44.3621	39.5509	39.8114	40.0317	39.8233	44.3763	44.317099999999996	44.1015	44.5208	39.629	39.6622	44.5303	39.5651	43.833800000000004	44.807399999999994	44.6321	44.8453	44.6534	45.0609	45.2504	44.5918	44.7008	44.982699999999994	44.9353	44.9756	42.204	43.0639	42.0027	42.9692	42.670700000000004	42.2466	41.3559	42.2988	45.0419	44.7221	45.2433	45.293	45.2243	46.0511	45.1935	45.693400000000004	45.466	45.4968	45.7573	46.091300000000004	46.1956	45.811800000000005	46.2406	46.0487	46.0866	46.0298	46.719100000000005	46.510600000000004	46.8304	47.2545	46.8044	47.1029	47.451100000000004	47.2971	48.1665	47.9059	48.0551	47.7922	48.050399999999996	48.5289	48.3181	48.3157	48.6024	48.3252	48.4318	47.8988	47.600300000000004	47.761399999999995	47.2568	47.7969	47.2095	46.8849	47.1881	47.043600000000005	47.0034	46.868300000000005	46.922799999999995	46.449	46.7452	46.5935	46.5746	46.747499999999995	47.062599999999996	46.799600000000005	46.9726	46.8754	47.0792	47.4179	47.4155	47.669	47.5387	47.6927	47.5743	47.714	48.3228	48.1286	48.8771	48.5313	48.7587	48.8843	49.234899999999996	49.0619	49.358000000000004	49.457499999999996	49.557	50.023700000000005	50.511700000000005	50.3838	51.1915	50.817299999999996	51.419000000000004	51.68430000000001	51.82170000000001
Sin-CPnd_023-Ex1-12B-lcwgs-1-2	59.805299999999995	36.294	35.5678	46.3407	46.6603	46.2671	34.0406	35.1961	47.5005	34.8021	49.9759	49.575399999999995	36.6563	48.0331	35.9722	47.9617	48.0	36.3241	48.289100000000005	36.3848	48.497299999999996	36.2742	36.4467	47.7367	36.0109	47.6386	47.7543	35.952	47.812	36.2717	48.0817	36.2979	47.6924	36.398599999999995	47.768100000000004	36.5005	47.4325	48.1518	47.938900000000004	36.5879	36.7341	36.0454	36.7556	48.239599999999996	36.713	46.5145	48.7786	48.2736	49.214400000000005	49.0492	49.1301	48.6922	48.5756	48.8548	48.9456	49.0325	49.0084	41.595	43.5206	42.9893	44.3686	43.771	43.5697	40.6903	43.3718	50.4328	50.539500000000004	50.1162	50.03959999999999	50.780800000000006	51.1142	51.530699999999996	51.5208	51.8172	51.7737	52.15840000000001	52.5064	52.399300000000004	52.5713	52.624300000000005	52.731399999999994	52.9671	53.1659	53.194300000000005	53.4825	53.635299999999994	53.8856	53.910599999999995	54.191900000000004	54.293899999999994	54.232400000000005	54.474999999999994	54.7241	54.6591	55.2971	55.265299999999996	55.4443	55.2739	55.4296	55.313500000000005	54.914300000000004	54.481500000000004	53.933	53.303999999999995	52.4539	51.876999999999995	50.9348	50.6019	50.1157	49.7432	49.5573	48.9925	49.0131	48.551100000000005	48.4784	48.3265	48.289100000000005	48.0533	48.5244	48.3958	48.7855	48.9671	49.4489	49.641200000000005	49.8585	50.307599999999994	50.6062	51.1629	51.7367	52.1837	52.6849	53.1767	53.797	54.4982	54.8566	55.3883	56.044000000000004	56.3916	57.139300000000006	57.403000000000006	58.2445	58.8102	59.39529999999999	60.1086	60.8438	61.5502	62.07549999999999	62.8344	63.46810000000001	64.24069999999999
Sin-CPnd_024-Ex1-12C-lcwgs-1-2	58.022	37.8251	37.0906	43.6404	43.7406	43.492399999999996	35.4283	36.653200000000005	44.704	36.283300000000004	47.2942	46.928399999999996	38.4495	45.3656	37.392900000000004	45.2293	45.2288	37.7965	45.6575	37.9014	45.8095	38.0156	38.0884	44.9672	37.3166	44.729600000000005	44.8438	37.4133	45.3324	37.9247	45.4583	38.1297	45.3569	37.7336	45.176300000000005	37.842	44.9818	45.443099999999994	45.4099	37.9858	38.575900000000004	37.7284	38.400600000000004	45.9231	38.418	45.1577	46.1013	45.6289	46.7682	46.5218	46.4537	46.320899999999995	46.283	46.4741	46.8468	46.840399999999995	47.102500000000006	42.222100000000005	43.453399999999995	43.3259	44.1279	43.8611	43.698100000000004	41.7858	43.7417	48.072900000000004	48.7387	48.3106	48.4573	48.9495	49.3724	49.201699999999995	49.5704	49.5099	49.8483	50.205299999999994	50.51520000000001	50.49360000000001	50.7033	50.6643	50.7814	50.917699999999996	51.3568	51.281699999999994	51.4617	51.70400000000001	51.9795	52.163000000000004	52.3622	52.366299999999995	52.8957	52.802499999999995	53.113600000000005	53.152	53.415800000000004	53.532900000000005	53.7007	53.623200000000004	53.5731	53.5952	53.2714	52.44259999999999	52.0377	51.0347	50.2228	49.2355	48.1964	48.0007	47.3052	47.0175	46.708800000000004	46.1683	46.083200000000005	45.655699999999996	45.5631	45.3645	45.2055	45.1006	45.3639	45.7233	45.8141	46.1659	46.5195	46.9534	47.1165	47.8423	48.2121	48.5779	49.245400000000004	50.06549999999999	50.416799999999995	51.266	51.8991	52.4833	53.037800000000004	53.8381	54.3344	55.0928	55.877900000000004	56.279199999999996	57.2543	57.8921	58.7279	59.397200000000005	60.25279999999999	60.995999999999995	61.6955	62.408500000000004	63.4092	64.2951
Sin-CPnd_025-Ex1-3B-lcwgs-1-2	55.8673	40.5953	40.2652	40.2212	41.970600000000005	40.3532	38.6863	40.6833	41.558	38.7303	44.8204	43.802600000000005	42.438199999999995	43.2195	42.3557	43.423	43.142399999999995	42.1357	43.0434	42.0091	43.5165	41.591	42.0751	42.6088	41.2774	42.6088	42.1247	42.1742	42.3612	40.9529	42.2182	41.8991	43.456	42.2072	42.5758	41.0409	41.4095	42.1577	41.8826	41.3655	41.8551	41.426	41.7066	43.0269	41.5965	42.1577	42.6693	42.6308	43.8851	42.8288	43.6046	43.0929	42.790299999999995	43.274499999999996	43.3735	43.0929	43.9291	43.1699	43.258	43.4835	43.7696	42.922399999999996	43.8906	42.8729	42.9444	44.1932	44.4903	44.7764	44.8919	44.5893	45.414500000000004	44.9799	44.7819	44.4958	45.7006	44.4628	46.470800000000004	45.3485	46.118700000000004	45.3705	46.0362	46.0802	46.3333	45.8987	46.470800000000004	46.8174	46.9825	46.5038	47.7527	47.131	48.5614	47.7527	48.9355	48.159800000000004	49.193999999999996	49.7002	48.6109	49.4691	48.7759	49.3206	50.195299999999996	48.5449	48.93	47.5546	47.0595	47.2135	45.6071	45.9372	45.9647	44.5893	45.6071	44.7654	44.5453	44.677299999999995	44.352799999999995	45.1945	44.6663	44.8589	44.5343	44.2262	45.145	45.255	45.9812	45.8492	46.0142	46.1352	46.5423	46.927400000000006	47.3235	47.543600000000005	47.9067	48.0332	48.253299999999996	48.6329	48.605399999999996	49.6892	50.1073	50.2888	50.8775	50.927	51.2131	52.060300000000005	52.060300000000005	52.1263	53.27610000000001	53.2926	54.354400000000005	53.9803	54.453399999999995	55.581199999999995
Sin-CPnd_028-Ex1-12H-lcwgs-1-2	57.6751	38.5227	38.6457	41.2437	42.3049	41.2775	36.8603	38.2535	42.6901	37.4711	45.804	45.2895	40.116800000000005	43.6231	39.616800000000005	43.140499999999996	43.8473	39.4583	44.006699999999995	39.4784	43.9338	39.2814	39.7436	43.2063	39.074999999999996	43.1113	43.189499999999995	39.0563	43.367	39.2002	43.5774	39.4024	43.2858	39.184799999999996	43.209599999999995	39.156200000000005	43.1126	43.3996	43.5018	39.487899999999996	39.7164	39.2196	39.6631	43.6481	39.494800000000005	43.1359	44.0511	43.775	44.4545	44.141200000000005	44.4095	44.0755	44.1064	44.2405	44.238499999999995	44.6353	44.5972	41.9926	42.9801	42.6165	43.3881	42.7868	43.0948	41.9367	42.983399999999996	45.5005	45.7859	45.767799999999994	45.8769	46.0321	46.426899999999996	46.3418	46.373999999999995	46.5154	46.591	46.9822	47.1567	47.1482	47.1672	47.314499999999995	47.5213	47.633399999999995	47.7757	47.831	47.995	47.9582	48.5394	48.5417	48.7899	48.5009	48.8882	48.9664	49.073299999999996	49.38	49.213	49.5585	49.3987	49.7814	49.7804	49.622899999999994	49.2252	49.1814	48.7551	48.283300000000004	47.5032	46.848	46.207	45.8799	45.6537	45.3529	45.1613	44.8588	44.7198	44.4913	44.3256	44.2083	44.162600000000005	44.0751	44.1711	44.3519	44.4699	44.5876	44.9818	45.0669	45.2951	45.5893	45.895399999999995	46.2994	46.623799999999996	47.1278	47.3418	47.8099	48.2866	48.6873	48.971399999999996	49.5966	49.863600000000005	50.3915	50.742	51.154500000000006	51.78739999999999	52.1638	52.8768	53.316300000000005	53.980399999999996	54.4383	54.722300000000004	55.3959	56.0041	56.60960000000001
Sin-CPnd_029-Ex1-4D-lcwgs-1-2	56.881800000000005	40.921400000000006	41.6821	43.1537	44.298300000000005	43.7793	39.8763	39.8479	44.426300000000005	38.888099999999994	47.4122	45.976099999999995	43.566	45.8695	40.8716	44.959500000000006	46.097	41.8385	45.7486	41.675000000000004	44.9097	41.746100000000006	41.9593	45.0519	41.8314	44.604	44.412099999999995	42.4854	45.3292	43.1466	44.8386	41.7887	44.931	44.5542	42.4143	41.0636	41.2911	44.9666	41.7034	44.7675	46.0685	42.151300000000006	41.6679	44.987899999999996	42.0304	44.995000000000005	45.2012	45.4713	45.6988	46.153800000000004	46.928799999999995	46.4453	46.5022	47.4762	46.5235	47.4904	46.9714	45.9974	45.940599999999996	45.1799	46.8506	45.969	46.0188	46.0259	45.7628	48.521300000000004	48.855399999999996	48.5355	48.983399999999996	48.1516	49.0189	49.2748	49.5308	49.5237	49.2464	49.736999999999995	49.857800000000005	49.2748	49.6659	50.0995	50.042699999999996	50.1066	50.1422	50.9669	50.6043	50.6825	52.1328	51.5641	51.82	52.8366	52.8651	53.5049	53.6826	53.8604	55.140100000000004	54.7419	54.99079999999999	54.386500000000005	54.478899999999996	55.1187	54.1021	54.4362	52.4385	51.009499999999996	50.0853	47.3269	47.639700000000005	46.7226	46.7155	45.7984	45.784200000000006	44.9097	45.4358	44.7249	45.3434	45.0803	45.0519	45.3434	45.8268	45.983200000000004	46.3245	47.625499999999995	47.5757	48.755900000000004	49.445499999999996	49.4952	50.41949999999999	51.300999999999995	52.858000000000004	53.4551	54.55	55.69460000000001	55.62350000000001	56.5122	57.27290000000001	57.813199999999995	59.13549999999999	59.6189	60.5076	61.161699999999996	62.1854	63.003	64.0267	64.7448	65.47699999999999	66.8918	66.8562	67.6525	68.9037	69.40849999999999
Sin-CPnd_031-Ex1-3G-lcwgs-1-2	58.4102	38.488499999999995	38.562000000000005	40.5941	42.716100000000004	41.802	38.039699999999996	38.9456	43.2057	37.566300000000005	45.792899999999996	45.7276	40.5452	44.5115	40.6758	43.5648	44.838	40.0881	43.7199	41.3939	43.6954	39.9902	41.5164	42.9527	40.430899999999994	43.4261	43.3526	40.2024	43.6301	39.6964	43.573	40.2024	43.7444	43.1241	43.8097	40.4717	39.9902	44.3075	43.0752	40.7329	41.2144	38.9129	40.6268	42.9283	39.7209	43.6056	43.7526	43.4424	44.5034	44.0708	43.9647	43.0752	44.087199999999996	43.3526	44.103500000000004	43.7526	43.883100000000006	43.8913	42.1285	42.7242	43.5077	43.6056	43.2466	42.1366	42.8466	44.585	44.8625	45.3766	45.7357	45.433800000000005	45.3032	44.8135	45.9643	45.360299999999995	45.9887	45.8174	46.6661	46.2744	46.3968	47.204800000000006	46.5519	46.6498	46.4131	46.7233	46.4458	47.0905	47.5149	47.3925	48.2821	48.6656	48.0372	48.9186	47.7352	48.763600000000004	49.6695	48.8941	49.4001	49.547000000000004	49.09	49.8082	49.7592	49.8327	48.8533	48.004599999999996	47.3435	46.9273	47.3925	46.1356	46.4866	46.4539	46.4947	47.2945	46.2417	45.7439	46.6743	45.5317	45.996900000000004	45.597	46.6008	46.1438	45.7847	46.7314	46.870200000000004	47.5557	47.596500000000006	47.7434	47.253699999999995	48.2168	49.1308	49.0411	48.7309	49.8082	49.3512	50.167300000000004	50.5019	50.6978	50.6325	50.88549999999999	51.3997	51.824000000000005	52.1668	52.1178	52.1342	53.0482	53.138	53.4155	53.9215	54.615199999999994	54.59889999999999	55.1457
Sin-CPnd_032-Ex1-3E-lcwgs-1-2	61.060199999999995	39.2902	39.806799999999996	42.030499999999996	44.5373	43.1626	37.794200000000004	39.9416	44.2498	38.589400000000005	47.0934	47.6595	42.7403	45.5211	42.192299999999996	45.3279	46.5409	41.1096	45.7817	41.3657	46.356700000000004	40.4762	41.6307	44.7215	40.6918	44.9775	45.9793	40.8895	45.880500000000005	41.078199999999995	45.3729	41.5274	45.184200000000004	46.0602	45.5526	40.7637	40.6873	45.530100000000004	45.6559	40.9254	41.4825	40.3459	40.8401	44.982	41.019800000000004	45.7143	45.920899999999996	45.8086	45.7412	45.0809	46.0872	45.5121	45.3235	45.8895	45.9164	45.6065	46.195	43.823	43.8994	43.8724	44.1824	44.2722	43.4097	42.664	44.0252	45.7547	46.3297	46.6667	46.6083	47.192299999999996	46.8913	46.5004	47.2102	46.77	47.3495	47.2686	47.0934	47.529199999999996	47.2507	48.1986	47.7448	47.2956	48.0144	47.5562	47.879599999999996	48.7916	47.924499999999995	48.301899999999996	48.9982	48.912800000000004	48.6343	48.9039	49.492399999999996	48.4726	49.106	49.5463	49.5912	49.5508	49.465399999999995	50.3819	50.4043	49.465399999999995	50.143800000000006	49.5418	49.1375	48.7781	49.1644	48.1716	48.8724	48.0323	48.7916	47.9784	47.9155	47.654999999999994	47.5741	47.6909	46.8149	47.7493	47.1833	47.4933	47.2956	47.4618	47.2911	47.740300000000005	47.5202	47.6774	47.9874	47.8482	48.3288	49.1689	48.2435	48.638799999999996	48.9892	49.4474	49.0431	49.9506	49.7529	50.314499999999995	50.2471	50.224599999999995	50.37740000000001	51.195	50.8401	51.159	51.6173	51.67119999999999	51.994600000000005	52.7403	51.931700000000006	52.5606
Sin-CPnd_033-Ex1-1B-lcwgs-1-2	65.3013	31.1801	30.819200000000002	54.889900000000004	56.8928	55.97259999999999	29.483900000000002	31.5229	56.947	30.2418	57.5785	57.7048	34.0852	56.6222	31.3244	57.1635	57.00110000000001	33.201	57.2717	33.110800000000005	57.343900000000005	32.371	32.7499	56.2432	33.1469	57.127399999999994	56.838699999999996	32.768	56.838699999999996	32.6416	55.2869	32.8582	56.1169	31.144	32.3169	32.5153	30.6388	56.7485	56.6943	55.774100000000004	55.9184	31.6492	33.4536	56.55	33.219100000000005	56.0087	56.8928	55.5756	57.54240000000001	55.97259999999999	57.6507	56.6943	58.209999999999994	57.343900000000005	57.2898	57.2898	57.9394	44.28	44.460499999999996	43.810900000000004	44.5327	43.7207	44.659	40.5449	44.1537	56.802600000000005	57.921299999999995	58.679199999999994	59.38290000000001	57.758900000000004	58.8596	58.011500000000005	58.84160000000001	58.62500000000001	58.823499999999996	58.6611	59.9783	59.5272	59.99640000000001	59.4912	59.707699999999996	60.0325	61.3136	59.9423	61.097100000000005	61.421899999999994	61.07900000000001	62.4143	62.4684	62.7571	63.208200000000005	62.793200000000006	63.8578	64.5435	63.1721	64.6337	63.8578	64.27279999999999	64.30890000000001	64.77810000000001	64.5074	63.6954	64.2548	61.96319999999999	62.2339	59.7618	60.339200000000005	59.852000000000004	60.1588	59.4551	59.5633	59.3288	57.9394	58.0657	58.9859	59.2205	60.212900000000005	58.6972	59.2746	59.130300000000005	58.4446	59.256600000000006	60.212900000000005	59.7257	60.7362	59.8701	61.1332	60.95270000000001	61.2595	62.721000000000004	62.1978	61.999300000000005	63.94800000000001	63.67739999999999	64.0022	64.56150000000001	65.73440000000001	65.987	66.6005	66.0051	67.1057	67.5749	68.3688	69.2349	69.54169999999999	70.4078	69.81230000000001	70.87689999999999	71.328	72.2844
Sin-CPnd_034-Ex1-3C-lcwgs-1-2	55.712300000000006	39.9424	40.0156	39.503	41.084900000000005	40.450199999999995	38.3703	40.8456	41.5975	38.9903	44.7954	44.6001	41.993	42.408	42.1639	42.9157	42.9987	41.8123	43.0622	41.5877	42.9646	42.281	41.680499999999995	42.5154	41.7635	42.6911	42.0271	41.490100000000005	42.7693	41.0214	41.783	42.066199999999995	42.5007	42.4666	42.8816	41.3534	41.6366	42.2664	42.5935	41.5584	41.5536	41.5389	41.9197	42.1394	42.0516	42.3884	42.696	42.5007	42.8132	42.7253	42.4373	43.3063	42.8083	42.2859	43.7799	42.9401	43.692	42.74	42.9646	42.8425	43.0817	42.7302	42.7888	42.4861	43.5993	43.4137	44.6001	44.7905	44.1461	45.2055	44.4097	44.9565	44.522	44.5415	45.9867	44.3218	45.6743	45.396	45.1372	46.1332	45.8598	45.8988	45.9086	45.4399	46.7728	46.6068	46.5824	46.8655	46.9632	47.510000000000005	47.8615	48.0764	48.4377	47.9494	48.3254	48.0861	49.038199999999996	49.3799	48.9259	48.5011	48.989399999999996	48.4816	49.082100000000004	48.0422	48.1642	46.8314	46.6312	46.5482	46.6605	46.0307	46.1918	46.2015	46.2748	45.9721	45.3667	45.6547	45.23	45.23	45.801199999999994	45.9818	45.6743	45.9916	45.786500000000004	46.4212	46.0258	46.9925	46.3285	46.7142	46.1478	47.1878	47.6223	47.4563	47.8225	48.3058	48.6574	48.9064	48.5841	49.882799999999996	48.9845	49.5069	50.043899999999994	50.7128	51.113200000000006	51.137600000000006	51.4159	52.407000000000004	52.3191	53.0515	53.4567	53.896100000000004
Sin-CPnd_035-Ex1-12D-lcwgs-1-2	57.3912	38.0871	38.0033	41.9122	42.5476	41.9006	35.8749	37.6693	43.2201	36.6665	45.9252	45.8178	39.4476	44.205600000000004	38.8727	43.713	44.228899999999996	38.8351	44.316	38.8919	44.5095	38.9152	39.0925	43.5977	38.4339	43.5361	43.6623	38.4384	43.8633	38.6627	44.1079	38.7668	43.9832	38.852	43.725	38.9494	43.8006	44.0358	44.0865	38.797599999999996	39.1038	38.7795	38.9715	44.1973	39.0658	43.6935	44.6083	44.165	45.028	44.5809	44.831500000000005	44.3882	44.57	44.5843	44.7733	45.0062	44.9765	41.771	42.7069	42.4814	42.9657	42.6997	42.7828	41.4249	42.634	45.9541	46.352399999999996	46.130300000000005	45.9827	46.556	46.7706	46.6361	46.8555	46.975	47.282999999999994	47.4202	47.531	47.599000000000004	47.726	47.7794	48.0671	48.030699999999996	48.2787	48.3414	48.2982	48.790800000000004	48.7562	49.0316	49.3134	49.1252	49.276599999999995	49.5963	49.7237	49.6624	49.9735	50.1298	50.238400000000006	50.226400000000005	50.4698	50.2252	50.2876	49.9472	49.597	48.97	48.447	47.5257	47.2195	46.751799999999996	46.4061	45.9921	46.104	45.4274	45.3887	45.0573	44.8537	44.9653	44.5629	44.2811	44.67	44.508399999999995	44.585	44.7575	44.939299999999996	45.1411	45.3105	45.5905	45.7565	45.9932	46.358	46.8326	47.0978	47.531	47.7812	48.3196	48.4729	49.1128	49.553799999999995	50.00170000000001	50.415699999999994	50.68620000000001	51.3584	51.9516	52.2778	52.9649	53.6006	54.2848	54.4328	55.2504	55.9455	56.442499999999995
Sin-CPnd_038-Ex1-11C-lcwgs-1-2	56.442800000000005	38.5848	38.2761	41.307500000000005	41.9885	41.1916	36.489399999999996	37.7528	42.5043	36.9824	45.3793	44.915	39.9063	43.4294	38.9529	43.2097	43.558	39.1663	43.649100000000004	39.3362	43.8212	39.2932	39.3476	43.114000000000004	38.4819	42.802800000000005	42.9352	38.667	43.519200000000005	38.9381	43.3219	39.3754	43.0503	38.9348	39.2734	42.985800000000005	43.1794	43.2414	39.3054	43.425200000000004	39.5441	38.9251	39.5576	43.7406	39.649499999999996	43.7031	44.0231	43.8692	44.463	44.1058	44.3677	44.2087	44.2201	44.2205	44.539699999999996	44.8138	45.2148	42.9841	43.2114	43.1764	42.985800000000005	43.2616	43.255300000000005	42.4684	43.099199999999996	45.6959	46.471000000000004	46.2639	46.361799999999995	46.6818	46.8779	46.6645	46.7012	47.147800000000004	47.0613	47.3401	47.7044	47.4063	47.686299999999996	47.7993	47.9338	48.2306	48.4626	48.559999999999995	48.6726	49.0681	49.311	49.6441	49.9093	49.9283	50.6178	50.7999	51.064299999999996	51.593900000000005	51.922000000000004	52.1362	52.315900000000006	52.7772	53.040699999999994	53.009499999999996	52.7493	52.70629999999999	52.4301	51.670700000000004	51.050799999999995	50.007999999999996	49.5416	49.0997	48.5979	48.1834	48.1025	47.8026	47.4396	47.2519	47.0525	46.8619	46.5072	46.694	46.7565	46.8513	47.030100000000004	47.118700000000004	47.5285	47.5888	47.9679	48.3057	48.612300000000005	48.9766	49.2789	50.0793	50.163999999999994	50.8649	51.410500000000006	51.9275	52.26650000000001	52.8362	53.236399999999996	53.7504	54.1847	54.65069999999999	55.25790000000001	55.9431	56.3931	56.882600000000004	57.613	58.1207	58.7405	59.398399999999995	59.952000000000005	60.592999999999996
Sin-CPnd_039-Ex1-10F-lcwgs-1-2	58.2049	39.2305	38.5982	42.2896	42.9771	42.3812	37.076	38.529	43.652	37.5806	46.8311	46.122600000000006	40.376400000000004	44.764700000000005	39.7963	44.3906	44.8214	39.6487	44.867200000000004	39.804	44.8417	39.6064	39.953300000000006	44.2007	39.42	44.079	44.197900000000004	39.4015	44.5042	39.4861	44.5105	39.8879	44.522	44.2126	39.6763	39.3752	39.4371	39.5592	44.575900000000004	44.3563	44.728	39.3626	39.7802	44.7235	39.913399999999996	43.9821	44.7021	44.7882	45.1571	45.0861	45.277699999999996	44.764700000000005	44.977000000000004	44.9696	45.1788	45.5239	45.1291	42.3413	43.2341	43.1282	43.9223	43.4215	43.309599999999996	42.0466	43.4226	46.311400000000006	46.2719	46.431	46.4366	46.8311	46.9989	46.8454	47.072399999999995	47.1126	47.093	47.3007	47.7438	47.7308	47.8364	47.7868	47.991	48.1242	48.3655	48.356100000000005	48.587599999999995	48.732	48.8999	49.0383	49.3545	49.3583	49.572	49.8157	49.7895	50.0629	50.01330000000001	50.303200000000004	50.5326	50.436800000000005	50.7599	50.581900000000005	50.2777	50.00940000000001	49.7542	49.2562	48.5344	47.8885	47.3119	46.8842	46.7625	46.3373	46.2226	45.9796	45.853699999999996	45.5424	45.2774	45.1966	45.0046	44.8892	45.224599999999995	45.226	45.3987	45.420100000000005	45.7159	46.0897	46.1607	46.5454	46.8101	46.8975	47.434599999999996	48.0623	48.2799	48.725	49.073299999999996	49.4898	49.85	50.2969	50.7162	51.0617	51.50789999999999	51.7695	52.430699999999995	53.1207	53.522499999999994	54.074299999999994	54.781	55.144400000000005	55.54130000000001	56.2169	56.946	57.4565
Sin-CPnd_040-Ex1-11E-lcwgs-1-2	56.6465	39.461	39.4743	41.1688	41.0991	40.6914	36.8054	38.147	41.577799999999996	37.8431	44.7601	44.3234	39.9807	42.5025	38.9891	42.4919	42.7027	39.205	42.953599999999994	39.3152	43.1971	39.346599999999995	39.5066	42.206500000000005	38.688	42.046	42.1779	38.9255	42.5676	39.3503	42.6603	39.3493	42.4942	39.1699	39.4384	42.418099999999995	42.3135	42.6072	39.425	42.7714	39.9844	39.1533	39.5855	42.9785	39.7123	43.1468	43.3987	43.094300000000004	43.6246	43.5859	43.7967	43.5937	43.5236	43.716899999999995	43.815599999999996	44.2643	44.6139	42.9942	43.3821	43.4392	43.4319	43.2792	43.5149	42.563	43.2206	45.302	46.0123	46.1013	45.8633	46.4795	46.2558	46.3651	46.5233	46.4283	46.7497	46.7663	47.4535	47.2151	47.2367	47.453	47.7399	47.893	48.234300000000005	48.0757	48.339	48.6697	49.023	49.3813	49.3702	49.6659	49.870599999999996	50.5223	50.7806	51.352	51.5475	51.7638	52.081599999999995	52.31360000000001	52.6	52.756800000000005	52.4473	52.3652	52.2135	51.4336	50.8733	49.908	49.1821	48.5438	48.173899999999996	47.9636	47.3733	47.0269	47.0163	46.4702	46.4702	46.2299	46.1183	45.923199999999994	46.1691	46.1027	46.306999999999995	46.479	46.7848	47.2035	47.4881	47.8404	48.1494	48.609700000000004	48.905300000000004	49.8462	50.0962	50.763999999999996	51.3834	51.9271	52.4478	52.8214	53.532500000000006	53.904300000000006	54.52	54.8871	55.464	56.14940000000001	56.6747	57.4273	58.125099999999996	58.5425	59.0125	59.6203	60.389199999999995	60.9518
Sin-CPnd_042-Ex1-10D-lcwgs-1-2	57.8778	38.9927	37.040299999999995	44.6449	44.757799999999996	44.1447	35.6827	37.288199999999996	45.4265	36.6864	47.6186	47.3089	38.5114	45.844699999999996	37.861	45.548899999999996	45.8536	38.4464	46.4219	38.4287	46.3746	38.0313	38.418	45.4587	37.8768	45.557700000000004	45.3773	37.8446	45.9911	37.931	45.772800000000004	38.2199	45.9059	45.5634	37.9903	38.196600000000004	37.838899999999995	38.3007	45.9154	46.2087	46.3425	37.9228	38.2187	46.3071	38.520199999999996	45.3943	46.5323	46.4491	46.96	46.726600000000005	47.0433	46.6995	46.603	46.7279	47.111399999999996	47.098800000000004	46.7033	42.1058	43.7535	43.447	44.507400000000004	43.8318	43.6255	42.0118	43.6047	48.7087	48.5024	48.399	48.333999999999996	49.1408	49.3313	49.345800000000004	49.3074	49.5199	49.8688	50.1255	50.29900000000001	50.261199999999995	50.3703	50.5211	50.6485	51.0289	51.1954	51.0711	51.3228	51.6711	51.9644	51.9316	52.402800000000006	52.47730000000001	52.337199999999996	52.50939999999999	52.78699999999999	53.1384	53.44179999999999	53.5844	53.642999999999994	53.6355	54.0215	53.9761	53.5257	53.1466	52.70439999999999	51.7953	50.9059	50.09780000000001	49.2865	48.4873	48.4816	48.0514	47.3871	47.2357	46.8534	46.4674	46.0327	45.907199999999996	45.7836	45.47	45.817600000000006	45.7299	46.058	46.394200000000005	46.6465	46.7639	47.0402	47.5871	47.8091	48.3397	48.822900000000004	49.6846	50.005	50.668	51.3771	51.9751	52.4867	53.0765	53.7604	54.2802	54.93749999999999	55.6396	56.4956	57.021100000000004	57.9762	58.628499999999995	59.6189	60.2415	60.9089	61.7939	62.612100000000005	63.405100000000004
Sin-CPnd_043-Ex1-1C-lcwgs-1-2	58.4986	39.7754	39.6667	40.0375	42.3651	40.521499999999996	37.6653	39.3734	42.3606	37.8142	45.187	45.4327	41.9556	43.586200000000005	41.6235	43.0486	43.551899999999996	40.8983	43.7232	40.8134	44.1282	40.7479	41.1335	42.5095	40.8134	42.652499999999996	42.577999999999996	40.8327	43.0575	40.6779	43.0441	40.8491	43.1648	40.596	40.4456	40.516999999999996	40.625699999999995	43.0114	43.0188	43.0218	43.0918	40.4262	40.6928	42.8863	40.6823	43.2616	43.269000000000005	42.6763	43.2228	43.0426	43.1022	43.0516	43.1901	42.9622	43.473	43.5877	43.6041	42.1432	42.6838	42.6778	42.3234	42.7299	42.1417	42.0285	42.1983	43.5832	43.893	44.1595	43.8617	44.6048	43.939099999999996	44.1729	44.366499999999995	43.8051	44.1372	44.5124	44.8103	44.432	44.6271	44.8967	44.7418	44.8207	45.154300000000006	44.849	45.2436	45.1036	45.4908	45.5683	45.9018	45.9242	46.414100000000005	46.6702	46.6479	46.941300000000005	46.6702	46.637499999999996	46.659800000000004	47.0604	47.0812	47.5816	47.1989	47.4714	47.4595	47.0157	47.0142	46.6092	46.381299999999996	45.9108	46.134100000000004	45.767799999999994	45.8527	45.6263	45.7946	45.8795	45.747	45.693400000000004	45.5102	45.677	45.6948	45.553399999999996	45.9212	45.398500000000006	45.3613	46.0627	45.6517	46.225	46.3099	46.1624	46.2101	46.6256	46.7879	46.9398	47.0202	47.1393	47.6546	47.6203	47.9003	47.699200000000005	48.0879	47.8854	48.3336	48.6225	48.6583	48.972500000000004	49.0693	49.7736	49.912099999999995	50.0893	50.5703	50.5808
Sin-CPnd_044-Ex1-2C-lcwgs-1-2	57.079800000000006	42.5556	42.1911	43.3615	45.6255	45.5679	40.6562	41.4045	45.299299999999995	40.1573	47.640100000000004	46.9877	42.8051	46.8918	42.037600000000005	47.409800000000004	45.8365	41.7306	47.4866	43.227199999999996	45.778999999999996	43.227199999999996	42.6708	46.6232	42.6516	45.165	47.0069	41.5963	45.989999999999995	41.9033	45.8941	42.2678	45.5295	46.1627	43.0929	43.9371	41.8649	45.2609	44.6853	42.4405	45.5487	41.788199999999996	42.287	46.1243	42.6324	45.4336	46.4121	45.9517	45.280100000000004	47.4866	47.1604	46.2586	46.4505	46.086	47.0261	46.8534	46.3354	45.8173	44.954	45.7406	47.2755	45.2609	47.0261	45.3569	46.1051	48.8872	49.1174	49.5012	48.8872	48.561	48.3116	49.8465	50.863400000000006	49.2517	49.7314	49.175000000000004	49.3285	50.287800000000004	50.0384	51.3814	50.901799999999994	50.3454	50.6715	50.5756	52.053000000000004	53.3384	52.666900000000005	53.8565	53.1466	52.6285	53.626200000000004	53.3384	55.7943	53.913999999999994	54.873400000000004	55.5065	54.662299999999995	55.5833	54.7774	55.813500000000005	56.00540000000001	53.396	54.1635	51.4198	50.5756	48.599399999999996	47.9662	48.5418	46.8534	46.5464	45.874900000000004	44.6278	45.4144	43.208	44.9348	44.7813	45.184200000000004	44.858	45.299299999999995	46.4889	46.7383	47.793600000000005	47.793600000000005	48.3116	48.4075	48.9639	50.4221	50.537200000000006	50.7099	51.995400000000004	53.24250000000001	53.99080000000001	55.0844	56.12049999999999	56.9455	58.3653	58.9025	59.056	61.4735	61.3776	62.1642	63.4497	63.41139999999999	65.0422	66.4045	66.34689999999999	67.4405	68.76440000000001	69.81960000000001	69.8005
Sin-CPnd_045-Ex1-11H-lcwgs-1-2	57.62389999999999	37.5379	39.1648	37.8899	39.6323	38.3691	37.0153	38.6932	39.9247	36.8846	43.5889	43.0414	41.2569	41.3992	40.5038	40.9594	41.4742	40.1707	41.3928	40.2934	41.383900000000004	40.061600000000006	40.2594	40.5815	39.7999	40.57	40.5964	39.7348	40.835	39.8493	40.9193	40.0206	40.8774	39.8231	39.949200000000005	40.5823	40.689	40.5766	39.872	40.6527	40.042100000000005	39.7892	40.03	40.9205	39.9451	40.775800000000004	40.9176	40.8429	41.1107	40.9918	41.146	41.0032	41.076	41.0613	41.2017	41.2555	41.4296	40.9206	41.1847	41.1023	41.2173	41.1362	41.2518	40.986	41.2692	41.7035	42.0389	42.1267	42.1697	42.2866	42.4193	42.356700000000004	42.361	42.4078	42.5094	42.5892	42.763600000000004	42.8075	42.8402	43.026399999999995	43.1121	43.1934	43.379200000000004	43.3562	43.5722	43.6385	43.866699999999994	43.857	44.163000000000004	44.191399999999994	44.4593	44.6663	44.815	44.9718	45.2106	45.266099999999994	45.5059	45.6104	45.7806	45.8952	45.9323	45.9135	45.853300000000004	45.6716	45.4868	45.191199999999995	45.0056	44.778600000000004	44.7633	44.7029	44.6523	44.5231	44.4383	44.3542	44.284600000000005	44.2245	44.1425	44.0914	44.2831	44.1476	44.3071	44.3352	44.45	44.5912	44.7257	44.852	44.9038	45.0389	45.1363	45.4361	45.5182	45.7879	45.998	46.1542	46.3281	46.4927	46.704	46.8399	47.0341	47.0751	47.326499999999996	47.5989	47.819	48.064299999999996	48.3894	48.5952	48.7681	49.0288	49.403000000000006	49.6428
Sin-CPnd_049-Ex1-4C-lcwgs-1-2	57.229200000000006	40.314899999999994	40.6549	44.5466	44.2065	43.5642	38.8161	40.6297	45.0756	39.748099999999994	47.33	47.972300000000004	43.136	47.090700000000005	42.2922	45.9446	45.4534	42.0655	46.800999999999995	43.2746	46.0831	41.6499	41.864000000000004	47.002500000000005	41.4861	46.3476	45.8564	41.574299999999994	45.3023	41.9395	47.266999999999996	41.5995	45.2141	45.0378	41.398	41.3098	42.1033	44.9622	41.4358	46.738	45.869	41.4358	42.5567	45.516400000000004	42.4433	45.8312	46.6625	46.4106	46.5617	47.6071	46.335	46.0957	47.33	46.2091	45.5542	46.6751	46.4987	45.403	45.3275	45.2519	45.4786	46.246900000000004	46.146100000000004	43.9421	46.3602	48.0605	48.5642	47.7078	48.942099999999996	48.8035	48.3375	48.4887	49.2695	49.6348	49.004999999999995	48.098200000000006	48.350100000000005	49.4962	50.1134	49.1562	50.15110000000001	49.710300000000004	49.937	49.7733	51.045300000000005	50.8942	50.025200000000005	51.3728	51.73799999999999	51.7884	52.796	51.750600000000006	52.581900000000005	52.947100000000006	52.707800000000006	54.3955	52.241800000000005	53.79089999999999	53.702799999999996	53.29970000000001	53.7657	54.1562	52.4559	50.654900000000005	50.680099999999996	50.1008	48.526399999999995	47.8338	47.1285	47.178799999999995	47.0151	46.6877	46.3224	46.2217	44.949600000000004	45.869	45.7179	45.4912	46.838800000000006	46.8514	47.8715	46.5743	48.1864	48.0479	48.5516	49.798500000000004	49.9874	50.7935	51.0076	51.68770000000001	53.0982	52.4685	53.8791	54.357699999999994	55.1889	55.4408	56.6247	56.649899999999995	57.2418	57.0277	58.9673	59.1814	59.974799999999995	59.937	61.0076	62.5441	62.972300000000004	63.463499999999996	64.2317	65.1259
Sin-CPnd_050-Ex1-9B-lcwgs-1-2	60.3702	36.3574	35.0886	47.8315	48.1875	47.6838	33.895399999999995	35.3101	48.9739	35.033500000000004	51.33259999999999	50.7595	36.5741	49.3074	35.931000000000004	49.3048	49.5197	36.324400000000004	49.7681	36.2115	49.748999999999995	36.2211	36.4156	49.052099999999996	35.795100000000005	49.048199999999994	49.149300000000004	36.112100000000005	49.3929	36.0248	49.4359	36.316199999999995	49.0378	36.3778	49.0282	36.2823	49.054700000000004	49.4147	36.336600000000004	49.464200000000005	36.8863	35.870200000000004	36.4022	49.5983	36.6701	49.1098	50.234	49.9831	50.5719	50.476299999999995	50.4933	50.3621	50.0525	50.618300000000005	50.544500000000006	50.807199999999995	51.3227	43.7905	44.438	44.309	44.6933	44.728899999999996	44.6668	42.121399999999994	43.7853	51.69780000000001	52.6518	52.4608	52.4021	52.7791	52.49979999999999	53.011399999999995	52.9857	53.546800000000005	53.4161	54.042199999999994	54.15560000000001	54.020900000000005	54.2893	54.354	54.5559	54.9346	55.027499999999996	55.32280000000001	55.4435	55.6154	56.084	56.3119	56.655	56.7231	56.9828	57.4005	57.436600000000006	57.86	58.0988	58.1565	58.641600000000004	58.60340000000001	58.9303	58.8113	58.3024	58.105700000000006	57.1943	56.733599999999996	55.717000000000006	54.40089999999999	53.85640000000001	53.092600000000004	52.72559999999999	52.383500000000005	52.05	51.7864	51.436899999999994	51.089	50.9818	50.7916	50.8433	50.6839	51.0243	50.997899999999994	51.182	51.653499999999994	51.93489999999999	52.2146	52.780800000000006	53.24719999999999	53.65879999999999	54.0865	54.542	55.4357	55.7227	56.708400000000005	57.1109	57.65369999999999	58.1835	58.715799999999994	59.2794	59.865199999999994	60.5904	61.006400000000006	61.6733	62.4328	63.115	63.7802	64.6096	65.2036	65.75330000000001	66.50930000000001	67.3578	68.0044
Sin-CPnd_051-Ex1-12G-lcwgs-1-2	58.8174	36.2195	36.5138	45.0169	45.0942	44.6438	34.6947	35.774899999999995	45.5826	35.404799999999994	48.3418	48.1415	37.2461	46.6594	36.620599999999996	46.481899999999996	46.7265	36.689699999999995	46.7646	36.878	46.8943	36.9083	37.0426	46.3751	36.3181	46.0466	46.031499999999994	36.578300000000006	46.4272	36.8741	46.532000000000004	37.1351	46.3293	36.8679	46.2796	37.0193	45.9224	46.6963	46.5351	37.1832	37.4616	36.7386	37.241099999999996	46.7638	37.3906	45.2145	47.2954	46.8628	47.6347	47.4946	47.6623	47.2255	47.1098	47.453	47.6309	47.5812	47.6406	41.4179	43.2203	42.8883	43.843900000000005	43.6132	43.2184	40.9131	43.240899999999996	48.9479	49.229800000000004	48.7806	48.7907	49.506299999999996	49.8841	50.157799999999995	50.2868	50.456	50.6347	50.81719999999999	51.1258	51.1157	51.295500000000004	51.436899999999994	51.548300000000005	51.761500000000005	52.0597	51.997499999999995	52.225100000000005	52.377300000000005	52.5423	52.7023	53.016	52.9675	53.33710000000001	53.282	53.5682	53.6948	53.9343	54.0236	54.09310000000001	54.15950000000001	54.0803	54.2519	53.7844	53.4338	52.8922	52.1793	51.6427	50.422999999999995	50.0091	49.3079	49.1122	48.4859	48.547200000000004	48.088300000000004	47.7373	47.4464	47.112500000000004	47.011900000000004	46.826299999999996	46.488099999999996	46.7277	46.737	47.0539	47.3031	47.6083	47.7982	48.2187	48.489	48.6443	49.0512	49.3937	50.362899999999996	50.5683	51.2979	51.8349	52.30820000000001	52.78810000000001	53.53360000000001	53.841499999999996	54.6573	55.0118	55.6509	56.3697	57.1501	57.6631	58.435	59.1622	60.021100000000004	60.5232	61.4384	62.0325	62.849
Sin-CPnd_053-Ex1-9G-lcwgs-1-2	58.92810000000001	37.4793	36.1718	46.1765	46.4034	46.0737	34.846700000000006	36.3067	46.9538	35.6276	49.4384	49.1975	37.4014	47.6913	36.862899999999996	47.5777	47.8172	37.060500000000005	47.8356	37.326	47.943799999999996	37.060500000000005	37.3974	47.3776	36.760799999999996	47.1745	47.2975	36.8557	47.374300000000005	37.236200000000004	47.414699999999996	37.2787	47.3206	37.249500000000005	47.282000000000004	37.184200000000004	47.208800000000004	47.571200000000005	37.2672	47.797	37.564	36.8463	37.4255	47.806	37.5261	47.5637	48.3485	48.3589	48.6691	48.620400000000004	48.685	48.329699999999995	48.3121	48.593399999999995	48.8805	49.0623	49.213699999999996	43.3178	43.998799999999996	43.9898	44.2588	44.1791	44.219500000000004	41.9877	43.7687	50.0541	50.715900000000005	50.7715	50.573800000000006	50.977799999999995	51.137600000000006	51.2645	51.451	51.4045	51.9007	52.0097	52.4803	52.417899999999996	52.58930000000001	52.8132	52.87460000000001	53.1822	53.4834	53.228699999999996	53.973499999999994	53.980700000000006	54.5419	54.641099999999994	54.8514	55.2849	55.2319	55.8728	55.9543	56.1917	56.42	56.686499999999995	56.903999999999996	56.9354	57.25710000000001	56.9956	56.8109	56.3774	55.833200000000005	55.2121	54.0395	53.0845	52.1489	51.822100000000006	51.307100000000005	51.056400000000004	50.759600000000006	50.3765	50.083	49.5416	49.5304	49.216300000000004	49.044900000000005	49.0294	49.4114	49.2062	49.4929	49.7302	50.084399999999995	50.409000000000006	50.724599999999995	51.1091	51.531800000000004	51.817800000000005	52.2538	53.0188	53.4185	54.10080000000001	54.5704	55.2052	55.739000000000004	56.3536	56.9408	57.537000000000006	58.1736	58.733000000000004	59.4092	60.243500000000004	60.9208	61.7449	62.5658	63.27739999999999	63.8725	64.7082	65.55539999999999	66.3446
Sin-CPnd_058-Ex1-9D-lcwgs-1-2	57.5372	39.0329	37.2309	44.8185	44.8125	44.316100000000006	35.8731	37.8086	45.4906	36.7997	48.266	47.5291	38.872800000000005	46.1151	37.9572	45.832499999999996	46.1823	38.1184	46.3575	38.4602	46.4253	38.4436	38.536	45.6839	37.9422	45.721000000000004	45.7602	38.0114	46.2084	38.403999999999996	46.151199999999996	38.6876	45.8586	38.3011	46.0272	38.2654	45.7898	45.9223	38.6078	46.2235	39.0269	37.9572	38.587700000000005	46.5719	38.8096	46.219500000000004	46.8535	46.6231	47.4277	47.077799999999996	47.0753	47.0337	46.700399999999995	47.1205	47.4649	47.5793	48.0772	43.6715	44.198100000000004	44.0068	44.2528	44.1188	44.3145	42.6516	43.8527	48.6706	49.4099	49.3467	49.306	49.803999999999995	49.9144	49.5706	49.8878	50.259299999999996	50.369200000000006	50.556400000000004	51.1517	50.9038	51.1482	50.9886	51.686299999999996	51.463	51.8525	52.013600000000004	52.3042	52.784600000000005	52.7435	53.2786	53.343300000000006	53.5135	53.956700000000005	53.9512	54.3819	54.90390000000001	54.95759999999999	55.3973	55.306	55.6528	55.74869999999999	55.732099999999996	55.382799999999996	55.1218	54.459199999999996	53.8578	52.6461	51.806799999999996	50.958000000000006	50.172399999999996	49.9194	49.510799999999996	49.1755	48.6841	48.489900000000006	47.8448	47.882999999999996	47.720800000000004	47.4137	47.1381	47.4393	47.4367	47.382999999999996	47.7108	48.0562	48.3393	48.5912	48.991299999999995	49.5093	49.8145	50.287400000000005	51.253099999999996	51.4645	52.102000000000004	53.02	53.2936	53.905	54.5701	55.1303	55.7276	56.608599999999996	57.003099999999996	57.879999999999995	58.4402	59.416500000000006	60.0063	61.0619	61.679899999999996	62.2436	63.0894	63.851800000000004	64.8382
Sin-CPnd_061-Ex1-9A-lcwgs-1-2	57.4435	39.2972	37.3887	43.315799999999996	43.9132	43.391999999999996	36.0664	37.553399999999996	44.467600000000004	37.249500000000005	46.9584	46.7275	38.9088	45.187	38.0665	44.7257	45.0977	38.4824	45.4737	38.724199999999996	45.6493	38.462	38.7986	44.818200000000004	38.0529	44.4209	44.7311	38.1899	45.048700000000004	38.3169	45.0568	38.7519	44.8436	38.3981	44.969300000000004	38.465199999999996	44.4757	45.2215	38.7129	45.0614	39.240399999999994	38.3024	38.647999999999996	45.3898	38.9932	45.319500000000005	45.900999999999996	45.724599999999995	46.4903	46.0149	46.6214	45.9264	46.0689	46.0008	46.2077	46.6441	47.1594	43.3317	43.9028	43.656	43.969	43.6651	44.121	42.3464	43.4859	47.7296	48.357	48.4835	48.4754	48.8206	48.8265	48.968	48.9059	49.146699999999996	49.2923	49.6031	50.0898	49.741	50.0009	49.9129	50.3262	50.4881	50.722199999999994	50.8097	51.20980000000001	51.453	51.604000000000006	51.8199	52.3752	52.314899999999994	52.656400000000005	52.769800000000004	53.2289	53.408100000000005	53.62670000000001	53.902499999999996	54.177	54.3017	54.386599999999994	54.4473	54.019099999999995	53.88849999999999	53.2443	52.51440000000001	51.733799999999995	50.5702	49.7242	49.2347	48.7308	48.3597	48.263099999999994	47.6856	47.355799999999995	46.9616	46.686699999999995	46.8759	46.4726	46.450399999999995	46.5184	46.707100000000004	46.7121	47.0737	47.5064	47.5935	48.112	48.5448	48.8051	49.5164	49.836200000000005	50.7984	50.993900000000004	51.8136	52.402899999999995	52.8882	53.4684	54.041799999999995	54.6424	55.14	55.741099999999996	56.1367	57.18450000000001	57.732499999999995	58.4769	59.1542	59.9113	60.547700000000006	61.1329	61.9467	62.67660000000001	63.3058
Sin-CPnd_062-Ex1-11D-lcwgs-1-2	55.8504	38.9325	38.4904	41.2786	41.4967	40.9359	36.5233	38.021300000000004	42.3118	37.466899999999995	45.0044	44.5657	39.576499999999996	42.9669	38.5305	42.7873	42.910199999999996	39.0324	43.207699999999996	39.0209	43.593900000000005	39.0213	39.1058	42.484300000000005	38.5454	42.314	42.605900000000005	38.488699999999994	43.059599999999996	38.7277	43.0032	39.236	42.8607	38.7669	39.0734	42.687000000000005	42.6528	43.100500000000004	39.165499999999994	43.1513	39.7434	39.0597	39.1591	43.299	39.437	43.506	43.8995	43.2606	44.0215	44.0787	44.0314	43.7168	43.835	43.7727	44.0518	44.3561	44.7821	42.7087	43.1168	43.1308	42.9358	42.991299999999995	43.1432	42.2269	42.899100000000004	45.2938	45.7471	46.0552	46.193	46.5362	46.3693	46.4026	46.2562	46.502900000000004	46.6945	47.1307	47.2724	47.4644	47.5733	47.490500000000004	47.7982	47.8055	48.1307	48.4072	48.5814	48.8212	48.9685	49.4337	49.7328	49.7904	50.0201	50.471999999999994	50.77159999999999	51.21170000000001	51.3073	51.9688	52.05030000000001	52.3729	52.642199999999995	52.6802	52.693	52.4767	52.2697	51.7311	51.2795	50.385400000000004	49.7294	49.312400000000004	48.972300000000004	48.5762	48.4333	47.9403	47.6108	47.2079	47.0701	46.8879	46.7095	46.509299999999996	46.6279	46.515299999999996	46.645399999999995	46.7632	47.0846	47.0701	47.365899999999996	47.613	48.005199999999995	48.4469	48.5933	49.3782	49.6462	50.2172	50.676500000000004	51.1267	51.506600000000006	52.053700000000006	52.406699999999994	52.880799999999994	53.3738	53.7169	54.2303	54.786	55.3148	55.9998	56.480799999999995	57.22429999999999	57.6237	58.245599999999996	58.9805	59.6497
Sin-CPnd_063-Ex1-9F-lcwgs-1-2	58.3154	39.0831	37.8478	44.4663	45.3245	44.3959	36.5013	37.8037	45.7312	37.186	48.0893	47.8304	39.3561	46.2377	38.703199999999995	46.165	46.3662	38.8256	46.6068	38.9358	46.5458	38.8355	38.818599999999996	45.9962	38.2516	45.8011	45.946	38.6235	46.274300000000004	38.7548	46.2095	39.0315	46.1753	38.6333	46.1575	38.772600000000004	46.001799999999996	46.1762	38.9992	46.3184	39.3955	38.5076	39.128099999999996	46.6457	39.1872	46.4375	47.0655	46.9539	47.5227	47.1663	47.405	47.1747	47.4046	47.14	47.643299999999996	47.8609	48.141400000000004	44.1535	44.32	44.175	44.651999999999994	44.7256	44.778600000000004	43.2647	44.539899999999996	48.9649	49.4705	49.7106	49.6107	49.577	50.143499999999996	49.978	50.2791	50.370000000000005	50.5923	50.8095	51.1153	51.2311	51.1575	51.4	51.6307	51.71750000000001	52.2498	52.3075	52.4243	52.993199999999995	53.2323	53.532500000000006	53.691500000000005	53.9185	54.3894	54.526799999999994	54.8968	54.7514	55.5136	55.2875	55.72319999999999	56.006	55.7767	55.9418	55.563300000000005	55.0103	54.44799999999999	53.5649	52.73609999999999	51.470800000000004	50.68240000000001	50.0286	49.6154	49.2126	48.9888	48.600500000000004	48.0687	47.8281	47.4064	47.5101	47.2601	47.2779	47.7193	47.4397	48.0246	48.1165	48.5306	48.9039	49.2069	49.873400000000004	50.209199999999996	50.5933	51.21	52.1499	52.3408	53.316300000000005	53.8603	54.520199999999996	55.0188	55.6017	56.4656	57.005399999999995	57.7835	58.267500000000005	59.122	59.8288	60.490100000000005	61.2297	62.1757	62.8548	63.7192	64.4006	65.2936	66.1026
Sin-CPnd_065-Ex1-11B-lcwgs-1-2	58.31960000000001	36.716	36.1033	44.6611	45.3637	44.7887	34.477000000000004	35.8433	45.8653	35.6428	48.586800000000004	48.2096	37.2211	46.5867	36.5724	46.353899999999996	46.705400000000004	36.9184	46.9593	37.0325	46.9232	36.816700000000004	37.2311	46.118900000000004	36.4041	45.9437	46.2506	36.5555	46.503	36.606899999999996	46.3478	37.0172	46.342800000000004	37.021	36.8747	46.3839	46.2702	46.6017	37.183899999999994	46.617399999999996	37.3287	36.7606	37.24	46.7361	37.2392	46.5775	47.1395	47.1241	47.8501	47.6473	47.594300000000004	47.3269	47.1168	47.5075	47.6619	48.0026	48.3859	43.4419	43.8645	43.7615	43.6209	43.763400000000004	43.8937	41.7787	43.2883	48.518499999999996	49.3044	49.6397	49.647400000000005	49.9558	49.973099999999995	49.975	50.0561	50.0826	50.3853	50.648	50.8074	51.024800000000006	50.810100000000006	51.3944	51.3171	51.410500000000006	51.998200000000004	51.8522	52.181	52.4019	52.7995	53.0899	53.337999999999994	53.7279	53.8324	54.24909999999999	54.719300000000004	54.9083	55.3177	55.641200000000005	56.0526	56.2016	56.3299	56.5642	56.4021	56.1217	55.8528	55.224	54.576800000000006	53.6119	53.0119	52.45570000000001	51.9678	51.7301	51.585300000000004	51.239599999999996	50.852	50.6138	50.4414	50.2251	50.12370000000001	50.006099999999996	50.251599999999996	50.171699999999994	50.281200000000005	50.578900000000004	50.8301	51.1366	51.4178	51.717800000000004	52.1895	52.373099999999994	52.720299999999995	53.41439999999999	53.8185	54.386599999999994	55.0565	55.4334	55.959599999999995	56.4098	56.9164	57.2764	57.88100000000001	58.2175	58.6738	59.355999999999995	59.914100000000005	60.483	61.2113	61.8266	62.2161	62.7397	63.6355	64.05149999999999
Sin-CPnd_067-Ex1-9C-lcwgs-1-2	58.2951	38.719	37.446400000000004	44.2618	44.8658	44.3334	35.7487	37.1712	45.365	36.782199999999996	47.9244	47.778	38.8779	46.1805	37.9301	45.9154	46.2627	38.4163	46.3239	38.472899999999996	46.4602	38.460899999999995	38.5666	45.9825	37.8865	45.579	45.8552	37.9165	46.2457	38.1396	46.144400000000005	38.6423	45.8733	38.5626	45.9329	38.3035	45.998099999999994	46.1715	38.5666	46.0447	38.8789	38.3095	38.519	46.6763	39.1165	46.385	46.7103	46.6717	47.3209	47.180499999999995	47.3509	47.082800000000006	47.1725	47.0662	47.6031	47.862700000000004	48.0953	43.6222	44.3024	44.1796	44.2893	44.3705	44.3866	42.8077	43.9445	48.8812	49.2246	49.5965	49.4612	49.6536	49.8476	49.9679	50.1469	50.100699999999996	50.4516	50.6822	50.9769	50.92529999999999	51.022999999999996	51.427	51.3463	51.744299999999996	51.9849	51.9684	52.36690000000001	52.7393	53.2185	53.240500000000004	53.6014	53.654599999999995	54.1102	54.4636	54.667100000000005	54.9824	55.0641	55.4049	55.4199	55.9006	55.7914	55.846	55.4124	55.1663	54.360299999999995	53.4636	52.708200000000005	51.3113	50.8992	49.912800000000004	49.6717	49.2251	48.8607	48.596000000000004	48.0913	47.8903	47.888799999999996	47.5805	47.468700000000005	47.340900000000005	47.8136	47.7875	47.9935	48.4456	48.544399999999996	48.983	49.3318	49.953900000000004	50.214999999999996	50.72879999999999	51.330799999999996	52.2335	52.5097	53.3829	54.022999999999996	54.74980000000001	54.9959	55.761300000000006	56.268499999999996	57.0069	57.626900000000006	58.1241	59.0144	59.616800000000005	60.444900000000004	61.157700000000006	62.021800000000006	62.6378	63.2724	64.1055	64.9807	65.58460000000001
Sin-CPnd_074-Ex1-12A-lcwgs-1-2	57.2156	38.2083	37.29	42.626	42.837199999999996	42.397800000000004	35.3201	36.6035	43.844699999999996	36.7722	46.1197	46.3381	38.2335	44.279	37.47	44.0806	44.1806	37.9489	44.587700000000005	37.8663	44.9784	38.1145	38.2124	43.873400000000004	37.35	43.709900000000005	44.1862	37.6059	44.2611	37.8371	44.3575	38.013000000000005	44.216499999999996	37.7946	44.1888	37.8797	43.8427	44.7687	44.5841	38.3345	38.294	37.8966	38.3668	44.907599999999995	38.5929	44.1683	45.3896	44.8743	45.6777	45.4926	45.7869	45.278800000000004	45.0066	45.3885	45.5111	45.8915	46.111999999999995	41.9358	43.2392	42.898199999999996	43.6478	43.0633	43.2741	41.4513	43.052600000000005	47.3041	47.8158	47.395399999999995	47.639900000000004	47.9737	48.3998	48.4572	48.4377	48.540299999999995	48.5505	49.0525	49.1863	49.1576	49.4775	49.547799999999995	49.7626	49.8857	50.361999999999995	50.2882	50.2394	50.6224	50.807500000000005	50.9634	51.0572	51.227500000000006	51.3972	51.5807	51.6797	51.9791	52.1478	52.262699999999995	52.2227	52.4606	52.4852	52.261100000000006	52.0227	51.62179999999999	51.0972	50.5394	49.6298	48.7172	47.8501	47.321999999999996	46.8365	46.603699999999996	46.104800000000004	45.929500000000004	45.4029	44.9332	44.762	44.6471	44.539	44.1498	44.4836	44.5179	44.5169	44.8656	45.257799999999996	45.5265	45.9459	46.4366	46.7498	47.1503	47.794799999999995	48.476200000000006	48.8951	49.6421	50.392199999999995	50.932599999999994	51.3608	52.2273	52.8031	53.439899999999994	54.069	54.632999999999996	55.379	55.9292	56.775200000000005	57.4438	58.3241	58.892199999999995	59.59100000000001	60.327799999999996	61.202	61.779399999999995
Sin-CPnd_075-Ex1-11G-lcwgs-1-2	56.9758	37.4912	36.7811	43.1603	43.6678	43.0887	35.2629	36.460100000000004	44.249500000000005	36.0449	46.782000000000004	46.5747	37.8934	44.709199999999996	37.1047	44.771	45.084999999999994	37.333	45.333	37.3822	45.4434	37.4551	37.6303	44.5818	37.0078	44.2017	44.324400000000004	36.9757	44.7573	37.3825	44.9225	37.660700000000006	44.6978	37.1582	37.4765	44.4384	44.5477	44.9048	37.6731	45.000099999999996	37.8833	37.2344	37.864599999999996	45.0826	37.7834	45.091	45.6042	45.4049	46.1013	45.7148	45.905699999999996	45.718199999999996	45.5641	45.7616	45.976299999999995	46.1551	46.7519	42.9771	43.179	43.1185	43.320100000000004	43.2893	43.2071	41.7247	42.8687	47.2454	47.8485	48.2734	48.3219	48.456900000000005	48.4743	48.4268	48.4767	48.6629	48.808	49.3044	49.693599999999996	49.6374	49.6672	49.7755	50.049600000000005	50.2305	50.356199999999994	50.6675	50.9363	51.3107	51.6032	51.6938	52.168899999999994	52.213	52.493900000000004	52.9272	53.3758	53.615500000000004	54.2227	54.4095	54.574999999999996	54.8936	55.1621	55.2524	55.0484	55.0718	54.68769999999999	54.1631	53.4698	52.5888	51.9439	51.4003	51.2037	50.838300000000004	50.4054	50.1787	49.8494	49.515100000000004	49.3001	49.1446	49.0193	48.6652	48.925000000000004	48.7568	48.9317	48.8661	49.2449	49.4776	49.751400000000004	50.0283	50.3713	50.622	50.826899999999995	51.783100000000005	51.8547	52.5828	53.119400000000006	53.428	54.029700000000005	54.5429	55.0645	55.524499999999996	55.9431	56.3887	56.9801	57.485600000000005	58.1205	58.75169999999999	59.457800000000006	60.083	60.6811	61.2815	61.9425	62.7388
Sin-CPnd_076-Ex1-10E-lcwgs-1-2	57.4848	39.4315	38.0218	41.1423	42.044399999999996	41.247299999999996	36.7405	38.3289	42.741800000000005	37.2485	45.7806	45.1894	40.2762	43.7777	39.5468	43.5386	43.897000000000006	39.4422	43.796800000000005	39.5374	43.8739	39.3436	39.7661	43.172399999999996	39.2866	43.045	43.2837	39.083400000000005	43.5483	39.1408	43.4923	39.421099999999996	43.4065	43.1298	39.2608	39.156200000000005	39.1719	39.3138	43.4946	43.4266	43.8229	39.1116	39.6038	43.561699999999995	39.5264	43.180099999999996	43.943	43.7274	44.1428	43.8498	44.2119	43.867200000000004	44.0875	44.1871	44.2196	44.4067	44.3538	41.936	42.790099999999995	42.503800000000005	43.3055	42.9367	43.0279	41.8133	43.1932	45.4131	45.677	45.5264	45.9298	46.0213	46.5066	46.1967	46.3879	46.5253	46.6541	46.7805	46.972	47.0293	47.181200000000004	47.3341	47.3808	47.611799999999995	47.8137	47.779500000000006	48.1071	48.2892	48.4897	48.6624	48.876999999999995	48.916199999999996	49.3136	49.3498	49.5299	49.6425	50.0104	49.9132	50.140499999999996	50.24849999999999	50.36279999999999	50.3155	50.1834	49.891000000000005	49.6781	48.9129	48.4961	47.5306	47.1524	46.604800000000004	46.3526	46.0857	45.9975	45.4992	45.396	44.9446	44.9687	44.6183	44.5657	44.3692	44.5835	44.6492	44.6455	44.888600000000004	45.2853	45.1897	45.6719	45.8024	45.9945	46.3436	46.6839	47.3519	47.4673	47.8985	48.549	48.891400000000004	49.3498	49.5691	50.229	50.7213	50.8849	51.4174	51.899300000000004	52.5257	53.17659999999999	53.6376	54.386100000000006	54.8223	55.382299999999994	55.9071	56.5318	57.3044
Sin-CPnd_079-Ex1-9H-lcwgs-1-2	56.9495	39.1802	37.8343	43.2029	43.7314	43.0678	36.5885	37.7043	44.0723	37.445699999999995	46.8296	46.2104	39.0432	45.0043	38.3497	44.7579	44.992599999999996	38.8842	45.241	38.8641	45.2279	38.7224	39.0797	44.5657	38.3459	44.371100000000006	44.3861	38.4829	44.9033	38.799099999999996	44.6541	38.7214	44.771899999999995	38.6592	44.737300000000005	38.472699999999996	44.713	44.6657	38.9384	44.934200000000004	39.2737	38.4497	38.926300000000005	45.1816	39.1362	45.2152	45.7292	45.4799	46.1197	46.1061	45.9752	45.905	45.7961	45.9714	46.2749	46.6729	46.8277	43.5948	43.9802	43.8553	44.1672	43.851600000000005	44.366	42.775	44.028800000000004	47.7485	48.2292	48.6497	48.313	48.7231	48.8966	48.703	48.9808	49.1042	49.4835	49.5981	50.00019999999999	50.044200000000004	50.0741	50.292	50.653099999999995	50.5834	51.1979	51.026700000000005	51.4434	51.803	52.019999999999996	52.4582	52.62050000000001	52.8234	53.2443	53.4155	53.80970000000001	53.971999999999994	54.4925	54.5037	54.7053	55.0925	54.8713	55.051300000000005	54.7025	54.1427	53.686299999999996	52.783199999999994	51.9111	50.729800000000004	49.8464	49.3151	48.8353	48.5342	48.0875	47.77	47.4572	46.9989	47.145199999999996	46.738800000000005	46.628	46.6102	46.8151	46.8408	47.1775	47.4815	47.9753	48.0913	48.369099999999996	49.0621	49.444700000000005	49.7482	50.3271	51.180099999999996	51.525200000000005	52.2211	53.08389999999999	53.681999999999995	54.1249	54.6833	55.406299999999995	55.8613	56.668	56.9715	57.9531	58.525000000000006	59.320499999999996	60.0865	60.7842	61.6298	62.2648	62.964	63.982000000000006	64.6877
Sin-CPnd_080-Ex1-2E-lcwgs-1-2	63.1209	39.0436	41.0693	45.7497	46.693200000000004	43.761	38.4608	39.2656	45.315	38.3961	49.3941	48.6264	41.9018	46.535900000000005	41.3653	46.767199999999995	47.8124	40.061	47.1927	40.9398	47.1279	41.0323	40.875	46.5544	40.4865	45.980900000000005	46.008700000000005	41.022999999999996	47.3314	41.0323	47.072399999999995	40.431	46.730199999999996	46.3509	41.3468	40.727000000000004	41.2635	46.1659	46.7949	40.7085	47.1834	40.6438	41.2265	47.7384	40.4495	46.739399999999996	47.3684	46.7579	47.6089	47.9419	48.2287	47.4424	47.1927	46.8227	47.2204	48.1362	47.2667	44.5472	44.612	45.1577	44.2882	45.6202	44.723	43.7795	43.696200000000005	48.5524	47.9142	47.9974	47.9882	48.1269	47.5534	47.682900000000004	48.8946	48.1732	48.4969	48.6264	48.3212	48.8391	48.709599999999995	48.5617	49.0056	49.532900000000005	49.1351	49.6994	48.931599999999996	49.1259	49.7086	49.2739	50.4301	49.0981	50.2359	50.346900000000005	50.393100000000004	51.1609	50.5966	50.9574	50.9574	51.207100000000004	52.058099999999996	51.0129	50.9389	51.179399999999994	51.1701	49.8289	50.4209	50.1526	49.7086	48.6911	49.2461	48.7744	48.9501	48.2934	48.4414	47.6922	47.414699999999996	47.775400000000005	48.330400000000004	48.3397	48.6541	47.6922	48.8576	48.524699999999996	48.9409	49.1999	49.1166	48.6264	49.3294	48.8114	49.8844	49.532900000000005	50.9574	50.4486	50.8464	50.8186	50.393100000000004	51.7436	51.7066	51.068400000000004	52.150600000000004	51.401399999999995	52.1691	52.2153	52.4743	53.269800000000004	52.5298	53.7971	53.871100000000006	53.1126	54.564800000000005	54.305800000000005
Sin-CPnd_081-Ex1-10G-lcwgs-1-2	59.424	37.0037	37.5541	44.290800000000004	44.384499999999996	44.160199999999996	35.3662	36.823299999999996	45.1994	36.233599999999996	47.591699999999996	47.266200000000005	38.4562	45.944	37.5901	45.6104	45.7774	37.776399999999995	46.1248	37.9867	46.0881	37.7977	37.8901	45.109700000000004	37.2388	45.4486	45.448899999999995	37.5983	45.7581	37.7263	45.741	38.0246	45.460699999999996	45.1654	37.5597	37.5698	37.4595	38.0577	45.927299999999995	45.7394	45.9643	37.6661	37.9457	45.9676	37.9722	44.7754	46.1542	46.205	46.6962	46.4784	46.4296	46.2207	46.0632	46.2433	46.201100000000004	46.705999999999996	46.4555	41.672	43.0551	42.7073	43.9182	43.2247	43.175200000000004	40.867399999999996	42.9876	47.5888	47.8622	47.5481	47.707300000000004	48.3638	48.482	48.335	48.5714	48.6516	48.7885	49.0377	49.2027	49.149	49.2783	49.492799999999995	49.693799999999996	49.5789	49.9528	49.9411	50.2181	50.449200000000005	50.80480000000001	50.786500000000004	51.0933	50.834999999999994	51.2056	51.5049	51.4741	51.7407	51.910599999999995	52.0966	52.212199999999996	52.337199999999996	52.42400000000001	52.2027	52.0923	51.7927	51.4093	50.851	50.2479	49.5599	48.952200000000005	48.4692	48.407	48.004599999999996	47.822199999999995	47.2528	47.169	46.8501	46.6081	46.6271	46.541900000000005	46.3792	46.4653	46.4974	46.6019	46.836299999999994	47.111999999999995	47.2525	47.5229	47.7597	48.3065	48.411300000000004	48.7335	49.3913	49.514399999999995	50.316	50.657799999999995	50.9977	51.3546	51.8618	52.481	52.743300000000005	53.3114	53.776	54.0651	54.859500000000004	55.343399999999995	56.0402	56.712799999999994	57.2508	57.7462	58.3667	59.0013	59.737300000000005
Sin-CPnd_085-Ex1-4H-lcwgs-1-2	59.4133	38.3904	40.4908	40.2389	41.9789	40.3338	38.1048	39.5855	41.633199999999995	37.919799999999995	45.0636	44.8955	42.1749	43.500699999999995	41.7344	43.0907	43.2172	41.0831	43.0849	41.2464	43.223	40.819100000000006	41.0773	42.7155	40.861799999999995	42.3736	42.5949	40.67	42.662299999999995	40.73	42.7524	40.9429	42.9827	42.5822	40.847	40.7358	40.9255	42.5559	40.7205	42.753	42.781400000000005	40.652	41.2174	42.9485	40.775299999999994	42.4832	42.7677	42.8673	42.9237	42.7819	42.7403	42.8009	42.786699999999996	42.979	42.659200000000006	43.087599999999995	43.0228	42.088	42.2055	41.9541	42.3667	42.1459	42.246	41.4735	41.9399	43.0628	43.3521	43.4127	43.272	43.4459	43.5039	43.4027	43.6351	43.419000000000004	43.5207	43.5128	43.7489	43.663000000000004	43.7557	43.5323	43.8332	43.5982	44.0139	43.9386	44.0087	44.2305	44.3085	44.0387	44.6863	44.3506	44.6141	44.5488	44.7279	45.0388	45.0394	44.7243	45.2459	44.9524	45.1231	45.292300000000004	45.0631	44.9635	45.3287	45.111000000000004	44.8765	44.9435	44.804300000000005	44.5298	44.6141	44.4012	44.6663	44.3301	44.7148	44.4307	44.520900000000005	44.4218	44.4571	44.3659	44.487700000000004	44.3554	44.7079	44.459700000000005	44.5767	44.5978	44.6605	44.8428	44.885999999999996	44.9577	44.9598	45.2554	45.1342	45.208999999999996	45.285399999999996	45.4182	45.521499999999996	45.542100000000005	45.5958	45.5969	45.765	45.7355	45.7202	45.9125	46.136500000000005	45.961	46.2519	46.354099999999995	46.3889	46.4589	46.7625	46.753499999999995
Sin-CPnd_088-Ex1-2D-lcwgs-1-2	56.503400000000006	43.0743	41.0111	42.8692	43.5811	44.0034	39.6839	41.783300000000004	43.134699999999995	40.3234	46.428599999999996	46.4165	43.605199999999996	45.6322	42.3142	45.0893	45.029	43.1226	44.7635	42.3263	45.041	42.133199999999995	42.688199999999995	45.3306	41.4937	44.667	45.5719	40.8422	45.2461	42.5434	44.6067	43.3277	45.6322	44.7997	42.1211	41.7712	41.3972	44.908300000000004	45.0531	41.686800000000005	45.8615	41.023199999999996	43.195	45.523599999999995	41.6506	46.6216	44.6187	45.6684	45.958	46.513	46.766400000000004	46.1149	47.2973	45.5116	46.7423	47.309400000000004	46.983599999999996	46.1873	45.6926	45.9097	46.307900000000004	46.6458	46.4165	45.801199999999994	47.1284	48.347	48.5642	48.998599999999996	49.264	50.060300000000005	49.107099999999996	50.1327	49.9155	49.445	49.891400000000004	50.1327	50.3861	50.1086	49.336400000000005	50.84459999999999	49.9759	50.7722	50.760099999999994	50.9773	51.8943	52.1115	52.171800000000005	52.7027	52.7872	54.3557	54.39190000000001	54.778000000000006	55.69499999999999	55.972500000000004	56.5637	55.7674	57.51690000000001	56.2017	57.2273	57.275600000000004	55.2847	55.682900000000004	53.4266	52.2442	50.7722	48.3711	47.8161	46.380300000000005	46.259699999999995	45.3185	45.1255	45.0772	44.7273	45.0048	44.3412	44.4981	45.8615	44.317099999999996	45.9339	46.814699999999995	46.0907	47.7437	47.1525	48.7693	48.877900000000004	50.16890000000001	51.471999999999994	51.5323	53.6438	54.235	55.7191	56.5878	56.949799999999996	57.927099999999996	58.5787	60.135099999999994	61.0159	60.726400000000005	62.644800000000004	62.1139	64.4426	64.1892	65.0458	67.03670000000001	67.1332	68.1105	69.2085	69.96860000000001	70.584	71.06660000000001
Sin-CPnd_089-Ex1-9E-lcwgs-1-2	58.067899999999995	39.2884	38.073499999999996	42.5052	43.3694	42.4384	36.9392	38.1533	43.8819	37.3704	46.8613	46.386	40.1208	44.8608	39.3559	44.534	45.0231	39.2358	45.0212	39.3497	44.9283	39.3563	39.6102	44.3683	39.0797	44.1661	44.374	39.092	44.513999999999996	39.1717	44.5946	39.483200000000004	44.5025	39.11	44.4289	39.1334	44.29	44.5225	39.3797	44.5566	39.7007	39.148300000000006	39.6025	44.986599999999996	39.590599999999995	44.8942	45.221000000000004	45.0258	45.6871	45.555099999999996	45.6322	45.3376	45.6407	45.6222	45.6111	46.0273	46.2694	43.250499999999995	43.7342	43.5942	43.8159	43.731500000000004	43.8523	42.7725	43.6341	46.9165	47.3453	47.6871	47.4148	47.814499999999995	47.917300000000004	48.1325	47.948	48.1102	48.3784	48.5805	48.7217	48.7746	48.8245	49.0489	49.3289	49.4831	49.5161	49.8249	49.9672	50.340399999999995	50.5556	50.670300000000005	50.9553	51.1974	51.5672	51.9903	51.895100000000006	52.333200000000005	52.4843	52.6562	52.9922	52.928200000000004	53.156000000000006	53.1107	52.774699999999996	52.5331	51.906600000000005	51.4295	50.529599999999995	49.6051	48.9614	48.354200000000006	48.0677	47.795300000000005	47.808299999999996	47.2322	47.2974	46.8321	46.7335	46.5245	46.470800000000004	46.3499	46.5805	46.5908	46.806	46.9844	47.430499999999995	47.508	48.1609	48.2587	48.7021	49.134	49.4237	50.35190000000001	50.52569999999999	51.19010000000001	51.591699999999996	52.0597	52.5591	52.8737	53.553799999999995	53.97149999999999	54.4813	55.0536	55.5661	56.238200000000006	56.8504	57.3652	58.07940000000001	58.5773	59.0829	59.724999999999994	60.439699999999995	61.034200000000006
Sin-CPnd_090-Ex1-12F-lcwgs-1-2	60.316199999999995	38.2134	42.438500000000005	41.1348	41.5603	40.5669	38.4287	39.959	42.133199999999995	38.4709	45.5804	45.299499999999995	42.4935	43.6906	41.9251	43.2479	43.6931	41.6422	43.783	41.661500000000004	43.8078	41.4599	41.7506	42.9415	41.3856	43.0277	43.1877	41.3489	43.424600000000005	41.4316	43.4675	41.5822	43.3031	41.504799999999996	43.3471	41.4767	43.2597	43.228	43.466100000000004	41.5877	41.8245	41.4789	41.79	43.4634	41.6323	43.2319	43.5356	43.4608	43.7757	43.539899999999996	43.778800000000004	43.4845	43.5313	43.4309	43.559	43.7122	43.7821	42.686600000000006	43.0229	42.966	43.2483	42.965199999999996	43.0841	42.3433	42.8732	43.8878	44.1298	44.170300000000005	44.2783	44.393899999999995	44.4199	44.3214	44.2977	44.3402	44.4561	44.5916	44.6743	44.671699999999994	44.7233	44.797799999999995	44.7526	44.7935	44.901	44.9104	44.9701	44.9874	45.0441	45.1229	45.3393	45.1529	45.3182	45.435199999999995	45.4913	45.6027	45.5681	45.711	45.6688	45.7021	45.8038	45.768	45.8284	45.6814	45.4647	45.372	45.2042	44.9939	44.900099999999995	44.655699999999996	44.6376	44.5332	44.5725	44.3827	44.3418	44.0916	44.135999999999996	44.0033	44.0283	43.878299999999996	44.023	43.925	43.9486	43.8807	44.0143	44.0106	44.149100000000004	44.169599999999996	44.289899999999996	44.2614	44.3828	44.4793	44.5246	44.699600000000004	44.8854	44.858	45.013999999999996	45.037	45.271499999999996	45.2746	45.4666	45.4526	45.5408	45.712599999999995	45.9734	46.0766	46.403499999999994	46.4338	46.5651	46.6813	46.9319	47.0366
Sin-CPnd_092-Ex1-11F-lcwgs-1-2	55.8732	39.1615	38.742900000000006	41.5974	42.2777	41.674	36.593599999999995	38.2069	42.8198	37.5445	45.462399999999995	45.29	39.8535	43.5917	38.9769	43.2182	43.75	39.1836	43.9459	39.3306	44.0451	39.2569	39.3753	43.3944	38.5573	43.1379	43.307	38.8341	43.5372	39.2038	43.5917	39.4147	43.4761	39.0276	39.1963	43.3253	43.517	43.6622	39.311800000000005	43.6293	39.4974	39.0079	39.676899999999996	44.191599999999994	39.7074	44.0169	44.3049	44.3547	44.7408	44.4843	44.6976	44.466	44.6196	44.8559	44.905699999999996	45.3539	45.5931	43.3	43.5767	43.7237	43.669200000000004	43.782900000000005	43.6735	42.8226	43.7251	46.4575	46.9517	47.103899999999996	47.25	47.360400000000006	47.3055	47.613699999999994	47.4065	47.760200000000005	47.8678	48.111599999999996	48.5006	48.3301	48.6289	48.6298	49.0517	49.1151	49.5854	49.5506	49.7329	50.23649999999999	50.632600000000004	50.8064	51.203900000000004	51.288900000000005	51.700900000000004	52.164100000000005	52.4451	52.9078	53.135200000000005	53.466899999999995	53.778800000000004	54.2392	54.49810000000001	54.6823	54.218599999999995	54.289	53.7037	53.027100000000004	52.3892	51.0197	50.5663	49.7724	49.5971	49.0353	48.9018	48.4701	47.9702	47.844300000000004	47.448299999999996	47.1622	47.189	46.935300000000005	47.2777	47.1965	47.3835	47.6033	47.7306	48.1539	48.619	48.863800000000005	49.153200000000005	49.5957	50.0505	50.991	51.068999999999996	51.8996	52.617999999999995	52.9426	53.644499999999994	54.1255	54.8049	55.2098	55.8215	56.23350000000001	57.0153	57.648999999999994	58.25789999999999	59.0946	59.804500000000004	60.461200000000005	61.096399999999996	61.76350000000001	62.6547	63.3853
Sin-CPnd_093-Ex1-10C-lcwgs-1-2	58.196099999999994	39.4433	38.0508	42.6844	43.4039	42.7684	36.6723	38.3046	43.9526	37.2657	46.765699999999995	46.3561	40.109	44.8423	39.3099	44.8634	45.0839	39.4368	45.018299999999996	39.366800000000005	45.2016	39.4131	39.5379	44.5413	39.199600000000004	44.4831	44.5413	38.9199	44.8708	39.0377	44.9251	39.4306	44.766600000000004	44.4485	39.258700000000005	39.0994	38.99	39.4648	44.6542	44.876	45.0218	39.1856	39.5921	44.7701	39.5177	44.304500000000004	45.394600000000004	44.9202	45.9207	45.4498	45.677800000000005	45.448499999999996	45.2205	45.4191	45.501799999999996	45.8695	45.5754	42.3317	43.3229	43.0419	44.0629	43.553999999999995	43.553999999999995	42.0551	43.4743	46.6655	46.9443	46.894400000000005	46.823	47.3338	47.5815	47.5832	47.7447	47.581	47.964400000000005	47.9657	48.139900000000004	48.1307	48.139900000000004	48.4996	48.5105	48.5167	49.156	48.535000000000004	49.0904	49.3617	49.626	49.7127	49.808099999999996	49.980999999999995	50.12760000000001	50.230399999999996	50.556900000000006	50.675000000000004	50.8352	50.77	51.019000000000005	51.161699999999996	50.9337	51.278999999999996	50.917500000000004	50.502199999999995	50.0698	49.4234	48.9425	47.9491	47.5346	47.2318	46.7473	46.6817	46.332499999999996	46.0196	45.8861	45.402100000000004	45.4533	45.3119	45.1299	45.15	45.2524	45.2905	45.521499999999996	45.8546	45.9609	46.2025	46.7377	46.8904	47.119299999999996	47.5303	48.0646	48.524499999999996	48.896499999999996	49.4571	49.9411	50.2405	50.861900000000006	51.190599999999996	51.783500000000004	52.057900000000004	52.7288	53.0374	53.697300000000006	54.390499999999996	54.8644	55.348	56.032000000000004	56.51690000000001	57.1935	57.738299999999995	58.2981	58.9764
Sin-CPnd_094-Ex1-3H-lcwgs-1-2	58.8136	37.6721	41.8516	40.1621	40.363	39.2003	37.8214	39.1245	40.6831	38.1518	43.9031	43.521100000000004	42.1574	42.2566	41.5498	42.013099999999994	42.133700000000005	41.3576	42.275600000000004	41.4121	42.4599	41.3694	41.4412	41.849599999999995	41.0475	41.6713	41.8425	41.1612	41.9828	41.2804	42.2014	41.2728	42.1177	41.942	42.0166	41.1548	41.2255	41.9528	41.967999999999996	41.2724	41.3833	41.1927	41.277	42.1659	41.2435	42.026799999999994	41.9674	41.967	42.2038	42.0682	42.1693	42.233599999999996	42.0572	42.0264	41.9464	42.1654	42.1216	41.9069	41.782399999999996	41.919000000000004	42.1072	41.942	42.0217	41.6348	41.865	42.1591	42.435	42.5819	42.4878	42.6841	42.6384	42.4802	42.59	42.4895	42.605599999999995	42.5083	42.620200000000004	42.6958	42.7397	42.896	42.9297	42.9197	43.0773	43.0044	43.0533	43.2095	43.134699999999995	43.2381	43.4801	43.2721	43.4795	43.6531	43.6235	43.8237	43.7406	43.9415	43.838899999999995	43.9967	43.981500000000004	44.1749	44.2446	44.2252	44.3369	44.2489	44.2863	44.2243	44.1367	43.9948	44.1526	44.0395	44.139	44.1104	44.0451	43.961	44.1392	44.1196	44.1324	44.1053	44.2399	44.1111	44.126	44.1691	44.3799	44.4628	44.3887	44.3536	44.4484	44.434200000000004	44.2878	44.573800000000006	44.4965	44.687599999999996	44.5801	44.7014	44.764900000000004	44.785199999999996	44.7955	44.890299999999996	44.8553	44.7883	44.709700000000005	44.8839	45.0076	45.0897	45.206	45.3402	45.251999999999995	45.2259	45.3207	45.3906
Sin-CPnd_095-Ex1-2B-lcwgs-1-2	58.956399999999995	40.8012	40.9652	40.197300000000006	41.8644	40.685700000000004	39.780300000000004	40.5058	42.179100000000005	39.7812	45.400400000000005	44.4298	43.414199999999994	43.5094	42.6366	43.1162	43.7201	41.8785	43.817099999999996	42.5282	43.7933	41.927	42.4488	42.6516	42.2417	42.9496	43.0421	42.0997	43.2167	41.8829	42.8773	41.8106	42.9813	42.7803	42.0565	41.888999999999996	42.083	43.1576	42.837599999999995	41.8644	43.0025	42.0865	42.217	43.229	41.916399999999996	43.0792	43.1717	43.1303	43.7994	43.2758	43.6478	43.5446	43.9123	43.6928	44.1159	43.8761	44.3821	43.9087	44.1662	44.1089	44.3724	44.1432	44.034800000000004	43.865500000000004	44.413000000000004	45.1191	45.2955	45.332499999999996	45.448899999999995	45.6155	45.9293	45.5617	45.562599999999996	45.5802	45.839400000000005	45.980399999999996	45.9611	46.6002	46.2573	46.4062	46.557900000000004	46.8038	47.3063	47.0948	47.473	47.465	47.881099999999996	48.1703	48.532599999999995	48.6023	48.9619	48.9293	49.6831	49.8347	50.2244	50.2834	50.1503	50.6748	50.4448	50.76389999999999	50.249	50.0957	49.6584	48.8694	48.099799999999995	47.085100000000004	46.6919	46.2149	46.1568	45.8579	46.0589	45.711600000000004	45.2972	44.927	45.2531	45.0901	45.0548	44.9199	45.2408	45.354499999999994	45.8429	46.0501	46.2493	46.6434	46.9458	47.3804	47.6616	47.965799999999994	48.3695	49.1515	49.3287	49.7712	50.175000000000004	50.9208	51.2108	51.6754	51.892300000000006	52.44950000000001	52.9899	53.3249	53.723299999999995	54.366899999999994	54.8773	55.588800000000006	56.0763	56.4844	56.930499999999995	57.3484	57.9258	58.473299999999995
Undetermined	60.0769	37.4762	37.9744	47.2877	46.6517	46.319300000000005	35.808099999999996	36.7593	47.3118	36.6179	49.7521	49.9985	37.85	48.410799999999995	36.9305	48.2964	47.7302	37.4685	48.624	37.437599999999996	48.0397	37.3579	37.5714	48.0402	36.8711	47.7576	47.9591	37.0691	47.5795	37.5649	47.9649	37.8675	47.658899999999996	42.6588	42.8565	41.999900000000004	41.0816	43.9	41.7452	44.8028	43.6433	37.7558	38.757999999999996	47.5024	38.5783	46.6248	47.6485	47.9344	48.7892	48.2329	48.6769	47.9707	48.154799999999994	48.1232	48.0827	48.871900000000004	48.621700000000004	43.9735	45.306400000000004	44.817099999999996	45.7158	45.0649	45.294000000000004	42.977900000000005	45.358	50.4355	50.43149999999999	50.511700000000005	50.50320000000001	51.0068	51.4396	51.6598	51.561800000000005	51.5535	51.7661	52.5115	52.619499999999995	52.6744	53.076	53.1576	53.395	53.496	53.83369999999999	53.8724	54.109899999999996	54.4056	54.587300000000006	54.847100000000005	54.752100000000006	54.752199999999995	55.060500000000005	55.334799999999994	55.6648	55.980700000000006	56.18300000000001	56.14789999999999	56.4677	56.883799999999994	56.9752	56.8611	56.4442	56.09119999999999	55.5562	54.8257	54.004200000000004	52.8763	52.079600000000006	51.4348	51.0259	50.6873	50.3476	49.9135	49.5352	49.165	48.8699	48.7345	48.5775	48.4448	48.7365	48.7495	48.9946	49.2946	49.6821	50.0193	50.421499999999995	50.922599999999996	51.329	51.8138	52.40899999999999	53.32750000000001	53.730999999999995	54.5612	55.2519	55.8658	56.4675	57.1284	57.8423	58.4912	59.1789	59.71340000000001	60.549299999999995	61.3413	62.0567	62.892	63.7439	64.46650000000001	65.1314	65.971	66.8342	67.6381
