Sample	1	2	3	4	5	6	7	8	9	10	11	12	13	14	15	16	17	18	19	20	21	22	23	24	25	26	27	28	29	30	31	32	33	34	35	36	37	38	39	40	41	42	43	44	45	46	47	48	49	50	51	52	53	54	55	56	57	58	59	60	61	62	63	64	65	66	67	68	69	70	71	72	73	74	75	76	77	78	79	80	81	82	83	84	85	86	87	88	89	90	91	92	93	94	95	96	97	98	99	100	101	102	103	104	105	106	107	108	109	110	111	112	113	114	115	116	117	118	119	120	121	122	123	124	125	126	127	128	129	130	131	132	133	134	135	136	137	138	139	140	141	142	143	144	145	146	147	148	149	150
Sin-APnd_001-Ex1-6G-lcwgs-1-2	50.958400000000005	40.5358	41.3412	39.8636	39.8639	39.738299999999995	39.6688	40.334599999999995	40.634	40.9176	42.8483	42.9472	41.1446	41.025099999999995	40.592299999999994	40.7159	41.019	41.0969	41.3096	41.0341	41.6997	41.132600000000004	41.3922	40.5514	40.3874	40.2169	40.5188	40.4915	40.9544	40.8917	41.059400000000004	41.0586	40.9456	40.6295	40.918	41.0647	40.4598	41.5683	41.5499	41.6136	41.993	41.3688	41.4995	41.874	41.657	42.2729	42.1626	42.149300000000004	43.1102	42.789100000000005	42.931000000000004	42.573299999999996	42.323699999999995	42.8329	43.2324	43.6606	44.716499999999996	44.737100000000005	45.1569	45.3904	44.8699	44.8913	45.3546	45.0464	45.651399999999995	46.104299999999995	46.5058	46.832499999999996	46.7585	47.497499999999995	47.2611	47.1884	47.2301	47.2767	47.365	47.8661	48.0373	47.9499	47.8675	47.8437	47.982200000000006	47.9493	47.971599999999995	47.7124	47.7942	47.8903	48.0918	48.2119	48.0965	48.1334	48.117	48.2523	48.3544	48.4278	48.5796	48.737	48.844100000000005	49.0891	49.3106	49.4795	49.5097	49.5506	49.5918	49.8955	50.3031	50.4184	50.618399999999994	50.7011	50.63530000000001	50.787099999999995	50.768800000000006	50.85039999999999	50.836099999999995	50.795	50.7646	50.94070000000001	51.024899999999995	51.113600000000005	51.1802	51.3765	51.4966	51.58279999999999	51.8042	52.320299999999996	52.6806	53.2143	53.8122	54.2836	54.732	55.3005	55.9104	56.5774	57.201800000000006	58.166700000000006	58.7795	59.3333	60.222699999999996	60.9245	61.6877	62.458000000000006	63.11600000000001	63.91630000000001	64.8112	65.6885	66.5336	67.4363	68.2932	69.0284	69.82390000000001	70.6114
Sin-APnd_002-Ex1-3G-lcwgs-1-2	51.1621	40.6468	41.842800000000004	40.3287	40.564299999999996	40.2745	40.1327	40.8221	41.105399999999996	41.0285	43.4365	43.4026	41.9207	41.8896	41.576299999999996	41.6557	41.8857	41.9189	42.1231	41.907	42.4114	41.9957	42.1701	41.5814	41.4944	41.3373	41.538799999999995	41.536	41.8456	41.7683	41.9415	41.938700000000004	41.7827	41.595	41.7889	41.8511	41.4643	42.2332	42.249900000000004	42.3037	42.620799999999996	42.1972	42.2652	42.581	42.4253	42.8858	42.8669	42.9495	43.6392	43.552800000000005	43.6961	43.446	43.371300000000005	43.7441	44.0345	44.4651	45.2283	45.2885	45.6416	45.8229	45.5073	45.556400000000004	45.9178	45.678999999999995	46.123799999999996	46.4678	46.7872	47.0599	47.0282	47.6002	47.4654	47.4727	47.4626	47.5379	47.6207	47.9367	48.0219	48.011199999999995	47.9311	47.877700000000004	47.989399999999996	48.0051	47.9851	47.8437	47.910599999999995	47.9607	48.1537	48.2512	48.1845	48.239	48.2765	48.424299999999995	48.545899999999996	48.6106	48.7981	48.948	49.034	49.2181	49.4149	49.5809	49.599900000000005	49.589800000000004	49.5766	49.8009	50.12140000000001	50.1861	50.3243	50.3688	50.33069999999999	50.454699999999995	50.433099999999996	50.589099999999995	50.59479999999999	50.620200000000004	50.639	50.834999999999994	51.0034	51.1628	51.338300000000004	51.6401	51.8587	52.062	52.363400000000006	52.9301	53.3623	53.902499999999996	54.5253	55.027	55.528800000000004	56.123900000000006	56.769000000000005	57.4412	58.053900000000006	59.006	59.58560000000001	60.1282	60.98010000000001	61.663199999999996	62.401300000000006	63.1911	63.81099999999999	64.6063	65.43679999999999	66.2828	67.097	67.95400000000001	68.78689999999999	69.49159999999999	70.26689999999999	71.0505
Sin-APnd_003-Ex1-3H-lcwgs-1-2	50.370599999999996	39.7382	41.092	39.5411	39.6951	39.4325	39.1911	39.7601	39.9531	40.027	42.1709	42.1603	40.6918	40.6175	40.2702	40.3039	40.5419	40.5283	40.6744	40.4584	40.9669	40.5583	40.6879	40.0669	39.963300000000004	39.7459	39.955600000000004	39.9553	40.2993	40.2663	40.408699999999996	40.429500000000004	40.264	40.0803	40.2631	40.3095	39.8851	40.7163	40.7549	40.794200000000004	41.136	40.6729	40.7521	41.038000000000004	40.850500000000004	41.3142	41.2726	41.3069	42.0447	41.8613	42.0114	41.7304	41.611399999999996	41.9659	42.277	42.6783	43.4684	43.4595	43.855	44.0349	43.6533	43.7121	44.1107	43.8223	44.2929	44.6347	44.942	45.2258	45.2058	45.8301	45.6603	45.679199999999994	45.6941	45.7753	45.8909	46.327	46.4812	46.4852	46.483999999999995	46.5349	46.7699	46.807900000000004	46.903800000000004	46.7592	46.9364	47.0876	47.3117	47.519800000000004	47.4474	47.5495	47.5939	47.755900000000004	47.896	48.0006	48.260999999999996	48.512	48.6041	48.759	48.888799999999996	49.0963	49.1394	49.1894	49.263	49.5634	49.8779	50.0264	50.1465	50.2881	50.2512	50.348499999999994	50.3324	50.3965	50.4146	50.471	50.500299999999996	50.66460000000001	50.808699999999995	50.832699999999996	51.0014	51.2729	51.416399999999996	51.471199999999996	51.78739999999999	52.176100000000005	52.5239	52.947500000000005	53.447199999999995	53.8358	54.2632	54.7413	55.226299999999995	55.767999999999994	56.297	57.1068	57.6229	58.1223	58.8317	59.391099999999994	60.0125	60.6877	61.28360000000001	61.9696	62.773	63.4885	64.2071	64.9875	65.7623	66.3184	67.105	67.7713
Sin-APnd_004-Ex1-4A-lcwgs-1-2	53.187200000000004	42.216300000000004	42.5742	41.0751	40.801700000000004	40.9833	41.1289	41.7616	42.2513	43.1014	44.3696	44.6196	42.3402	42.2483	41.6583	41.9067	42.3138	42.3994	42.7538	42.3649	43.284800000000004	42.5861	42.9529	41.7715	41.5991	41.3534	41.782000000000004	41.7964	42.4947	42.3282	42.5601	42.5358	42.385600000000004	41.9127	42.3581	42.6786	41.8319	43.5259	43.5026	43.5555	44.0554	43.1991	43.33	43.9078	43.6314	44.6372	44.5669	44.4215	45.8189	45.3384	45.4052	44.9754	44.546400000000006	45.260400000000004	45.7806	46.2908	47.7202	47.661	48.1412	48.3936	47.497299999999996	47.4808	48.0222	47.5304	48.274	48.7255	49.2739	49.5631	49.39	50.3161	49.8656	49.622699999999995	49.566900000000004	49.5604	49.599	50.2314	50.3992	50.184799999999996	50.0085	49.9089	50.039	49.9639	49.914199999999994	49.4587	49.509100000000004	49.587399999999995	49.763000000000005	49.8959	49.6572	49.647200000000005	49.6432	49.790800000000004	49.9048	50.04260000000001	50.1869	50.3847	50.412800000000004	50.5616	50.733700000000006	50.885400000000004	50.9065	51.0184	51.0802	51.4062	51.7672	51.828700000000005	52.046800000000005	52.0385	51.968599999999995	51.930200000000006	51.9688	51.9394	51.937	51.971999999999994	51.99399999999999	52.190999999999995	52.2778	52.4155	52.47579999999999	52.8878	53.032999999999994	53.2404	53.5409	54.152	54.5685	55.260799999999996	55.9949	56.454899999999995	56.9543	57.614	58.301700000000004	58.9408	59.6368	60.671	61.373999999999995	62.045300000000005	62.9155	63.5336	64.3919	65.12360000000001	65.8797	66.6898	67.5811	68.4567	69.29180000000001	70.2422	71.0852	71.8109	72.5942	73.3477
Sin-APnd_005-Ex1-4B-lcwgs-1-2	66.3374	57.467999999999996	58.829600000000006	57.61150000000001	57.735800000000005	57.571000000000005	57.579899999999995	58.243500000000004	58.4569	58.28	60.231500000000004	60.1118	58.808899999999994	58.7546	58.4998	58.5464	58.823899999999995	58.8447	59.044399999999996	58.855500000000006	59.2975	58.865100000000005	59.0523	58.449	58.4238	58.314299999999996	58.5416	58.4648	58.8175	58.7005	58.871700000000004	58.825300000000006	58.686099999999996	58.4829	58.7356	58.77830000000001	58.5144	59.1989	59.155199999999994	59.185500000000005	59.4117	59.1238	59.155	59.461	59.3385	59.8212	59.8362	59.8601	60.502900000000004	60.367599999999996	60.508399999999995	60.36899999999999	60.291399999999996	60.580999999999996	60.92419999999999	61.2256	61.8559	61.891600000000004	62.1719	62.2642	61.955499999999994	62.0254	62.269	62.053599999999996	62.370999999999995	62.5626	62.75429999999999	62.9616	62.8316	63.260000000000005	63.0861	62.993500000000004	63.0263	63.0552	63.0854	63.3122	63.429199999999994	63.353	63.3085	63.274300000000004	63.3948	63.4045	63.3865	63.2668	63.302800000000005	63.349900000000005	63.489799999999995	63.5827	63.5173	63.5533	63.561	63.608399999999996	63.715599999999995	63.7268	63.95570000000001	64.0958	64.1895	64.31700000000001	64.3378	64.4768	64.4286	64.485	64.3054	64.5413	64.59700000000001	64.4695	64.2112	63.820100000000004	63.268899999999995	63.0186	62.6825	62.5361	62.476699999999994	62.423300000000005	62.409000000000006	62.5289	62.792899999999996	62.8567	63.116499999999995	63.478699999999996	63.7961	64.0275	64.38629999999999	64.8753	65.3239	65.8449	66.4205	66.9397	67.4119	68.0973	68.6207	69.2231	69.7843	70.6397	71.1542	71.6995	72.4225	72.9511	73.5747	74.2337	74.7672	75.4086	76.1164	76.7404	77.381	78.0106	78.6575	79.1593	79.76820000000001	80.3007
Sin-APnd_006-Ex1-4C-lcwgs-1-2	51.6599	40.1381	42.0717	40.4047	40.5991	40.251599999999996	40.2292	41.0502	41.268	41.011399999999995	43.6899	43.485800000000005	41.998799999999996	41.918499999999995	41.641	41.686800000000005	41.9966	42.0862	42.2373	42.0966	42.5595	42.1623	42.2693	41.7087	41.5816	41.4908	41.6833	41.7111	42.0693	42.0315	42.1989	42.1983	42.0837	41.8797	42.1221	42.1415	41.8014	42.529	42.4966	42.5537	42.8341	42.397	42.466300000000004	42.7027	42.5003	42.9718	42.885	42.839	43.5102	43.3273	43.3897	43.147200000000005	42.9827	43.2578	43.6173	43.8609	44.6132	44.6149	44.9624	45.0934	44.7369	44.8133	45.137899999999995	44.914300000000004	45.4007	45.7197	46.051700000000004	46.3123	46.3081	46.8943	46.760600000000004	46.7254	46.7941	46.8831	46.9514	47.374300000000005	47.531	47.4513	47.4341	47.4402	47.5495	47.549400000000006	47.571000000000005	47.355399999999996	47.477799999999995	47.531800000000004	47.7084	47.7993	47.6765	47.7004	47.7057	47.838300000000004	47.8973	47.9883	48.154799999999994	48.329100000000004	48.3792	48.4965	48.7052	48.8308	48.8682	48.8882	48.9923	49.3259	49.6133	49.811699999999995	50.01989999999999	50.1271	50.1468	50.2316	50.291	50.3749	50.425	50.4185	50.463800000000006	50.5652	50.6321	50.702999999999996	50.7998	51.0422	51.061	51.1462	51.2992	51.6498	51.9027	52.269299999999994	52.743300000000005	53.0475	53.402300000000004	53.83710000000001	54.3462	54.85060000000001	55.388400000000004	56.1937	56.72859999999999	57.2232	57.943900000000006	58.46	59.2329	59.9082	60.5784	61.3113	62.1682	62.9756	63.8155	64.6887	65.5021	66.2247	67.0325	67.80030000000001
Sin-APnd_007-Ex1-4D-lcwgs-1-2	53.4813	42.4529	43.1233	41.7178	41.7512	41.4125	41.3966	42.0912	42.294599999999996	42.311	44.568999999999996	44.511	42.893	42.7367	42.4542	42.497099999999996	42.8627	42.8583	43.1396	42.8795	43.441	42.9012	43.1125	42.3433	42.200500000000005	42.1344	42.3452	42.3031	42.7556	42.6636	42.8046	42.8259	42.6454	42.393	42.656	42.741600000000005	42.363299999999995	43.2445	43.2093	43.2243	43.6003	43.1006	43.1781	43.5451	43.3941	43.9451	43.958000000000006	43.949	44.8237	44.5962	44.7423	44.587700000000005	44.459199999999996	44.8852	45.3503	45.7465	46.6552	46.726800000000004	47.173500000000004	47.415600000000005	47.1078	47.1989	47.6319	47.4129	47.9814	48.3248	48.708600000000004	49.009	48.9549	49.615500000000004	49.462	49.3577	49.3992	49.5018	49.4987	49.884499999999996	50.03959999999999	49.9619	49.8956	49.8	49.9375	49.904700000000005	49.8765	49.6389	49.7225	49.7597	49.9604	50.0343	49.9838	50.012100000000004	49.9931	50.1452	50.2694	50.3281	50.53339999999999	50.6941	50.8196	51.06889999999999	51.1984	51.319700000000005	51.35150000000001	51.408699999999996	51.51520000000001	51.773599999999995	52.1043	52.153499999999994	52.314499999999995	52.2482	52.126099999999994	52.2288	52.1618	52.1382	52.078	52.068400000000004	52.046800000000005	52.2228	52.3305	52.4488	52.5981	52.861999999999995	53.05649999999999	53.256099999999996	53.5771	54.09080000000001	54.532199999999996	55.137499999999996	55.83709999999999	56.3345	56.8739	57.5736	58.224900000000005	58.9546	59.5854	60.614599999999996	61.2691	61.893600000000006	62.7935	63.4773	64.25699999999999	65.0262	65.6962	66.5028	67.38730000000001	68.2052	69.0184	69.864	70.66799999999999	71.3517	72.1152	72.8266
Sin-APnd_008-Ex1-4E-lcwgs-1-2	52.8725	42.324600000000004	42.5635	41.2367	41.393	41.109	40.9818	41.858200000000004	42.2013	42.4452	44.485200000000006	44.5674	42.6543	42.518299999999996	42.1136	42.2268	42.5416	42.6297	42.823299999999996	42.5568	43.302800000000005	42.7483	43.0255	42.1038	41.9675	41.856300000000005	42.1145	42.1206	42.6085	42.4574	42.7589	42.7571	42.5895	42.2467	42.5647	42.7734	42.1707	43.349	43.3404	43.472300000000004	43.8134	43.0711	43.2184	43.6211	43.3535	44.0811	44.075399999999995	43.9311	44.986399999999996	44.694	44.7705	44.4219	44.1385	44.6278	45.0943	45.4534	46.5929	46.6254	47.0286	47.2702	46.6352	46.6835	47.1191	46.7431	47.39	47.7068	48.1788	48.4726	48.281400000000005	49.0772	48.848200000000006	48.6299	48.6149	48.64	48.6943	49.1839	49.3958	49.227900000000005	49.1272	49.100899999999996	49.2832	49.2675	49.2438	48.9358	48.9691	49.032199999999996	49.2282	49.3538	49.2034	49.2153	49.1471	49.2575	49.3392	49.383500000000005	49.6359	49.8097	49.8693	50.0839	50.2021	50.447900000000004	50.3814	50.4699	50.5476	50.83879999999999	51.2057	51.2749	51.4799	51.5497	51.4439	51.5385	51.4928	51.5586	51.526300000000006	51.4919	51.4516	51.607099999999996	51.719899999999996	51.710699999999996	51.9103	52.148700000000005	52.317400000000006	52.422000000000004	52.7205	53.22710000000001	53.5843	54.1259	54.79039999999999	55.2779	55.756099999999996	56.37180000000001	56.9532	57.672999999999995	58.305099999999996	59.3241	59.9116	60.5171	61.3954	62.06	62.83	63.6049	64.28049999999999	65.0873	65.9992	66.8126	67.62270000000001	68.4629	69.3117	69.9468	70.7767	71.4533
Sin-APnd_009-Ex1-4F-lcwgs-1-2	52.2854	41.5962	42.5139	41.0865	41.2027	41.0175	41.105399999999996	41.862300000000005	42.1308	42.1326	44.4636	44.313399999999994	42.701	42.6348	42.2795	42.4116	42.8194	42.8999	43.0847	42.8785	43.462	42.8992	43.117	42.3908	42.2757	42.161100000000005	42.4214	42.431000000000004	42.924800000000005	42.8212	42.9947	43.0112	42.8382	42.6035	42.9047	43.033300000000004	42.5495	43.534099999999995	43.5124	43.5587	43.8531	43.319	43.4382	43.7528	43.577799999999996	44.1757	44.1771	44.0444	44.980399999999996	44.6832	44.8081	44.5203	44.3226	44.7261	45.1304	45.4266	46.3835	46.3982	46.723	46.909099999999995	46.470099999999995	46.4822	46.845	46.5684	47.0777	47.3493	47.709	47.9676	47.8425	48.438199999999995	48.2312	48.1093	48.1124	48.174	48.2189	48.6255	48.8005	48.6643	48.6323	48.6053	48.7573	48.7656	48.8181	48.6239	48.7466	48.8533	49.079699999999995	49.1927	49.0914	49.1274	49.1145	49.2455	49.324200000000005	49.423899999999996	49.605900000000005	49.7521	49.8072	50.0108	50.1171	50.334199999999996	50.273999999999994	50.31060000000001	50.36580000000001	50.5832	50.954	50.9891	51.162	51.1818	51.066100000000006	51.1544	51.1168	51.1486	51.1424	51.11130000000001	51.072799999999994	51.2448	51.354200000000006	51.436800000000005	51.5884	51.794399999999996	51.9548	52.074200000000005	52.3694	52.8825	53.305800000000005	53.843300000000006	54.508100000000006	54.970200000000006	55.50620000000001	56.1193	56.7504	57.43319999999999	58.093300000000006	59.115399999999994	59.731199999999994	60.341	61.236999999999995	61.94650000000001	62.742200000000004	63.5605	64.2423	65.1066	66.00819999999999	66.9105	67.7829	68.6816	69.5524	70.2851	71.114	71.855
Sin-APnd_010-Ex1-4G-lcwgs-1-2	53.483000000000004	42.2034	43.4994	41.780899999999995	41.692499999999995	41.775600000000004	41.9942	42.620999999999995	42.8997	43.286	45.087500000000006	45.088499999999996	43.238	43.0865	42.661500000000004	42.939899999999994	43.2587	43.3548	43.6334	43.3676	43.992599999999996	43.4259	43.6513	42.7412	42.6107	42.4658	42.7753	42.7742	43.345099999999995	43.271300000000004	43.4774	43.3933	43.2873	42.9226	43.2977	43.4821	42.876999999999995	44.147999999999996	44.1237	44.1556	44.5743	43.918	44.0265	44.4633	44.175599999999996	44.9647	44.8831	44.770199999999996	45.887899999999995	45.506600000000006	45.5744	45.216699999999996	44.8938	45.4368	45.836	46.2475	47.3694	47.3095	47.7032	47.8692	47.2325	47.208600000000004	47.6956	47.2928	47.8879	48.2586	48.6932	48.9431	48.827799999999996	49.547999999999995	49.2004	49.0437	49.0524	49.133500000000005	49.1842	49.7176	49.8696	49.7372	49.6447	49.599900000000005	49.7185	49.655300000000004	49.6637	49.3824	49.4686	49.608200000000004	49.8166	49.9576	49.8251	49.8225	49.8128	49.9932	50.0933	50.166599999999995	50.3255	50.4735	50.597899999999996	50.8343	51.017900000000004	51.153499999999994	51.1192	51.1404	51.122299999999996	51.3924	51.80590000000001	51.8416	52.001	51.9926	51.841300000000004	51.9313	51.878	51.9276	51.9162	51.890899999999995	51.885000000000005	52.1437	52.278000000000006	52.4242	52.5361	52.7686	52.932	53.06419999999999	53.3191	53.88230000000001	54.279599999999995	54.8407	55.4569	55.935900000000004	56.3553	56.9124	57.5032	58.150800000000004	58.731	59.6773	60.240700000000004	60.763400000000004	61.6204	62.259100000000004	62.9838	63.6857	64.3009	65.05300000000001	65.8798	66.7087	67.5106	68.3623	69.1554	69.8229	70.5859	71.3012
Sin-APnd_011-Ex1-4H-lcwgs-1-2	51.871900000000004	41.3812	42.0325	40.6617	40.7713	40.6633	40.5895	41.3475	41.6764	41.9385	43.849700000000006	43.8937	42.070800000000006	41.9887	41.5661	41.708600000000004	42.0702	42.1435	42.4049	42.1227	42.8127	42.1855	42.4594	41.5788	41.501599999999996	41.2984	41.5811	41.5892	42.070800000000006	41.973	42.1672	42.187200000000004	41.961999999999996	41.6989	41.995	42.1824	41.6243	42.8051	42.8243	42.9008	43.2768	42.6207	42.7672	43.226	43.0188	43.768	43.804500000000004	43.7146	44.7831	44.5383	44.650400000000005	44.3352	44.1027	44.6425	45.062999999999995	45.5181	46.598299999999995	46.6256	47.0099	47.226	46.6635	46.6862	47.106500000000004	46.7875	47.3074	47.5812	47.9839	48.207100000000004	48.0661	48.7003	48.450700000000005	48.258	48.2313	48.2651	48.2974	48.7132	48.863	48.7167	48.6076	48.5925	48.754	48.7642	48.747	48.5221	48.6146	48.727199999999996	48.966300000000004	49.1733	49.001400000000004	49.0568	49.0288	49.182700000000004	49.304199999999994	49.4195	49.7112	49.966699999999996	50.0673	50.2035	50.356500000000004	50.5305	50.593999999999994	50.6019	50.6471	50.9313	51.2384	51.342699999999994	51.4501	51.548	51.46039999999999	51.4765	51.407599999999995	51.4118	51.3742	51.3881	51.3868	51.541599999999995	51.7513	51.7691	52.0374	52.3325	52.566500000000005	52.7522	53.1652	53.729400000000005	54.23519999999999	54.8162	55.5825	56.1434	56.7174	57.43319999999999	58.1036	58.8449	59.5417	60.6277	61.3144	61.957499999999996	62.8849	63.571999999999996	64.3737	65.1617	65.90209999999999	66.71770000000001	67.6586	68.5103	69.3411	70.21770000000001	71.0722	71.7248	72.5414	73.2505
Sin-APnd_012-Ex1-5A-lcwgs-1-2	50.609700000000004	39.1602	39.7892	38.2705	38.298300000000005	38.1072	37.927499999999995	38.608599999999996	38.928000000000004	39.5312	41.4528	41.632999999999996	39.716499999999996	39.6255	39.1157	39.1394	39.517	39.4983	39.733200000000004	39.4585	40.265699999999995	39.7152	39.9387	39.0648	38.9028	38.6442	38.996900000000004	39.0173	39.506099999999996	39.4405	39.6468	39.6625	39.495799999999996	39.1567	39.5196	39.6937	38.9897	40.3073	40.3103	40.327600000000004	40.7378	40.1003	40.1483	40.6007	40.2905	41.0308	40.951100000000004	40.848800000000004	41.931200000000004	41.6087	41.6886	41.3261	41.0034	41.5293	41.9124	42.374	43.531	43.5024	43.9463	44.2359	43.572100000000006	43.571799999999996	44.1135	43.6051	44.2516	44.7023	45.157599999999995	45.4982	45.3991	46.3268	45.9855	45.891999999999996	45.8103	45.8498	45.871	46.4973	46.6075	46.5349	46.388400000000004	46.367399999999996	46.5571	46.5068	46.5183	46.139	46.244800000000005	46.3169	46.5128	46.6014	46.4051	46.3951	46.3598	46.5401	46.6184	46.7335	46.8821	47.0821	47.097	47.2798	47.4396	47.5879	47.5894	47.6937	47.8256	48.1636	48.6252	48.769600000000004	49.0623	49.1695	49.1891	49.302099999999996	49.3978	49.416900000000005	49.4579	49.4682	49.5156	49.668800000000005	49.689499999999995	49.7779	49.729099999999995	50.0523	50.0969	50.1738	50.373900000000006	50.842	51.126099999999994	51.69200000000001	52.2912	52.642199999999995	53.075399999999995	53.61240000000001	54.1967	54.74980000000001	55.3752	56.2626	56.89769999999999	57.4821	58.2866	58.8244	59.6403	60.2982	60.9933	61.7815	62.605999999999995	63.420500000000004	64.2107	65.1327	65.94139999999999	66.6662	67.4059	68.17530000000001
Sin-APnd_013-Ex1-5B-lcwgs-1-2	51.831	42.4767	42.383900000000004	41.124100000000006	41.146	41.1112	41.0135	41.7379	42.1627	42.4629	44.223099999999995	44.3798	42.571799999999996	42.4563	42.054399999999994	42.1971	42.5555	42.6365	42.9167	42.635400000000004	43.3476	42.6763	43.0002	42.039100000000005	41.9221	41.7506	42.0916	42.0752	42.5616	42.5318	42.6704	42.7326	42.5061	42.183	42.3982	42.6262	42.0005	43.1646	43.1751	43.2043	43.5981	42.9157	43.0798	43.467299999999994	43.2396	43.938	43.986399999999996	43.837900000000005	44.941900000000004	44.6602	44.7913	44.487	44.274	44.8407	45.3219	45.7809	46.9306	46.9796	47.4304	47.7441	47.2439	47.3016	47.7662	47.474199999999996	48.0861	48.4728	48.8543	49.1477	49.0165	49.675599999999996	49.4637	49.3456	49.268699999999995	49.3743	49.3857	49.8353	50.0155	49.908500000000004	49.8075	49.750699999999995	49.8915	49.8955	49.9112	49.6643	49.7311	49.7909	50.00750000000001	50.1699	50.0146	50.0835	50.019499999999994	50.05349999999999	50.206300000000006	50.2011	50.557300000000005	50.7547	50.907000000000004	51.1018	51.1543	51.41480000000001	51.3857	51.5448	51.61599999999999	51.8805	52.2683	52.2883	52.446099999999994	52.4864	52.369200000000006	52.4041	52.2955	52.257600000000004	52.15260000000001	52.1221	52.093900000000005	52.1844	52.3119	52.2767	52.497499999999995	52.6794	52.9229	53.103	53.441399999999994	54.018	54.508599999999994	55.169599999999996	55.96	56.5559	57.1621	57.989900000000006	58.742399999999996	59.589800000000004	60.3375	61.5351	62.3233	63.02140000000001	64.0598	64.8131	65.69739999999999	66.5716	67.34909999999999	68.2441	69.2526	70.14160000000001	71.05669999999999	71.9336	72.8311	73.5498	74.3792	75.1003
Sin-APnd_014-Ex1-5C-lcwgs-1-2	52.639599999999994	42.001	42.492799999999995	41.1172	40.902899999999995	40.881	40.9128	41.7307	42.0772	42.2357	44.3465	44.3777	42.353699999999996	42.28	41.812	41.891099999999994	42.3046	42.469699999999996	42.6391	42.4535	43.0854	42.4803	42.6537	41.8791	41.6557	41.5834	41.856100000000005	41.8673	42.3524	42.2604	42.477900000000005	42.4831	42.2672	41.9431	42.3188	42.4873	41.9159	43.0657	43.0167	43.1127	43.455799999999996	42.8966	43.0181	43.451499999999996	43.303000000000004	44.0473	44.0592	43.985800000000005	45.0334	44.8421	45.0039	44.7613	44.5517	45.1421	45.626	46.0338	47.2024	47.2804	47.6611	47.9377	47.4437	47.5379	47.9677	47.6885	48.2578	48.5827	49.016799999999996	49.283100000000005	49.1449	49.763000000000005	49.5171	49.341499999999996	49.3427	49.3564	49.3455	49.6922	49.8276	49.5917	49.4435	49.364000000000004	49.395	49.3484	49.2547	48.978500000000004	49.0094	49.094300000000004	49.261300000000006	49.4126	49.1649	49.2721	49.2672	49.4204	49.5594	49.7002	49.9735	50.169	50.2728	50.483900000000006	50.77460000000001	50.964299999999994	51.0599	51.102199999999996	51.2124	51.5898	51.8512	52.023399999999995	52.213100000000004	52.253400000000006	52.198100000000004	52.127199999999995	52.1135	52.104099999999995	52.039	51.959500000000006	52.0096	52.0496	52.230900000000005	52.29430000000001	52.4926	52.839800000000004	53.0275	53.2678	53.61709999999999	54.2253	54.73519999999999	55.3968	56.2086	56.8214	57.416900000000005	58.2207	59.026599999999995	59.833999999999996	60.6401	61.833000000000006	62.65540000000001	63.3637	64.342	65.07509999999999	66.0142	66.8778	67.7347	68.6033	69.6203	70.5345	71.4734	72.4391	73.3133	74.1036	74.9254	75.7008
Sin-APnd_015-Ex1-5D-lcwgs-1-2	50.188900000000004	39.7229	40.8155	39.2583	39.111200000000004	38.9925	38.909	39.5793	39.9602	40.2452	42.117399999999996	42.2246	40.469899999999996	40.3784	39.928599999999996	40.0304	40.3103	40.5642	40.6246	40.5115	41.0949	40.5798	40.7571	40.0011	39.8657	39.6542	39.8782	39.9621	40.448699999999995	40.3932	40.5604	40.618500000000004	40.415	40.134100000000004	40.4398	40.6122	39.9943	41.137299999999996	41.125	41.2222	41.482200000000006	40.9893	41.0214	41.3938	41.167	41.930499999999995	41.8673	41.7834	42.7345	42.4461	42.6224	42.344500000000004	42.1734	42.6574	43.0947	43.405300000000004	44.4992	44.5674	44.9514	45.2965	44.771300000000004	44.9087	45.391999999999996	45.2057	45.7754	46.2055	46.6156	46.9129	46.9475	47.654999999999994	47.502100000000006	47.4018	47.4437	47.565400000000004	47.6333	48.0551	48.2709	48.1074	48.0879	48.0109	48.1569	48.1247	48.1426	47.8686	47.908	48.003099999999996	48.174299999999995	48.2567	48.1541	48.1962	48.1402	48.276	48.3429	48.4033	48.5923	48.7354	48.9015	49.1183	49.2638	49.3686	49.389	49.4821	49.5966	49.8873	50.2938	50.3891	50.646899999999995	50.6934	50.6348	50.805299999999995	50.8041	50.7861	50.7146	50.688900000000004	50.6442	50.80050000000001	50.8395	50.8911	50.991699999999994	51.193299999999994	51.358599999999996	51.4598	51.7268	52.1949	52.579600000000006	53.1617	53.835	54.2984	54.787200000000006	55.472100000000005	56.1615	56.877500000000005	57.5162	58.5943	59.278200000000005	59.9011	60.8395	61.576600000000006	62.399899999999995	63.2147	63.9509	64.8072	65.7805	66.6875	67.5909	68.5282	69.4189	70.1768	71.0314	71.8243
Sin-APnd_016-Ex1-5E-lcwgs-1-2	52.286	42.1852	41.769	40.4859	40.4707	40.3172	40.2639	41.0991	41.503499999999995	41.9548	43.8006	43.925	41.8512	41.7153	41.2494	41.3977	41.7791	41.9427	42.181200000000004	41.895500000000006	42.599599999999995	41.9728	42.2265	41.2764	41.1252	40.9539	41.261900000000004	41.3836	41.863	41.7228	41.9137	41.9492	41.6657	41.357	41.6068	41.9059	41.2352	42.4934	42.512100000000004	42.6425	42.9898	42.2775	42.4915	42.9309	42.831599999999995	43.609700000000004	43.6629	43.6243	44.744499999999995	44.5906	44.7827	44.5236	44.3579	45.0117	45.5093	45.9914	47.2335	47.374	47.8288	48.2024	47.6974	47.7848	48.233	47.9664	48.5553	48.922900000000006	49.3367	49.6067	49.4648	50.083	49.8754	49.668800000000005	49.6139	49.6309	49.6447	50.029	50.1599	49.946200000000005	49.802800000000005	49.7056	49.7939	49.6908	49.5738	49.2856	49.2087	49.2104	49.364000000000004	49.4929	49.2869	49.3595	49.2924	49.3797	49.533100000000005	49.5813	49.9218	50.1148	50.24720000000001	50.48350000000001	50.6682	50.9985	51.0273	51.129599999999996	51.1907	51.440799999999996	51.78	51.8209	51.99589999999999	52.0343	51.911300000000004	51.9127	51.8455	51.857699999999994	51.756800000000005	51.705400000000004	51.65070000000001	51.7668	52.017	52.04410000000001	52.391	52.7522	53.0885	53.34140000000001	53.8945	54.631099999999996	55.19690000000001	55.9882	56.9541	57.682	58.376099999999994	59.323499999999996	60.1429	61.102500000000006	61.9525	63.266	64.0868	64.8369	65.9431	66.7624	67.6771	68.5917	69.4084	70.342	71.3554	72.2782	73.1893	74.0797	74.99940000000001	75.6918	76.5472	77.27239999999999
Sin-APnd_017-Ex1-5F-lcwgs-1-2	50.9471	40.5088	40.6977	39.4421	39.4181	39.2767	39.2098	40.0708	40.4521	40.603699999999996	42.7837	42.7936	40.8003	40.7528	40.2926	40.4183	40.794200000000004	40.9592	41.1544	40.9382	41.545300000000005	40.9301	41.1655	40.291199999999996	40.1879	40.002900000000004	40.3461	40.3806	40.9461	40.771499999999996	40.910999999999994	40.968900000000005	40.7399	40.449600000000004	40.7489	41.0015	40.393299999999996	41.6304	41.5463	41.6714	42.0071	41.2984	41.4883	41.9218	41.734100000000005	42.485099999999996	42.5236	42.445	43.5164	43.2678	43.4846	43.1999	43.024499999999996	43.5818	44.0326	44.4581	45.636500000000005	45.7584	46.1734	46.4814	45.9973	46.1449	46.5512	46.3129	46.8752	47.1806	47.612500000000004	47.8757	47.7842	48.3655	48.1807	48.0344	48.0176	48.0725	48.1091	48.5022	48.6954	48.523500000000006	48.4763	48.4349	48.5981	48.6401	48.6797	48.499199999999995	48.613099999999996	48.7427	48.9469	49.116	48.9924	49.0358	49.007400000000004	49.208400000000005	49.2774	49.4036	49.6452	49.789699999999996	49.9124	50.1051	50.3161	50.5792	50.5633	50.6188	50.6806	50.9247	51.2822	51.344699999999996	51.4972	51.5108	51.377700000000004	51.4209	51.303399999999996	51.3078	51.214099999999995	51.129999999999995	51.021300000000004	51.1484	51.2702	51.3023	51.522	51.7286	51.9478	52.1595	52.5297	53.16030000000001	53.6855	54.3628	55.2158	55.8191	56.4994	57.31119999999999	58.091800000000006	58.948299999999996	59.751200000000004	60.9985	61.7508	62.469699999999996	63.5185	64.3348	65.24839999999999	66.1603	66.9178	67.85849999999999	68.8535	69.8161	70.7516	71.6884	72.6087	73.3724	74.2221	74.9863
Sin-APnd_018-Ex1-5G-lcwgs-1-2	50.712199999999996	40.5862	41.4026	40.0456	40.1058	39.89	39.846599999999995	40.5065	40.8651	40.9659	43.0212	43.052800000000005	41.4665	41.3677	41.0488	41.1963	41.4609	41.605399999999996	41.7238	41.574600000000004	42.0411	41.5969	41.7523	41.0719	40.9247	40.8139	41.0127	41.0404	41.482	41.4212	41.552499999999995	41.637	41.4259	41.1982	41.415800000000004	41.551	41.0839	42.0053	41.9897	42.0801	42.3447	41.863	41.946600000000004	42.2947	42.1209	42.7369	42.710300000000004	42.6793	43.5458	43.3601	43.4977	43.3236	43.2197	43.696	44.1236	44.4911	45.4138	45.5278	45.9343	46.2419	45.877	46.0283	46.484500000000004	46.3442	46.8655	47.2669	47.5781	47.9268	47.8979	48.4735	48.4016	48.3111	48.3547	48.458600000000004	48.518	48.819	48.99	48.8301	48.768299999999996	48.6807	48.7692	48.7278	48.6834	48.4804	48.4676	48.5039	48.658	48.756899999999995	48.5987	48.678399999999996	48.6386	48.809599999999996	48.9101	48.9627	49.163000000000004	49.266799999999996	49.422	49.6529	49.9321	50.132600000000004	50.22879999999999	50.2547	50.3	50.574	50.9416	51.0207	51.1821	51.2684	51.2286	51.325500000000005	51.303	51.3888	51.340799999999994	51.2959	51.2456	51.3723	51.4769	51.569500000000005	51.7154	51.941	52.1393	52.2918	52.5965	53.176500000000004	53.6424	54.2296	54.9539	55.529399999999995	56.0928	56.8256	57.57489999999999	58.357899999999994	59.085699999999996	60.2208	60.919599999999996	61.5692	62.562799999999996	63.3564	64.209	65.0762	65.8261	66.7024	67.6712	68.616	69.5154	70.4406	71.3589	72.12190000000001	72.9571	73.7644
Sin-APnd_019-Ex1-5H-lcwgs-1-2	49.754	39.312599999999996	39.675700000000006	38.256	38.1983	38.0617	38.0462	38.7278	39.1082	39.5261	41.335699999999996	41.455799999999996	39.5384	39.4307	39.027499999999996	39.2292	39.5828	39.7611	39.9352	39.6635	40.3693	39.7639	39.9926	39.1456	39.001999999999995	38.8254	39.1901	39.2137	39.7493	39.6299	39.7742	39.8395	39.6806	39.396300000000004	39.7254	39.967000000000006	39.307199999999995	40.5522	40.5405	40.5751	40.9534	40.2834	40.4191	40.855000000000004	40.611799999999995	41.3672	41.360400000000006	41.1688	42.315999999999995	41.9163	42.0574	41.7312	41.427	42.0037	42.449799999999996	42.801	44.0424	44.0373	44.4573	44.7811	44.1535	44.181799999999996	44.6662	44.332300000000004	44.9376	45.3229	45.7557	46.0334	45.927299999999995	46.639	46.3785	46.2104	46.183800000000005	46.2625	46.3177	46.7886	47.0354	46.847100000000005	46.7534	46.7443	46.9196	46.9377	46.9619	46.7254	46.7993	46.9495	47.2032	47.425200000000004	47.2264	47.2889	47.2503	47.3722	47.5107	47.6343	47.9313	48.1838	48.319	48.4323	48.617399999999996	48.8258	48.9012	48.97	49.0926	49.431999999999995	49.8227	49.9558	50.141400000000004	50.3179	50.3007	50.3807	50.3387	50.3555	50.325399999999995	50.3328	50.3022	50.41330000000001	50.558099999999996	50.521899999999995	50.677499999999995	50.9165	51.074200000000005	51.13999999999999	51.5047	51.99589999999999	52.4161	52.9488	53.66610000000001	54.1803	54.708999999999996	55.3813	56.033100000000005	56.76520000000001	57.462599999999995	58.554700000000004	59.255500000000005	59.8951	60.8271	61.549600000000005	62.3728	63.1942	63.9678	64.8184	65.8079	66.73320000000001	67.59960000000001	68.518	69.44200000000001	70.152	71.0221	71.7769
Sin-APnd_020-Ex1-6A-lcwgs-1-2	52.0968	43.635000000000005	43.429	42.2078	41.769	42.2829	42.081	42.6147	43.2482	44.1712	44.8836	45.4173	43.208999999999996	43.2402	42.5534	42.672399999999996	43.0593	43.1867	43.4146	43.0942	44.0135	43.302600000000005	43.689699999999995	42.6287	42.5214	42.0755	42.5624	42.5535	43.0635	43.112899999999996	43.275000000000006	43.4374	43.1016	42.728	43.0639	43.47	42.5104	44.1442	44.1945	44.277	44.656	43.9434	43.918600000000005	44.5349	44.155100000000004	45.2264	45.1961	44.8763	46.2633	45.8509	45.9187	45.4058	44.988	45.7451	46.1946	46.8121	48.3065	48.2581	48.674299999999995	49.0141	48.111599999999996	48.2236	48.8568	48.4197	49.1095	49.717	50.1601	50.5405	50.4005	51.3822	50.923300000000005	50.811499999999995	50.7208	50.7537	50.728300000000004	51.326899999999995	51.463800000000006	51.21940000000001	51.0799	50.963800000000006	51.1009	51.0085	50.977	50.535799999999995	50.5532	50.5422	50.719899999999996	50.760799999999996	50.4622	50.4678	50.362700000000004	50.440200000000004	50.4789	50.6305	50.723600000000005	50.88549999999999	50.893299999999996	51.051500000000004	51.2426	51.4221	51.4621	51.6085	51.6969	52.0712	52.5131	52.6135	52.8651	52.900000000000006	52.8655	52.84910000000001	52.9431	52.8964	52.8853	52.8474	52.845299999999995	52.94029999999999	52.927	52.9382	52.8636	53.1555	53.1759	53.2651	53.487700000000004	53.9978	54.3493	54.9799	55.7315	56.2037	56.7357	57.452999999999996	58.2303	58.9392	59.729600000000005	60.8712	61.653000000000006	62.3842	63.347500000000004	64.06819999999999	65.0098	65.8399	66.674	67.5811	68.5443	69.4963	70.4111	71.4257	72.3311	73.1221	73.9508	74.7655
Sin-APnd_021-Ex1-6B-lcwgs-1-2	53.2283	43.0197	43.4213	41.9525	41.7183	41.903600000000004	41.9429	42.6989	43.127300000000005	43.8247	45.2168	45.4512	43.223	43.1784	42.662299999999995	42.8489	43.2278	43.4074	43.6233	43.397000000000006	44.2487	43.5801	43.8822	42.864999999999995	42.6342	42.4437	42.8272	42.841	43.4561	43.394	43.6057	43.5674	43.448100000000004	43.0407	43.456	43.7085	42.8942	44.4768	44.4596	44.5378	45.001999999999995	44.162	44.2785	44.7984	44.4589	45.3446	45.2324	45.1102	46.3686	45.9394	45.9933	45.4803	44.9856	45.6606	46.0762	46.5024	47.868100000000005	47.7313	48.1636	48.3636	47.4119	47.3632	47.8378	47.295	47.979699999999994	48.396699999999996	48.8875	49.1014	48.8948	49.8063	49.2874	49.0824	48.983	49.0276	49.0525	49.8232	50.001	49.831399999999995	49.7246	49.7281	49.939299999999996	49.911699999999996	49.990899999999996	49.660399999999996	49.7807	49.9792	50.26540000000001	50.470099999999995	50.3262	50.3472	50.2997	50.4003	50.5294	50.5796	50.8709	51.1207	51.2552	51.4645	51.4456	51.6249	51.4885	51.6606	51.6624	51.961999999999996	52.4454	52.4333	52.6246	52.6437	52.40860000000001	52.4769	52.405100000000004	52.3238	52.3081	52.3449	52.348099999999995	52.5984	52.7051	52.7154	52.8604	53.041799999999995	53.2475	53.333600000000004	53.6096	54.1308	54.508900000000004	55.1174	55.746700000000004	56.1882	56.633	57.2308	57.782900000000005	58.44669999999999	59.01539999999999	59.9943	60.5984	61.1796	62.0306	62.6205	63.336999999999996	64.0546	64.7004	65.4736	66.3511	67.13090000000001	67.9648	68.75019999999999	69.565	70.1947	70.9712	71.6013
Sin-APnd_022-Ex1-6C-lcwgs-1-2	52.998400000000004	43.493500000000004	43.7519	42.6656	42.3183	42.5334	42.5886	43.2866	43.7058	44.1249	45.6192	45.833600000000004	43.8243	43.7073	43.275400000000005	43.5454	43.858799999999995	44.076	44.1384	44.1063	44.6027	44.1921	44.297599999999996	43.4826	43.1709	43.1824	43.4569	43.4367	44.0583	44.009	44.149300000000004	44.2489	44.0837	43.6846	44.1475	44.3639	43.6306	45.0929	44.9647	45.029799999999994	45.358599999999996	44.759	44.8305	45.346	44.9791	45.9051	45.7802	45.6051	46.8037	46.3492	46.3663	46.0676	45.698499999999996	46.264300000000006	46.8024	47.051	48.2797	48.1818	48.580600000000004	48.7712	47.8988	47.971000000000004	48.3966	48.0698	48.65	49.119099999999996	49.4184	49.6788	49.4718	50.2926	49.9052	49.6418	49.654199999999996	49.731700000000004	49.756099999999996	50.269600000000004	50.5429	50.15880000000001	50.075199999999995	50.023700000000005	50.159600000000005	50.1111	50.1234	49.8078	49.8531	50.0419	50.242200000000004	50.4265	50.1572	50.232200000000006	50.224000000000004	50.438300000000005	50.508900000000004	50.6913	50.893299999999996	51.072700000000005	51.16349999999999	51.3391	51.5115	51.661100000000005	51.680099999999996	51.755399999999995	51.849599999999995	52.2589	52.5289	52.6504	52.8211	52.822599999999994	52.723600000000005	52.6793	52.660799999999995	52.6633	52.6505	52.613	52.678999999999995	52.7779	52.8786	52.9388	53.0278	53.3271	53.4462	53.603	53.8312	54.31	54.730199999999996	55.271899999999995	55.9323	56.3907	56.83970000000001	57.43509999999999	58.1012	58.73930000000001	59.3885	60.383900000000004	61.0517	61.6278	62.449600000000004	63.054500000000004	63.8607	64.60329999999999	65.3394	66.1184	67.01899999999999	67.8518	68.7188	69.606	70.4234	71.1117	71.9185	72.6449
Sin-APnd_023-Ex1-6D-lcwgs-1-2	51.154900000000005	43.6004	42.796	42.7811	41.8838	42.0003	41.504000000000005	42.7513	43.1795	43.2506	44.9401	44.8333	42.9674	43.010999999999996	42.4499	42.4758	42.8346	43.2629	43.3428	43.275400000000005	43.937799999999996	43.3677	43.538700000000006	42.6055	42.4995	42.323	42.4811	42.5543	43.2433	43.2699	43.371900000000004	43.601600000000005	43.2361	43.0016	43.2611	43.353	42.7847	43.887100000000004	44.0584	44.2052	44.493100000000005	43.9185	43.927	44.320100000000004	43.869	44.7161	44.629200000000004	44.426700000000004	45.5526	45.158500000000004	45.2154	44.805499999999995	44.4828	44.919799999999995	45.2002	45.5338	46.583200000000005	46.531	46.988400000000006	47.132200000000005	46.443400000000004	46.4537	46.8862	46.7426	47.1249	47.6417	48.0176	48.274	48.2073	48.9767	48.721399999999996	48.5493	48.572700000000005	48.6855	48.699799999999996	49.2462	49.560500000000005	49.3901	49.4373	49.365700000000004	49.4873	49.4788	49.519999999999996	49.2536	49.3677	49.5069	49.708999999999996	49.8164	49.7885	49.7963	49.6813	49.8125	49.811899999999994	49.9097	50.0662	50.2256	50.354200000000006	50.5178	50.605599999999995	50.685100000000006	50.6691	50.7058	50.7638	51.0833	51.478199999999994	51.5802	51.81679999999999	51.8685	51.6701	51.8683	51.8378	51.8246	51.786100000000005	51.7714	51.7262	51.9097	51.9337	51.966699999999996	52.0077	52.15880000000001	52.2128	52.24529999999999	52.4006	52.744	53.0173	53.480199999999996	53.96339999999999	54.30970000000001	54.6787	55.137100000000004	55.6867	56.21810000000001	56.6943	57.529300000000006	58.048500000000004	58.5673	59.336999999999996	59.9565	60.6062	61.319500000000005	61.9231	62.6545	63.4795	64.2803	65.04910000000001	65.9226	66.7306	67.414	68.1897	68.93
Sin-APnd_024-Ex1-6E-lcwgs-1-2	51.2992	43.2962	42.3069	42.2797	41.5589	41.5015	40.9239	42.0908	42.568400000000004	42.675999999999995	44.425599999999996	44.426700000000004	42.7089	42.6744	42.1344	42.135600000000004	42.489	42.798199999999994	42.8994	42.6826	43.4381	42.8212	43.0258	42.1824	42.064099999999996	41.8684	42.1109	42.1231	42.6495	42.6462	42.7883	43.0381	42.6659	42.4687	42.675000000000004	42.8075	42.257600000000004	43.255700000000004	43.351600000000005	43.4165	43.7593	43.1963	43.2544	43.6365	43.272	44.0152	44.008900000000004	43.783100000000005	44.885799999999996	44.574999999999996	44.6615	44.385000000000005	44.1748	44.6231	44.918200000000006	45.319199999999995	46.293	46.398	46.7353	47.0143	46.4713	46.5137	46.9873	46.8033	47.198499999999996	47.6875	48.0138	48.3213	48.2615	48.875099999999996	48.7299	48.585	48.5687	48.6643	48.657000000000004	49.0715	49.3125	49.113299999999995	49.1113	49.0278	49.1734	49.1183	49.105199999999996	48.876799999999996	48.8574	48.9435	49.0784	49.195499999999996	49.0269	49.094	48.9722	49.0317	49.0773	49.106300000000005	49.370000000000005	49.511300000000006	49.5766	49.742599999999996	49.883	50.120799999999996	50.1018	50.161500000000004	50.2335	50.531499999999994	50.899899999999995	50.9812	51.214999999999996	51.32170000000001	51.273500000000006	51.3756	51.368	51.46469999999999	51.3958	51.407199999999996	51.3294	51.450799999999994	51.552699999999994	51.487899999999996	51.6664	51.8867	52.03020000000001	52.0651	52.4293	52.878899999999994	53.221700000000006	53.77119999999999	54.4249	54.900800000000004	55.4242	56.0872	56.6966	57.4075	58.086400000000005	59.1099	59.7321	60.351299999999995	61.2833	61.964200000000005	62.7694	63.5857	64.29979999999999	65.152	66.0845	66.9435	67.81479999999999	68.6785	69.571	70.2655	71.13289999999999	71.8544
Sin-APnd_025-Ex1-6F-lcwgs-1-2	50.27740000000001	40.914	41.8886	40.549099999999996	40.389199999999995	40.3499	40.2708	40.9428	41.2241	41.2322	43.1492	43.1863	41.667500000000004	41.5916	41.2175	41.308299999999996	41.6132	41.728	41.832300000000004	41.755900000000004	42.1579	41.7201	41.8672	41.2587	41.1023	40.9546	41.1777	41.1215	41.553200000000004	41.5577	41.6721	41.7477	41.5793	41.3524	41.6053	41.7255	41.2399	42.1099	42.1141	42.1892	42.4405	42.0572	42.0699	42.4176	42.1941	42.8006	42.779	42.7178	43.547000000000004	43.283899999999996	43.4444	43.249700000000004	43.068200000000004	43.5378	43.938	44.2276	45.149	45.1974	45.5172	45.7706	45.3417	45.481899999999996	45.8812	45.728	46.1955	46.5779	46.878	47.1731	47.1361	47.7466	47.5887	47.585499999999996	47.6119	47.7565	47.8302	48.1924	48.3983	48.282799999999995	48.3234	48.323899999999995	48.5039	48.540499999999994	48.6177	48.5064	48.620799999999996	48.724000000000004	48.9611	49.0902	49.0109	49.1153	49.1094	49.2755	49.3405	49.4718	49.676700000000004	49.8138	49.9096	50.0884	50.2561	50.4718	50.4242	50.511799999999994	50.5471	50.821400000000004	51.2088	51.2604	51.42139999999999	51.4463	51.359500000000004	51.431400000000004	51.3895	51.4684	51.457699999999996	51.446000000000005	51.39470000000001	51.566599999999994	51.6524	51.6942	51.8547	52.01519999999999	52.1721	52.307	52.568599999999996	53.0396	53.4396	53.953300000000006	54.574	55.0444	55.5501	56.1658	56.8019	57.483	58.13890000000001	59.180200000000006	59.7934	60.3928	61.2811	62.002199999999995	62.7998	63.6235	64.3296	65.1877	66.1062	67.01700000000001	67.8933	68.8179	69.6966	70.4459	71.285	72.0634
Sin-CPnd_013-Ex1-4E-lcwgs-1-2	63.54840000000001	52.5	51.5524	51.4919	53.548399999999994	51.14919999999999	50.2621	52.1169	51.995999999999995	50.96770000000001	56.3306	56.1895	54.6976	54.8992	55.00000000000001	52.9435	55.3226	52.4597	53.1653	54.0524	52.762100000000004	52.4597	53.0444	53.7903	53.246	53.26610000000001	52.8427	52.379	53.125	52.98389999999999	53.487899999999996	53.548399999999994	55.020199999999996	52.6613	52.782300000000006	53.004	53.26610000000001	54.0121	52.3185	52.9032	53.125	53.64919999999999	53.64919999999999	53.8911	53.3468	52.3992	53.0242	54.5161	53.9516	54.0726	53.487899999999996	53.8508	54.17340000000001	54.919399999999996	52.439499999999995	54.2339	54.5968	53.5685	54.0323	55.3024	52.9637	55.020199999999996	54.0323	52.98389999999999	55.4032	54.4153	54.37499999999999	54.1532	54.17340000000001	53.8911	54.536300000000004	54.637100000000004	55.20159999999999	55.5444	54.5565	53.2863	55.826600000000006	53.9113	55.2419	53.9113	54.4153	54.19349999999999	54.8185	54.6573	54.5968	53.75	54.5161	54.3952	54.919399999999996	55.2218	53.9919	54.8589	54.334700000000005	53.8911	54.314499999999995	54.0524	54.637100000000004	53.8306	54.37499999999999	53.5685	54.919399999999996	53.9718	53.871	55.4032	54.5766	53.508100000000006	54.7177	53.8508	55.3226	55.2218	53.6895	52.721799999999995	54.254000000000005	55.18150000000001	54.455600000000004	54.939499999999995	53.548399999999994	54.8992	53.6895	53.9718	53.810500000000005	55.3024	53.3871	54.8185	56.0887	56.10889999999999	58.064499999999995	56.592699999999994	55.080600000000004	57.0161	56.1895	57.560500000000005	57.1169	58.5282	58.8105	57.7419	60.2218	59.677400000000006	60.544399999999996	60.362899999999996	60.62499999999999	61.2097	61.5726	61.5927	61.4919	62.076600000000006	63.6089	64.1331	63.729800000000004	63.9919
Sin-CPnd_015-Ex1-4A-lcwgs-1-2	57.206900000000005	42.3715	42.5957	41.1427	42.9994	41.5194	41.1876	42.4612	42.4074	40.5597	46.345	44.954699999999995	44.8829	44.8829	44.0488	43.8784	43.349199999999996	44.273	44.0488	43.986	44.1295	42.6406	43.3043	44.5421	43.4209	43.1788	43.116	42.9456	43.734899999999996	43.8425	43.403000000000006	43.2326	43.9143	43.7707	44.0039	43.519600000000004	42.7213	42.9456	42.497099999999996	43.429899999999996	43.699	43.2774	44.1564	43.403000000000006	43.8425	43.429899999999996	44.0847	43.2146	44.586999999999996	43.2326	44.7663	44.4165	44.7036	44.5152	44.5959	44.7753	45.466	44.4614	45.5377	44.9816	45.5198	45.3225	46.6051	45.3763	45.806799999999996	45.6992	45.9413	45.9144	46.0849	45.8158	46.5961	46.4257	46.5154	47.0984	46.623	45.9413	46.3001	46.6679	46.111799999999995	46.4526	46.5961	45.3852	47.591699999999996	46.7845	46.192499999999995	46.8831	46.4436	45.8965	45.995200000000004	45.806799999999996	46.623	46.7217	47.1881	47.4841	47.7711	46.928	47.0625	47.762100000000004	47.3675	47.1074	48.3272	47.896699999999996	47.807	47.762100000000004	47.3406	47.4482	47.5558	47.9684	47.896699999999996	47.896699999999996	47.3406	47.1432	47.8518	48.39	47.1343	47.6455	47.4572	48.999900000000004	48.990899999999996	49.080600000000004	48.8564	49.0448	49.3049	50.112100000000005	49.8789	50.55159999999999	50.5337	51.367799999999995	51.8791	52.0764	52.16610000000001	52.9554	52.5697	54.6058	54.695499999999996	54.3277	55.161899999999996	56.265100000000004	56.561099999999996	56.301	57.395300000000006	57.467	58.265299999999996	58.633100000000006	59.233999999999995	59.6556	60.830600000000004	60.9561	61.1086	61.404599999999995
Sin-CPnd_018-Ex1-11A-lcwgs-1-2	54.374900000000004	42.1669	42.3296	41.105599999999995	41.857	41.1534	40.5603	41.674099999999996	42.3352	41.910399999999996	44.7213	44.8005	43.1968	43.108999999999995	42.3253	42.6571	42.7264	42.8508	43.1676	42.871500000000005	43.6901	42.9717	43.2575	42.525	42.2496	42.153600000000004	42.308099999999996	42.3012	42.8056	42.5758	42.9231	43.0436	42.5616	42.3077	42.681200000000004	42.680800000000005	42.1884	43.2558	43.231700000000004	43.2657	43.7731	43.1826	43.168	43.4336	43.231700000000004	43.8192	43.748599999999996	43.9156	44.5982	44.3744	44.5952	44.3193	44.1243	44.4575	44.676500000000004	45.2761	46.0912	45.9423	46.3714	46.5939	46.358	46.3624	46.5022	46.3654	46.827999999999996	46.9378	47.2545	47.6522	47.6049	48.0865	47.7676	47.8261	47.787800000000004	47.856700000000004	47.620400000000004	48.2289	48.062	48.13	48.2165	48.016799999999996	47.9789	48.0288	47.8528	47.6703	47.9242	47.6079	47.855799999999995	48.0331	47.972	47.762	47.774	47.944900000000004	47.9105	48.1132	48.2759	48.4373	48.5147	48.5621	48.737700000000004	48.875	48.8324	49.1332	49.1539	49.383700000000005	49.5563	49.7964	49.6785	49.6716	49.7749	49.6419	49.743900000000004	49.7603	49.7461	49.5266	49.5184	49.8386	49.6514	49.7981	49.9148	50.3861	50.331	50.5216	50.8935	51.35999999999999	51.426300000000005	52.15840000000001	52.7248	53.1535	53.561499999999995	54.1455	54.646499999999996	55.221900000000005	55.7616	56.758399999999995	57.2452	57.6601	58.426199999999994	58.879400000000004	59.7375	60.343999999999994	60.9116	61.5491	62.2954	62.9857	63.7449	64.6186	65.21860000000001	65.7419	66.5734	67.1669
Sin-CPnd_019-Ex1-1H-lcwgs-1-2	59.131699999999995	41.9126	43.269999999999996	41.7412	43.8559	41.748200000000004	42.017500000000005	43.2035	43.560300000000005	42.052499999999995	46.7526	46.948499999999996	45.9655	45.251799999999996	45.563199999999995	44.4891	45.2203	45.082100000000004	45.0734	45.1276	45.39	44.4821	45.2413	44.6588	45.2168	44.8722	44.8565	44.8302	44.6746	44.683299999999996	45.3148	44.7515	44.8845	44.9912	44.8827	44.6081	44.5696	44.7585	44.6781	44.762	45.0506	44.6536	45.1416	45.162600000000005	44.8932	45.299	45.2046	45.3323	45.1136	45.218599999999995	45.143299999999996	45.6191	45.787099999999995	45.9987	46.0582	46.1561	45.7433	46.164899999999996	46.2978	46.259299999999996	46.4482	46.6826	46.502500000000005	46.6879	47.0832	47.0027	47.139199999999995	47.2599	47.576499999999996	47.6867	47.6902	47.6237	47.9666	47.593999999999994	48.187000000000005	47.8983	48.2342	48.1835	48.2324	48.029500000000006	48.566500000000005	48.4563	48.7047	48.2587	48.708200000000005	48.7957	48.4406	48.767700000000005	49.119299999999996	48.601499999999994	48.666199999999996	49.1263	49.5286	49.1123	50.21600000000001	49.4569	49.4411	49.336200000000005	49.9606	49.9904	50.1478	49.9222	50.0166	49.890699999999995	49.9904	50.4417	50.432900000000004	50.0813	50.520399999999995	50.006099999999996	50.2842	50.251000000000005	50.6428	50.356	50.69709999999999	50.476699999999994	50.716300000000004	51.057399999999994	50.83	51.1816	51.4055	51.398500000000006	51.5874	52.2066	52.2976	52.8713	52.8031	53.312099999999994	53.730199999999996	54.2952	54.435100000000006	55.04559999999999	55.3814	55.73479999999999	56.490399999999994	56.76330000000001	57.2111	57.5032	58.360299999999995	58.6612	58.919999999999995	59.5603	59.9591	60.6518	61.03659999999999	61.3339	62.331	62.6196	63.3175	63.842299999999994
Sin-CPnd_020-Ex1-12E-lcwgs-1-2	57.4982	42.8133	44.2258	42.3317	43.1543	42.410399999999996	41.6788	43.1184	43.8661	42.4949	46.3642	46.3447	45.2629	44.7434	44.3608	44.261	44.4858	44.5523	44.4823	44.675399999999996	44.9246	44.49	44.667	44.230399999999996	44.1299	43.900099999999995	44.1773	44.1933	44.480799999999995	44.3998	44.5982	44.5764	44.4319	44.277100000000004	44.2434	44.3015	44.1723	44.563	44.5584	44.451	44.689499999999995	44.4582	44.705600000000004	44.9403	44.7622	44.998	44.9567	45.0691	45.5175	45.4185	45.6804	45.3631	45.6322	45.5791	46.0435	46.4105	46.645199999999996	46.582499999999996	46.907399999999996	47.1372	46.865	47.0068	47.3352	47.0	47.4013	47.5745	47.8111	48.0011	47.8734	48.2607	48.1441	48.2374	48.1831	48.2045	48.371199999999995	48.338300000000004	48.6269	48.5397	48.795100000000005	48.3769	48.5546	48.4713	48.3337	48.338300000000004	48.4079	48.323	48.653999999999996	48.5401	48.6032	48.6437	48.677	48.8444	48.8138	48.735099999999996	49.0753	49.055	49.3371	49.4274	49.4182	49.6296	49.622699999999995	49.6915	49.420500000000004	49.795899999999996	50.021800000000006	50.0321	50.005	50.0845	49.8635	50.047399999999996	49.8276	50.098600000000005	49.8012	50.0069	49.9752	50.051199999999994	50.124199999999995	50.4151	50.531400000000005	50.8161	51.085300000000004	51.1797	51.484300000000005	52.0337	52.346000000000004	52.691900000000004	53.3498	53.492399999999996	54.035599999999995	54.46379999999999	54.95759999999999	55.58689999999999	55.951499999999996	56.860200000000006	57.262	57.756600000000006	58.519600000000004	58.7287	59.37480000000001	59.8889	60.431000000000004	61.189400000000006	61.773500000000006	62.546400000000006	62.9188	63.429100000000005	64.1978	64.5113	65.3336	65.7739
Sin-CPnd_021-Ex1-3D-lcwgs-1-2	53.6547	42.224000000000004	44.0297	42.9152	44.323499999999996	43.183	42.3276	43.364399999999996	43.1398	42.837399999999995	46.9328	46.2416	46.7341	45.2739	44.1852	44.7814	43.952000000000005	45.083800000000004	44.7641	45.1875	44.2716	44.729600000000005	43.7619	44.911	43.4768	44.1248	44.5395	43.7532	44.8851	45.014700000000005	43.9347	45.2825	43.995200000000004	44.4185	45.4208	43.5372	44.548100000000005	44.9024	43.7619	44.548100000000005	45.360299999999995	45.3949	45.0492	45.5936	44.0643	45.6627	45.602199999999996	44.7468	45.7318	46.2157	46.353899999999996	45.4985	46.518100000000004	46.9933	46.8809	47.6413	47.1488	48.8509	47.6499	48.574400000000004	48.7126	47.814099999999996	48.4448	48.5139	49.5594	49.1014	48.9373	49.0842	48.272	48.3497	48.367	49.0496	49.637100000000004	47.8573	49.0582	49.6198	48.4621	48.7213	48.600300000000004	48.591699999999996	49.136	48.7731	48.885400000000004	48.565799999999996	47.719	48.7818	47.7622	49.0323	48.150999999999996	49.377900000000004	48.2461	48.565799999999996	49.1446	48.8682	49.4643	49.343399999999995	48.410199999999996	50.6739	49.9827	49.879	50.7603	49.7062	49.991400000000006	49.4557	50.7171	50.743	49.4298	50.155499999999996	50.49249999999999	49.8531	50.129599999999996	50.3197	49.654399999999995	48.9805	49.5334	50.5962	49.905	50.7949	50.699799999999996	51.944	52.8512	52.108200000000004	53.3523	53.343700000000005	54.104	56.056700000000006	56.056700000000006	57.2576	58.5969	59.193	59.763299999999994	61.163000000000004	61.568999999999996	61.759100000000004	62.865	63.91909999999999	63.6945	65.1633	65.9755	66.7703	67.427	68.1182	69.31049999999999	70.01039999999999	70.8917	71.7211	72.1617	72.81840000000001	73.5269	74.1749
Sin-CPnd_022-Ex1-1D-lcwgs-1-2	59.6437	43.2724	44.2934	42.8247	43.8433	43.227399999999996	42.2964	43.6514	44.4829	41.8084	47.4132	46.9039	46.2453	45.470699999999994	45.726499999999994	44.888	45.7384	45.449400000000004	45.8568	45.3001	45.6839	44.9756	45.5204	45.1414	44.9069	44.7198	44.9377	44.9353	45.0514	44.7624	45.158	45.1627	45.2006	44.9022	45.304899999999996	44.8643	45.191199999999995	44.7458	45.3499	44.8193	45.0514	44.7956	45.7147	45.0822	44.8358	44.9116	45.2646	44.9211	45.2693	45.248	45.5252	45.259899999999995	45.4636	44.729200000000006	45.0869	45.6839	45.4446	45.6578	46.0771	45.9113	45.556000000000004	45.7644	45.6721	46.0511	45.8355	45.9089	45.8379	45.8497	45.9919	46.214499999999994	46.449	46.5722	46.2287	46.4301	46.2216	46.5817	46.115	46.3282	46.4893	46.0819	46.508300000000006	46.4609	46.5012	46.0629	46.666999999999994	46.3235	46.2856	46.4206	46.9773	46.2003	46.9323	47.1242	47.001	46.622	46.5604	46.6291	46.719100000000005	47.245	47.169200000000004	46.7215	47.3469	46.9133	47.1787	47.1147	47.1787	47.0034	47.5032	47.0839	47.3137	47.1621	47.029399999999995	46.982	46.955999999999996	46.6575	46.494099999999996	46.648	46.9868	47.0578	47.5458	47.4369	47.399	47.844300000000004	47.7567	47.9817	48.1641	48.5692	48.9695	48.69	49.2846	49.1875	49.0217	50.0047	50.078199999999995	50.49979999999999	50.4074	50.9357	50.8315	51.137100000000004	52.032500000000006	52.00169999999999	52.5702	52.1652	53.1767	53.219300000000004	53.5462	53.7476	54.6335	54.465300000000006	54.9604	55.2163
Sin-CPnd_023-Ex1-12B-lcwgs-1-2	58.907399999999996	47.451	47.893299999999996	46.85	47.3667	46.8543	46.338499999999996	47.473	47.855799999999995	47.4033	49.9888	50.1463	48.7679	48.808800000000005	48.3747	48.1708	48.5906	48.498599999999996	48.6367	48.6758	48.9907	48.536	48.7589	48.2714	48.1837	47.9957	47.9518	48.1432	48.4827	48.2938	48.586800000000004	48.6952	48.2693	48.3669	48.283	48.4319	48.201699999999995	48.601	48.7089	48.8832	48.8806	48.6044	48.7601	49.065999999999995	48.849199999999996	49.247099999999996	49.4024	49.4278	49.6421	49.9152	49.7896	49.7587	49.5853	49.975500000000004	50.14110000000001	50.5025	50.9714	51.1633	51.526799999999994	51.470000000000006	51.440799999999996	51.3775	51.5376	51.4429	51.7918	51.888999999999996	52.108900000000006	52.3494	52.200100000000006	52.46039999999999	52.2964	52.392399999999995	52.5275	52.591100000000004	52.429	52.6458	52.8088	52.859199999999994	52.7555	52.9736	52.776599999999995	52.9237	52.8656	52.8204	52.99850000000001	52.8359	52.9607	53.160700000000006	53.0304	53.1844	53.3565	53.29970000000001	53.432199999999995	53.3969	53.6585	53.8917	53.8628	54.0844	54.0156	54.434099999999994	54.139	54.2264	54.2956	54.287	54.6832	54.4483	54.614	54.4131	54.15839999999999	53.90239999999999	53.7566	53.8473	53.7389	53.9484	53.811600000000006	53.7635	54.0255	54.20739999999999	54.4763	54.56490000000001	55.039899999999996	55.115199999999994	55.603899999999996	56.186400000000006	56.33089999999999	57.077299999999994	57.475699999999996	58.0518	58.3361	58.948699999999995	59.75620000000001	60.0096	60.7672	61.3639	61.921899999999994	62.322	63.056400000000004	63.5773	64.2941	64.8241	65.36269999999999	65.9104	66.6766	67.2036	67.80969999999999	68.5058	69.1748	69.71340000000001	70.2783	70.856
Sin-CPnd_024-Ex1-12C-lcwgs-1-2	56.815099999999994	44.6789	45.236900000000006	44.1634	44.5572	43.891400000000004	43.4709	44.5915	45.1793	44.4984	47.4211	47.6838	46.2673	45.954499999999996	45.6266	45.5124	46.1881	45.9236	45.839800000000004	46.0279	46.163	46.0302	45.905	45.4379	45.1909	45.3202	45.3761	45.2614	45.8502	45.8252	45.7373	46.1339	45.6266	45.6289	45.548	45.5666	45.301	46.151399999999995	46.0331	46.3389	46.4717	46.0401	46.217200000000005	46.3669	46.2702	46.6931	46.8113	46.5539	47.671	47.3518	47.463699999999996	47.3338	47.2872	47.6273	47.5971	48.229	48.587799999999994	48.7031	49.0666	49.3206	49.0282	48.7695	49.2769	49.1313	49.504	49.3491	49.8215	50.0725	50.0451	50.016000000000005	50.104000000000006	50.1587	49.9799	50.1197	50.123200000000004	50.5047	50.505900000000004	50.3905	50.3626	50.1086	50.389399999999995	50.131899999999995	50.197199999999995	50.04110000000001	50.0399	50.271100000000004	50.295	50.4371	50.0282	50.197199999999995	50.6066	50.476200000000006	50.72370000000001	50.7691	51.139599999999994	51.2072	51.3236	51.2718	51.51	51.7739	51.720299999999995	51.726099999999995	51.6912	52.235200000000006	52.2061	51.960300000000004	52.334199999999996	52.2067	51.81289999999999	52.040699999999994	51.8991	51.7896	51.882799999999996	51.6347	51.8607	51.8962	52.1111	52.298100000000005	52.5783	52.7087	53.3128	53.4339	53.791	54.1538	54.750299999999996	55.1481	55.982200000000006	56.3759	56.7097	57.543200000000006	58.0709	58.83389999999999	59.29410000000001	60.1945	60.8329	61.3997	61.9734	62.64960000000001	63.3165	63.966	64.7034	65.3056	66.0128	66.7426	67.5248	68.1551	68.8284	69.3613	70.04860000000001	70.8635
Sin-CPnd_025-Ex1-3B-lcwgs-1-2	55.4492	41.5965	41.426	40.2432	42.5978	41.0354	40.050599999999996	41.233399999999996	42.0807	40.2707	44.5068	45.0074	43.7641	43.1644	43.1039	43.1479	43.2855	43.467	42.7738	44.050200000000004	42.9059	42.8564	42.9059	42.3667	43.357	42.5318	43.346000000000004	42.784800000000004	42.9664	43.4065	42.6693	42.8123	43.1644	42.5483	42.8784	43.0819	42.6308	43.1204	42.3722	42.8729	43.0984	42.971900000000005	42.9499	43.1644	42.5538	42.586800000000004	43.225	42.7518	43.4285	43.225	43.6871	43.6651	43.7751	44.231700000000004	43.2525	44.325199999999995	44.3803	44.1492	44.4903	45.0679	45.2055	44.6388	44.3197	44.264700000000005	44.4958	45.0514	45.156	45.414500000000004	44.6883	44.7929	45.0239	45.2825	44.9579	44.8699	44.9689	44.9414	45.2605	44.974399999999996	45.156	44.8369	45.535599999999995	44.3307	45.469500000000004	45.0074	45.469500000000004	45.8436	45.1945	45.266	45.4971	44.6553	45.766600000000004	45.183499999999995	45.9812	45.7171	46.4653	46.0582	46.3278	46.118700000000004	46.7789	46.0857	46.6524	45.9207	47.3896	46.1517	46.5863	46.7899	46.525800000000004	47.3455	46.3828	46.8009	47.010000000000005	45.766600000000004	47.1915	46.894400000000005	46.7349	47.241	47.5766	47.6866	47.5546	47.659099999999995	48.7979	48.3468	49.073	48.8419	49.6672	49.5736	50.6629	51.273599999999995	51.6587	50.905	52.599399999999996	52.5774	52.968	53.1606	54.194900000000004	54.112300000000005	55.0146	55.2952	55.311699999999995	56.9456	56.6155	57.3197	58.1229	57.798300000000005	58.755599999999994	59.0912	59.3167	59.9054	60.329	61.0937
Sin-CPnd_028-Ex1-12H-lcwgs-1-2	57.302299999999995	42.4538	43.229299999999995	41.8703	42.8969	41.957699999999996	41.3374	42.887100000000004	43.317	42.0274	45.8549	45.7287	44.758900000000004	44.2697	43.993300000000005	43.8131	44.2566	43.999500000000005	44.2776	44.020199999999996	44.4795	44.0081	44.1333	43.6162	43.5475	43.370999999999995	43.7681	43.4903	43.8624	43.8141	43.9992	44.0429	43.847	43.5107	43.6063	43.675399999999996	43.6415	43.8164	43.9874	43.9308	44.372299999999996	43.9637	44.2832	44.132	44.1543	44.3799	44.6396	44.3799	45.1669	44.7737	45.0045	44.832499999999996	44.893	45.015	45.2734	45.4476	45.8697	45.8789	46.2333	46.2718	46.089	46.0525	46.3924	46.21	46.259299999999996	46.47	46.5998	46.7024	46.645199999999996	47.048899999999996	47.0466	47.0361	46.8142	46.9786	46.8951	47.2757	47.314499999999995	47.4427	47.3178	47.153099999999995	47.5147	47.3638	47.530499999999996	47.3698	47.3734	47.4726	47.592600000000004	47.8573	47.675200000000004	47.7501	47.7478	47.8336	48.0351	48.0973	48.046	48.3129	48.3277	48.2998	48.6292	48.6624	48.659400000000005	48.569	48.6831	48.7948	48.9868	49.0246	48.971	48.9881	48.8718	48.9099	48.9142	48.6127	48.821799999999996	48.7883	48.8892	48.9668	49.0845	49.2127	49.3001	49.7682	49.862899999999996	49.9744	50.1585	50.75809999999999	51.2446	51.476	52.006	52.4037	52.5356	53.209799999999994	53.6303	54.0251	54.4327	55.02740000000001	55.49849999999999	55.8812	56.4203	56.8592	57.34439999999999	57.865100000000005	58.289199999999994	58.723099999999995	59.341100000000004	59.9644	60.5052	61.2031	61.6374	61.9753	62.5325	63.135799999999996
Sin-CPnd_029-Ex1-4D-lcwgs-1-2	55.2822	44.2628	45.3647	43.2532	44.582699999999996	44.3552	42.8125	44.3623	44.4903	43.416700000000006	47.2771	47.4335	46.6017	46.097	46.1965	45.3718	45.7984	45.5496	45.812599999999996	45.7699	45.7984	46.4453	45.0306	46.161	45.4713	44.3907	44.404900000000005	44.9737	44.9524	46.0117	45.8837	45.578	44.7462	45.7202	44.426300000000005	44.689299999999996	45.8695	44.817299999999996	45.6704	45.3789	45.9903	45.3363	46.0117	45.734399999999994	46.1254	46.1467	46.1467	46.3174	46.352900000000005	47.3553	46.7368	47.213100000000004	47.2558	48.0805	48.194199999999995	48.4928	48.18	49.4384	48.6634	48.4359	49.481	49.8863	49.850699999999996	49.736999999999995	49.5734	49.7867	49.751200000000004	49.2677	49.729800000000004	49.1682	49.680099999999996	49.9218	49.8649	50.0498	49.452600000000004	50.0071	49.936	49.694300000000005	49.5877	49.9218	48.7914	50.1777	50.056900000000006	49.1824	49.153999999999996	49.5805	49.4881	48.8981	49.1398	49.0687	49.3033	49.6445	49.694300000000005	49.8934	50.163500000000006	50.4266	50.810500000000005	50.547399999999996	50.163500000000006	51.038	51.3579	51.9906	51.4645	51.2868	50.2915	50.6754	50.7536	50.8176	51.016600000000004	50.746500000000005	49.7014	50.192	50.405199999999994	50.0	50.2417	50.902899999999995	51.2584	50.732299999999995	51.9764	52.09009999999999	53.2205	54.116299999999995	53.9883	55.3249	55.6519	57.052499999999995	57.3013	57.9411	58.168600000000005	59.3275	60.31570000000001	60.934200000000004	61.950799999999994	62.5053	63.429500000000004	65.0931	65.3917	66.3088	67.22590000000001	67.752	68.6051	69.4156	69.9133	70.5602	71.5697	72.5864	72.6219	73.5675	74.3922	74.9182
Sin-CPnd_031-Ex1-3G-lcwgs-1-2	59.234500000000004	41.6061	42.7242	41.4103	42.275400000000005	41.4756	42.079499999999996	42.3325	42.756899999999995	41.5408	45.8337	44.870599999999996	44.634	44.544200000000004	44.3075	43.7199	43.9321	44.144299999999994	44.478899999999996	43.8995	44.9278	43.4343	44.478899999999996	43.9647	43.532199999999996	44.5197	43.8995	43.6873	44.364599999999996	43.2955	43.703599999999994	44.1769	43.417899999999996	42.585499999999996	44.4871	43.156800000000004	44.0219	43.7607	43.4832	44.046400000000006	43.8015	43.548500000000004	44.3565	43.858599999999996	43.7444	43.3608	43.1894	43.883100000000006	43.8178	44.5687	44.935900000000004	44.478899999999996	44.6013	44.3483	45.1236	43.923899999999996	45.393	45.4174	45.2624	45.1726	45.2053	45.9724	45.548	45.0828	45.9316	44.9849	45.237899999999996	46.576299999999996	46.388600000000004	46.1764	45.6868	46.6008	45.4664	46.5111	45.9071	45.7276	46.5111	45.2787	46.0622	46.8457	45.9887	45.5888	46.3233	45.7113	46.0785	45.7847	46.5355	45.5072	45.996900000000004	46.609	45.8337	47.6618	45.874500000000005	46.2417	46.9273	46.8865	46.5355	47.2374	47.310900000000004	47.3435	47.2782	47.0905	46.7641	47.3517	46.6988	47.261900000000004	48.3147	46.739599999999996	46.7641	47.694399999999995	47.7924	47.5231	47.882200000000005	47.4986	47.5067	48.0617	48.2412	47.9638	48.9105	48.9268	48.151500000000006	48.959399999999995	50.281600000000005	49.4573	50.3713	50.0286	51.228300000000004	51.1956	51.3833	52.3872	53.0646	52.4117	52.3464	53.5787	53.733799999999995	54.615199999999994	54.101	54.7458	55.1783	55.9863	56.5657	56.729	57.8063	58.042899999999996	58.026599999999995	58.5326	59.087599999999995	59.5936	60.4179	59.85470000000001
Sin-CPnd_032-Ex1-3E-lcwgs-1-2	62.0575	44.124	45.3235	43.575900000000004	45.637899999999995	43.7107	43.728699999999996	44.9416	44.5732	44.3082	48.823	48.1177	46.913700000000006	46.8958	46.186	45.669399999999996	46.9542	45.7996	47.0036	46.0872	46.7969	46.495999999999995	46.3208	45.876	46.0602	46.001799999999996	45.7143	45.9164	45.7951	45.651399999999995	45.7817	46.5768	46.2264	45.961400000000005	46.0332	45.8985	46.5678	46.0063	45.368399999999994	45.5256	45.6065	46.1096	46.2399	46.2489	45.4043	45.6424	46.5813	45.4088	47.2731	46.2489	45.853500000000004	46.150000000000006	45.8401	46.1096	46.8239	46.2264	46.2983	46.657700000000006	46.8239	46.5768	46.5948	47.2731	46.8733	46.743	47.389900000000004	46.725100000000005	47.448299999999996	47.6415	47.4933	47.08	47.673	47.363	47.5651	47.4933	47.9739	47.3046	47.9695	47.8167	47.834700000000005	48.104200000000006	47.7179	47.3854	47.4259	47.5202	47.897600000000004	47.421400000000006	47.5831	47.7179	47.7044	47.9066	47.937999999999995	48.3558	48.018899999999995	47.3765	48.2525	48.1851	48.688199999999995	48.4636	48.1986	48.1402	48.9443	48.288399999999996	48.3064	48.3648	48.674800000000005	48.3783	49.2183	48.4726	48.2435	48.6029	48.638799999999996	48.6972	48.7601	48.6568	49.2722	48.598400000000005	48.8005	49.5373	49.0836	49.2453	49.5418	48.9353	49.2363	49.6092	50.39979999999999	50.1258	50.4447	50.646899999999995	50.83109999999999	51.469	50.566	51.5768	51.7969	52.2956	53.027899999999995	52.592099999999995	53.1447	52.92	53.5984	54.398	54.132999999999996	54.708	55.494200000000006	56.042199999999994	56.10509999999999	56.3657	57.1563	57.1294	57.5472	57.834700000000005
Sin-CPnd_033-Ex1-1B-lcwgs-1-2	63.6954	55.0704	56.3515	56.171099999999996	56.676300000000005	56.676300000000005	54.0058	55.9004	55.5756	56.7304	58.5348	58.6972	57.253699999999995	57.05519999999999	57.668699999999994	56.51389999999999	58.282199999999996	57.668699999999994	57.00110000000001	57.1815	57.5244	56.4598	57.127399999999994	57.091300000000004	56.676300000000005	56.369499999999995	56.947	57.343900000000005	57.7048	57.9394	57.4341	57.1454	57.4341	55.62970000000001	57.5785	57.1093	57.4341	57.2357	57.8311	57.758900000000004	57.05519999999999	57.7048	57.1454	56.676300000000005	57.2898	57.6146	57.9935	57.3259	57.777	57.9033	58.6972	58.3724	58.2461	58.62500000000001	58.823499999999996	57.9033	58.96789999999999	59.4551	59.3468	59.3288	59.292699999999996	60.4114	60.231	59.6175	60.3573	59.6175	59.5453	60.2851	60.212900000000005	59.419	59.816	59.50919999999999	60.231	60.086600000000004	59.9423	59.0581	59.707699999999996	59.6175	60.05049999999999	60.0144	59.816	59.6536	60.375299999999996	59.5453	59.1122	59.5272	59.9062	59.1122	59.852000000000004	60.8625	59.7257	60.0686	60.555800000000005	60.6099	60.339200000000005	60.1768	60.844500000000004	60.1949	61.277499999999996	62.8113	61.061	60.1949	60.0144	60.844500000000004	61.458	60.8264	60.5197	60.916599999999995	59.707699999999996	59.2205	58.8957	58.8777	59.1122	58.7874	59.022	58.462599999999995	59.816	59.707699999999996	60.212900000000005	59.5633	60.7001	61.7647	61.512100000000004	61.8008	62.829299999999996	62.666900000000005	63.4789	64.0924	65.8787	65.4637	66.22160000000001	64.9044	67.1057	67.5929	67.75529999999999	68.31469999999999	69.2349	70.2093	69.66799999999999	70.87689999999999	70.64240000000001	70.7145	72.53699999999999	72.4648	73.6377	73.49329999999999	75.424	74.8466	75.91120000000001	76.2721
Sin-CPnd_034-Ex1-3C-lcwgs-1-2	55.434000000000005	40.3574	42.0271	39.8984	42.0418	40.7626	39.4639	41.0751	42.325	40.5527	44.9565	43.9898	43.8873	43.57	43.032900000000005	42.5593	43.682300000000005	43.1794	43.6774	42.862	43.101299999999995	43.5016	42.9938	42.837599999999995	42.823	43.1257	42.9401	43.0573	43.6725	42.7253	43.3747	43.3649	42.4226	42.7107	43.3454	43.111	42.442099999999996	42.7839	42.7839	42.3982	42.1199	42.5251	42.5788	43.194	43.6188	42.9353	43.277	43.013400000000004	43.6286	43.36	43.4967	42.989	44.151	43.9703	43.6188	43.9752	44.3755	43.9557	44.3218	44.234	43.8971	44.1558	44.3951	44.243700000000004	45.147	44.927299999999995	45.151799999999994	45.2104	44.7759	45.0933	44.9077	45.0933	44.9028	45.347100000000005	45.518	45.4985	45.8842	45.562000000000005	45.5424	45.4838	45.801199999999994	45.6547	46.089200000000005	45.5766	46.6312	45.4936	46.0648	45.9818	45.9623	46.2894	45.9867	46.8655	46.6214	46.0307	46.5433	47.0169	47.1927	46.7972	46.4798	47.334199999999996	46.68	47.5881	47.4417	47.0999	47.0852	46.4798	48.008	47.012	47.6223	47.9055	47.2561	47.3538	47.5491	47.8029	47.5735	47.2024	47.607699999999994	48.0568	48.261900000000004	48.310700000000004	48.3449	48.7843	48.5792	49.545899999999996	49.8389	49.9854	49.9805	50.834900000000005	50.6249	51.742999999999995	51.992000000000004	51.938300000000005	51.5477	52.870799999999996	53.202799999999996	53.7643	54.19389999999999	54.82860000000001	54.437999999999995	54.7798	55.2241	56.1029	56.0199	56.962199999999996	57.5823	58.2072	58.82730000000001	59.6182	59.125099999999996	60.184599999999996
Sin-CPnd_035-Ex1-12D-lcwgs-1-2	56.6837	43.1438	43.7784	42.5051	43.5702	42.416399999999996	41.665	43.0638	43.615700000000004	42.495	46.2866	46.1845	45.1565	44.7827	44.4674	44.3296	44.5178	44.513999999999996	44.7372	44.6012	44.9859	44.5133	44.6493	44.1447	44.1041	43.9249	43.9922	43.8674	44.465900000000005	44.3213	44.381	44.6786	44.4303	44.1781	44.4107	44.2694	43.9756	44.5914	44.4844	44.5614	44.9585	44.422	44.5884	44.7113	44.690200000000004	44.7691	44.9923	44.913399999999996	45.394	45.2241	45.2888	45.3083	45.3196	45.4526	45.6239	45.915800000000004	46.3768	46.3374	46.6184	46.6894	46.5959	46.6086	46.9776	46.6334	46.8765	47.2271	47.3698	47.6061	47.552	47.8936	47.918	47.849199999999996	47.9037	47.9503	47.8117	48.0157	48.1205	48.404199999999996	48.0649	48.091899999999995	48.2569	48.2651	48.1686	48.1464	48.1566	48.2505	48.4601	48.4534	48.4534	48.388799999999996	48.4759	48.5841	48.5913	48.8543	48.816700000000004	48.849	49.0587	49.045899999999996	49.1657	49.3656	49.2837	49.1353	49.4006	49.3874	49.902499999999996	49.7301	49.6989	49.718	49.5685	49.3303	49.6466	49.526399999999995	49.6004	49.3667	49.702600000000004	49.514	49.7011	49.6624	50.0009	50.057300000000005	50.358599999999996	50.4649	50.7077	51.1224	51.3723	51.752900000000004	52.1038	52.5077	52.8845	53.239999999999995	53.8163	54.003	54.4858	55.168499999999995	55.38570000000001	55.9177	56.411699999999996	56.97449999999999	57.3288	57.6565	58.377100000000006	58.875299999999996	59.5564	60.0877	60.571600000000004	61.0999	61.549600000000005	62.3063	62.6978	63.15579999999999
Sin-CPnd_038-Ex1-11C-lcwgs-1-2	55.441700000000004	42.5376	43.0166	41.3995	42.4343	42.0957	41.1524	42.6915	42.9829	42.004599999999996	45.474599999999995	45.4328	44.298500000000004	43.932500000000005	43.5424	43.4847	43.8709	43.697599999999994	43.9797	43.8532	44.170700000000004	43.7857	43.7819	43.4201	43.1165	43.2038	43.211	43.2215	43.693799999999996	43.4324	43.6618	43.8861	43.507	43.3906	43.5395	43.6036	43.3463	43.9544	43.838899999999995	44.022299999999994	44.0805	43.9021	44.189299999999996	44.199	44.2188	44.2677	44.5043	44.1593	44.8947	45.158300000000004	44.9711	44.874900000000004	44.8534	44.9968	45.4328	45.782000000000004	46.0717	46.1556	46.5013	46.409800000000004	46.3542	46.4119	46.6413	46.363	46.6228	47.0082	47.1558	47.1516	47.287800000000004	47.2481	47.491	47.2511	47.3	47.4299	47.341699999999996	47.8996	47.6007	47.7132	47.542899999999996	47.4438	47.6854	47.4446	47.5657	47.7154	47.5441	47.4851	47.8225	47.9717	47.6327	47.7913	47.8267	47.867599999999996	48.0274	48.228500000000004	48.3348	48.6156	48.5861	48.5975	49.0259	48.910399999999996	49.144	48.9129	49.0904	49.0913	49.5787	49.7521	49.6513	49.4379	49.559799999999996	49.4683	49.2258	49.5345	49.2996	49.342999999999996	49.4775	49.3413	49.6639	49.6239	49.8942	50.208299999999994	50.4432	50.53379999999999	50.9117	51.400400000000005	51.7344	52.3369	52.6039	53.1803	53.545	54.132000000000005	54.699200000000005	55.092200000000005	55.774	56.642700000000005	56.9615	57.4713	58.2155	58.5681	59.1302	59.8993	60.33070000000001	61.0901	61.86390000000001	62.2902	62.997800000000005	63.6855	64.1473	64.89200000000001	65.5376	66.16919999999999
Sin-CPnd_039-Ex1-10F-lcwgs-1-2	57.94089999999999	43.9185	43.9475	42.6571	43.9964	42.9365	42.356700000000004	43.8464	44.0972	42.940400000000004	46.8846	46.437	45.704	45.1085	44.9448	44.6801	45.0976	44.8091	45.1959	44.973800000000004	45.445600000000006	44.9777	45.0148	44.5734	44.5647	44.445800000000006	44.5441	44.6728	44.856	44.6976	44.749	44.9459	44.6647	44.4287	44.650400000000005	44.704899999999995	44.407000000000004	44.764700000000005	44.8574	44.9112	45.041	44.8693	45.0057	45.0148	44.968599999999995	45.199	45.2221	45.141999999999996	45.7614	45.548	45.8306	45.6246	45.8813	45.6862	45.9324	46.3443	46.3394	46.6237	46.9381	46.739399999999996	46.8758	47.0304	46.9776	46.773399999999995	46.901399999999995	47.071000000000005	47.294799999999995	47.6238	47.6364	47.6098	47.7784	47.7571	47.6182	47.7973	47.7392	47.9078	47.998000000000005	48.100500000000004	48.287200000000006	47.9473	48.2896	48.1634	48.2736	48.0774	48.324600000000004	48.460300000000004	48.6393	48.5383	48.6869	48.4204	48.7628	48.8701	48.8624	48.8684	49.257600000000004	49.2076	49.3142	49.2579	49.4328	49.546800000000005	49.656299999999995	49.488	49.6024	49.6807	49.8496	49.8269	49.7643	49.7573	49.4961	49.5625	49.5926	49.4328	49.526199999999996	49.5073	49.391200000000005	49.7954	49.741600000000005	49.9482	50.137100000000004	50.2528	50.6092	50.66929999999999	50.9889	51.429199999999994	51.888	52.076100000000004	52.586999999999996	53.0098	53.3938	53.769	54.4492	54.8052	55.2639	55.851099999999995	56.3574	56.5886	57.097699999999996	57.7045	58.108000000000004	58.674899999999994	59.176700000000004	59.696000000000005	60.09290000000001	60.9077	61.3514	61.853899999999996	62.3348	62.954100000000004	63.55309999999999	64.0888
Sin-CPnd_040-Ex1-11E-lcwgs-1-2	55.838100000000004	42.348	43.1777	41.725	41.7674	41.2449	40.5005	41.8329	42.2217	41.4782	44.9658	44.763799999999996	43.3705	43.0989	42.627500000000005	42.67	43.014	42.835499999999996	43.2137	43.0334	43.5707	43.0947	43.1639	42.503	42.2798	42.1668	42.5791	42.4154	43.1298	42.8591	43.0366	43.2465	42.789899999999996	42.6663	42.8157	42.7853	42.6575	43.1053	43.1524	43.3567	43.4706	43.1086	43.4448	43.4282	43.5379	43.6269	43.6449	43.614999999999995	44.4096	44.2242	44.4142	44.3197	44.2592	44.6079	44.8491	45.1	45.658100000000005	45.6498	45.873000000000005	46.2728	46.0353	46.2507	46.2106	45.980900000000005	46.366	46.6907	46.9858	47.1173	46.9397	47.0804	47.4065	47.0043	47.0998	47.3267	47.185100000000006	47.2695	47.5554	47.5974	47.6573	47.3124	47.548	47.4161	47.3728	47.3377	47.313300000000005	47.2068	47.1643	47.5439	47.4941	47.4014	47.5024	47.5623	47.6246	47.5937	48.0074	48.0051	48.3086	48.1946	48.4008	48.626799999999996	48.446	48.7361	48.5202	48.8827	49.1475	49.0087	48.9907	49.0294	48.9409	49.0045	48.952400000000004	49.1415	48.672399999999996	49.015100000000004	48.814	48.8943	49.1383	49.437999999999995	49.4961	49.6834	50.1109	50.3876	50.69200000000001	51.0587	51.35380000000001	51.841300000000004	52.487899999999996	53.1691	53.6234	53.872	54.561899999999994	55.3427	55.7006	56.5866	57.08879999999999	57.6492	58.267199999999995	58.8557	59.567800000000005	60.11149999999999	60.8425	61.3074	62.1422	62.8174	63.5548	64.05199999999999	64.699	64.9836	65.9821	66.42439999999999
Sin-CPnd_042-Ex1-10D-lcwgs-1-2	56.9624	46.0781	45.5167	44.8297	45.8403	44.6897	43.9832	45.3622	45.8006	44.9452	48.129	47.869099999999996	46.5828	46.7437	45.9911	46.121	46.2642	46.4459	46.2769	46.6194	46.775800000000004	46.3166	46.5721	46.0264	45.866800000000005	45.8056	45.772200000000005	45.8902	46.3034	46.2737	46.3671	46.724700000000006	46.092	46.0548	46.3362	46.1381	46.031499999999994	46.4119	46.4087	46.5071	46.8023	46.3532	46.6364	46.8566	46.408100000000005	47.0383	46.9159	46.983399999999996	47.3972	47.3928	47.6085	47.5644	47.659	47.972500000000004	48.0589	48.328900000000004	48.768	48.884100000000004	49.0544	49.3805	49.2171	49.3654	49.5704	49.4505	49.935	49.8322	50.26429999999999	50.4794	50.3324	50.7311	51.015	50.6649	50.9216	50.7368	50.7128	51.0945	51.033300000000004	51.3632	50.95190000000001	50.886900000000004	51.068000000000005	51.138600000000004	51.0289	50.9242	50.9828	50.8775	51.1349	51.180899999999994	51.271100000000004	51.180899999999994	51.1834	51.3683	51.334199999999996	51.6547	51.838899999999995	51.753099999999996	51.8742	52.129000000000005	52.25959999999999	52.409099999999995	52.2224	51.8805	52.1846	52.4098	52.434999999999995	52.6116	52.604099999999995	52.3574	52.1208	52.44259999999999	52.2987	52.40089999999999	52.284200000000006	52.1126	52.3435	52.5624	52.5612	52.64	52.8633	53.09930000000001	53.56229999999999	53.636700000000005	54.0007	54.285799999999995	54.7388	55.0977	55.6352	56.220000000000006	56.693099999999994	57.14660000000001	57.763	58.3673	58.685900000000004	59.705299999999994	60.3645	60.729699999999994	61.5643	62.219100000000005	62.775499999999994	63.5092	64.03649999999999	64.7904	65.4628	66.29549999999999	66.93010000000001	67.5572	68.28070000000001	69.1273	69.7726	70.2445
Sin-CPnd_043-Ex1-1C-lcwgs-1-2	59.298300000000005	42.2802	42.497600000000006	40.5736	43.2258	41.3912	40.7076	41.9079	42.8446	40.3398	45.6755	45.5295	44.9086	43.887	43.954	43.5966	44.2891	43.5013	43.8557	43.5549	44.149100000000004	42.9667	44.006099999999996	42.925000000000004	43.730599999999995	42.8714	43.82	43.3196	43.133500000000005	43.1871	43.3598	43.5385	43.54	43.0546	43.2809	42.9086	43.549	43.2407	43.3018	42.8908	43.4045	42.8446	43.5877	43.4551	43.199	43.3137	43.263	42.9473	44.120799999999996	43.2779	43.6487	43.4328	43.772299999999994	43.1409	43.7157	43.513200000000005	44.1863	43.9227	44.189299999999996	44.1476	44.775999999999996	44.323299999999996	44.568999999999996	44.0255	44.3218	44.053799999999995	44.8147	44.549699999999994	44.4886	44.469300000000004	44.8832	44.549699999999994	44.5616	44.752199999999995	44.9026	44.98	45.2243	45.2094	44.9279	44.9666	45.0426	44.9905	44.9488	45.0009	45.4119	45.0322	45.2466	45.6472	45.618900000000004	45.2436	45.3047	45.6234	45.752900000000004	45.7082	45.9123	46.0552	45.6591	45.8631	45.940599999999996	46.0835	46.169900000000005	46.2533	46.3962	45.9942	46.5049	46.213100000000004	46.1729	46.2771	46.085	46.1237	46.0046	46.422999999999995	46.1967	46.1505	46.2592	46.353	46.012	46.524300000000004	46.6345	46.56	46.6881	47.1929	47.0619	47.391	47.4535	47.976200000000006	48.1907	48.4483	48.3187	48.588300000000004	49.4431	49.6232	49.3269	49.8838	50.31719999999999	50.0015	50.70590000000001	50.97540000000001	51.026	51.6008	51.9761	52.3127	52.7192	52.976800000000004	53.3968	53.715500000000006	54.476400000000005	54.3975	55.3937	55.2225
Sin-CPnd_044-Ex1-2C-lcwgs-1-2	54.5088	44.608599999999996	44.6853	44.4743	45.4912	44.244099999999996	45.3569	45.3569	44.7621	45.0883	47.8319	48.4651	45.778999999999996	46.1051	47.0453	45.683	46.220299999999995	46.2394	46.604	46.1627	47.4482	47.3523	45.9708	47.1988	45.8941	45.8173	46.7575	45.9708	46.6232	47.217999999999996	46.5656	45.874900000000004	46.5464	46.5656	46.4889	46.1627	46.5464	45.5295	45.5871	46.028400000000005	46.0476	47.5633	46.4505	47.0453	47.0069	47.1028	47.3331	47.1604	46.7767	47.3139	49.0407	47.9854	48.2348	47.6209	47.9854	47.5441	48.7145	48.9831	50.2686	49.2709	50.287800000000004	49.9233	49.5012	50.211099999999995	49.865700000000004	50.2302	52.1489	50.307	51.304700000000004	50.7483	50.402899999999995	50.4988	51.7076	51.0169	50.59479999999999	51.746	49.5971	51.1896	49.8273	51.2471	49.9233	50.0	49.6738	49.980799999999995	50.9977	49.865700000000004	49.3285	50.3454	49.693	49.8273	49.9041	50.614000000000004	50.307	49.7122	52.3408	50.9593	50.8826	51.6884	50.556400000000004	50.556400000000004	50.78660000000001	50.978500000000004	50.7099	51.6884	52.1105	51.17040000000001	52.782	51.3431	50.8058	49.980799999999995	51.7076	50.191900000000004	51.227900000000005	52.3983	52.053000000000004	51.7076	51.9378	51.0553	52.4175	53.5303	53.319300000000005	52.6477	55.9862	54.048300000000005	54.719899999999996	55.0269	57.444399999999995	56.485	58.3078	58.9217	60.226400000000005	60.590900000000005	62.3753	63.4689	63.987	64.4666	65.8289	66.2701	66.462	68.2464	68.208	69.2441	70.3569	70.5295	71.7383	71.6616	73.2348	72.60170000000001	74.2134	74.4436
Sin-CPnd_045-Ex1-11H-lcwgs-1-2	57.7685	38.615500000000004	40.5736	38.520199999999996	40.373999999999995	39.036100000000005	38.4081	40.098299999999995	40.5122	38.2684	43.9885	43.458200000000005	42.4826	41.9467	41.8858	41.388200000000005	41.9073	41.4979	41.8179	41.557300000000005	41.8363	41.3206	41.5675	41.010200000000005	41.1968	40.9752	41.1149	41.0202	41.2982	41.0787	41.4092	41.2443	41.2366	41.0323	41.1683	40.9747	41.0736	41.0433	41.1238	41.0787	41.3029	41.0885	41.3408	41.2806	41.2487	41.193000000000005	41.3653	41.263	41.5461	41.4679	41.6307	41.5025	41.6869	41.497	41.7201	41.816700000000004	42.0228	41.9687	42.180099999999996	42.173500000000004	42.308099999999996	42.2562	42.323	42.2008	42.3999	42.3365	42.5332	42.6441	42.5937	42.808800000000005	42.8876	42.8017	42.8981	42.931599999999996	42.9887	42.9801	43.1374	43.146699999999996	43.2132	43.1901	43.315599999999996	43.3807	43.4422	43.3111	43.4717	43.3937	43.5606	43.5649	43.729	43.6386	43.7812	43.8782	43.8849	43.9463	44.1233	44.0813	44.2244	44.2559	44.3012	44.4032	44.5311	44.4159	44.4754	44.6202	44.7269	44.8288	44.8342	44.8428	44.8831	44.9418	44.9034	44.894800000000004	44.9958	44.9094	44.9718	45.0066	45.1262	45.1532	45.2849	45.4762	45.6385	45.6579	45.8318	46.1378	46.3737	46.5409	46.838	46.961999999999996	47.2763	47.501599999999996	47.7822	48.0219	48.3188	48.722300000000004	48.9518	49.243500000000004	49.5469	49.826	50.1235	50.4866	50.8022	51.0989	51.62330000000001	51.9694	52.3099	52.708200000000005	53.0895	53.37220000000001	53.812400000000004	54.140699999999995
Sin-CPnd_049-Ex1-4C-lcwgs-1-2	56.801	44.0302	45.1385	45.0378	45.5038	44.2191	43.6776	45.6549	44.811099999999996	44.8489	48.0101	46.5995	47.468500000000006	47.090700000000005	46.0076	46.0957	46.3602	46.4484	46.0831	46.9018	46.6625	46.2972	46.5365	45.428200000000004	47.1033	45.793499999999995	46.0957	46.5617	46.070499999999996	46.8514	46.4736	46.146100000000004	46.2343	45.604499999999994	46.1839	46.070499999999996	46.4358	45.9446	46.4358	46.4736	46.0327	47.5567	45.9572	46.523900000000005	46.0327	46.0957	46.7506	46.423199999999994	48.0856	46.6121	47.6574	46.7254	48.602000000000004	47.3804	47.355199999999996	48.073	48.6524	48.2368	48.6146	48.942099999999996	48.979800000000004	49.458400000000005	49.710300000000004	48.627199999999995	49.3073	49.1436	50.1637	49.471	49.937	50.2897	48.7783	48.3123	50.214099999999995	50.075599999999994	49.9622	49.8111	49.7859	49.647400000000005	49.4962	48.979800000000004	49.3577	49.2443	49.471	49.6222	50.768299999999996	49.6851	50.2267	49.6599	50.0	49.5844	50.428200000000004	50.314899999999994	49.924400000000006	50.831199999999995	51.120900000000006	50.869	51.4861	50.869	50.188900000000004	50.8564	51.0202	50.2645	50.2267	51.0202	50.995000000000005	51.3728	50.1259	50.9572	50.251900000000006	50.8564	50.755700000000004	50.063	51.8388	50.37779999999999	51.5365	51.0831	50.7431	51.2972	51.045300000000005	52.93449999999999	52.2922	52.1914	52.531499999999994	53.853899999999996	54.596999999999994	54.9118	55.1385	55.932	56.309799999999996	57.392900000000004	58.2242	58.6776	59.2317	60.075599999999994	61.3602	61.864	62.2292	63.2368	64.0176	63.627199999999995	65.403	64.937	66.5239	66.2972	67.46849999999999	67.7204	68.11080000000001	69.3073	70.10079999999999	69.7733
Sin-CPnd_050-Ex1-9B-lcwgs-1-2	59.3507	48.9535	49.0165	47.998200000000004	49.0573	48.174499999999995	47.61	48.726	49.2735	48.8371	51.381299999999996	51.4147	50.2089	49.8172	49.6826	49.5688	49.7851	49.7225	50.1077	50.0078	50.395999999999994	49.938300000000005	50.27700000000001	49.3122	49.4251	49.2614	49.425999999999995	49.6517	49.7442	49.932700000000004	50.0378	49.9783	49.7768	49.4807	49.8884	49.3639	49.5302	49.9726	50.0417	50.2132	50.59010000000001	49.8867	50.0738	50.2449	50.208	50.673100000000005	50.7061	50.6157	51.446400000000004	51.255799999999994	51.335699999999996	51.409099999999995	51.13720000000001	51.6579	51.8246	52.3088	52.8698	52.76	53.310599999999994	53.1768	53.037	53.0374	53.2211	53.080400000000004	53.400400000000005	53.6284	53.76689999999999	54.016600000000004	53.898900000000005	54.1985	54.2068	54.048700000000004	54.034000000000006	54.3084	54.1721	54.4604	54.59850000000001	54.2841	54.496	54.4161	54.5116	54.6514	54.3614	54.630599999999994	54.301500000000004	54.496	54.852500000000006	54.8699	54.9897	54.7005	54.8052	55.001400000000004	54.9493	55.1673	55.211200000000005	55.540299999999995	55.531200000000005	55.664899999999996	55.848600000000005	55.8321	55.779999999999994	55.747899999999994	55.6775	56.0627	56.08220000000001	56.0045	55.935500000000005	55.49380000000001	55.5108	55.41310000000001	55.2481	55.1087	55.1169	55.340599999999995	55.06529999999999	55.374	55.6497	55.5286	55.9185	56.239399999999996	56.5343	56.964999999999996	57.2125	57.7271	58.1661	58.7627	59.3897	60.058	60.58519999999999	61.2452	61.9773	62.61560000000001	63.0568	64.02210000000001	64.56269999999999	65.1758	65.8884	66.485	67.16499999999999	67.9197	68.3179	69.149	69.7048	70.5125	71.25280000000001	71.8056	72.52340000000001	73.1326	73.7805	74.3571
Sin-CPnd_051-Ex1-12G-lcwgs-1-2	58.028400000000005	45.4071	46.9576	45.5826	46.1072	45.3737	44.882600000000004	45.969	46.4248	45.8843	48.7227	48.6614	47.4119	47.2235	46.7114	46.8865	46.882200000000005	47.0465	47.1781	47.100500000000004	47.4515	47.0337	47.276	46.8151	46.488099999999996	46.545199999999994	46.6337	46.6986	47.0077	46.9246	47.1129	47.1882	46.7529	46.5856	47.0612	46.7207	46.4586	47.2169	47.1241	47.3967	47.646	47.2158	47.187	47.6685	47.2107	47.884	47.626200000000004	47.6549	48.449	48.1974	48.3139	48.2781	48.19	48.5499	48.6187	49.1627	49.5929	49.735	49.816500000000005	50.076299999999996	49.953199999999995	49.910900000000005	50.178	50.0305	50.119800000000005	50.4995	50.651	50.9678	51.1258	51.1911	51.277300000000004	51.154999999999994	51.097899999999996	51.3743	51.2229	51.7405	51.542500000000004	51.5518	51.63720000000001	51.568099999999994	51.49979999999999	51.53	51.4889	51.1658	51.56889999999999	51.4338	51.558800000000005	51.8717	51.695100000000004	51.626000000000005	51.5891	51.96340000000001	51.763000000000005	52.143499999999996	52.1346	52.3695	52.4705	52.4487	52.5641	52.639	52.8976	52.595499999999994	52.668899999999994	52.993500000000004	53.1143	53.104600000000005	53.2269	52.8479	52.8238	52.709700000000005	52.6285	52.605199999999996	52.9551	52.58540000000001	52.5377	52.87779999999999	52.9058	53.1298	53.2451	53.440799999999996	53.5837	54.150200000000005	54.3296	54.728	55.31120000000001	55.700300000000006	56.0746	56.6818	57.121	57.62969999999999	58.0607	58.6897	59.203799999999994	60.1333	60.426500000000004	60.922	61.4795	62.063100000000006	62.739900000000006	63.5883	63.786	64.5668	65.2265	65.9293	66.29509999999999	67.29220000000001	67.79809999999999	68.43299999999999	69.0216	69.64099999999999
Sin-CPnd_053-Ex1-9G-lcwgs-1-2	58.317099999999996	47.1694	47.4775	46.3763	47.1669	46.659099999999995	45.8974	47.098	47.4951	46.9783	49.7176	49.6584	48.436099999999996	48.1281	47.8215	47.9431	48.119099999999996	48.1436	48.1725	48.1014	48.432199999999995	48.1371	48.202	47.8176	47.501599999999996	47.6268	47.7126	47.6228	48.0167	47.8464	48.0892	48.25	48.0058	47.6545	47.9932	48.141099999999994	47.5647	48.0091	48.012	48.2648	48.3889	48.1458	48.4902	48.5111	48.3528	48.861399999999996	48.749199999999995	48.7777	49.4114	49.270399999999995	49.284099999999995	49.3858	49.426199999999994	49.5347	50.0523	50.1565	50.7033	50.6413	50.8948	51.179399999999994	51.131099999999996	51.1239	51.2973	51.2205	51.574	51.8142	52.0014	52.106300000000005	52.0865	52.3743	52.58930000000001	52.3231	52.4309	52.4508	52.50129999999999	52.760200000000005	53.054500000000004	52.4915	52.748	52.357699999999994	52.6856	52.692099999999996	52.718399999999995	52.51820000000001	52.5164	52.5766	52.6841	52.621399999999994	52.696	52.55459999999999	52.688100000000006	52.92249999999999	53.235200000000006	52.945600000000006	53.4076	53.1851	53.513999999999996	53.4733	53.866800000000005	53.8516	53.9036	53.8733	53.7268	53.9223	54.2148	53.946099999999994	54.0449	53.947199999999995	53.7268	53.670899999999996	53.6435	53.771899999999995	53.456	53.835699999999996	53.65220000000001	53.807300000000005	54.208999999999996	54.386100000000006	54.4705	54.848200000000006	55.214600000000004	55.4029	55.6319	56.306	56.692299999999996	57.400600000000004	57.9997	58.268100000000004	58.83969999999999	59.6123	60.0584	60.6864	61.23420000000001	62.1687	62.60869999999999	63.179700000000004	63.9068	64.5001	65.3336	65.8829	66.4438	67.13090000000001	67.7638	68.66409999999999	69.3894	70.2056	70.9915	71.5549	72.2376	72.8746
Sin-CPnd_058-Ex1-9D-lcwgs-1-2	56.6467	46.345	45.8641	45.0253	45.792300000000004	44.9942	44.114799999999995	45.4841	46.2089	45.2146	48.1992	47.995900000000006	46.731	46.8906	46.381099999999996	46.2812	46.619	46.747	46.7822	46.734500000000004	46.9865	46.6366	46.6507	46.1638	45.9745	45.9715	46.2275	46.2692	46.4875	46.4715	46.456900000000005	46.7415	46.3525	46.0985	46.5337	46.355000000000004	46.1969	46.794200000000004	46.7757	46.691300000000005	47.1933	46.7355	46.879599999999996	46.9152	46.9323	47.232400000000005	47.369499999999995	47.2089	48.0853	47.8348	47.7801	47.7555	47.8127	48.0366	48.3814	48.7443	49.3397	49.18	49.7267	49.8291	49.621300000000005	49.6168	50.0745	49.8808	50.20909999999999	50.5419	50.6613	50.935900000000004	51.0288	51.2456	51.336999999999996	51.0192	51.214000000000006	51.3902	51.2446	51.6326	51.6803	51.513200000000005	51.4434	51.3626	51.503600000000006	51.49510000000001	51.475	51.2652	51.4434	51.2326	51.506099999999996	51.5568	51.605500000000006	51.479	51.773199999999996	51.6522	51.6422	51.9534	52.1471	52.039699999999996	52.2651	52.4845	52.66420000000001	52.551700000000004	52.6225	52.6245	52.517599999999995	52.7686	52.871500000000005	52.87349999999999	53.1576	52.772600000000004	52.5467	52.783100000000005	52.68620000000001	52.609399999999994	52.6486	52.583800000000004	52.583800000000004	52.9352	53.1014	53.0331	53.5647	53.6555	53.7534	53.999399999999994	54.6414	54.8221	55.313500000000005	55.8652	56.450900000000004	57.0468	57.4202	58.113899999999994	58.5823	59.2218	59.80649999999999	60.565000000000005	61.4595	61.9208	62.395199999999996	63.31679999999999	64.0878	64.54560000000001	65.434	65.9525	66.6011	67.5262	68.51559999999999	68.878	69.8673	70.2935	71.09259999999999	71.7612
Sin-CPnd_061-Ex1-9A-lcwgs-1-2	56.4229	44.9675	44.8355	43.655100000000004	44.406800000000004	43.8711	42.9298	44.296600000000005	44.8223	44.3324	47.2714	47.2279	45.8312	45.6411	45.3354	45.2052	45.516400000000004	45.2755	45.6874	45.3993	45.9913	45.5876	45.8625	44.9053	45.050000000000004	44.8831	44.9325	45.0333	45.245999999999995	45.299499999999995	45.4928	45.53	45.4578	45.0355	45.3281	45.3018	44.997	45.7209	45.629799999999996	45.9196	46.1265	45.455600000000004	45.681	46.0557	45.7758	46.3801	46.163199999999996	46.3651	46.816	46.8804	47.0201	46.8074	46.907199999999996	47.1603	47.3413	47.5831	48.6201	48.6146	48.722100000000005	48.7852	48.6722	48.6709	48.8709	48.6446	49.2071	49.4194	49.7355	49.808099999999996	49.9846	50.389700000000005	50.3008	50.0885	50.2209	50.0263	50.0753	50.241800000000005	50.425	50.3008	50.213699999999996	50.063100000000006	50.035799999999995	49.912	50.2953	49.660199999999996	49.876599999999996	49.716	49.8943	49.9202	49.9283	49.9401	49.930600000000005	50.039	50.045399999999994	50.2595	50.2463	50.2509	50.37970000000001	50.748000000000005	50.6591	50.94990000000001	50.92719999999999	50.843700000000005	50.9136	51.296	51.2888	51.409400000000005	51.572300000000006	51.5328	51.3881	51.1205	51.160399999999996	51.398999999999994	51.180800000000005	51.3042	51.3536	51.3305	51.537299999999995	51.647600000000004	51.428	52.1479	52.2046	52.4074	52.7517	53.4825	53.2734	54.0559	54.76990000000001	55.210800000000006	55.4444	56.3712	56.7005	57.3755	58.0673	58.719100000000005	59.2131	59.8591	60.729200000000006	61.297599999999996	61.812900000000006	62.5269	63.016799999999996	63.8134	64.57000000000001	65.1615	65.9245	66.72879999999999	67.3775	67.8878	68.7016	69.2138
Sin-CPnd_062-Ex1-11D-lcwgs-1-2	54.8172	42.5052	42.8692	41.7489	42.305	41.6285	41.072900000000004	42.2926	42.5777	41.9486	45.312599999999996	44.8755	43.6259	43.4689	43.120599999999996	43.028800000000004	43.5568	43.269999999999996	43.5115	43.6293	43.891799999999996	43.5542	43.6161	42.9081	42.911	42.8393	42.6507	42.8752	43.4155	43.2678	43.3412	43.667699999999996	43.1658	43.1197	43.3088	43.1833	42.8641	43.6046	43.5457	43.675799999999995	43.751	43.587900000000005	43.8376	43.961800000000004	43.5376	43.9708	44.089800000000004	43.9994	44.5969	44.4291	44.6873	44.4833	44.4761	44.751400000000004	44.9494	45.1483	45.759	45.813199999999995	46.1862	46.153800000000004	46.135	46.1811	46.4308	46.3027	46.657399999999996	46.7705	47.062	47.377	47.0355	47.7188	47.7521	47.6638	47.6198	47.7244	47.4994	47.9399	48.0961	48.0833	48.1136	48.0082	47.8473	47.9604	48.1243	47.9028	47.991499999999995	48.118300000000005	48.0735	48.3159	48.196	48.4324	48.3722	48.5506	48.5007	48.5668	48.8857	49.0858	48.992799999999995	49.088	49.1695	49.4631	49.324	49.4098	49.4354	49.6663	49.674800000000005	49.959900000000005	49.9368	50.021800000000006	49.8442	50.0192	49.9095	50.0192	49.7337	49.8203	49.8301	50.040099999999995	50.159600000000005	50.177499999999995	50.4443	50.56079999999999	50.6547	50.7247	50.985899999999994	51.3743	51.767300000000006	52.1587	52.652100000000004	53.23759999999999	53.451899999999995	54.03489999999999	54.6631	54.998999999999995	55.5555	56.5299	56.8461	57.4752	58.058600000000006	58.836200000000005	59.1512	60.0633	60.4427	60.9855	61.753800000000005	62.3692	63.0538	63.6513	64.19709999999999	64.8365	65.3384	66.148
Sin-CPnd_063-Ex1-9F-lcwgs-1-2	57.123599999999996	45.8906	45.9216	44.9737	45.893	45.114399999999996	44.3265	45.671099999999996	45.9638	45.256099999999996	48.3139	48.2211	47.275600000000004	46.969300000000004	46.370400000000004	46.5435	46.7142	46.748	46.8919	46.7104	47.1166	46.573	46.8629	46.537800000000004	46.2682	46.144400000000005	46.272400000000005	46.1143	46.6546	46.6345	46.449200000000005	47.0655	46.3714	46.4909	46.578199999999995	46.5472	46.2128	46.6223	46.9764	46.8268	47.1372	46.8957	46.7864	47.1747	46.9853	47.4585	47.2812	47.381099999999996	47.9875	48.0222	48.1418	47.897	48.371199999999995	48.408699999999996	48.587799999999994	48.842	49.3692	49.552600000000005	49.830200000000005	49.6487	49.6881	49.7481	50.0211	49.902	50.2336	50.168400000000005	50.457300000000004	50.512100000000004	50.6777	50.6829	50.907500000000006	50.8254	50.8686	50.940799999999996	51.0346	51.1772	51.42060000000001	51.1678	51.325900000000004	51.2142	51.30479999999999	51.4905	51.5149	51.2888	51.5444	51.482000000000006	51.7916	51.6992	51.68279999999999	51.7456	51.884	52.0533	52.1039	52.14149999999999	52.38159999999999	52.3863	52.413900000000005	52.695800000000006	52.7436	52.8074	52.869299999999996	52.6517	52.7666	52.8262	52.8637	53.0218	52.77230000000001	52.7216	52.48009999999999	52.49700000000001	52.2817	52.4857	52.5898	52.4083	52.506299999999996	52.686	52.8848	53.080400000000004	53.32	53.56720000000001	54.004799999999996	54.4381	54.7477	55.175399999999996	55.7851	56.2832	56.8685	57.47259999999999	58.1709	58.7881	59.4067	60.13230000000001	60.509800000000006	61.732	62.1644	62.66199999999999	63.43729999999999	64.2496	64.7918	65.6988	66.3442	66.88300000000001	67.7868	68.52120000000001	69.1699	69.89030000000001	70.7954	71.354	72.1785	72.693
Sin-CPnd_065-Ex1-11B-lcwgs-1-2	57.2894	45.9283	46.3125	44.973400000000005	45.984	45.3356	44.6892	45.8492	46.3401	45.9341	48.4866	48.6141	47.1299	47.229	46.5717	46.8406	46.9474	46.945100000000004	47.2639	46.9101	47.683	47.03	47.1713	46.5368	46.4999	46.399699999999996	46.571400000000004	46.6332	46.9923	46.8909	47.0588	47.145199999999996	46.9136	46.5076	46.8925	46.7649	46.467999999999996	47.1829	47.1917	47.2466	47.4302	47.2025	47.2228	47.2224	47.240500000000004	47.6665	47.727599999999995	47.621900000000004	48.331	48.362899999999996	48.3118	48.2661	48.1555	48.274899999999995	48.792699999999996	49.054700000000004	49.634299999999996	49.8287	50.0085	50.1686	49.8168	49.6977	49.9885	49.8467	50.3334	50.509	50.63609999999999	50.88890000000001	50.7978	50.9031	51.115500000000004	50.9457	51.004099999999994	50.7402	51.23649999999999	51.3333	51.3022	51.2872	51.214999999999996	51.315999999999995	51.502700000000004	51.6221	51.569500000000005	51.381699999999995	51.5019	51.47389999999999	51.820299999999996	51.769299999999994	51.8319	51.843799999999995	51.8472	51.784200000000006	52.0197	51.990899999999996	52.282399999999996	52.4868	52.7146	52.697300000000006	52.7484	53.0933	52.8605	53.0142	52.9339	53.099799999999995	53.343399999999995	53.27269999999999	53.210100000000004	53.0011	52.98270000000001	52.8263	52.824000000000005	52.808699999999995	52.7618	52.6308	52.7445	52.73609999999999	52.844800000000006	52.9385	53.359500000000004	53.6438	53.812000000000005	53.999399999999994	54.309	54.7139	55.253600000000006	55.5636	56.236200000000004	56.962500000000006	57.2629	57.788799999999995	58.467499999999994	58.9807	59.3998	60.2929	60.8414	61.29	62.2277	62.6367	63.0985	63.844	64.4083	64.89540000000001	65.7746	66.44839999999999	67.0614	67.7052	68.4277	68.8184	69.5144	70.104
Sin-CPnd_067-Ex1-9C-lcwgs-1-2	56.971799999999995	45.6918	45.6668	44.6733	45.558	44.767	44.2497	45.3861	45.8256	45.0873	48.0577	48.2291	47.0798	46.5795	46.2422	46.3239	46.569	46.57	46.6657	46.663700000000006	46.9945	46.6081	46.5088	46.2317	45.955	46.17	46.0662	46.104800000000004	46.4176	46.6697	46.6818	46.7149	46.361999999999995	45.8246	46.4347	46.2853	46.3088	46.6191	46.7785	46.7083	47.041199999999996	46.6833	46.8146	47.1725	46.9675	47.3314	47.1053	47.5529	48.1243	47.7865	48.012100000000004	48.0622	47.8091	48.0822	48.5715	48.9068	49.1614	49.4622	49.6577	49.749900000000004	49.4276	49.6541	49.810500000000005	49.58	50.08820000000001	50.2556	50.3544	50.235600000000005	50.385000000000005	50.5027	50.5659	50.6977	50.537299999999995	50.833600000000004	50.5243	51.106700000000004	50.9614	50.7012	50.61600000000001	50.907199999999996	50.696200000000005	50.8636	50.6767	50.5163	50.531800000000004	50.5519	50.8737	50.795500000000004	50.8376	50.8737	50.824999999999996	51.1619	51.1629	51.3198	51.38890000000001	51.7839	51.5674	51.951800000000006	52.22	52.0616	52.214499999999994	52.0922	52.1173	52.4616	52.444599999999994	52.6335	52.7187	52.479600000000005	52.4486	52.3849	52.2335	52.2441	52.078199999999995	52.1067	52.1323	52.444100000000006	52.7378	52.7934	52.952299999999994	53.412499999999994	53.8185	53.849999999999994	54.5077	54.9778	55.2736	55.90110000000001	56.5257	56.8946	57.5848	58.29410000000001	58.899100000000004	59.5236	60.211800000000004	60.867000000000004	61.434900000000006	62.3236	62.9501	63.601200000000006	64.05539999999999	65.0047	65.56309999999999	66.3596	67.24130000000001	67.87530000000001	68.4217	69.4357	69.93639999999999	70.4918	71.3936	71.9179
Sin-CPnd_074-Ex1-12A-lcwgs-1-2	56.4137	43.9432	44.3282	43.170500000000004	43.756	43.169999999999995	42.2676	43.713	44.1944	43.6945	46.6842	46.7975	45.147	45.1573	44.4164	44.5302	44.7538	44.702	44.8938	45.0245	45.3506	45.0317	45.0076	44.338	44.4062	44.167699999999996	44.3831	44.1759	44.7763	44.6241	45.0496	44.723	44.9286	44.234899999999996	44.5513	44.7507	44.4441	45.244	45.129599999999996	45.3291	45.5824	45.1947	45.0845	45.405	45.5013	45.705400000000004	45.851	45.6511	46.5324	46.3735	46.324799999999996	46.204299999999996	46.1669	46.6355	46.5006	47.2297	47.8835	47.9799	48.1485	48.3393	48.031600000000005	48.3608	48.2352	48.226	48.465399999999995	48.754599999999996	49.1976	49.4273	49.4801	49.8354	49.6421	49.7185	49.620599999999996	49.603199999999994	49.7288	49.912800000000004	50.070800000000006	49.8287	49.777	49.7616	49.7734	49.8534	49.6985	49.4832	49.3129	49.4991	49.4073	49.669799999999995	49.4565	49.5867	49.6457	49.539100000000005	49.8123	49.7662	49.744699999999995	49.9903	49.9195	49.9713	50.345600000000005	50.5496	50.5466	50.3953	50.4374	50.91369999999999	50.9198	51.5366	51.0639	51.0972	50.962399999999995	51.01369999999999	50.929100000000005	51.226400000000005	50.9614	50.9352	51.211600000000004	51.0439	51.258700000000005	51.4285	51.341300000000004	51.640699999999995	51.7868	51.9689	52.1883	52.67079999999999	53.0871	53.469100000000005	54.0762	54.4689	54.868300000000005	55.363099999999996	55.977900000000005	56.3686	56.905899999999995	58.032399999999996	58.5056	58.894800000000004	59.77	60.12220000000001	60.8062	61.3343	62.2413	62.416700000000006	63.4621	64.0287	64.7563	65.4643	66.2262	66.6805	67.4563	67.98689999999999
Sin-CPnd_075-Ex1-11G-lcwgs-1-2	55.8782	44.3027	44.877	43.5678	44.339099999999995	43.7952	43.1757	44.308	44.5801	44.2388	47.044399999999996	46.7442	45.6854	45.3391	45.0261	45.073299999999996	45.2929	45.3116	45.553	45.380199999999995	45.656	45.1966	45.2769	45.0515	44.7085	44.5768	44.8636	44.7934	45.1498	45.259100000000004	45.1883	45.308	45.226699999999994	44.893699999999995	45.216699999999996	45.0004	44.8667	45.4848	45.3474	45.437	45.9896	45.4116	45.623599999999996	45.9	45.7359	46.1926	45.8542	46.215	46.6075	46.5804	46.5877	46.5847	46.341	46.716800000000006	46.927099999999996	47.3647	47.7134	47.985499999999995	48.266	48.3703	48.1912	48.155	48.390699999999995	48.391099999999994	48.5569	48.8437	48.972500000000004	49.411100000000005	49.384299999999996	49.6896	49.8394	49.5508	49.5926	49.608999999999995	49.774499999999996	50.044999999999995	50.0523	50.105500000000006	50.081399999999995	49.8594	50.0583	49.953399999999995	49.923899999999996	49.919599999999996	50.0777	50.0206	50.3646	50.153000000000006	50.2084	50.2181	50.342200000000005	50.4869	50.5655	50.67549999999999	50.7032	50.93729999999999	51.075700000000005	51.174600000000005	51.511300000000006	51.3809	51.4755	51.5177	51.512	51.456500000000005	51.830200000000005	51.8386	51.6768	51.778800000000004	51.653400000000005	51.6768	51.5518	51.719899999999996	51.688199999999995	51.644999999999996	51.8877	51.834599999999995	52.0439	52.2	52.34609999999999	52.5972	52.6911	53.001	53.121700000000004	53.793400000000005	54.224700000000006	54.500800000000005	55.1454	55.578	55.9815	56.543200000000006	57.1761	57.781499999999994	58.3097	59.061600000000006	59.4702	59.9309	60.6791	61.197900000000004	61.9699	62.699400000000004	63.236599999999996	63.8702	64.67960000000001	65.2927	66.0376	66.7975	67.5063	67.9466	68.7182	69.3688
Sin-CPnd_076-Ex1-10E-lcwgs-1-2	56.7605	42.9263	42.565799999999996	41.336099999999995	43.1194	41.7449	41.0146	42.7472	42.937999999999995	41.6701	45.8822	45.4919	44.435900000000004	44.2669	43.8001	43.755500000000005	44.0728	43.8923	44.1002	43.7907	44.1998	43.7733	44.1133	43.5128	43.3334	43.561699999999995	43.5664	43.4819	43.9443	43.5087	43.7793	43.9651	43.561	43.7089	43.8729	43.4725	43.5644	43.717600000000004	43.7787	43.7324	44.1599	43.696200000000005	43.9728	43.9638	43.9507	44.116699999999994	44.1485	44.1539	44.6083	44.4627	44.6398	44.562000000000005	44.7883	44.7189	45.286	45.3168	45.7558	45.5935	45.7732	45.867799999999995	45.9663	46.1028	46.1508	46.0706	46.3164	46.303	46.8395	46.881499999999996	46.757	47.1363	47.1169	47.0672	47.153099999999995	47.3201	47.1779	47.6329	47.6101	47.5283	47.758	47.483	47.6483	47.6584	47.6943	47.368700000000004	47.6956	47.5421	47.7251	47.7949	47.861599999999996	47.8194	47.8526	47.8737	47.9532	48.0474	48.4082	48.2788	48.4655	48.5893	48.6342	49.0041	48.9055	48.7449	48.8602	48.9705	49.2093	49.0084	49.2448	49.268299999999996	49.1764	49.1513	49.323	49.3424	49.3817	49.162	49.280699999999996	49.497	49.723	49.6258	49.9571	50.2575	50.2388	50.5717	50.8843	51.228300000000004	51.601200000000006	52.0814	52.3872	52.866	53.3278	53.7748	53.983000000000004	54.6195	55.133500000000005	55.7133	56.2173	56.6626	57.236399999999996	57.810399999999994	58.21619999999999	58.811400000000006	59.147099999999995	59.91459999999999	60.447799999999994	61.112100000000005	61.6657	62.131499999999996	62.902100000000004	63.3732	63.9194	64.513
Sin-CPnd_079-Ex1-9H-lcwgs-1-2	56.04090000000001	44.7691	44.6597	43.6659	44.398700000000005	43.647200000000005	42.971	44.2131	44.6003	44.053599999999996	46.9142	46.9568	45.506600000000006	45.3312	44.9987	44.8949	45.5248	45.2597	45.2442	45.2629	45.652	45.2148	45.5664	44.9828	44.719500000000004	44.6293	44.685399999999994	44.968799999999995	45.2746	45.1544	45.2653	45.4383	45.0137	44.880399999999995	45.0787	45.118	44.986599999999996	45.2199	45.3597	45.5014	45.7633	45.4304	45.5229	45.7493	45.7357	45.9326	46.0678	46.1417	46.7884	46.7089	46.8197	46.838499999999996	46.9741	47.050799999999995	47.3412	47.631099999999996	48.1329	48.3761	48.7376	48.925999999999995	48.4364	48.5426	48.966300000000004	48.5809	48.9606	49.1622	49.310900000000004	49.3483	49.4615	49.750499999999995	49.7042	49.5826	49.8169	49.4718	49.7182	49.8959	49.9726	50.0479	49.9862	49.9483	49.9745	50.102199999999996	50.0217	50.0227	50.1672	50.004000000000005	50.3444	50.44030000000001	50.314	50.5011	50.44539999999999	50.676500000000004	50.708299999999994	50.77700000000001	51.341499999999996	51.1567	51.4649	51.4995	51.6305	51.8549	51.860099999999996	51.7876	51.600100000000005	52.00320000000001	51.98310000000001	51.9312	52.19819999999999	52.0602	51.9022	51.9415	51.7081	51.842299999999994	51.8825	51.720699999999994	52.091100000000004	52.04990000000001	52.3881	52.5031	52.7224	53.1223	53.384600000000006	53.5146	53.935	54.69500000000001	55.0728	55.4512	56.363600000000005	56.78959999999999	57.3461	58.099000000000004	58.584	59.28639999999999	60.013099999999994	60.720200000000006	61.483399999999996	62.0394	62.861599999999996	63.4293	64.11529999999999	64.6311	65.5075	66.122	66.8427	67.6788	68.58370000000001	69.2412	69.8613	70.4553	71.1474	71.6398
Sin-CPnd_080-Ex1-2E-lcwgs-1-2	62.9081	45.2687	48.4137	45.278	47.1464	45.0282	44.7137	45.9347	46.9892	44.131	49.838100000000004	50.356100000000005	47.9882	48.3119	48.0714	47.1834	47.7569	47.4424	47.4794	47.9142	48.4414	46.609899999999996	47.7014	46.7764	47.248200000000004	48.0622	47.5534	47.3314	46.998400000000004	47.969699999999996	46.739399999999996	47.5627	47.3592	47.1834	47.5442	46.7764	46.8597	46.9059	48.2287	46.9614	47.877199999999995	46.7209	48.0252	47.3129	47.3869	47.7477	47.9604	47.1094	47.9789	47.5534	48.0067	47.0077	47.118700000000004	47.673700000000004	48.0437	48.2472	47.5997	47.4424	47.849399999999996	47.5442	48.6264	48.6171	48.6819	48.4969	48.7651	47.3499	48.4229	48.8484	48.8391	48.977900000000005	49.0426	48.959399999999995	48.6079	49.2184	47.877199999999995	49.7919	49.4126	48.9964	49.0704	48.5154	48.6634	49.486599999999996	49.4034	49.4496	48.4784	49.3016	48.6911	49.7826	49.264599999999994	48.3859	50.1249	50.078599999999994	50.1526	49.4681	49.2461	49.6161	48.931599999999996	49.7826	49.7179	48.5432	49.5421	50.106399999999994	49.8104	50.0601	49.310900000000004	49.912099999999995	49.7179	50.3746	50.4116	49.8936	50.0139	50.291399999999996	50.0139	49.2554	48.6171	49.7826	50.1526	50.0879	50.069399999999995	50.781600000000005	50.032399999999996	50.4116	51.1979	51.84530000000001	50.5874	51.6973	51.7713	52.6408	52.159800000000004	52.159800000000004	53.343799999999995	53.1773	53.2976	53.7878	54.1208	54.3705	55.129	55.8875	55.138299999999994	55.7118	56.1188	56.6553	56.239	56.969800000000006	57.543200000000006	57.164	58.801199999999994	59.2175	59.384	59.09720000000001
Sin-CPnd_081-Ex1-10G-lcwgs-1-2	58.8716	44.4529	46.0092	44.5331	45.143100000000004	44.9306	43.7731	45.1847	45.444	44.961400000000005	47.749900000000004	47.835	46.8281	46.2312	45.9591	45.8497	46.313700000000004	45.9499	46.568799999999996	46.3222	46.632600000000004	46.1723	46.3507	45.6726	45.7574	45.7983	45.832699999999996	45.7908	46.1867	46.0629	46.2027	46.1556	45.8173	45.752500000000005	45.9129	45.6772	46.0603	46.128099999999996	46.3507	46.3681	46.716800000000006	46.0285	46.3036	46.403800000000004	46.3032	46.5	46.632600000000004	46.7485	47.3209	47.1605	47.1186	47.0043	46.8478	47.036699999999996	47.24	47.6261	48.0793	48.1113	48.6185	48.4994	48.5527	48.4257	48.633900000000004	48.267500000000005	48.573	48.6641	49.0291	49.2577	49.0815	49.6189	49.5711	49.477399999999996	49.447	49.359199999999994	49.335	49.722699999999996	49.595299999999995	49.870999999999995	49.7665	49.651	49.9031	49.7459	49.7381	49.5763	49.9106	49.790800000000004	50.0403	50.09400000000001	50.0802	49.8166	50.029500000000006	50.2282	50.3042	50.369	50.469500000000004	50.5101	50.6965	51.1172	50.91290000000001	51.03959999999999	51.108399999999996	50.882099999999994	50.942	51.1054	51.3251	51.404700000000005	51.2911	51.187000000000005	51.1912	51.2705	51.1614	51.1349	51.0144	51.1087	51.0288	51.420100000000005	51.3824	51.6162	51.68469999999999	51.917500000000004	52.2069	52.3579	52.4977	52.982	53.1644	53.880799999999994	54.1293	54.72749999999999	54.9941	55.3811	55.914500000000004	56.517300000000006	56.721999999999994	57.6155	58.0854	58.394800000000004	59.0003	59.596199999999996	60.0959	60.683299999999996	61.0903	61.697	62.2704	63.039500000000004	63.556599999999996	64.1125	64.6289	65.2429	65.736	66.2095
Sin-CPnd_085-Ex1-4H-lcwgs-1-2	59.781600000000005	40.2531	42.9084	40.6689	42.5269	41.1468	40.583000000000006	41.9525	42.295	40.151399999999995	45.5263	45.0989	44.3591	43.7873	43.8927	43.3942	43.763600000000004	43.4812	43.8448	43.2288	43.7668	43.1144	43.4043	42.96	43.0075	42.783	43.188700000000004	42.8605	43.066500000000005	42.9727	43.3178	43.2035	43.1872	42.669200000000004	43.079699999999995	42.8236	43.0133	43.0565	42.9769	42.8104	43.1181	42.8399	43.2778	42.9532	43.2915	42.829899999999995	43.3094	42.963699999999996	43.125	43.308400000000006	43.1851	42.9832	43.2114	43.2045	43.236200000000004	43.4675	43.498599999999996	43.4037	43.4812	43.3758	43.7004	43.5571	43.4649	43.4622	43.477	43.3553	43.7526	43.608200000000004	43.627700000000004	43.689299999999996	43.7378	43.7805	43.745200000000004	43.9655	43.8574	43.9006	43.761	44.005	44.0993	43.908500000000004	43.9749	43.9275	44.0803	44.0635	44.064	44.046600000000005	44.1293	44.259	44.3496	44.2526	44.4286	44.3459	44.6178	44.4718	44.5198	44.6241	44.6215	44.5398	44.8165	44.787	44.6584	44.6315	44.670500000000004	45.020900000000005	44.7232	44.9909	44.7258	44.9366	44.8602	44.9356	44.808	44.876	44.9266	44.7274	45.007200000000005	44.827	44.8328	44.9914	45.2681	45.218	45.3671	45.284400000000005	45.4335	45.844	45.7887	46.1496	45.805	46.3615	46.6123	46.7514	46.6871	47.041199999999996	47.2378	47.3526	47.5118	47.6351	47.8422	48.0292	47.999199999999995	48.2664	48.4276	48.7664	49.208	49.377700000000004	49.541000000000004	50.0553	50.07319999999999	50.21600000000001	50.621300000000005	50.988
Sin-CPnd_088-Ex1-2D-lcwgs-1-2	55.7432	44.6187	44.1723	44.9204	44.0758	44.486	42.8933	44.2568	45.2823	44.0637	46.6096	46.7061	47.1887	46.0425	46.0304	45.752900000000004	45.9701	45.9701	45.656400000000005	44.968599999999995	46.1993	45.258199999999995	46.2355	45.8856	45.4392	45.2944	45.523599999999995	45.873599999999996	45.523599999999995	46.8871	46.3924	46.440599999999996	45.029	46.0425	45.8856	44.823800000000006	45.7046	46.307900000000004	45.1496	46.0907	45.366800000000005	45.873599999999996	46.501	45.584	45.5116	46.766400000000004	46.211400000000005	46.428599999999996	47.019800000000004	47.611	46.7785	48.033300000000004	47.285199999999996	47.1525	48.6848	49.336400000000005	49.553599999999996	49.1433	49.6622	48.8055	49.0106	51.2548	50.0845	50.3378	51.085899999999995	50.8325	49.626	50.567099999999996	49.7225	49.7225	50.2896	49.7949	50.7119	50.94109999999999	50.26540000000001	50.7119	50.543000000000006	49.3243	49.819	49.9879	49.601800000000004	49.8311	49.2157	50.072399999999995	49.2761	49.819	49.638	49.0951	49.2278	48.938199999999995	48.6728	50.9653	49.2399	50.181	50.7119	50.7843	50.1327	50.7239	51.1945	51.749500000000005	51.1221	51.4841	51.387499999999996	51.351400000000005	51.56849999999999	50.6757	51.5203	50.2172	51.2548	50.8205	50.5309	50.94109999999999	50.4706	50.6757	49.3243	50.373999999999995	50.5309	50.8687	52.6062	52.7268	53.3663	53.8007	53.7283	55.0434	55.7312	56.1655	58.011599999999994	58.216699999999996	60.460899999999995	59.724900000000005	62.3793	62.560300000000005	62.427600000000005	64.8649	64.5632	66.1921	67.278	67.7365	68.75	69.2326	70.584	70.88560000000001	71.65780000000001	72.5627	72.985	74.6018	75.2413	76.3393	76.21860000000001	76.7375
Sin-CPnd_089-Ex1-9E-lcwgs-1-2	57.425000000000004	44.0936	43.9475	42.9475	44.1389	43.1178	42.2896	43.8343	44.0165	43.1231	47.1091	46.7677	45.4592	45.197199999999995	44.818200000000004	44.8854	45.1029	44.9164	45.1742	45.0526	45.2805	44.9187	45.1907	44.6073	44.6061	44.555499999999995	44.5796	44.5271	44.9548	44.724599999999995	44.9839	45.0576	44.9368	44.7672	44.859700000000004	44.7776	44.6456	45.0561	45.0093	45.1266	45.4097	44.8811	45.3376	45.4316	45.2824	45.6146	45.6445	45.5428	46.1631	46.0872	46.197300000000006	46.117799999999995	46.3465	46.311600000000006	46.517199999999995	46.972500000000004	47.247499999999995	47.3457	47.5893	47.8609	47.5475	47.5747	47.718199999999996	47.7454	48.1789	48.094500000000004	48.1693	48.620799999999996	48.443999999999996	48.7692	48.918800000000005	48.7255	48.7071	48.7788	48.6423	48.971	48.8866	49.0178	49.0707	48.9576	49.040099999999995	48.8203	48.8947	48.6726	48.79	48.989399999999996	48.8778	49.1536	49.0849	48.9292	48.989	49.2165	49.275600000000004	49.1329	49.504999999999995	49.7658	49.5633	49.9745	49.9825	50.227999999999994	50.0278	50.2185	50.064299999999996	50.050399999999996	50.362700000000004	50.393	50.1997	50.354200000000006	50.30050000000001	50.058899999999994	50.07	50.2706	50.1997	50.2672	50.4444	50.547200000000004	50.665000000000006	50.7329	51.0163	51.18129999999999	51.5085	51.9228	52.1989	52.5342	53.0091	53.6079	54.1664	54.408100000000005	54.998400000000004	55.3613	56.1565	56.53510000000001	57.232099999999996	57.9532	58.4373	58.9924	59.5662	59.97860000000001	60.6767	61.3139	61.7592	62.5414	63.2084	63.6323	64.4682	65.0861	65.6999	66.0148	66.6596	67.32939999999999
Sin-CPnd_090-Ex1-12F-lcwgs-1-2	60.3774	40.099000000000004	44.5537	41.6555	42.2172	41.308499999999995	40.598800000000004	42.1831	42.7388	40.822199999999995	45.9846	45.7053	44.5866	44.101800000000004	44.041000000000004	43.565	44.086999999999996	43.7826	44.2597	43.8755	44.3109	43.7412	43.8793	43.3798	43.4913	43.4418	43.6023	43.539699999999996	43.8373	43.593199999999996	43.856899999999996	43.8623	43.6881	43.6413	43.7193	43.5021	43.6868	43.683899999999994	43.778	43.8078	43.948100000000004	43.649300000000004	43.9046	43.817699999999995	43.8356	43.824400000000004	43.8909	43.7923	44.1633	43.9829	44.0367	43.9837	44.0332	43.818200000000004	43.9185	44.1529	44.3281	44.2206	44.480799999999995	44.4801	44.6051	44.4646	44.5894	44.252399999999994	44.4818	44.3246	44.5094	44.642900000000004	44.7096	44.7566	44.835	44.6903	44.831500000000005	44.6712	44.7468	44.8204	44.7999	44.9487	44.9426	44.8911	45.0641	44.9854	45.0928	44.903999999999996	45.0306	44.9216	45.1063	45.0406	45.1333	45.0897	45.186	45.1892	45.3407	45.2762	45.3561	45.3731	45.2836	45.4112	45.4584	45.486399999999996	45.4368	45.4093	45.4656	45.4544	45.6517	45.7075	45.7065	45.582699999999996	45.5023	45.5281	45.429	45.3994	45.3977	45.2017	45.2762	45.3247	45.252199999999995	45.4524	45.418	45.5529	45.4831	45.4717	45.6244	45.9354	45.9364	46.1225	46.281	46.3371	46.5194	46.6469	46.8301	47.0002	47.2304	47.469	47.6873	47.841699999999996	47.9721	48.1295	48.3672	48.6994	48.7665	49.0162	49.451699999999995	49.6375	50.026199999999996	50.2397	50.526700000000005	50.729800000000004	51.0143	51.19669999999999
Sin-CPnd_092-Ex1-11F-lcwgs-1-2	54.8053	42.8786	43.269000000000005	42.0071	42.8461	42.2185	41.6641	42.911899999999996	43.235099999999996	42.367399999999996	45.756099999999996	45.623599999999996	44.3429	44.2024	43.6598	43.611	44.0925	44.0657	44.0686	44.0695	44.4007	43.9793	43.9633	43.8473	43.3812	43.493500000000004	43.6161	43.6147	44.0347	43.9013	44.083600000000004	44.28	43.6495	43.6777	44.0178	43.748599999999996	43.712	44.0953	44.1649	44.234899999999996	44.7328	44.0352	44.4763	44.4622	44.2701	44.5708	44.6934	44.9358	45.5334	45.26	45.5127	45.414500000000004	45.275	45.7439	45.8016	46.2804	46.679700000000004	46.6576	47.1011	47.2669	47.3144	47.0992	47.253299999999996	47.0424	47.4163	47.8904	47.7518	47.8735	47.944900000000004	48.2841	48.230000000000004	48.2253	48.2329	48.5298	48.2883	48.5688	48.8901	48.7975	48.6439	48.766999999999996	48.7797	49.0137	49.1429	48.960100000000004	49.0118	49.1607	49.323699999999995	49.172399999999996	49.387100000000004	49.2659	49.430800000000005	49.7057	49.5741	49.7414	49.7982	50.12	50.1529	50.318799999999996	50.292899999999996	50.696	50.5335	50.4428	50.478	50.669200000000004	50.773999999999994	50.72	50.6829	50.8454	50.608200000000004	50.61	50.428700000000006	50.4625	50.401399999999995	50.657	50.429199999999994	50.5889	50.8919	50.9539	51.2316	51.443000000000005	51.802899999999994	52.2069	52.4286	52.9891	53.4772	53.9273	54.7217	54.9045	55.5993	56.09309999999999	56.73010000000001	57.3662	58.0009	58.84	59.4376	59.96939999999999	60.667	61.4008	62.0614	62.9202	63.375899999999994	64.1844	64.8083	65.7413	66.3925	67.03139999999999	67.9193	68.2994	69.0651	69.674
Sin-CPnd_093-Ex1-10C-lcwgs-1-2	57.1896	44.315	44.028800000000004	42.8546	44.2275	43.4222	42.7496	44.168	44.4288	43.252	46.971000000000004	46.7513	45.909299999999995	45.352599999999995	45.116299999999995	44.9176	45.3185	45.0778	45.340799999999994	45.399	45.4988	45.1211	45.3097	44.8362	44.5658	44.6052	44.7951	44.7439	45.1745	45.0563	45.0056	45.1863	44.9369	44.9793	45.1259	45.001200000000004	45.0104	45.0362	45.1959	45.1342	45.4638	45.4375	45.304899999999996	45.476	45.4366	45.460699999999996	45.677299999999995	45.5907	46.1242	45.9972	46.1614	45.962199999999996	46.178000000000004	46.1005	46.4191	46.8034	46.8957	47.2611	47.468500000000006	47.3928	47.4208	47.2642	47.6541	47.1259	47.7289	47.7688	48.003299999999996	47.9941	47.9849	48.186299999999996	48.1232	48.2423	48.2869	48.251	48.416	48.160399999999996	48.3626	48.5114	48.3491	48.3792	48.4261	48.5066	48.476	48.181400000000004	48.332	48.4269	48.5954	48.612100000000005	48.5311	48.546	48.6458	48.6856	48.7981	48.7928	48.838300000000004	49.356	49.363	49.4072	49.397600000000004	49.736799999999995	49.5888	49.6768	49.5683	49.8164	49.8002	50.153000000000006	49.9551	49.833	49.872	49.7902	49.640499999999996	49.8479	49.8147	49.4414	49.8282	49.830000000000005	49.949	50.217299999999994	50.5941	50.5985	50.910500000000006	51.196299999999994	51.1582	51.714800000000004	52.019000000000005	52.320100000000004	52.9218	53.2715	53.5866	54.0526	54.340599999999995	55.0132	55.5708	56.0902	56.60230000000001	57.4268	57.8167	58.1265	58.6849	59.3462	59.7886	60.3742	61.007400000000004	61.5387	62.0568	62.804300000000005	63.3675	63.7465	64.3347	64.70320000000001
Sin-CPnd_094-Ex1-3H-lcwgs-1-2	58.9547	38.5152	42.9668	40.4797	41.115	39.9787	38.853300000000004	40.2623	41.261900000000004	39.449400000000004	44.1697	44.0094	43.1558	42.7737	42.7816	42.1987	42.693799999999996	42.4265	42.7847	42.3893	42.809599999999996	42.4435	42.5454	42.1018	42.2238	42.0813	42.125800000000005	42.0765	42.3714	42.2647	42.5399	42.520799999999994	42.4941	42.269600000000004	42.3959	42.0882	42.2829	42.085499999999996	42.2779	42.3785	42.4675	42.2451	42.4658	42.4694	42.3203	42.226	42.3456	42.2143	42.5418	42.3336	42.524699999999996	42.3248	42.49	42.2476	42.4467	42.6252	42.5961	42.5496	42.685	42.673100000000005	42.6674	42.609	42.753	42.4699	42.5469	42.4998	42.6456	42.815799999999996	42.7767	42.8245	43.025400000000005	42.875600000000006	42.8658	42.8099	42.7874	42.858000000000004	42.8234	43.182900000000004	43.013200000000005	43.0406	43.273	43.175599999999996	43.1822	43.182900000000004	43.1406	43.1909	43.195299999999996	43.1614	43.394	43.3493	43.438700000000004	43.4454	43.4334	43.6179	43.5758	43.414	43.4679	43.6435	43.6057	43.8943	43.8186	43.867200000000004	43.829	43.8202	44.0378	44.0657	44.0427	44.0928	44.0415	44.1846	44.0786	44.1637	44.1625	44.0644	43.8616	44.0835	43.9449	44.2363	44.17	44.264900000000004	44.3315	44.3178	44.397	44.502900000000004	44.6087	44.838699999999996	44.8847	44.949600000000004	44.9673	45.155899999999995	45.3446	45.4587	45.8031	45.7828	46.0509	46.0719	46.2783	46.1726	46.5287	46.775099999999995	46.8802	47.117	47.3533	47.516799999999996	47.699200000000005	47.9467	48.2164	48.3535	48.7101	48.8819
Sin-CPnd_095-Ex1-2B-lcwgs-1-2	59.2817	41.5646	42.4806	40.5552	42.5379	41.108	40.8867	41.9587	42.363299999999995	40.745599999999996	46.0272	45.0971	44.7171	44.1565	43.9352	43.5253	44.3196	43.5147	44.1212	43.4521	43.8911	43.3913	43.728899999999996	43.260799999999996	43.3842	43.2458	43.6663	43.073899999999995	43.541999999999994	43.0827	43.6954	43.2846	43.3419	43.156800000000004	43.2652	42.9443	43.6337	43.043	43.2652	42.8764	43.2008	43.1127	43.5781	43.621300000000005	43.356	43.7166	43.7254	43.6989	44.1538	44.0092	44.501200000000004	44.128299999999996	44.4174	44.2843	44.4394	44.927	45.0301	45.0098	45.2135	45.6357	45.6622	45.461200000000005	45.6313	45.2099	45.6499	45.6622	45.6128	45.6472	45.675399999999996	46.001599999999996	45.9187	45.792699999999996	45.853500000000004	45.708	45.603100000000005	45.7204	45.8597	45.637499999999996	45.8191	45.2135	45.719500000000004	45.7345	45.475300000000004	45.4171	45.6146	45.4903	45.4947	46.009499999999996	45.9461	46.0607	46.0219	46.0624	46.1823	46.5059	46.4062	46.259	46.8585	46.8514	46.8285	47.2217	47.153800000000004	46.9396	46.9951	47.019800000000004	47.1979	47.5126	47.3716	47.272	47.1697	47.502	47.4589	47.6034	47.8221	47.544399999999996	47.6466	47.9182	48.235499999999995	48.235499999999995	48.5414	48.8465	49.2308	49.8603	50.232299999999995	50.6272	50.9102	51.4295	51.924899999999994	52.4689	52.7624	53.5488	53.9367	54.656099999999995	54.9267	55.645199999999996	55.9484	56.3866	57.098000000000006	57.567	58.05630000000001	58.80649999999999	59.0181	59.7736	60.3299	60.7945	61.5667	62.1239	62.8256	63.18620000000001	63.6975	64.40010000000001
Undetermined	56.21509999999999	47.4503	48.5833	48.0454	47.6314	47.5231	47.3029	48.0149	48.2558	48.071799999999996	50.2285	50.42959999999999	49.0325	48.7979	48.619299999999996	48.4856	48.6805	48.695	48.8045	48.6988	48.9393	48.7441	48.7063	48.366	47.9729	47.8993	48.0975	48.1022	48.4985	48.6086	48.5616	48.8333	48.4047	48.371700000000004	48.5755	48.4742	48.2779	48.8882	48.8462	48.9552	49.2037	48.8489	49.004	49.2132	49.1327	49.5529	49.4323	49.5824	50.3175	50.2454	50.3645	50.1072	50.16080000000001	50.467	50.7347	51.207499999999996	51.6856	51.9122	52.0573	52.352399999999996	52.1792	52.1949	52.5775	52.35530000000001	52.85339999999999	53.200199999999995	53.3107	53.6331	53.5712	53.903	53.9664	53.845699999999994	53.858	53.9049	53.926300000000005	54.0903	54.2414	54.033699999999996	53.97840000000001	53.843399999999995	53.8887	53.8041	53.7743	53.589600000000004	53.561800000000005	53.5992	53.7447	53.8122	53.702799999999996	53.76990000000001	53.7754	53.950900000000004	54.0641	54.178000000000004	54.4377	54.5704	54.7115	54.9397	55.130900000000004	55.339099999999995	55.4387	55.4932	55.5348	55.875600000000006	56.1188	56.2485	56.3882	56.3808	56.3191	56.371700000000004	56.3376	56.41969999999999	56.4858	56.529799999999994	56.6344	56.8445	57.1198	57.3101	57.620400000000004	58.038199999999996	58.382400000000004	58.703	59.0533	59.660999999999994	60.11109999999999	60.685500000000005	61.348800000000004	61.924800000000005	62.427699999999994	63.100199999999994	63.7233	64.3649	64.9799	65.89150000000001	66.49239999999999	67.0735	67.8504	68.4231	69.0755	69.744	70.3873	71.0911	71.8414	72.5247	73.16369999999999	73.86970000000001	74.5257	75.0965	75.7313	76.294
