Sample	1	2	3	4	5	6	7	8	9	10	11	12	13	14	15	16	17	18	19	20	21	22	23	24	25	26	27	28	29	30	31	32	33	34	35	36	37	38	39	40	41	42	43	44	45	46	47	48	49	50	51	52	53	54	55	56	57	58	59	60	61	62	63	64	65	66	67	68	69	70	71	72	73	74	75	76	77	78	79	80	81	82	83	84	85	86	87	88	89	90	91	92	93	94	95	96	97	98	99	100	101	102	103	104	105	106	107	108	109	110	111	112	113	114	115	116	117	118	119	120	121	122	123	124	125	126	127	128	129	130	131	132	133	134	135	136	137	138	139	140	141	142	143	144	145	146	147	148	149	150
Sin-APnd_001-Ex1-6G-lcwgs-1-2	1.62537e-05	0.0848676	0.00428014	0.05455599999999999	1.70277e-05	7.739860000000001e-07	0.0	0.0004968990000000001	0.0802128	0.0	9.36523e-05	0.08459900000000001	0.0	0.0	0.0	7.739860000000001e-07	0.0	1.0061799999999999e-05	1.85757e-05	6.96588e-05	0.0	0.0	3.09594e-06	0.00125695	0.127225	0.0	0.0889542	0.00118188	0.000144735	1.0061799999999999e-05	0.00018188700000000002	0.000188853	8.049460000000001e-05	0.00056888	0.000196592	0.000570428	0.134378	0.17838800000000002	0.00023219600000000002	0.000153249	0.0007081969999999999	4.25692e-05	0.18121	4.56652e-05	3.86993e-05	0.000246902	6.191889999999999e-06	1.3931800000000001e-05	2.47676e-05	7.275470000000001e-05	0.0	0.000138544	0.000143961	0.000606805	8.97824e-05	0.000285601	0.0	0.0	0.000395507	4.3343199999999995e-05	0.00014163900000000002	0.00028947099999999997	0.000684978	0.0	0.00477395	0.00021516799999999998	2.1671599999999998e-05	8.51385e-06	0.0011718100000000001	0.000756958	0.000309594	4.0247300000000003e-05	0.000482193	1.4705699999999999e-05	0.000132352	0.000657888	0.00045587799999999995	0.000163311	0.000111454	2.32196e-06	0.0432805	0.000438076	0.000216716	2.47676e-05	6.191889999999999e-06	0.0010588099999999999	0.000659436	0.00028095700000000003	1.93497e-05	0.000455104	0.0	0.000268573	0.000136222	0.00340554	0.0	0.0	1.16098e-05	6.191889999999999e-06	0.0	3.63773e-05	4.48912e-05	0.000327396	0.000196592	0.00025154500000000005	0.000318882	2.32196e-06	9.28783e-06	7.739860000000001e-07	0.00044504200000000004	8.90084e-05	0.000100618	0.000185757	0.00030495100000000003	0.000494577	9.28783e-06	0.000184983	0.000108358	1.0061799999999999e-05	6.965880000000001e-06	0.089164	0.0	7.73986e-05	3.8699299999999996e-06	0.00041640500000000006	0.0	1.62537e-05	0.000975996	4.25692e-05	0.0	0.00019968800000000003	0.087996	0.0	4.64392e-06	0.00016408499999999998	0.000121516	0.00030030700000000004	0.0871129	0.132516	0.0009303310000000001	5.417899999999999e-06	0.00013777	0.00145277	0.000317334	0.00020588	0.00017801699999999999	0.00202397	9.36523e-05	0.000160215	0.0853916	0.000569654
Sin-APnd_002-Ex1-3G-lcwgs-1-2	1.77248e-05	0.0856616	0.00447772	0.055886200000000004	1.1078e-05	2.2156e-06	0.0	0.000507372	0.0824977	0.0	0.000106349	0.0864858	0.0	0.0	0.0	0.0	0.0	0.0	1.77248e-05	5.98211e-05	0.0	0.0	2.2156e-06	0.00126511	0.131906	0.0	0.0907663	0.00120972	0.000177248	1.55092e-05	0.000152876	0.00024150000000000002	6.20367e-05	0.000460844	0.000194972	0.000562762	0.134431	0.180084	0.000183895	0.00016617	0.000713422	5.0958700000000004e-05	0.181059	4.43119e-05	3.10184e-05	0.00021491299999999998	6.646790000000001e-06	1.1078e-05	1.77248e-05	7.08991e-05	0.0	0.000124073	0.000106349	0.00061372	7.08991e-05	0.000248147	0.0	2.2156e-06	0.00039880699999999994	3.10184e-05	0.000135151	0.00031018399999999997	0.000689051	0.0	0.00474581	0.00022377499999999998	2.4371600000000002e-05	8.86239e-06	0.00120528	0.000686835	0.000365573	4.20963e-05	0.000487431	2.65872e-05	0.00010413300000000001	0.000587133	0.000405454	0.000170601	8.19771e-05	0.0	0.0433526	0.00037443599999999996	0.00021934399999999998	1.99404e-05	2.2156e-06	0.00104133	0.000638092	0.000270303	1.55092e-05	0.00044533500000000005	0.0	0.000257009	0.000119642	0.00324363	0.0	0.0	1.1078e-05	8.86239e-06	0.0	2.4371600000000002e-05	2.88028e-05	0.000307968	0.00021934399999999998	0.000230422	0.000294674	4.43119e-06	1.32936e-05	0.0	0.00047413800000000003	6.646790000000001e-05	0.00011078	0.00020826600000000003	0.00031018399999999997	0.000480784	8.86239e-06	0.000161739	0.000121858	8.86239e-06	6.646790000000001e-06	0.0896164	0.0	7.53303e-05	2.2156e-06	0.000338986	0.0	1.77248e-05	0.0010081	3.10184e-05	0.0	0.000203835	0.0885906	0.0	6.646790000000001e-06	0.000170601	9.08395e-05	0.00031018399999999997	0.08629970000000001	0.133153	0.000923904	1.55092e-05	0.00015066099999999999	0.00135151	0.000312399	0.000188326	0.000175032	0.00185002	0.00010856400000000001	0.00016617	0.085717	0.000536174
Sin-APnd_003-Ex1-3H-lcwgs-1-2	2.6116500000000003e-05	0.0862357	0.00445566	0.057128899999999996	1.026e-05	9.327319999999999e-07	0.0	0.00046636599999999996	0.0829226	0.0	0.000100735	0.0870192	0.0	9.327319999999999e-07	0.0	0.0	0.0	9.32732e-06	1.49237e-05	5.78294e-05	0.0	0.0	1.86546e-06	0.0013254100000000002	0.131382	0.0	0.0901923	0.00118084	0.000164161	1.3990999999999999e-05	0.000163228	0.000204268	7.08876e-05	0.000566168	0.00020799900000000003	0.000555908	0.134483	0.180864	0.000219192	0.000142708	0.000679961	5.8762100000000004e-05	0.182895	5.68966e-05	3.54438e-05	0.000215461	6.52912e-06	1.30582e-05	2.6116500000000003e-05	7.83495e-05	0.0	0.000115659	0.00012312100000000002	0.000607208	7.74167e-05	0.00024810699999999996	0.0	1.86546e-06	0.000381487	4.47711e-05	0.000131515	0.000285416	0.0006482479999999999	0.0	0.00481849	0.000222923	2.51838e-05	1.3990999999999999e-05	0.00112861	0.0007228670000000001	0.000305936	5.2233000000000006e-05	0.000526061	1.1192799999999999e-05	0.000124053	0.000647316	0.00042439299999999996	0.000166959	0.00011379299999999999	1.86546e-06	0.0433506	0.000421595	0.000210797	2.33183e-05	6.52912e-06	0.00106145	0.000707011	0.000260232	2.79819e-05	0.000488751	0.0	0.000249972	0.00015390100000000002	0.0033569000000000003	0.0	0.0	1.30582e-05	5.59639e-06	0.0	3.63765e-05	4.29057e-05	0.000305936	0.00018095	0.00024717399999999996	0.000308734	1.86546e-06	9.32732e-06	0.0	0.000458904	7.461849999999999e-05	0.000124053	0.000202403	0.000314331	0.000507406	8.394580000000001e-06	0.00019400800000000002	0.000100735	5.59639e-06	4.66366e-06	0.0892466	0.0	8.76768e-05	7.46185e-06	0.000401075	0.0	2.33183e-05	0.000998023	3.8242e-05	0.0	0.000197739	0.089143	0.0	6.52912e-06	0.000186546	0.00010913000000000001	0.00031619600000000003	0.086412	0.133098	0.0009028840000000001	1.1192799999999999e-05	0.000148304	0.00136645	0.000335783	0.000180017	0.000189345	0.00195034	0.00012312100000000002	0.000152968	0.0867151	0.0005195309999999999
Sin-APnd_004-Ex1-4A-lcwgs-1-2	1.28978e-05	0.0855395	0.00420597	0.0563041	5.15912e-06	0.0	0.0	0.000441105	0.0802862	0.0	0.00011866	0.0837673	0.0	0.0	0.0	5.15912e-06	0.0	3.869340000000001e-06	2.45058e-05	6.70686e-05	0.0	0.0	1.28978e-06	0.00133363	0.12517999999999999	0.0	0.0874651	0.00118402	0.000147035	1.03182e-05	0.000184439	0.000239899	8.7705e-05	0.0005713729999999999	0.00022829100000000001	0.000577821	0.13355	0.177583	0.000210234	0.000148325	0.000662947	3.99832e-05	0.180952	5.6750300000000004e-05	4.1273e-05	0.000264405	7.738680000000001e-06	9.028459999999999e-06	2.96649e-05	7.86766e-05	0.0	0.00011994999999999999	0.000108342	0.0006242530000000001	7.73868e-05	0.000259246	0.0	0.0	0.000395962	4.38525e-05	0.00011866	0.000330184	0.000652629	0.0	0.00458517	0.000220552	2.45058e-05	1.03182e-05	0.0011582200000000002	0.000730015	0.000305678	5.030139999999999e-05	0.000488827	1.93467e-05	0.000138006	0.000607486	0.00045142300000000006	0.000145745	9.80233e-05	1.28978e-06	0.0432308	0.000414019	0.000211524	2.06365e-05	5.15912e-06	0.00113759	0.000648759	0.000259246	3.09547e-05	0.00046303100000000003	0.0	0.00024247900000000003	0.000128978	0.00334311	0.0	0.0	1.28978e-05	5.15912e-06	0.0	4.5142299999999996e-05	3.7403599999999995e-05	0.000345661	0.00019733600000000002	0.00023216	0.000317286	6.4489e-06	3.869340000000001e-06	0.0	0.0004901160000000001	7.480719999999999e-05	9.931310000000001e-05	0.00020894400000000002	0.000312127	0.000542997	2.57956e-06	0.000150904	0.00010318199999999999	1.41876e-05	2.57956e-06	0.08887740000000001	0.0	7.99664e-05	6.4489e-06	0.000388224	0.0	1.5477400000000002e-05	0.000989261	3.09547e-05	2.57956e-06	0.000179279	0.0883744	0.0	9.028459999999999e-06	0.000147035	0.000113501	0.00029149	0.08809840000000001	0.132288	0.000941539	1.28978e-05	0.00017669999999999999	0.0013375	0.00032244500000000003	0.000189598	0.000198626	0.0019333800000000002	0.00012768800000000001	0.00015477400000000002	0.0856711	0.000501724
Sin-APnd_005-Ex1-4B-lcwgs-1-2	2.23634e-05	0.0860369	0.00427381	0.056180900000000006	1.2779100000000001e-05	7.98693e-07	0.0	0.000433691	0.0791521	0.0	7.74733e-05	0.083624	0.0	7.98693e-07	0.0	7.98693e-07	0.0	7.98693e-06	1.1980400000000001e-05	5.83046e-05	0.0	0.0	1.5973899999999999e-06	0.0013474	0.12351000000000001	0.0	0.0874769	0.00120523	0.000162933	1.1980400000000001e-05	0.000142167	0.00018210199999999999	6.70903e-05	0.00058065	0.000206063	0.000614195	0.133246	0.176121	0.00023321800000000002	0.00016772599999999999	0.000583845	5.75059e-05	0.176907	4.5525499999999996e-05	3.59412e-05	0.000202069	7.98693e-06	1.2779100000000001e-05	2.5558200000000002e-05	8.8655e-05	0.0	0.000132583	0.000114213	0.00064774	8.22654e-05	0.000252387	0.0	2.39608e-06	0.000407334	4.31294e-05	0.000142167	0.00028353600000000003	0.000560683	0.0	0.00487842	0.000253985	2.47595e-05	1.35778e-05	0.000991977	0.000644546	0.00032666600000000003	4.07334e-05	0.00049519	1.2779100000000001e-05	0.000136577	0.00059902	0.000471229	0.000169323	8.78563e-05	0.0	0.0432389	0.00035382100000000004	0.000166927	1.8369900000000002e-05	7.18824e-06	0.0011413299999999999	0.000688474	0.00027634800000000004	1.75713e-05	0.000444872	0.0	0.000183699	0.000106226	0.0031772	0.0	0.0	1.11817e-05	6.3895500000000005e-06	0.0	2.95517e-05	4.39281e-05	0.000352224	0.00020766000000000003	0.000267562	0.000319477	3.19477e-06	3.9934699999999996e-06	0.0	0.00047682000000000003	8.38628e-05	0.00011261600000000001	0.00018290100000000002	0.00029471799999999997	0.00053193	1.11817e-05	0.00017970600000000002	8.54602e-05	7.98693e-06	3.19477e-06	0.08875559999999999	7.98693e-07	0.00010383000000000001	3.19477e-06	0.000338646	0.0	1.51752e-05	0.00100635	3.99347e-05	7.98693e-07	0.000144564	0.0877341	0.0	5.59085e-06	0.00017890699999999999	9.424579999999999e-05	0.000317081	0.0876933	0.131931	0.0008546020000000001	6.3895500000000005e-06	0.000130187	0.00130187	0.00032666600000000003	0.000216446	0.00017970600000000002	0.00182981	0.00010383000000000001	0.00011820700000000002	0.0856128	0.00044087900000000003
Sin-APnd_006-Ex1-4C-lcwgs-1-2	2.11781e-05	0.0856246	0.00429122	0.0575701	1.98545e-05	1.32363e-06	0.0	0.000439447	0.0813267	0.0	0.00011648000000000001	0.0847324	0.0	0.0	0.0	2.6472699999999996e-06	0.0	5.294539999999999e-06	1.98545e-05	7.41235e-05	0.0	0.0	3.9709e-06	0.0014057	0.126023	0.0	0.08729239999999999	0.0012098	0.00018928	1.19127e-05	0.000183985	0.000230312	6.8829e-05	0.0005665150000000001	0.000190603	0.000590341	0.134516	0.179703	0.000215752	0.00016942499999999998	0.000741235	5.1621699999999994e-05	0.181476	4.36799e-05	4.1032700000000004e-05	0.000227665	5.294539999999999e-06	2.38254e-05	2.11781e-05	9.26544e-05	0.0	0.000119127	0.000111185	0.000635344	7.809439999999999e-05	0.000270021	0.0	1.32363e-06	0.000393119	4.76508e-05	0.00014427599999999999	0.000313701	0.000734617	0.0	0.00494113	0.00022104699999999999	1.98545e-05	1.4560000000000001e-05	0.00124289	0.000782268	0.000287229	4.1032700000000004e-05	0.000501657	1.72072e-05	0.000115156	0.000692261	0.000409003	0.000172072	0.000133687	1.32363e-06	0.043629600000000004	0.00046856700000000003	0.00024752	1.98545e-05	3.9709e-06	0.00113038	0.000681672	0.00029384699999999997	3.17672e-05	0.000504305	0.0	0.000289876	0.000137658	0.00355661	0.0	0.0	9.26544e-06	3.9709e-06	0.0	3.57381e-05	5.4269000000000005e-05	0.000283258	0.00018928	0.000244872	0.000284581	3.9709e-06	3.9709e-06	0.0	0.000423563	7.27999e-05	0.000119127	0.000202516	0.00030973	0.000534748	1.72072e-05	0.000164131	0.000115156	5.294539999999999e-06	6.61817e-06	0.0901805	0.0	9.79489e-05	2.6472699999999996e-06	0.00044606500000000005	0.0	1.72072e-05	0.0010417	2.9120000000000002e-05	0.0	0.000230312	0.0898364	0.0	2.6472699999999996e-06	0.000182662	0.000141629	0.00030576	0.0881395	0.13425600000000001	0.000976842	1.72072e-05	0.000161483	0.00147056	0.000345469	0.000185309	0.00019854500000000003	0.0021112	0.000127069	0.000183985	0.08695620000000001	0.0006009300000000001
Sin-APnd_007-Ex1-4D-lcwgs-1-2	2.25347e-05	0.0852874	0.0043204	0.055560500000000006	1.5023099999999999e-05	0.0	0.0	0.000480739	0.0787899	0.0	8.638290000000001e-05	0.0819147	0.0	0.0	0.0	1.25193e-06	0.0	1.0015399999999999e-05	2.5038499999999998e-05	7.511550000000001e-05	0.0	0.0	3.75578e-06	0.00136585	0.123792	0.0	0.0872617	0.0012782199999999998	0.00015774299999999998	5.0076999999999995e-06	0.000164002	0.000210324	7.26117e-05	0.0005546030000000001	0.00020281199999999997	0.00059842	0.132218	0.174645	0.000215331	0.000158995	0.000671032	4.25655e-05	0.177975	4.50693e-05	3.88097e-05	0.000250385	7.511549999999999e-06	1.3771200000000001e-05	3.1298100000000004e-05	9.63983e-05	0.0	0.000121437	0.00010391	0.000613444	8.763480000000001e-05	0.000260401	0.0	0.0	0.00041188399999999995	3.3802e-05	0.00016900999999999998	0.00030797400000000003	0.000667276	0.0	0.00473228	0.000245377	2.5038499999999998e-05	1.0015399999999999e-05	0.00121812	0.000677292	0.000289195	4.75732e-05	0.000499518	1.7527e-05	0.00013646	0.000620955	0.00045069300000000006	0.00016275	9.51463e-05	2.5038499999999998e-06	0.0431051	0.00040061599999999996	0.000216583	1.7527e-05	6.259630000000001e-06	0.00110921	0.000677292	0.000276676	2.0030799999999998e-05	0.00046947199999999997	0.0	0.00025163700000000003	0.000115177	0.00334139	0.0	0.0	1.5023099999999999e-05	5.0076999999999995e-06	0.0	3.2550100000000005e-05	4.1313500000000003e-05	0.000320493	0.000189041	0.000269164	0.00031423299999999997	6.259630000000001e-06	5.0076999999999995e-06	0.0	0.000438174	8.638290000000001e-05	0.000112673	0.00021783500000000002	0.000326753	0.000530816	2.5038499999999998e-06	0.000181529	8.51309e-05	6.259630000000001e-06	5.0076999999999995e-06	0.0879127	0.0	9.01386e-05	5.0076999999999995e-06	0.000368066	0.0	1.8778899999999997e-05	0.00102783	3.3802e-05	1.25193e-06	0.00018528499999999999	0.0866933	0.0	6.259630000000001e-06	0.00017527	0.000107666	0.000309226	0.08736440000000001	0.131378	0.000935188	1.6275e-05	0.000143971	0.0013821299999999999	0.000302966	0.00019905599999999997	0.000184033	0.00190543	0.000122689	0.00015398700000000001	0.0851197	0.000550847
Sin-APnd_008-Ex1-4E-lcwgs-1-2	2.16553e-05	0.0851951	0.004253720000000001	0.0549715	5.156030000000001e-06	2.06241e-06	0.0	0.00042382600000000003	0.080235	0.0	0.000102089	0.08499920000000001	0.0	0.0	0.0	1.03121e-06	0.0	3.0936199999999996e-06	1.95929e-05	7.11532e-05	0.0	0.0	1.03121e-06	0.0013075699999999999	0.125944	0.0	0.0882929	0.00120754	0.000161899	8.24965e-06	0.000164993	0.00018458599999999998	7.73404e-05	0.000556851	0.00019489800000000002	0.000563038	0.134585	0.178773	0.000219647	0.00013715	0.000669252	6.29035e-05	0.182198	5.36227e-05	4.22794e-05	0.00020624099999999997	4.12482e-06	1.1343299999999999e-05	2.57801e-05	7.0122e-05	0.0	0.00011962000000000001	0.000109308	0.000629035	8.14652e-05	0.000263989	0.0	0.0	0.00039907700000000007	4.5373e-05	0.00015055599999999999	0.000279457	0.000647597	0.0	0.00481779	0.000217584	2.4748899999999996e-05	5.156030000000001e-06	0.00117248	0.00069297	0.00032689199999999996	5.1560299999999995e-05	0.000508384	1.75305e-05	0.00013715	0.000625942	0.00045269900000000004	0.00017324299999999998	0.000107245	0.0	0.0432096	0.000413513	0.00021552199999999997	1.34057e-05	4.12482e-06	0.0010910199999999998	0.000682658	0.00026502	2.37177e-05	0.00044960599999999996	0.0	0.000247489	0.00011962000000000001	0.0032483	0.0	0.0	1.1343299999999999e-05	5.156030000000001e-06	0.0	3.19674e-05	3.40298e-05	0.000315549	0.00020417899999999997	0.00023820900000000002	0.000251614	3.0936199999999996e-06	6.18723e-06	0.0	0.00044857400000000003	8.86837e-05	0.00011446400000000001	0.00019592900000000001	0.000300081	0.000536227	4.12482e-06	0.000168087	0.000109308	3.0936199999999996e-06	5.156030000000001e-06	0.0888239	0.0	7.73404e-05	8.24965e-06	0.00038773299999999997	0.0	1.4436899999999999e-05	0.0009590210000000001	4.64043e-05	0.0	0.000208304	0.08902499999999999	0.0	5.156030000000001e-06	0.00017118	0.000110339	0.000305237	0.0874442	0.133493	0.0009012740000000001	1.03121e-05	0.00013302599999999998	0.00133026	0.000304206	0.000199023	0.000158806	0.0019159799999999999	9.796450000000001e-05	0.000168087	0.08595	0.0005259150000000001
Sin-APnd_009-Ex1-4F-lcwgs-1-2	2.00707e-05	0.0848433	0.00426503	0.0552304	1.29026e-05	1.4336199999999998e-06	0.0	0.00041001599999999997	0.0804492	0.0	0.00010035400000000001	0.0848304	0.0	0.0	0.0	2.86725e-06	0.0	2.86725e-06	1.8637099999999998e-05	8.315019999999999e-05	0.0	0.0	0.0	0.00125585	0.125552	0.0	0.08812060000000001	0.00121428	0.00011182299999999999	8.60174e-06	0.000159132	0.000202141	7.59821e-05	0.000556246	0.00021361	0.000543343	0.13439800000000002	0.178728	0.00019640600000000002	0.00012759299999999998	0.000702476	4.01415e-05	0.18207900000000002	4.30087e-05	4.73096e-05	0.000227946	8.60174e-06	8.60174e-06	1.8637099999999998e-05	5.877860000000001e-05	0.0	0.00012042400000000001	0.000107522	0.000569149	9.03183e-05	0.000223645	0.0	0.0	0.000349804	4.1575099999999994e-05	0.00011469	0.000282424	0.0006824050000000001	0.0	0.00459046	0.00019353899999999998	1.4336200000000002e-05	4.30087e-06	0.00117701	0.00073975	0.00030679599999999997	5.4477699999999995e-05	0.000430087	2.2938e-05	0.000134761	0.000583485	0.000448724	0.000137628	0.00011899100000000001	4.30087e-06	0.0439864	0.000441556	0.00021217599999999998	2.86725e-05	8.60174e-06	0.00106662	0.000647998	0.000220778	2.15044e-05	0.000437255	0.0	0.000249451	0.00014623	0.00340199	0.0	0.0	7.168120000000001e-06	5.7345e-06	0.0	3.01061e-05	3.01061e-05	0.000352671	0.000180637	0.00021934399999999998	0.000298194	1.4336199999999998e-06	8.60174e-06	0.0	0.000457326	6.30795e-05	8.888469999999999e-05	0.00019353899999999998	0.000301061	0.000465928	2.86725e-06	0.000131893	7.454839999999999e-05	1.00354e-05	1.00354e-05	0.0901936	0.0	6.88139e-05	5.7345e-06	0.000421485	0.0	1.72035e-05	0.0009117849999999999	3.01061e-05	0.0	0.000199274	0.0890582	0.0	7.168120000000001e-06	0.000170601	0.00011325599999999999	0.000308229	0.0882381	0.133212	0.000891714	1.1469e-05	0.000160566	0.0013132	0.000326866	0.000189238	0.000173468	0.00196263	0.000117557	0.000144796	0.0858812	0.000533308
Sin-APnd_010-Ex1-4G-lcwgs-1-2	1.7926700000000002e-05	0.0852427	0.0043446	0.05564670000000001	1.26542e-05	1.05451e-06	0.0	0.00044922300000000006	0.0793743	0.0	0.000101233	0.0843611	0.0	1.05451e-06	0.0	2.10903e-06	0.0	4.21806e-06	2.10903e-05	6.85434e-05	0.0	0.0	0.0	0.00143625	0.125932	0.0	0.0884916	0.00128862	0.000165559	1.15997e-05	0.00017504899999999998	0.000195085	9.06882e-05	0.000536748	0.00020563000000000002	0.000606345	0.134439	0.178699	0.000223557	0.000153959	0.0006706710000000001	5.588920000000001e-05	0.182326	5.3780200000000004e-05	4.53441e-05	0.000240429	7.381600000000001e-06	7.381600000000001e-06	2.31993e-05	8.436110000000001e-05	0.0	0.000106506	0.000118106	0.000644308	8.64701e-05	0.000258356	0.0	2.10903e-06	0.00040915100000000007	4.9562200000000005e-05	0.000129705	0.000299482	0.0006569620000000001	0.0	0.00483178	0.000252029	1.4763200000000001e-05	1.68722e-05	0.00111462	0.000695979	0.00032057200000000003	4.53441e-05	0.000472422	2.6362799999999998e-05	0.000146577	0.000617945	0.000435514	0.000171886	9.490619999999999e-05	1.05451e-06	0.044135600000000004	0.00040282400000000003	0.00023410199999999998	2.42538e-05	4.21806e-06	0.00118633	0.000724451	0.00025624700000000003	2.10903e-05	0.00045765899999999996	0.0	0.000255192	0.000120215	0.0032478999999999997	0.0	0.0	1.26542e-05	1.26542e-05	0.0	4.0071500000000004e-05	4.7453099999999995e-05	0.000323736	0.000189812	0.000272065	0.000284719	1.05451e-06	4.21806e-06	0.0	0.00045976800000000005	7.48705e-05	0.00010228800000000001	0.00023831999999999998	0.00032479	0.000519875	1.05451e-05	0.00018137600000000002	0.00013076	1.05451e-05	4.21806e-06	0.0898446	0.0	8.33066e-05	8.43611e-06	0.000382789	0.0	2.10903e-05	0.0009764800000000001	4.32351e-05	0.0	0.000200358	0.088905	0.0	8.43611e-06	0.000187703	9.27972e-05	0.00032057200000000003	0.0878336	0.133552	0.00093219	1.26542e-05	0.000146577	0.00137087	0.000340608	0.000206685	0.00019719399999999998	0.00199514	0.000131814	0.000165559	0.0851436	0.000533584
Sin-APnd_011-Ex1-4H-lcwgs-1-2	2.0760600000000002e-05	0.0843618	0.00437578	0.054932699999999994	8.49299e-06	9.43666e-07	0.0	0.000486931	0.0799889	0.0	0.000114184	0.0847846	0.0	0.0	0.0	9.43666e-07	0.0	3.7746599999999998e-06	2.5479e-05	6.60566e-05	0.0	0.0	1.8873299999999999e-06	0.00132113	0.126293	0.0	0.0886064	0.0012333700000000001	0.000161367	1.3211300000000002e-05	0.00016325400000000002	0.000231198	7.26623e-05	0.000556763	0.000210437	0.0006247070000000001	0.13436800000000002	0.178625	0.000219874	0.00013966300000000002	0.000635087	5.47326e-05	0.181791	5.9450900000000004e-05	3.86903e-05	0.000204775	7.5493199999999996e-06	1.60423e-05	2.5479e-05	6.22819e-05	0.0	0.00011701499999999999	0.00010852199999999999	0.000605833	8.96482e-05	0.000250071	0.0	9.43666e-07	0.000397283	4.90706e-05	0.000148155	0.000330283	0.000629425	9.43666e-07	0.0048646	0.00024252199999999998	2.2648e-05	1.0380300000000001e-05	0.00117392	0.000745496	0.000305748	4.05776e-05	0.0004944810000000001	1.9817e-05	0.000125508	0.00066151	0.000443523	0.000149099	0.000124564	2.831e-06	0.0432982	0.00045390299999999997	0.000178353	2.35916e-05	3.7746599999999998e-06	0.0010937100000000001	0.000651129	0.000244409	1.88733e-05	0.00047277599999999995	0.0	0.000217043	0.000135888	0.00346797	0.0	0.0	9.436660000000001e-06	8.49299e-06	0.0	3.5859300000000004e-05	3.86903e-05	0.000306691	0.00016325400000000002	0.000255733	0.00029064900000000003	2.831e-06	6.60566e-06	0.0	0.00041898799999999997	9.05919e-05	0.00010286	0.000203832	0.000294424	0.00051996	6.60566e-06	0.000184958	0.00010002899999999999	6.60566e-06	5.66199e-06	0.0887093	9.43666e-07	7.45496e-05	3.7746599999999998e-06	0.00041993099999999996	0.0	2.35916e-05	0.0009672570000000001	3.77466e-05	0.0	0.00016325400000000002	0.0889433	0.0	7.5493199999999996e-06	0.000153817	0.00012361999999999999	0.00029253600000000003	0.0874184	0.13323600000000002	0.0008559050000000001	1.0380300000000001e-05	0.000152874	0.0013541599999999999	0.00033217	0.000185902	0.000187789	0.0019392300000000001	0.00011607100000000001	0.000130226	0.0857122	0.000503917
Sin-APnd_012-Ex1-5A-lcwgs-1-2	2.3773400000000002e-05	0.0851717	0.00431155	0.0560797	1.14113e-05	9.50938e-07	0.0	0.00046215599999999997	0.0798921	0.0	0.00010270099999999999	0.0838889	0.0	9.50938e-07	0.0	9.50938e-07	0.0	6.65656e-06	1.71169e-05	9.03391e-05	0.0	0.0	2.8528100000000003e-06	0.00139027	0.126721	0.0	0.08750150000000001	0.00122481	0.000173071	9.50938e-06	0.00019113799999999998	0.00022347	8.653529999999999e-05	0.00056771	0.00021205899999999998	0.000621913	0.133183	0.177431	0.00023202900000000002	0.000148346	0.000757897	6.181100000000001e-05	0.180214	4.5645e-05	3.32828e-05	0.00023202900000000002	2.8528100000000003e-06	1.23622e-05	2.28225e-05	8.17806e-05	0.0	0.000130278	0.000124573	0.00062857	7.607499999999999e-05	0.00027291900000000005	0.0	3.80375e-06	0.000387032	4.27922e-05	0.000135984	0.000307153	0.000731271	0.0	0.00474518	0.000219667	2.1871600000000002e-05	1.23622e-05	0.0012799600000000001	0.000738879	0.000317613	5.03997e-05	0.000521114	1.80678e-05	0.000144543	0.0006475890000000001	0.000443137	0.000177825	0.000117916	4.75469e-06	0.0431887	0.00041841299999999997	0.000229176	2.28225e-05	9.50938e-07	0.00110594	0.0006875280000000001	0.00026341	2.66263e-05	0.00048022399999999996	0.0	0.000282429	0.000153101	0.0034091100000000004	0.0	0.0	1.04603e-05	1.14113e-05	0.0	3.23319e-05	4.94488e-05	0.00032427	0.000192089	0.000262459	0.000310006	2.8528100000000003e-06	1.9018799999999998e-06	0.0	0.00041936400000000003	7.797690000000001e-05	0.000107456	0.00020255	0.000294791	0.000515408	1.23622e-05	0.00018543299999999998	0.00011696500000000002	1.4264100000000001e-05	3.80375e-06	0.08862930000000001	0.0	8.17806e-05	9.50938e-06	0.00038037499999999996	0.0	1.61659e-05	0.0010659999999999999	2.85281e-05	9.50938e-07	0.000211108	0.0882175	0.0	4.75469e-06	0.000168316	0.00012172	0.00029003599999999997	0.0871107	0.132215	0.000947134	1.04603e-05	0.000165463	0.00145969	0.000326172	0.000201599	0.000189237	0.0020131399999999996	0.000127426	0.00016641399999999998	0.0858839	0.000591483
Sin-APnd_013-Ex1-5B-lcwgs-1-2	1.8235199999999998e-05	0.0852958	0.00434727	0.0564756	1.33725e-05	1.21568e-06	0.0	0.000469253	0.0801291	0.0	0.00011184299999999999	0.0840169	0.0	2.43136e-06	0.0	2.43136e-06	0.0	3.64704e-06	1.09411e-05	6.0784e-05	0.0	0.0	1.21568e-06	0.00135791	0.12481400000000001	0.0	0.087157	0.00123513	0.000153176	8.50976e-06	0.000149529	0.000229764	7.05095e-05	0.000604193	0.00021760699999999998	0.000613919	0.134584	0.176897	0.000207881	0.000145882	0.000660114	5.3489900000000004e-05	0.179254	4.74115e-05	4.8627199999999994e-05	0.00017870499999999998	3.64704e-06	1.33725e-05	2.18822e-05	0.00010576400000000001	0.0	0.00011549	0.000139803	0.000612703	6.19997e-05	0.000283253	0.0	1.21568e-06	0.000389018	4.3764500000000004e-05	0.000133725	0.00030999799999999997	0.000635801	0.0	0.0049660500000000005	0.00021760699999999998	2.18822e-05	9.72544e-06	0.00114882	0.0007707410000000001	0.000299057	4.2548799999999995e-05	0.0004729	1.45882e-05	0.000128862	0.000629722	0.00045952700000000005	0.000138588	0.000119137	1.21568e-06	0.044055	0.000443723	0.000189646	2.4313599999999997e-05	1.21568e-06	0.00113423	0.000649173	0.000277175	2.06666e-05	0.000451017	0.0	0.00021882200000000003	0.00010941100000000001	0.00354492	0.0	0.0	8.50976e-06	3.64704e-06	0.0	3.6470399999999996e-05	3.6470399999999996e-05	0.000305136	0.00019572500000000003	0.00024435200000000003	0.00032580200000000004	1.21568e-06	3.64704e-06	0.0	0.000401174	7.05095e-05	0.00010941100000000001	0.000215175	0.000302704	0.000523958	4.86272e-06	0.000165333	0.00010211700000000001	1.09411e-05	3.64704e-06	0.0898059	0.0	8.509759999999999e-05	7.29408e-06	0.0004109	0.0	1.58038e-05	0.000999289	2.7960599999999998e-05	0.0	0.000179921	0.0880481	0.0	8.50976e-06	0.00018478300000000002	0.00011670499999999999	0.00030392	0.0873782	0.132142	0.000880152	1.2156799999999999e-05	0.000158038	0.00138223	0.000283253	0.00021396	0.000173842	0.0019256400000000002	0.000136156	0.000132509	0.0853566	0.000505723
Sin-APnd_014-Ex1-5C-lcwgs-1-2	2.03955e-05	0.0847758	0.00445165	0.0569999	2.03955e-05	1.3596999999999999e-06	0.0	0.000497649	0.0804574	0.0	0.00011013599999999999	0.083979	0.0	0.0	0.0	2.7193999999999997e-06	0.0	9.51788e-06	2.44746e-05	8.83804e-05	0.0	0.0	2.7193999999999997e-06	0.00145216	0.124607	0.0	0.0863762	0.00129579	0.000160444	1.49567e-05	0.000183559	0.000228429	8.43013e-05	0.0005561159999999999	0.00021075300000000002	0.000607785	0.133995	0.176135	0.000188998	0.000149567	0.0007886249999999999	4.6229699999999995e-05	0.17997200000000002	4.89491e-05	4.6229699999999995e-05	0.000254263	6.79849e-06	9.51788e-06	2.8553700000000004e-05	7.88625e-05	1.3596999999999999e-06	0.000123732	0.000115574	0.000618662	9.78982e-05	0.00027194000000000003	0.0	4.07909e-06	0.00037391700000000003	4.6229699999999995e-05	0.000131891	0.000319529	0.000780467	0.0	0.0049615399999999995	0.00021891100000000002	1.9035799999999998e-05	1.22373e-05	0.00131619	0.000791344	0.00030593199999999997	3.80715e-05	0.0005058080000000001	1.63164e-05	0.00011421499999999999	0.000686647	0.000431024	0.00015364599999999999	0.00012509200000000001	1.3596999999999999e-06	0.043237	0.000497649	0.00024338599999999998	2.7193999999999997e-05	5.43879e-06	0.00114894	0.0006689710000000001	0.000282817	1.63164e-05	0.0005153250000000001	0.0	0.00028825599999999997	0.000171322	0.00364807	0.0	0.0	2.03955e-05	0.0	0.0	2.44746e-05	4.75894e-05	0.000331766	0.000187638	0.000239307	0.00031681	5.43879e-06	9.51788e-06	0.0	0.00044462099999999997	7.34237e-05	0.000140049	0.000212113	0.00032224799999999997	0.0005003690000000001	1.3596999999999999e-05	0.000202595	0.00010469699999999999	9.51788e-06	8.15819e-06	0.08917169999999999	0.0	8.294159999999999e-05	6.79849e-06	0.000469096	0.0	1.7676100000000002e-05	0.0010156899999999999	4.0790899999999996e-05	0.0	0.000209393	0.088326	0.0	8.15819e-06	0.00017947999999999998	0.000138689	0.000289616	0.0879466	0.131873	0.000983061	1.22373e-05	0.00017812	0.00156637	0.000327687	0.000186279	0.000193077	0.0020749	0.000121013	0.000186279	0.0859859	0.000634979
Sin-APnd_015-Ex1-5D-lcwgs-1-2	2.79829e-05	0.0858193	0.00428978	0.0565366	1.39914e-05	0.0	0.0	0.000482705	0.0779435	0.0	8.53478e-05	0.081079	0.0	1.39914e-06	0.0	1.39914e-06	0.0	9.794009999999999e-06	2.9382e-05	8.95452e-05	0.0	0.0	1.39914e-06	0.0013109999999999999	0.123002	0.0	0.0865692	0.00121166	0.000149708	4.19743e-06	0.00018328799999999998	0.000202876	6.01632e-05	0.000527477	0.000209872	0.0005932369999999999	0.131385	0.173278	0.000198678	0.000173494	0.000798911	5.3167499999999995e-05	0.17585299999999998	4.75709e-05	4.33735e-05	0.000243451	6.99572e-06	1.67897e-05	2.79829e-05	8.81461e-05	0.0	0.00015390599999999999	0.00013011999999999998	0.000639409	0.000100738	0.000263039	0.0	0.0	0.00044213000000000005	4.897000000000001e-05	0.000156704	0.000300816	0.000783521	0.0	0.00479487	0.00023925399999999997	2.5184600000000003e-05	1.8188899999999998e-05	0.0013543700000000001	0.000762533	0.000339992	4.47726e-05	0.000498095	1.9588e-05	0.000118927	0.00067019	0.00044492800000000003	0.00019448099999999998	0.000127322	1.39914e-06	0.0427397	0.000479906	0.000263039	2.0987199999999998e-05	2.79829e-06	0.00110952	0.0006240180000000001	0.000264438	1.8188899999999998e-05	0.000500894	0.0	0.000306413	0.00014691000000000001	0.0036083900000000004	0.0	0.0	1.8188899999999998e-05	5.59658e-06	0.0	2.5184600000000003e-05	4.19743e-05	0.000326001	0.000207073	0.000249048	0.000299417	6.99572e-06	8.39486e-06	0.0	0.00043793200000000003	7.27555e-05	0.00012592299999999998	0.00022106500000000003	0.00031620700000000004	0.00055546	6.99572e-06	0.00019588000000000003	0.000104936	1.39914e-06	6.99572e-06	0.08785369999999999	0.0	8.95452e-05	6.99572e-06	0.000436533	0.0	2.23863e-05	0.0009528169999999999	3.07812e-05	1.39914e-06	0.00022946000000000002	0.08638320000000001	0.0	5.59658e-06	0.000166498	0.00013152	0.000302215	0.08710369999999999	0.130127	0.00102977	9.794009999999999e-06	0.000159502	0.00151108	0.000302215	0.000232258	0.000181889	0.00217567	0.00012172599999999999	0.000177691	0.0841921	0.000635211
Sin-APnd_016-Ex1-5E-lcwgs-1-2	1.8454699999999998e-05	0.0855142	0.0042901	0.0564972	1.4763799999999999e-05	2.4606299999999998e-06	0.0	0.000421998	0.0795115	0.0	0.00010580700000000001	0.0834792	0.0	2.4606299999999998e-06	0.0	1.23031e-06	0.0	2.4606299999999998e-06	2.21456e-05	7.01279e-05	0.0	0.0	0.0	0.00132136	0.124248	0.0	0.0871677	0.00116142	0.00018946799999999998	1.4763799999999999e-05	0.000145177	0.000225147	8.85826e-05	0.000535186	0.00021038399999999998	0.000545029	0.133456	0.177283	0.000218996	0.00015378900000000001	0.000751722	5.9055e-05	0.17839100000000002	5.5364099999999994e-05	4.18307e-05	0.00019439000000000001	6.15157e-06	7.38188e-06	2.3376e-05	7.135819999999999e-05	0.0	0.000124262	0.000110728	0.000605314	9.84251e-05	0.00024237199999999998	0.0	2.4606299999999998e-06	0.000410925	3.937e-05	0.000139025	0.000319882	0.000740649	0.0	0.00480191	0.00023375999999999998	2.70669e-05	9.84251e-06	0.0012758399999999999	0.000761564	0.000332185	4.67519e-05	0.000490895	2.3376e-05	0.00013041299999999999	0.000691436	0.000440452	0.000178395	0.00011934	1.23031e-06	0.0434276	0.00048105300000000006	0.000238681	2.21456e-05	4.92125e-06	0.001047	0.000622539	0.000253445	2.3376e-05	0.000479822	0.0	0.00028666300000000004	0.000139025	0.0035839	0.0	0.0	1.3533400000000002e-05	9.84251e-06	0.0	3.44488e-05	4.18307e-05	0.000302657	0.000204232	0.000227608	0.000297736	2.4606299999999998e-06	6.15157e-06	0.0	0.000440452	5.41338e-05	0.000107037	0.000206693	0.000334645	0.000514271	8.61219e-06	0.000185777	0.000110728	6.15157e-06	4.92125e-06	0.0890464	0.0	7.62794e-05	4.92125e-06	0.00044783400000000004	0.0	1.9685e-05	0.000964566	2.82972e-05	0.0	0.000218996	0.0883094	0.0	8.61219e-06	0.00019562	0.00011687999999999999	0.000332185	0.08854200000000001	0.132472	0.00100763	9.84251e-06	0.00015009799999999998	0.00137549	0.00030019599999999997	0.00022883799999999998	0.000179626	0.0021715000000000003	0.00013041299999999999	0.00016732299999999998	0.08537389999999999	0.0005782469999999999
Sin-APnd_017-Ex1-5F-lcwgs-1-2	1.66925e-05	0.0854897	0.00427024	0.0559592	1.821e-05	0.0	0.0	0.000444626	0.0797414	0.0	0.00011836500000000001	0.084344	0.0	0.0	0.0	4.55249e-06	0.0	3.03499e-06	1.36575e-05	6.0699900000000005e-05	0.0	0.0	1.5174999999999999e-06	0.00130201	0.124266	0.0	0.08675379999999999	0.00118972	0.000177547	7.58748e-06	0.00016389	0.00027314900000000004	7.43573e-05	0.000535676	0.000186652	0.000591824	0.133468	0.177253	0.00021245000000000001	0.00015175	0.000745091	4.5524899999999995e-05	0.18062799999999998	5.1594899999999996e-05	3.64199e-05	0.000201827	4.55249e-06	1.36575e-05	2.27624e-05	8.34623e-05	0.0	0.000122917	0.0001214	0.0005569209999999999	6.98048e-05	0.000268597	0.0	1.5174999999999999e-06	0.000400619	3.94549e-05	0.00013354	0.000377857	0.000725363	0.0	0.00467541	0.000221554	2.73149e-05	1.5175e-05	0.00125649	0.000690461	0.000291359	5.0077399999999996e-05	0.00047345899999999997	1.2139999999999999e-05	0.00013809199999999998	0.000575131	0.000414277	0.00015782	9.86373e-05	1.5174999999999999e-06	0.043669	0.000370269	0.000251904	1.2139999999999999e-05	4.55249e-06	0.00106225	0.000643419	0.000261009	3.33849e-05	0.000432487	0.0	0.000305017	0.000132022	0.00339009	0.0	0.0	7.58748e-06	3.03499e-06	0.0	4.5524899999999995e-05	3.79374e-05	0.000305017	0.000177547	0.00023369399999999998	0.000294394	3.03499e-06	4.55249e-06	0.0	0.000435522	7.13223e-05	0.00010319	0.000226107	0.00031108700000000004	0.000456766	7.58748e-06	0.000148715	9.56023e-05	7.58748e-06	6.0699900000000005e-06	0.0893699	0.0	8.49798e-05	6.0699900000000005e-06	0.000376339	0.0	9.10498e-06	0.00102128	2.73149e-05	0.0	0.00021700200000000002	0.0884716	0.0	1.5174999999999999e-06	0.00016237199999999998	9.40848e-05	0.000339919	0.0879207	0.132192	0.000990925	7.58748e-06	0.00018816999999999998	0.0014568	0.000303499	0.00020638	0.00018968700000000002	0.00197882	0.00014568	0.000185135	0.0856976	0.000590306
Sin-APnd_018-Ex1-5G-lcwgs-1-2	2.38155e-05	0.0850417	0.00439736	0.05716570000000001	2.21144e-05	1.7011100000000002e-06	0.0	0.000483114	0.0787902	0.0	8.505539999999999e-05	0.0835482	0.0	0.0	0.0	3.4022099999999997e-06	0.0	6.80443e-06	2.38155e-05	9.35609e-05	0.0	0.0	0.0	0.001383	0.124453	0.0	0.0861985	0.0012333	0.000161605	3.4022099999999997e-06	0.00014969700000000001	0.000197328	7.9952e-05	0.000576675	0.00019902999999999997	0.0005817789999999999	0.13387	0.17763600000000002	0.000258568	0.000144594	0.000745085	5.953880000000001e-05	0.17990199999999998	4.42288e-05	3.06199e-05	0.000224546	8.50554e-06	1.87122e-05	2.04133e-05	7.654979999999999e-05	0.0	0.00010717	0.00011567499999999999	0.000615801	7.82509e-05	0.00026877499999999996	0.0	3.4022099999999997e-06	0.00043548299999999996	4.08266e-05	0.000151399	0.000311303	0.000721269	1.7011100000000002e-06	0.00493151	0.000239856	1.02066e-05	1.02066e-05	0.00120438	0.000751889	0.000267074	5.27343e-05	0.000493321	1.02066e-05	0.00015820300000000002	0.00066003	0.000483114	0.0001531	0.000124181	1.7011100000000002e-06	0.043944699999999996	0.000443989	0.000260269	2.38155e-05	1.7011100000000002e-06	0.00114485	0.000656627	0.000280683	3.5723300000000004e-05	0.00047801100000000003	0.0	0.00031640600000000003	0.00010036499999999999	0.00361315	0.0	0.0	1.19078e-05	5.1033200000000005e-06	0.0	3.5723300000000004e-05	4.59299e-05	0.000304498	0.000197328	0.000258568	0.000306199	3.4022099999999997e-06	5.1033200000000005e-06	0.0	0.000462701	6.63432e-05	0.000102066	0.00019902999999999997	0.000272177	0.000517137	5.1033200000000005e-06	0.00019562699999999998	0.00010376799999999999	1.36089e-05	5.1033200000000005e-06	0.0885137	1.7011100000000002e-06	9.18598e-05	8.50554e-06	0.00040316200000000004	0.0	1.36089e-05	0.00104108	3.2321e-05	0.0	0.00023645399999999998	0.0881054	0.0	5.1033200000000005e-06	0.000182018	0.000127583	0.0003079	0.08800000000000001	0.13326	0.000995148	6.80443e-06	0.000132686	0.00143573	0.00031640600000000003	0.000188823	0.00019902999999999997	0.00209747	0.00012247999999999998	0.000188823	0.08508940000000001	0.000580078
Sin-APnd_019-Ex1-5H-lcwgs-1-2	2.62979e-05	0.08540829999999999	0.00445032	0.056896699999999995	1.6735e-05	3.5860700000000003e-06	0.0	0.00048053399999999996	0.0796407	0.0	0.000119536	0.0836416	0.0	0.0	0.0	1.19536e-06	0.0	7.17215e-06	2.03211e-05	6.93308e-05	0.0	0.0	1.19536e-06	0.0013913999999999999	0.124559	0.0	0.0873078	0.0012874000000000002	0.00018169399999999999	1.1953599999999999e-05	0.000198429	0.00021636	7.88936e-05	0.000614414	0.000188867	0.000661033	0.13328800000000002	0.177493	0.000205602	0.00018169399999999999	0.000739927	7.41122e-05	0.17965	3.82515e-05	4.18375e-05	0.000207992	1.19536e-06	1.07582e-05	2.62979e-05	8.12843e-05	0.0	0.00013627099999999998	0.000109973	0.00063593	8.12843e-05	0.000265369	0.0	1.19536e-06	0.000405226	4.18375e-05	0.000121927	0.000346654	0.000721996	0.0	0.00506593	0.000221141	2.27118e-05	1.79304e-05	0.00128023	0.000788936	0.000327528	4.6619e-05	0.00055106	1.6735e-05	0.00012073099999999999	0.000710043	0.000436306	0.000187671	0.000125513	0.0	0.0432947	0.000467385	0.00022711799999999998	3.70561e-05	3.5860700000000003e-06	0.00114157	0.000625172	0.000268956	2.5102500000000002e-05	0.000472166	0.0	0.000277323	0.00013148900000000001	0.00354185	0.0	0.0	1.79304e-05	1.1953599999999999e-05	0.0	3.347e-05	3.82515e-05	0.000333505	0.000228313	0.00028569099999999997	0.000314379	2.39072e-06	7.17215e-06	0.0	0.000442282	9.562860000000001e-05	0.00014702900000000002	0.000207992	0.000288081	0.000534325	8.36751e-06	0.00020082000000000002	0.000101605	1.79304e-05	4.78143e-06	0.0883872	0.0	9.44333e-05	1.07582e-05	0.00044586900000000005	0.0	9.56286e-06	0.0010363800000000002	4.90097e-05	0.0	0.00020201599999999998	0.0882975	0.0	5.97679e-06	0.000169741	0.000132685	0.000321551	0.0873615	0.132128	0.00103398	8.36751e-06	0.000158983	0.00147746	0.00031198799999999997	0.00019245299999999998	0.00022353200000000003	0.0020608	0.00013388	0.00015539700000000002	0.08526729999999999	0.0005881160000000001
Sin-APnd_020-Ex1-6A-lcwgs-1-2	1.71687e-05	0.0855581	0.00424475	0.0562471	1.3898499999999999e-05	0.0	0.0	0.000469277	0.079397	0.0	9.892429999999998e-05	0.0831267	0.0	0.0	0.0	3.27023e-06	0.0	4.90534e-06	2.6979399999999998e-05	8.91137e-05	0.0	0.0	3.27023e-06	0.00134733	0.124825	0.0	0.0876797	0.0012410499999999998	0.00015778800000000001	1.14458e-05	0.000182315	0.000224828	6.70396e-05	0.000540405	0.000212565	0.000582918	0.13215200000000002	0.176004	0.00020193599999999997	0.00015778800000000001	0.0007987529999999999	5.1506100000000005e-05	0.178199	4.2512900000000004e-05	4.00603e-05	0.00023136799999999997	5.7229e-06	1.14458e-05	2.6161799999999997e-05	7.76679e-05	1.63511e-06	0.000130809	0.000121816	0.00061562	8.42083e-05	0.000299226	0.0	8.175560000000001e-07	0.00040142	4.41481e-05	0.000141437	0.00030658400000000004	0.000780766	8.175560000000001e-07	0.00471567	0.00021747000000000002	2.77969e-05	8.99312e-06	0.00129828	0.000757875	0.000323752	5.31412e-05	0.000479906	2.04389e-05	0.000138985	0.0006834769999999999	0.00043820999999999997	0.00017741	0.000119363	3.27023e-06	0.0432144	0.000448021	0.000268976	2.6161799999999997e-05	4.08778e-06	0.0011216899999999998	0.0006802070000000001	0.000276334	2.6161799999999997e-05	0.000466007	0.0	0.00028451	0.000142255	0.00349178	0.0	0.0	1.71687e-05	1.3080899999999999e-05	0.0	4.2512900000000004e-05	4.66007e-05	0.000316394	0.000208477	0.00024444900000000004	0.00034909700000000004	4.90534e-06	3.27023e-06	0.0	0.000445568	6.94923e-05	0.000116911	0.000211747	0.000309036	0.00047254800000000004	8.99312e-06	0.00018149800000000002	0.00010383000000000001	1.3898499999999999e-05	4.08778e-06	0.0885209	0.0	6.54045e-05	1.55336e-05	0.000414501	0.0	2.12565e-05	0.00100886	3.76076e-05	8.175560000000001e-07	0.00023463899999999997	0.0877009	0.0	8.99312e-06	0.00018149800000000002	0.000120998	0.000286145	0.087212	0.13124	0.000977798	1.14458e-05	0.000172504	0.00150676	0.00034582600000000003	0.00018313299999999998	0.000193761	0.00206924	0.000126721	0.00019212599999999998	0.0850234	0.000618073
Sin-APnd_021-Ex1-6B-lcwgs-1-2	9.077970000000001e-06	0.0855002	0.00424979	0.055692000000000005	1.68591e-05	0.0	0.0	0.000446117	0.08031279999999999	0.0	0.00011412299999999999	0.084429	0.0	0.0	0.0	0.0	0.0	1.16717e-05	1.2968500000000001e-05	6.61395e-05	0.0	0.0	1.29685e-06	0.00133316	0.125582	0.0	0.0875752	0.00124109	0.00016081	7.78112e-06	0.000150435	0.000204903	0.00011152900000000001	0.000562834	0.000238621	0.000592662	0.13395200000000002	0.178042	0.000202309	0.00015562199999999998	0.000596552	5.18741e-05	0.180714	7.13269e-05	3.24213e-05	0.000208793	2.59371e-06	1.68591e-05	2.33433e-05	8.299860000000001e-05	1.29685e-06	0.00011412299999999999	0.000118014	0.000593959	8.42954e-05	0.000247699	0.0	0.0	0.000372197	4.02024e-05	0.000133576	0.00031124500000000003	0.000573209	0.0	0.00475297	0.000216574	2.07496e-05	9.077970000000001e-06	0.00104656	0.0007340189999999999	0.00031124500000000003	4.1499300000000004e-05	0.00044482	1.2968500000000001e-05	0.000120607	0.000617302	0.00044093	0.000167294	0.000118014	0.0	0.0438012	0.000450008	0.00016340299999999998	2.33433e-05	0.0	0.00110492	0.000736612	0.00025288599999999996	2.33433e-05	0.000523928	0.0	0.000201012	0.000102451	0.00331994	0.0	0.0	5.1874099999999995e-06	1.16717e-05	0.0	1.68591e-05	4.1499300000000004e-05	0.000307354	0.000191934	0.00024251100000000002	0.000317729	1.29685e-06	5.1874099999999995e-06	0.0	0.000446117	7.78112e-05	0.00011542000000000002	0.000199715	0.000245105	0.000516147	7.78112e-06	0.000184153	8.42954e-05	9.077970000000001e-06	2.59371e-06	0.0897967	0.0	7.003e-05	9.077970000000001e-06	0.000426665	0.0	7.78112e-06	0.0010322900000000002	3.89056e-05	0.0	0.000162107	0.08882920000000001	0.0	5.1874099999999995e-06	0.000171185	0.000123201	0.000267152	0.0881769	0.132557	0.0008118299999999999	9.077970000000001e-06	0.000137466	0.0012761	0.000354041	0.00018285599999999999	0.000217871	0.00187525	0.00010504500000000001	0.000130982	0.0857661	0.000462976
Sin-APnd_022-Ex1-6C-lcwgs-1-2	1.30025e-05	0.08621949999999999	0.00427457	0.0568046	2.27544e-05	0.0	0.0	0.000399826	0.0774721	0.0	7.80149e-05	0.08329070000000001	0.0	0.0	0.0	0.0	0.0	0.0	1.95037e-05	9.10174e-05	0.0	0.0	0.0	0.0014497800000000001	0.122821	0.0	0.0861025	0.00130025	0.000152779	6.501239999999999e-06	0.000175534	0.000146278	9.4268e-05	0.00057536	0.00023079399999999999	0.000646874	0.13516699999999998	0.17716200000000001	0.00022104200000000002	0.000130025	0.000767147	3.9007499999999995e-05	0.182041	6.50124e-05	2.92556e-05	0.000250298	0.0	1.30025e-05	1.62531e-05	0.00011052100000000001	0.0	0.000130025	0.00011377200000000001	0.000721638	6.50124e-05	0.000286055	0.0	0.0	0.000383573	4.87593e-05	0.000143027	0.000250298	0.000763896	0.0	0.004918189999999999	0.00021129000000000002	2.92556e-05	1.30025e-05	0.00123524	0.0007313900000000001	0.000282804	3.9007499999999995e-05	0.000484343	1.62531e-05	0.00012027299999999999	0.000614368	0.000403077	0.000165782	9.75187e-05	0.0	0.043925700000000005	0.00041608	0.000237295	1.30025e-05	0.0	0.00114097	0.000695633	0.000266551	1.30025e-05	0.000507097	0.0	0.000286055	0.00013652600000000001	0.00329613	0.0	0.0	1.30025e-05	3.2506199999999996e-06	0.0	9.75187e-06	3.9007499999999995e-05	0.000351067	0.000178784	0.000250298	0.000341315	9.75187e-06	3.2506199999999996e-06	0.0	0.00047459099999999996	6.82631e-05	0.00010402	0.00020804	0.00027955300000000004	0.000598114	3.2506199999999996e-06	0.000178784	0.000107271	9.75187e-06	1.30025e-05	0.0897139	0.0	0.00010402	3.2506199999999996e-06	0.000403077	0.0	2.27544e-05	0.00101094	2.6005e-05	6.501239999999999e-06	0.00021779200000000002	0.0888102	0.0	9.75187e-06	0.00019178699999999999	0.00010402	0.000292556	0.088781	0.134212	0.0009199260000000001	1.30025e-05	0.000130025	0.00149854	0.000321812	0.000188536	0.00015602999999999998	0.00201213	0.00010402	0.000149529	0.0859627	0.0006046160000000001
Sin-APnd_023-Ex1-6D-lcwgs-1-2	1.28098e-05	0.08544260000000001	0.00426683	0.056645	1.16453e-05	0.0	0.0	0.000484444	0.078495	0.0	0.000102478	0.08207590000000001	0.0	1.16453e-06	0.0	2.32906e-06	0.0	9.316219999999999e-06	1.16453e-05	7.56943e-05	0.0	0.0	1.16453e-06	0.00137647	0.123157	0.0	0.08647200000000001	0.00117734	0.000196805	1.04808e-05	0.000175844	0.00022824700000000003	0.000100149	0.000590416	0.000235235	0.000589251	0.131384	0.17475100000000002	0.00024688	0.000140908	0.00070221	6.28845e-05	0.176524	5.2403799999999995e-05	4.42521e-05	0.000244551	5.82264e-06	1.16453e-05	2.6784100000000003e-05	0.000100149	0.0	0.000131592	0.00011179500000000001	0.000695223	0.000103643	0.00024105699999999998	0.0	0.0	0.000366826	6.05555e-05	0.000124604	0.000322574	0.000695223	0.0	0.00500514	0.000208451	2.44551e-05	1.3974300000000001e-05	0.00121227	0.000731324	0.000317916	5.47328e-05	0.00048095	1.74679e-05	0.00015022400000000002	0.000683578	0.000497253	0.000178173	0.00011295900000000001	4.658109999999999e-06	0.0431691	0.000423888	0.000250374	2.44551e-05	6.98717e-06	0.00118432	0.000690565	0.00025503200000000003	2.9113199999999998e-05	0.000524038	0.0	0.000269006	0.00013625	0.0034446699999999995	0.0	0.0	8.1517e-06	9.316219999999999e-06	0.0	3.26068e-05	3.6100400000000004e-05	0.000336549	0.000211944	0.000215438	0.00033189	1.16453e-06	4.658109999999999e-06	1.16453e-06	0.000466976	7.336530000000001e-05	0.000118782	0.000217767	0.000301613	0.000572948	4.658109999999999e-06	0.000194476	9.43268e-05	1.04808e-05	1.16453e-06	0.0876796	0.0	9.89849e-05	9.316219999999999e-06	0.00040409100000000003	0.0	1.51389e-05	0.00103177	2.79487e-05	0.0	0.000222425	0.0874293	0.0	5.82264e-06	0.000160705	0.000109466	0.000287638	0.08707759999999999	0.131112	0.000991013	9.316219999999999e-06	0.00015022400000000002	0.00140908	0.000341207	0.00022358900000000003	0.00019796999999999998	0.00197271	0.00012344	0.000180502	0.08465070000000001	0.000560138
Sin-APnd_024-Ex1-6E-lcwgs-1-2	2.10537e-05	0.0857868	0.004140560000000001	0.0563537	1.7544699999999998e-05	3.5089499999999997e-06	0.0	0.000375457	0.078632	0.0	0.000108777	0.0837972	0.0	0.0	0.0	1.05268e-05	0.0	1.05268e-05	1.4035799999999999e-05	8.77237e-05	0.0	0.0	0.0	0.0014141099999999999	0.121708	0.0	0.085492	0.00122462	0.00019650100000000002	7.017899999999999e-06	0.000178956	0.000192992	7.368790000000001e-05	0.000512306	0.000171938	0.00070179	0.134442	0.177648	0.00021053699999999998	0.000171938	0.0007123160000000001	7.368790000000001e-05	0.17837	4.91253e-05	3.15805e-05	0.00028071600000000003	1.4035799999999999e-05	2.10537e-05	2.10537e-05	0.00011930400000000001	0.0	0.00013334	0.00016842999999999998	0.000621084	6.31611e-05	0.000315805	0.0	0.0	0.00036844	7.368790000000001e-05	0.00014035800000000001	0.000270189	0.000708808	0.0	0.00483182	0.000214046	1.4035799999999999e-05	7.017899999999999e-06	0.0012035700000000002	0.000793022	0.000315805	4.56163e-05	0.000480726	7.017899999999999e-06	0.000126322	0.0007474059999999999	0.000431601	0.000164921	0.000112286	7.017899999999999e-06	0.0439566	0.000459672	0.00020351900000000001	2.8071599999999997e-05	3.5089499999999997e-06	0.00118602	0.000684245	0.00029826099999999997	2.8071599999999997e-05	0.000547396	0.0	0.000224573	0.000143867	0.0032212100000000004	0.0	0.0	1.05268e-05	3.5089499999999997e-06	0.0	3.15805e-05	5.6143199999999995e-05	0.000364931	0.000224573	0.000270189	0.000336859	0.0	1.05268e-05	0.0	0.000512306	7.719689999999999e-05	0.00011930400000000001	0.00023860800000000002	0.00028422500000000004	0.00050178	7.017899999999999e-06	0.00021755499999999997	9.474160000000001e-05	1.7544699999999998e-05	1.05268e-05	0.0900396	0.0	0.000105268	0.0	0.00042107399999999996	0.0	1.05268e-05	0.00106672	4.56163e-05	0.0	0.000157903	0.0892606	0.0	7.017899999999999e-06	0.000157903	0.000101759	0.00036844	0.08850970000000001	0.133659	0.00100356	1.05268e-05	0.000136849	0.00150183	0.000354404	0.000256153	0.00016842999999999998	0.00204923	0.000122813	0.000129831	0.0848148	0.000547396
Sin-APnd_025-Ex1-6F-lcwgs-1-2	2.35392e-05	0.08548460000000001	0.00421744	0.0549738	1.7654399999999998e-05	3.9232e-06	0.0	0.000402128	0.0793526	0.0	9.21952e-05	0.083776	0.0	0.0	0.0	1.9616e-06	0.0	5.8848e-06	2.9424e-05	5.49248e-05	0.0	0.0	1.9616e-06	0.00132996	0.124367	0.0	0.0872343	0.00115931	0.00014908199999999998	9.808e-06	0.000190275	0.000229507	8.63104e-05	0.0005257090000000001	0.00020400599999999998	0.000561018	0.133903	0.176432	0.000160851	0.00015496599999999998	0.0007277539999999999	5.8848e-05	0.18209299999999998	5.10016e-05	3.33472e-05	0.00023343	1.17696e-05	1.37312e-05	2.15776e-05	6.080960000000001e-05	1.9616e-06	0.000127504	9.21952e-05	0.0005315939999999999	7.8464e-05	0.00025108499999999996	0.0	0.0	0.00042370600000000004	3.72704e-05	0.00015889	0.000347203	0.000682637	0.0	0.00462349	0.000235392	1.9616e-05	3.9232e-06	0.00119461	0.000647328	0.000280509	3.33472e-05	0.000562979	2.35392e-05	0.000117696	0.0006453660000000001	0.00043351399999999997	0.000162813	0.00010985	0.0	0.0439751	0.00039428200000000003	0.000237354	2.55008e-05	1.9616e-06	0.00103769	0.000731677	0.00026285400000000003	3.13856e-05	0.00043743699999999994	0.0	0.000272662	0.000127504	0.00350146	0.0	0.0	1.9616e-05	3.9232e-06	0.0	2.55008e-05	3.9232e-05	0.00035505000000000004	0.00019616	0.000258931	0.000353088	5.8848e-06	1.7654399999999998e-05	0.0	0.000488438	7.8464e-05	0.00010396500000000001	0.000227546	0.000276586	0.00043351399999999997	5.8848e-06	0.00018046700000000002	9.808e-05	1.37312e-05	1.17696e-05	0.0893038	0.0	8.63104e-05	9.808e-06	0.000370742	0.0	1.9616e-05	0.00101415	3.9232e-05	0.0	0.000217738	0.0882583	0.0	1.9616e-06	0.000156928	0.00010788800000000001	0.000317779	0.0877914	0.131776	0.000925875	7.8464e-06	0.00015496599999999998	0.00137508	0.00030797100000000004	0.000182429	0.00020793000000000002	0.0019616	0.000127504	0.00015889	0.0859907	0.000561018
Sin-CPnd_013-Ex1-4E-lcwgs-1-2	0.0	0.141129	0.0201613	0.0403226	0.0	0.0	0.0	0.0	0.0403226	0.0	0.0	0.100806	0.0	0.0	0.0	0.0	0.0	0.0	0.0	0.0	0.0	0.0	0.0	0.0	0.120968	0.0	0.0806452	0.0	0.0	0.0	0.0	0.0	0.0	0.0201613	0.0	0.0	0.120968	0.22177400000000003	0.0201613	0.0	0.0	0.0	0.120968	0.0	0.0	0.0	0.0	0.0	0.0	0.0	0.0	0.0	0.0	0.0	0.0	0.0	0.0	0.0	0.0	0.0	0.0	0.0	0.0	0.0	0.0201613	0.0	0.0	0.0	0.0	0.0	0.0	0.0	0.0	0.0	0.0201613	0.0	0.0201613	0.0	0.0	0.0	0.0806452	0.0	0.0	0.0	0.0	0.0	0.0	0.0	0.0	0.0	0.0	0.0	0.0	0.0	0.0	0.0	0.0	0.0	0.0	0.0	0.0	0.0	0.0	0.0	0.0	0.0	0.0	0.0	0.0	0.0	0.0	0.0	0.0	0.0	0.0	0.0	0.0	0.0	0.0	0.24193499999999998	0.0	0.0	0.0	0.0	0.0	0.0	0.0	0.0	0.0	0.0	0.0604839	0.0	0.0	0.0	0.0	0.0	0.141129	0.0806452	0.0	0.0	0.0	0.0	0.0	0.0	0.0	0.0	0.0	0.0	0.141129	0.0
Sin-CPnd_015-Ex1-4A-lcwgs-1-2	0.0	0.0627859	0.0	0.0358777	0.0	0.0	0.0	0.0	0.09866359999999999	0.0	0.0	0.0807247	0.0	0.0	0.0	0.0	0.0	0.0	0.0	0.0	0.0	0.0	0.0	0.0	0.143511	0.0	0.12557200000000002	0.0	0.0	0.0	0.0	0.00896941	0.0	0.0	0.0	0.0	0.188358	0.188358	0.0	0.0	0.0	0.0	0.143511	0.0	0.0	0.0	0.0	0.0	0.0	0.0	0.0	0.0	0.0	0.0	0.0	0.0	0.0	0.0	0.0	0.0	0.0	0.00896941	0.0	0.0	0.0	0.0	0.0	0.0	0.0	0.0	0.0	0.0	0.0	0.0	0.0	0.0	0.0	0.0	0.0	0.0	0.0807247	0.0	0.0	0.0	0.0	0.0	0.0	0.0	0.0	0.0	0.0	0.0	0.0	0.0	0.0	0.0	0.0	0.0	0.0	0.0	0.0	0.0	0.0	0.0	0.0	0.0	0.0	0.0	0.0	0.0	0.0	0.0	0.0	0.0	0.0	0.0	0.0	0.0	0.0	0.116602	0.0	0.0	0.0	0.0	0.0	0.0	0.0	0.0	0.0	0.0	0.12557200000000002	0.0	0.0	0.0	0.0	0.0	0.0627859	0.170419	0.0	0.0	0.0	0.0	0.0	0.0	0.0	0.0	0.0	0.0	0.10763299999999999	0.0
Sin-CPnd_018-Ex1-11A-lcwgs-1-2	0.0	0.085217	0.00258233	0.053798599999999995	0.0	0.0	0.0	0.000430389	0.0675711	0.0	0.0	0.0671407	0.0	0.0	0.0	0.0	0.0	0.0	0.0	0.0	0.0	0.0	0.0	0.000430389	0.117066	0.0	0.0714446	0.000860778	0.000430389	0.0	0.0	0.0	0.0	0.0	0.000860778	0.0	0.14418	0.190662	0.0	0.0	0.000430389	0.0	0.173447	0.0	0.0	0.0	0.0	0.0	0.0	0.0	0.0	0.0	0.0	0.000430389	0.0	0.0	0.0	0.0	0.0	0.0	0.0	0.000860778	0.000430389	0.0	0.00301272	0.0	0.0	0.0	0.000860778	0.0	0.000430389	0.0	0.000430389	0.0	0.0	0.000860778	0.0	0.0	0.0	0.0	0.0438997	0.0	0.0	0.0	0.0	0.000430389	0.000860778	0.0	0.0	0.000860778	0.0	0.0	0.0	0.00258233	0.0	0.0	0.0	0.0	0.0	0.0	0.0	0.0	0.0	0.0	0.0	0.0	0.0	0.0	0.000430389	0.0	0.000430389	0.0	0.0	0.000430389	0.0	0.000430389	0.0	0.0	0.0	0.10415400000000001	0.0	0.0	0.0	0.0	0.0	0.0	0.000430389	0.0	0.0	0.0	0.10673600000000001	0.0	0.0	0.000430389	0.0	0.0	0.0895209	0.150206	0.000430389	0.0	0.0	0.000860778	0.0	0.0	0.0	0.0012911700000000001	0.0	0.0	0.0908121	0.000430389
Sin-CPnd_019-Ex1-1H-lcwgs-1-2	0.0	0.0909584	0.0017492000000000002	0.0769648	0.0	0.0	0.0	0.0	0.11544700000000001	0.0	0.0017492000000000002	0.0822124	0.0	0.0	0.0	0.0	0.0	0.0	0.0	0.0	0.0	0.0	0.0	0.0	0.15392999999999998	0.0	0.0734664	0.0	0.0	0.0	0.0	0.0	0.0	0.0017492000000000002	0.0	0.0	0.16617400000000002	0.15218	0.0	0.0	0.0	0.0	0.190663	0.0	0.0	0.0	0.0	0.0	0.0	0.0	0.0	0.0	0.0	0.0017492000000000002	0.0	0.0	0.0	0.0	0.0	0.0	0.0	0.0017492000000000002	0.0	0.0	0.0034984000000000005	0.0	0.0	0.0	0.0	0.0	0.0	0.0	0.0017492000000000002	0.0	0.0	0.0	0.0	0.0	0.0	0.0	0.0542252	0.0	0.0	0.0	0.0	0.0	0.0	0.0	0.0	0.0	0.0	0.0	0.0	0.0017492000000000002	0.0	0.0	0.0	0.0	0.0	0.0	0.0	0.0	0.0	0.0	0.0	0.0	0.0	0.0	0.0	0.0	0.0	0.0	0.0	0.0017492000000000002	0.0	0.0	0.0	0.0	0.0	0.0734664	0.0	0.0	0.0	0.0	0.0	0.0	0.0	0.0	0.0	0.0	0.0857108	0.0	0.0	0.0	0.0	0.0	0.0734664	0.122444	0.0	0.0	0.0	0.0017492000000000002	0.0	0.0	0.0	0.0	0.0	0.0	0.07871399999999999	0.0
Sin-CPnd_020-Ex1-12E-lcwgs-1-2	0.0	0.0905977	0.00344042	0.0581049	0.0	0.0	0.0	0.000382269	0.0833346	0.0	0.0	0.0844814	0.0	0.0	0.0	0.0	0.0	0.0	0.0	0.000382269	0.0	0.0	0.0	0.0019113399999999999	0.12729600000000002	0.0	0.0886864	0.000382269	0.0	0.0	0.000382269	0.0	0.0	0.000764538	0.0	0.0	0.13646999999999998	0.18501800000000002	0.000382269	0.0	0.000382269	0.0	0.184636	0.0	0.0	0.000382269	0.0	0.0	0.0	0.0	0.0	0.000382269	0.0	0.0	0.0	0.000382269	0.0	0.0	0.000764538	0.0	0.0	0.0	0.000382269	0.0	0.004587229999999999	0.0	0.0	0.0	0.000382269	0.0	0.0	0.0	0.0011468099999999998	0.0	0.000764538	0.000764538	0.000764538	0.0	0.0	0.0	0.0374623	0.0	0.000382269	0.0	0.0	0.0011468099999999998	0.000382269	0.000382269	0.0	0.0	0.0	0.000382269	0.000382269	0.00305815	0.0	0.0	0.0	0.0	0.0	0.0	0.0	0.000382269	0.000382269	0.0	0.0	0.0	0.0	0.0	0.000382269	0.000382269	0.0	0.0	0.000764538	0.0	0.0	0.0	0.0	0.0	0.0	0.09136230000000001	0.0	0.0	0.0	0.0	0.0	0.0	0.00152908	0.0	0.0	0.000382269	0.0932736	0.0	0.0	0.000382269	0.0	0.0	0.0970963	0.147938	0.000382269	0.0	0.000382269	0.0011468099999999998	0.000382269	0.000382269	0.0	0.00152908	0.0	0.000382269	0.0879218	0.000382269
Sin-CPnd_021-Ex1-3D-lcwgs-1-2	0.0	0.0950406	0.0	0.0432003	0.0	0.0	0.0	0.0	0.0518403	0.0	0.0	0.138241	0.0	0.0	0.0	0.0	0.0	0.0	0.0	0.0	0.0	0.0	0.0	0.0	0.11232099999999999	0.0	0.0691204	0.0	0.0	0.0	0.0	0.0	0.0	0.00864006	0.0	0.0	0.11232099999999999	0.181441	0.0	0.0	0.0	0.0	0.103681	0.0	0.0	0.0	0.0	0.0	0.0	0.0	0.0	0.0	0.0	0.0	0.0	0.0	0.0	0.0	0.0	0.0	0.0	0.0	0.0	0.0	0.0	0.0	0.0	0.0	0.0	0.00864006	0.0	0.0	0.00864006	0.0	0.0	0.0	0.0	0.0	0.0	0.0	0.0432003	0.00864006	0.0	0.0	0.0	0.0	0.0	0.0	0.0	0.0	0.0	0.0	0.0	0.00864006	0.0	0.0	0.0	0.0	0.0	0.0	0.0	0.0	0.0	0.00864006	0.0	0.0	0.0	0.0	0.0	0.0	0.0	0.0	0.0	0.0	0.0	0.0	0.0	0.0	0.0	0.0777605	0.0	0.0	0.0	0.00864006	0.0	0.0	0.0	0.0	0.0	0.0	0.0950406	0.0	0.0	0.0	0.0	0.0	0.11232099999999999	0.146881	0.0	0.0	0.0	0.0	0.0	0.0	0.0	0.00864006	0.0	0.0	0.12096100000000001	0.0
Sin-CPnd_022-Ex1-1D-lcwgs-1-2	0.0	0.0758042	0.00236888	0.0592221	0.0	0.0	0.0	0.0	0.080542	0.0	0.0	0.123182	0.0	0.0	0.0	0.0	0.0	0.0	0.0	0.0	0.0	0.0	0.0	0.0	0.17056000000000002	0.0	0.0947553	0.0	0.0	0.0	0.0	0.0	0.0	0.0	0.0	0.0	0.153977	0.234519	0.0	0.0	0.0	0.0	0.215568	0.0	0.0	0.0	0.0	0.0	0.0	0.0	0.0	0.0	0.0	0.0	0.0	0.0	0.0	0.0	0.0	0.0	0.0	0.0	0.0	0.0	0.0	0.0	0.0	0.0	0.0	0.0	0.0	0.0	0.0	0.0	0.0	0.0	0.0	0.0	0.0	0.0	0.0450088	0.0	0.0	0.0	0.0	0.0	0.00236888	0.0	0.0	0.0	0.0	0.0	0.0	0.00473776	0.0	0.0	0.0	0.0	0.0	0.0	0.0	0.0	0.0	0.0	0.0	0.0	0.0	0.0	0.0	0.0	0.0	0.0	0.0	0.0	0.0	0.0	0.0	0.0	0.0	0.0829109	0.0	0.0	0.0	0.0	0.0	0.0	0.0	0.0	0.0	0.0	0.108969	0.0	0.0	0.0	0.0	0.0	0.05685319999999999	0.123182	0.0	0.0	0.0	0.0	0.0	0.0	0.0	0.0	0.0	0.0	0.0876486	0.0
Sin-CPnd_023-Ex1-12B-lcwgs-1-2	0.0	0.0877623	0.00215104	0.0447416	0.0	0.0	0.0	0.0	0.060229	0.0	0.00043020700000000005	0.0804488	0.0	0.0	0.0	0.0	0.0	0.0	0.0	0.0	0.0	0.0	0.0	0.00043020700000000005	0.115726	0.0	0.09206439999999999	0.000860415	0.00043020700000000005	0.0	0.00043020700000000005	0.00043020700000000005	0.0	0.0	0.0	0.00043020700000000005	0.133364	0.191442	0.0	0.0	0.00043020700000000005	0.0	0.182838	0.0	0.0	0.0	0.0	0.0	0.0	0.0	0.0	0.0	0.0	0.0	0.0	0.0	0.0	0.0	0.0	0.0	0.0	0.00172083	0.00043020700000000005	0.0	0.00344166	0.0	0.0	0.0	0.000860415	0.00043020700000000005	0.0	0.0	0.00172083	0.0	0.0	0.00043020700000000005	0.0	0.0	0.0	0.0	0.0447416	0.00043020700000000005	0.00043020700000000005	0.0	0.0	0.00043020700000000005	0.00043020700000000005	0.0	0.00043020700000000005	0.0	0.0	0.0	0.0	0.00387187	0.0	0.0	0.0	0.0	0.0	0.0	0.0	0.0	0.0	0.00043020700000000005	0.00043020700000000005	0.0	0.0	0.0	0.0	0.00043020700000000005	0.0	0.00043020700000000005	0.0	0.0	0.0	0.0	0.0	0.0	0.0	0.0903436	0.0	0.0	0.0	0.00043020700000000005	0.0	0.0	0.00043020700000000005	0.0	0.0	0.0	0.0959363	0.0	0.0	0.0	0.0	0.0	0.0817394	0.14541	0.000860415	0.0	0.00043020700000000005	0.0	0.0	0.0	0.00043020700000000005	0.00129062	0.00043020700000000005	0.0	0.0929248	0.00043020700000000005
Sin-CPnd_024-Ex1-12C-lcwgs-1-2	0.0	0.08969919999999999	0.00291231	0.0524216	0.0	0.0	0.0	0.000582462	0.076885	0.0	0.0	0.0838745	0.0	0.0	0.0	0.0	0.0	0.0	0.0	0.0	0.0	0.0	0.0	0.00174739	0.125812	0.0	0.07222529999999999	0.000582462	0.0	0.0	0.0	0.0	0.0	0.0	0.000582462	0.000582462	0.12814199999999998	0.172991	0.0	0.0	0.000582462	0.0	0.18464	0.0	0.0	0.0	0.0	0.0	0.0	0.0	0.0	0.0	0.0	0.000582462	0.0	0.0	0.0	0.0	0.0	0.0	0.0	0.0	0.000582462	0.0	0.00291231	0.0	0.0	0.0	0.00116492	0.000582462	0.0	0.0	0.000582462	0.0	0.0	0.0	0.0	0.0	0.0	0.0	0.044849599999999996	0.000582462	0.0	0.0	0.0	0.00174739	0.0	0.0	0.0	0.000582462	0.0	0.0	0.000582462	0.00232985	0.0	0.0	0.0	0.0	0.0	0.0	0.0	0.000582462	0.0	0.0	0.0	0.0	0.0	0.0	0.000582462	0.0	0.0	0.0	0.000582462	0.000582462	0.0	0.0	0.0	0.0	0.0	0.0792148	0.0	0.000582462	0.0	0.000582462	0.0	0.0	0.00174739	0.0	0.0	0.0	0.08969919999999999	0.0	0.0	0.0	0.0	0.000582462	0.092029	0.12406400000000001	0.000582462	0.0	0.0	0.00174739	0.0	0.000582462	0.0	0.00174739	0.0	0.0	0.0815447	0.000582462
Sin-CPnd_025-Ex1-3B-lcwgs-1-2	0.0	0.0660175	0.00550146	0.0440117	0.0	0.0	0.0	0.0	0.0660175	0.0	0.0	0.060516	0.0	0.0	0.0	0.0	0.0	0.0	0.0	0.0	0.0	0.0	0.0	0.0	0.11553100000000001	0.0	0.09352479999999999	0.0	0.0	0.0	0.0	0.0	0.0	0.0	0.0	0.0	0.11553100000000001	0.209055	0.0	0.0	0.0	0.0	0.192551	0.0	0.0	0.0	0.0	0.0	0.0	0.0	0.0	0.0	0.0	0.0	0.0	0.0	0.0	0.0	0.0	0.0	0.0	0.0	0.0	0.0	0.0	0.0	0.0	0.0	0.0	0.0	0.0	0.0	0.0	0.0	0.0	0.0	0.0	0.0	0.0	0.0	0.0330087	0.0	0.0	0.0	0.0	0.0	0.0	0.0	0.0	0.0	0.0	0.0	0.0	0.0	0.0	0.0	0.0	0.0	0.0	0.0	0.0	0.0	0.0	0.0	0.0	0.0	0.0	0.0	0.0	0.0	0.0	0.0	0.0	0.0	0.0	0.0	0.0	0.0	0.0	0.060516	0.0	0.0	0.0	0.0	0.0	0.0	0.0	0.0	0.0	0.0	0.104528	0.0	0.0	0.0	0.0	0.0	0.0880233	0.137536	0.0	0.0	0.0	0.0	0.0	0.0	0.0	0.0	0.0	0.0	0.0880233	0.0
Sin-CPnd_028-Ex1-12H-lcwgs-1-2	0.0	0.0818562	0.0062460599999999995	0.054242099999999994	0.0	0.0	0.0	0.00032874	0.073309	0.0	0.0	0.0874448	0.0	0.0	0.0	0.0	0.0	0.0	0.0	0.0	0.0	0.0	0.0	0.0019724400000000002	0.12788	0.0	0.0953345	0.000986219	0.0	0.00032874	0.0	0.0	0.00032874	0.000657479	0.000657479	0.0	0.13905700000000001	0.183108	0.00032874	0.0	0.000657479	0.0	0.18508000000000002	0.00032874	0.0	0.000657479	0.0	0.0	0.0	0.0	0.0	0.0	0.0	0.000986219	0.00032874	0.00032874	0.0	0.0	0.0	0.0	0.0	0.0	0.000657479	0.0	0.00525984	0.0	0.0	0.0	0.000986219	0.00131496	0.000657479	0.00032874	0.00032874	0.00032874	0.000657479	0.00032874	0.000986219	0.00032874	0.0	0.0	0.0387913	0.000986219	0.0	0.0	0.0	0.00131496	0.0	0.00032874	0.0	0.00032874	0.0	0.0	0.00032874	0.00262992	0.0	0.0	0.0	0.0	0.0	0.00032874	0.0	0.00032874	0.00032874	0.0	0.00032874	0.0	0.0	0.0	0.000986219	0.0	0.0	0.0	0.0	0.000657479	0.0	0.000657479	0.00032874	0.0	0.0	0.10026600000000001	0.0	0.0	0.0	0.000657479	0.0	0.0	0.00131496	0.0	0.0	0.0	0.087116	0.0	0.0	0.0	0.0	0.0	0.0904034	0.143002	0.000657479	0.0	0.0	0.000657479	0.0	0.0	0.0	0.00230118	0.0	0.0	0.095992	0.000657479
Sin-CPnd_029-Ex1-4D-lcwgs-1-2	0.0	0.0782028	0.0	0.0710934	0.0	0.0	0.0	0.0	0.0782028	0.0	0.0	0.0995308	0.0	0.0	0.0	0.0	0.0	0.0	0.0	0.0	0.0	0.0	0.0	0.0	0.0995308	0.0	0.0995308	0.0	0.0	0.0	0.0	0.0	0.0	0.0	0.0	0.0	0.135077	0.199062	0.0	0.0	0.0	0.0	0.184843	0.0	0.0	0.0	0.0	0.0	0.0	0.0	0.0	0.0	0.0	0.0	0.0	0.0	0.0	0.0	0.0	0.0	0.0	0.0	0.0	0.0	0.0	0.0	0.0	0.0	0.0	0.0	0.0	0.0	0.0	0.0	0.0	0.0	0.0	0.0	0.0	0.0	0.0497654	0.0	0.0	0.0	0.0	0.0	0.0	0.0	0.0	0.0	0.0	0.0	0.0	0.0071093400000000005	0.0	0.0	0.0	0.0	0.0	0.0	0.0	0.0	0.0	0.0	0.0	0.0	0.0	0.0	0.0	0.0	0.0	0.0	0.0	0.0	0.0	0.0	0.0	0.0	0.0	0.0853121	0.0	0.0	0.0	0.0	0.0	0.0	0.0	0.0	0.0	0.0	0.0995308	0.0	0.0	0.0	0.0	0.0	0.0710934	0.149296	0.0	0.0	0.0	0.0	0.0	0.0	0.0	0.0	0.0	0.0	0.127968	0.0
Sin-CPnd_031-Ex1-3G-lcwgs-1-2	0.0	0.08161270000000001	0.0	0.0326451	0.0	0.0	0.0	0.0	0.122419	0.0	0.0	0.08161270000000001	0.0	0.0	0.0	0.0	0.0	0.0	0.0	0.0	0.0	0.0	0.0	0.0	0.0652901	0.0	0.0897739	0.0	0.0	0.0	0.0	0.0	0.0	0.0	0.0	0.0	0.146903	0.25299900000000003	0.0	0.0	0.0	0.0	0.163225	0.0	0.0	0.0	0.0	0.0	0.0	0.0	0.0	0.0	0.0	0.0	0.0	0.0	0.0	0.0	0.0	0.0	0.0	0.0	0.0	0.0	0.0	0.0	0.0	0.0	0.0	0.0	0.0	0.0	0.0	0.0	0.0	0.0	0.0	0.0	0.0	0.0	0.08161270000000001	0.0	0.0	0.0	0.0	0.0	0.0	0.0	0.0	0.0	0.0	0.0	0.0	0.0	0.0	0.0	0.0	0.0	0.0	0.0	0.0	0.0	0.0	0.0	0.0	0.0	0.0	0.0	0.0	0.0	0.0	0.0	0.0	0.0	0.0	0.0	0.0	0.0	0.0	0.08161270000000001	0.0	0.0	0.0	0.0	0.0	0.0	0.0	0.0	0.0	0.0	0.155064	0.0	0.0	0.0	0.0	0.0	0.0734514	0.17138699999999998	0.0	0.0	0.0	0.0	0.0	0.0	0.0	0.0	0.0	0.0	0.163225	0.0
Sin-CPnd_032-Ex1-3E-lcwgs-1-2	0.0	0.0853549	0.00449236	0.049416	0.0	0.0	0.0	0.0	0.098832	0.0	0.0	0.098832	0.0	0.0	0.0	0.0	0.0	0.0	0.0	0.0	0.0	0.0	0.0	0.00449236	0.130279	0.0	0.10781700000000001	0.00449236	0.0	0.0	0.0	0.0	0.0	0.0	0.0	0.0	0.15274	0.175202	0.0	0.0	0.00449236	0.0	0.11680099999999999	0.0	0.0	0.0	0.0	0.0	0.0	0.0	0.0	0.0	0.0	0.0	0.0	0.0	0.0	0.0	0.0	0.0	0.0	0.0	0.00449236	0.0	0.0	0.0	0.0	0.0	0.00449236	0.0	0.0	0.0	0.0	0.0	0.0	0.0	0.0	0.0	0.0	0.0	0.0404313	0.0	0.0	0.0	0.0	0.0	0.0	0.0	0.0	0.0	0.0	0.0	0.0	0.00449236	0.0	0.0	0.0	0.0	0.0	0.0	0.0	0.0	0.0	0.0	0.0	0.0	0.0	0.0	0.0	0.0	0.0	0.0	0.00449236	0.0	0.0	0.0	0.0	0.0	0.0	0.098832	0.0	0.0	0.0	0.0	0.0	0.0	0.0	0.0	0.0	0.0	0.0763702	0.0	0.0	0.0	0.0	0.0	0.11230899999999999	0.157233	0.00449236	0.0	0.0	0.00449236	0.0	0.0	0.0	0.00449236	0.0	0.0	0.098832	0.00449236
Sin-CPnd_033-Ex1-1B-lcwgs-1-2	0.0	0.0721761	0.0	0.0721761	0.0	0.0	0.0	0.0	0.0902201	0.0	0.0	0.108264	0.0	0.0	0.0	0.0	0.0	0.0	0.0	0.0	0.0	0.0	0.0	0.0	0.0541321	0.0	0.0721761	0.0	0.0	0.0	0.0	0.0	0.0	0.0	0.018044	0.0	0.0541321	0.144352	0.0	0.0	0.0	0.0	0.144352	0.0	0.0	0.0	0.0	0.0	0.0	0.0	0.0	0.0	0.0	0.0	0.0	0.0	0.0	0.0	0.0	0.0	0.0	0.0	0.0	0.0	0.0	0.0	0.0	0.0	0.0	0.0	0.0	0.0	0.0	0.0	0.0	0.0	0.0	0.0	0.0	0.0	0.036088100000000005	0.0	0.0	0.0	0.0	0.0	0.0	0.0	0.0	0.0	0.0	0.0	0.0	0.0	0.0	0.0	0.0	0.0	0.0	0.0	0.0	0.0	0.0	0.0	0.0	0.0	0.0	0.0	0.0	0.0	0.0	0.0	0.0	0.0	0.0	0.0	0.0	0.0	0.0	0.108264	0.0	0.0	0.0	0.0	0.0	0.0	0.0	0.0	0.0	0.0	0.108264	0.0	0.0	0.0	0.0	0.0	0.0902201	0.108264	0.0	0.0	0.0	0.0	0.0	0.0	0.0	0.0	0.0	0.0	0.108264	0.0
Sin-CPnd_034-Ex1-3C-lcwgs-1-2	0.0	0.0683527	0.0	0.058588	0.0	0.0	0.0	0.0	0.058588	0.0	0.0	0.0781174	0.0	0.0	0.0	0.0	0.0	0.0	0.0	0.0	0.0	0.0	0.0	0.0	0.161117	0.0	0.122058	0.0	0.0	0.0	0.0	0.0	0.0	0.0	0.0	0.0	0.195293	0.21482300000000001	0.0	0.0	0.0	0.0	0.185529	0.0	0.0	0.0	0.0	0.0	0.0	0.0	0.0	0.0	0.0	0.0	0.0	0.0	0.0	0.0	0.0	0.0	0.0	0.0	0.0	0.0	0.0	0.0	0.0	0.0	0.0	0.0	0.0	0.0	0.0	0.0	0.0	0.0	0.0	0.0	0.0	0.0	0.058588	0.0	0.0	0.0	0.0	0.0	0.0	0.0	0.0	0.0	0.0	0.0	0.0	0.0	0.0	0.0	0.0	0.0	0.0	0.0	0.0	0.0	0.0	0.0	0.0	0.0	0.0	0.0	0.0	0.0	0.0	0.0	0.0	0.0	0.0	0.0	0.0	0.0	0.0	0.0781174	0.0	0.0	0.0	0.0	0.0	0.0	0.0	0.0	0.0	0.0	0.0976467	0.0	0.0	0.0	0.0	0.0	0.122058	0.13182300000000002	0.0	0.0	0.0	0.0	0.0	0.0	0.0	0.0	0.0	0.0	0.112294	0.0
Sin-CPnd_035-Ex1-12D-lcwgs-1-2	0.0	0.0890438	0.0041328400000000005	0.0484669	0.0	0.0	0.0	0.000751425	0.07176110000000001	0.0	0.0	0.0788996	0.0	0.0	0.0	0.0	0.0	0.0	0.0	0.000375712	0.0	0.0	0.0	0.0018785599999999998	0.125112	0.0	0.0852867	0.00150285	0.000375712	0.0	0.0	0.0	0.0	0.0	0.0	0.00112714	0.120228	0.186729	0.0	0.000375712	0.00112714	0.000375712	0.19912799999999997	0.0	0.0	0.0	0.0	0.0	0.0	0.0	0.0	0.000375712	0.0	0.0	0.0	0.0	0.0	0.0	0.0	0.0	0.0	0.0	0.00112714	0.0	0.00488426	0.0	0.0	0.0	0.00112714	0.0	0.000375712	0.0	0.000751425	0.0	0.0	0.00112714	0.000375712	0.000375712	0.0	0.0	0.0439584	0.0	0.000751425	0.0	0.0	0.00112714	0.00112714	0.0	0.0	0.00150285	0.0	0.00112714	0.000375712	0.00338141	0.0	0.0	0.0	0.0	0.0	0.0	0.0	0.0	0.000375712	0.0	0.0	0.0	0.0	0.0	0.0	0.0	0.000375712	0.000375712	0.000375712	0.000375712	0.0	0.00112714	0.0	0.0	0.0	0.084911	0.0	0.0	0.0	0.0	0.0	0.0	0.000751425	0.0	0.0	0.000375712	0.0909224	0.0	0.0	0.000375712	0.0	0.0	0.0819053	0.142019	0.00150285	0.0	0.0	0.00225427	0.000375712	0.0	0.0	0.00150285	0.000375712	0.0	0.0811539	0.00112714
Sin-CPnd_038-Ex1-11C-lcwgs-1-2	0.0	0.0851789	0.00421678	0.0581915	0.0	0.0	0.0	0.00042167800000000004	0.0750586	0.0	0.0	0.0796971	0.0	0.0	0.0	0.0	0.0	0.0	0.0	0.0	0.0	0.0	0.0	0.000843355	0.121021	0.0	0.078432	0.00168671	0.0	0.0	0.0	0.0	0.0	0.00042167800000000004	0.00042167800000000004	0.0	0.130298	0.168671	0.0	0.0	0.0	0.0	0.185538	0.0	0.0	0.0	0.0	0.0	0.0	0.0	0.0	0.0	0.0	0.000843355	0.0	0.0	0.0	0.0	0.000843355	0.0	0.0	0.0	0.0	0.0	0.00295174	0.0	0.0	0.0	0.000843355	0.0	0.00042167800000000004	0.0	0.0	0.0	0.0	0.0	0.00168671	0.0	0.0	0.0	0.0468062	0.0	0.00042167800000000004	0.0	0.0	0.0	0.00042167800000000004	0.0	0.0	0.0	0.0	0.0	0.0	0.00168671	0.0	0.0	0.0	0.0	0.0	0.0	0.0	0.00042167800000000004	0.0	0.0	0.0	0.0	0.0	0.0	0.00042167800000000004	0.0	0.0	0.00042167800000000004	0.0	0.0	0.0	0.0	0.0	0.0	0.0	0.088974	0.0	0.0	0.0	0.0	0.0	0.0	0.0	0.0	0.0	0.0	0.0856006	0.0	0.0	0.00042167800000000004	0.0	0.0	0.0986726	0.13072	0.00042167800000000004	0.0	0.0	0.0	0.0	0.00042167800000000004	0.0	0.00253007	0.000843355	0.0	0.0813838	0.0
Sin-CPnd_039-Ex1-10F-lcwgs-1-2	0.0	0.0944175	0.00384664	0.054902	0.0	0.0	0.0	0.00104908	0.072037	0.0	0.0	0.0968653	0.0	0.0	0.0	0.0	0.0	0.0	0.0	0.0	0.0	0.0	0.0	0.0017484699999999998	0.110853	0.0	0.08707390000000001	0.00244786	0.0	0.0	0.0	0.0	0.000349694	0.00104908	0.0	0.000699389	0.127289	0.184289	0.000349694	0.000349694	0.0	0.0	0.17694500000000002	0.000349694	0.0	0.0	0.0	0.0	0.0	0.0	0.0	0.000699389	0.000349694	0.000349694	0.0	0.000349694	0.0	0.0	0.0	0.0	0.0	0.0	0.0	0.0	0.00279755	0.0	0.0	0.0	0.000349694	0.0017484699999999998	0.000349694	0.0	0.000349694	0.0	0.0	0.00139878	0.0	0.000349694	0.0	0.0	0.0444112	0.00104908	0.0	0.000349694	0.0	0.0017484699999999998	0.000349694	0.000699389	0.0	0.00104908	0.0	0.0	0.0	0.00209817	0.0	0.0	0.0	0.0	0.0	0.0	0.0	0.0	0.000349694	0.0	0.0	0.0	0.0	0.0	0.000349694	0.0	0.000349694	0.0	0.0	0.000349694	0.0	0.0	0.0	0.0	0.0	0.10350999999999999	0.0	0.000349694	0.0	0.000699389	0.0	0.0	0.00244786	0.0	0.0	0.0	0.08812299999999999	0.0	0.0	0.0	0.000349694	0.0	0.09826410000000001	0.134632	0.000349694	0.0	0.0	0.00139878	0.0	0.0	0.0	0.0017484699999999998	0.0	0.0	0.0832273	0.0
Sin-CPnd_040-Ex1-11E-lcwgs-1-2	0.0	0.0843991	0.00368958	0.0544213	0.0	0.0	0.0	0.00046119699999999994	0.07517510000000001	0.0	0.0	0.0834767	0.0	0.0	0.0	0.0	0.0	0.0	0.0	0.0	0.0	0.0	0.0	0.00138359	0.11945	0.0	0.0797871	0.00046119699999999994	0.00046119699999999994	0.0	0.0009223939999999999	0.0	0.0	0.00138359	0.0	0.00138359	0.137898	0.190936	0.00046119699999999994	0.0	0.00046119699999999994	0.0	0.18125000000000002	0.0	0.0	0.0	0.0	0.0	0.0	0.0	0.0	0.0	0.0	0.00046119699999999994	0.0	0.0	0.0	0.0	0.0	0.0	0.0	0.00046119699999999994	0.00046119699999999994	0.0	0.00368958	0.0	0.0	0.0	0.00046119699999999994	0.0009223939999999999	0.00046119699999999994	0.00046119699999999994	0.00138359	0.0	0.00046119699999999994	0.0009223939999999999	0.00138359	0.00046119699999999994	0.0	0.0	0.043813700000000004	0.00046119699999999994	0.0	0.0	0.0	0.0009223939999999999	0.00046119699999999994	0.0	0.0	0.00046119699999999994	0.0	0.0	0.0	0.00276718	0.0	0.0	0.0	0.0	0.0	0.00046119699999999994	0.0	0.0	0.00046119699999999994	0.0009223939999999999	0.0	0.0	0.0	0.0	0.0	0.00046119699999999994	0.00046119699999999994	0.00046119699999999994	0.00046119699999999994	0.0	0.0	0.00046119699999999994	0.00046119699999999994	0.0	0.0	0.10284700000000001	0.0	0.0	0.0	0.00046119699999999994	0.0	0.0	0.0009223939999999999	0.0	0.0	0.0	0.0927006	0.0	0.0	0.0	0.0	0.0	0.0940842	0.144816	0.00046119699999999994	0.0	0.0	0.00138359	0.0	0.0	0.0	0.00046119699999999994	0.0	0.00046119699999999994	0.0756363	0.0
Sin-CPnd_042-Ex1-10D-lcwgs-1-2	0.0	0.0839	0.0069391	0.0485737	0.0	0.0	0.0	0.0	0.058666899999999994	0.0	0.0	0.069391	0.0	0.0	0.0	0.0	0.0	0.0	0.0	0.0	0.0	0.0	0.0	0.0018924799999999998	0.0933624	0.0	0.069391	0.000630827	0.0	0.0	0.0	0.000630827	0.0	0.0	0.0	0.000630827	0.140044	0.177893	0.0	0.000630827	0.00126165	0.0	0.18357099999999998	0.0	0.0	0.00126165	0.0	0.0	0.0	0.0	0.0	0.000630827	0.0	0.000630827	0.0	0.0	0.0	0.0	0.000630827	0.0	0.0	0.000630827	0.00126165	0.0	0.0056774500000000006	0.0	0.0	0.0	0.0018924799999999998	0.000630827	0.000630827	0.0	0.000630827	0.0	0.0	0.000630827	0.0	0.000630827	0.0	0.0	0.0422654	0.000630827	0.0	0.0	0.0	0.00126165	0.0	0.000630827	0.0	0.0	0.0	0.0	0.0	0.0018924799999999998	0.0	0.0	0.0	0.0	0.0	0.0	0.0	0.00126165	0.000630827	0.0	0.0	0.0	0.0	0.0	0.00126165	0.0	0.0	0.0	0.0	0.00126165	0.0	0.0	0.0	0.0	0.0	0.0902083	0.0	0.0	0.0	0.000630827	0.0	0.0	0.000630827	0.0	0.0	0.0	0.09903990000000001	0.0	0.0	0.0	0.0	0.00126165	0.0883158	0.142567	0.00252331	0.0	0.000630827	0.00315414	0.0	0.00126165	0.000630827	0.00441579	0.0	0.0	0.0939933	0.00126165
Sin-CPnd_043-Ex1-1C-lcwgs-1-2	0.0	0.07892539999999999	0.0119133	0.0580772	0.0	0.0	0.0	0.0	0.0774363	0.0	0.0	0.08786039999999999	0.0	0.0	0.0	0.0	0.0	0.0	0.0	0.0	0.0	0.0	0.0	0.00297832	0.139981	0.0	0.0893495	0.00148916	0.0	0.0	0.0	0.00148916	0.0	0.0	0.0	0.00148916	0.14593799999999998	0.187634	0.0	0.0	0.0	0.0	0.20103600000000002	0.0	0.0	0.0	0.0	0.0	0.0	0.0	0.0	0.0	0.0	0.0	0.0	0.0	0.0	0.0	0.0	0.0	0.0	0.00148916	0.0	0.0	0.008934949999999999	0.0	0.0	0.0	0.0	0.0	0.0	0.0	0.0	0.0	0.0	0.0	0.0	0.0	0.0	0.0	0.0327615	0.0	0.0	0.0	0.0	0.00297832	0.0	0.0	0.0	0.0	0.0	0.0	0.0	0.00446748	0.0	0.0	0.0	0.0	0.0	0.0	0.0	0.0	0.0	0.0	0.0	0.0	0.0	0.0	0.0	0.0	0.0	0.00148916	0.0	0.00148916	0.0	0.0	0.0	0.0	0.0	0.0982845	0.0	0.0	0.0	0.0	0.0	0.0	0.0	0.0	0.0	0.0	0.0953062	0.0	0.0	0.0	0.0	0.0	0.101263	0.156362	0.00148916	0.0	0.00148916	0.00148916	0.0	0.0	0.00148916	0.00148916	0.00148916	0.0	0.110198	0.0
Sin-CPnd_044-Ex1-2C-lcwgs-1-2	0.0	0.0959325	0.0	0.11511900000000001	0.0	0.0	0.0	0.0	0.038373	0.0	0.0	0.038373	0.0	0.0	0.0	0.0	0.0	0.0	0.0	0.0	0.0	0.0	0.0	0.0	0.038373	0.0	0.0959325	0.0	0.0	0.0	0.0	0.0	0.0	0.0	0.0	0.0	0.13430499999999998	0.249424	0.0	0.0	0.0	0.0	0.0959325	0.0	0.0	0.0	0.0	0.0	0.0	0.0	0.0	0.0	0.0	0.0	0.0	0.0	0.0	0.0	0.0	0.0	0.0	0.0	0.0	0.0	0.0	0.0	0.0	0.0	0.0	0.0	0.0	0.0	0.0	0.0	0.0	0.0191865	0.0	0.0	0.0	0.0	0.038373	0.0	0.0	0.0	0.0	0.0	0.0	0.0	0.0	0.0	0.0	0.0	0.0	0.0191865	0.0	0.0	0.0	0.0	0.0	0.0	0.0	0.0	0.0191865	0.0	0.0	0.0	0.0	0.0	0.0	0.0	0.0	0.0	0.0	0.0	0.0	0.0	0.0	0.0	0.0	0.057559500000000006	0.0	0.0	0.0	0.0	0.0	0.0	0.0	0.0	0.0	0.0	0.11511900000000001	0.0	0.0	0.0	0.0	0.0	0.0959325	0.172678	0.0	0.0	0.0	0.0	0.0	0.0	0.0	0.0	0.0	0.0	0.11511900000000001	0.0
Sin-CPnd_045-Ex1-11H-lcwgs-1-2	2.56627e-05	0.08473839999999999	0.00431134	0.055790799999999995	0.0	0.0	0.0	0.000487592	0.0839941	0.0	0.00010265100000000002	0.0889214	0.0	0.0	0.0	0.0	0.0	2.56627e-05	0.0	7.698819999999999e-05	0.0	0.0	0.0	0.00148844	0.134678	0.0	0.0907434	0.0016424200000000001	0.00020530200000000003	2.56627e-05	2.56627e-05	0.00028229000000000004	7.698819999999999e-05	0.00041060400000000007	0.000128314	0.000872533	0.135268	0.183951	0.000230965	0.000153976	0.000513255	5.132550000000001e-05	0.195832	0.00010265100000000002	2.56627e-05	0.00010265100000000002	0.0	0.0	0.0	7.698819999999999e-05	0.0	0.000153976	0.000230965	0.000667231	5.132550000000001e-05	0.000333616	0.0	0.0	0.00041060400000000007	5.132550000000001e-05	0.00010265100000000002	0.000359278	0.000513255	0.0	0.0050299	0.000230965	5.132550000000001e-05	2.56627e-05	0.000718557	0.000692894	0.00028229000000000004	0.0	0.00038494099999999997	2.56627e-05	7.698819999999999e-05	0.0007698819999999999	0.00041060400000000007	0.000179639	7.698819999999999e-05	0.0	0.044653200000000004	0.00030795299999999997	0.00010265100000000002	5.132550000000001e-05	0.0	0.0013088000000000002	0.000744219	0.000333616	0.0	0.000513255	0.0	0.000153976	0.000128314	0.0033361600000000003	0.0	0.0	0.0	0.0	0.0	2.56627e-05	7.698819999999999e-05	0.00028229000000000004	0.000230965	0.000230965	0.000333616	0.0	5.132550000000001e-05	0.0	0.000256627	2.56627e-05	0.000153976	0.00020530200000000003	0.000256627	0.00046192900000000003	0.0	0.00020530200000000003	5.132550000000001e-05	0.0	2.56627e-05	0.0911797	0.0	5.132550000000001e-05	0.0	0.000230965	0.0	2.56627e-05	0.0011291600000000001	0.0	0.0	0.000128314	0.0893833	0.0	0.0	0.000230965	0.00010265100000000002	0.00030795299999999997	0.0860215	0.136834	0.000590243	0.0	0.000128314	0.00141145	0.000333616	0.000230965	0.000128314	0.0017450699999999998	5.132550000000001e-05	0.00010265100000000002	0.0853543	0.00030795299999999997
Sin-CPnd_049-Ex1-4C-lcwgs-1-2	0.0	0.0629723	0.0125945	0.0377834	0.0	0.0	0.0	0.0	0.0629723	0.0	0.0	0.100756	0.0	0.0	0.0	0.0	0.0	0.0	0.0	0.0	0.0	0.0	0.0	0.0	0.125945	0.0	0.100756	0.0	0.0	0.0	0.0	0.0	0.0	0.0	0.0	0.0	0.100756	0.188917	0.0	0.0	0.0	0.0	0.201511	0.0	0.0	0.0	0.0	0.0	0.0	0.0	0.0	0.0	0.0	0.0	0.0	0.0	0.0	0.0	0.0	0.0	0.0	0.0	0.0	0.0	0.0	0.0	0.0	0.0	0.0	0.0	0.0	0.0	0.0	0.0	0.0	0.0	0.0	0.0	0.0	0.0	0.0251889	0.0	0.0	0.0	0.0	0.0	0.0	0.0	0.0	0.0	0.0	0.0	0.0	0.0	0.0	0.0	0.0	0.0	0.0	0.0	0.0	0.0	0.0	0.0	0.0	0.0	0.0	0.0	0.0	0.0	0.0	0.0125945	0.0	0.0	0.0	0.0	0.0	0.0	0.0	0.08816120000000001	0.0	0.0	0.0	0.0	0.0	0.0	0.0	0.0	0.0	0.0	0.0755668	0.0	0.0	0.0	0.0	0.0	0.0503778	0.11334999999999999	0.0	0.0	0.0	0.0	0.0	0.0	0.0	0.0	0.0	0.0	0.163728	0.0
Sin-CPnd_050-Ex1-9B-lcwgs-1-2	0.0	0.0829375	0.00694764	0.0568838	0.0	0.0	0.0	0.00130268	0.078161	0.0	0.0	0.0729502	0.0	0.0	0.0	0.0	0.0	0.0	0.0	0.0	0.0	0.0	0.0	0.00173691	0.11029399999999999	0.0	0.07164749999999999	0.00173691	0.0	0.0	0.0	0.0	0.0	0.00043422800000000004	0.0	0.0	0.13547900000000002	0.18975699999999998	0.0	0.0	0.00043422800000000004	0.0	0.158059	0.0	0.0	0.0	0.0	0.0	0.0	0.0	0.0	0.0	0.0	0.00043422800000000004	0.0	0.0	0.0	0.0	0.00043422800000000004	0.0	0.0	0.0	0.00043422800000000004	0.0	0.0043422800000000004	0.0	0.0	0.0	0.00043422800000000004	0.0	0.0	0.0	0.00130268	0.0	0.0	0.0	0.00043422800000000004	0.0	0.0	0.0	0.038646299999999995	0.0	0.00043422800000000004	0.0	0.0	0.000868455	0.00173691	0.0	0.0	0.00043422800000000004	0.0	0.0	0.0	0.0021711400000000002	0.0	0.0	0.0	0.0	0.0	0.0	0.0	0.0	0.0	0.0	0.0	0.0	0.0	0.0	0.00043422800000000004	0.0	0.0	0.00043422800000000004	0.0	0.0	0.0	0.0	0.0	0.0	0.0	0.0929247	0.0	0.0	0.0	0.0	0.0	0.0	0.00130268	0.0	0.0	0.0	0.0911878	0.0	0.0	0.00043422800000000004	0.0	0.00043422800000000004	0.09943809999999999	0.13765	0.00043422800000000004	0.0	0.0	0.000868455	0.00043422800000000004	0.0	0.0	0.00043422800000000004	0.0	0.0	0.076424	0.0
Sin-CPnd_051-Ex1-12G-lcwgs-1-2	0.0	0.08542330000000001	0.00271801	0.056301699999999996	0.0	0.0	0.0	0.0007765749999999999	0.0784341	0.0	0.0	0.076881	0.0	0.0	0.0	0.0	0.0	0.0	0.0	0.000388288	0.0	0.0	0.0	0.0015531499999999999	0.124252	0.0	0.0764927	0.00116486	0.000388288	0.0	0.0	0.0	0.0	0.0007765749999999999	0.0	0.0007765749999999999	0.131241	0.18366000000000002	0.000388288	0.000388288	0.0	0.000388288	0.176283	0.0	0.0	0.0	0.0	0.0	0.0	0.0	0.0	0.0	0.0	0.00116486	0.0	0.0	0.0	0.0	0.0007765749999999999	0.0	0.000388288	0.0	0.0	0.0	0.0054360300000000005	0.0007765749999999999	0.0	0.0	0.000388288	0.0007765749999999999	0.000388288	0.0	0.0	0.0	0.000388288	0.000388288	0.000388288	0.000388288	0.0	0.0	0.0403819	0.000388288	0.0	0.0	0.0	0.00116486	0.0015531499999999999	0.000388288	0.0	0.000388288	0.0	0.0	0.000388288	0.00349459	0.0	0.0	0.0	0.0	0.0	0.0	0.0	0.0	0.000388288	0.000388288	0.0	0.0	0.0	0.0	0.0	0.0	0.000388288	0.0	0.000388288	0.00116486	0.0	0.000388288	0.000388288	0.0	0.0	0.08891790000000001	0.0	0.0	0.0	0.0	0.0	0.0	0.00116486	0.0	0.0	0.0	0.0982368	0.0	0.0	0.0	0.0	0.0007765749999999999	0.0881413	0.130853	0.0007765749999999999	0.000388288	0.0	0.00116486	0.0007765749999999999	0.000388288	0.00116486	0.00271801	0.0	0.0	0.08736469999999999	0.0
Sin-CPnd_053-Ex1-9G-lcwgs-1-2	0.0	0.0890861	0.00432807	0.0598716	0.0	0.0	0.0	0.000360672	0.0678064	0.0	0.0	0.0761019	0.0	0.0	0.0	0.0	0.0	0.0	0.0	0.0007213450000000001	0.0	0.0	0.0	0.00216403	0.11288999999999999	0.0	0.0815119	0.00324605	0.0	0.0	0.0	0.0	0.0	0.00216403	0.0007213450000000001	0.00108202	0.136695	0.175647	0.000360672	0.0	0.0	0.000360672	0.186468	0.0	0.0	0.000360672	0.0	0.0	0.0	0.0	0.0	0.0	0.0007213450000000001	0.0014426900000000002	0.0	0.0007213450000000001	0.0	0.0	0.0	0.0	0.0	0.0	0.0	0.0	0.0064921	0.000360672	0.0	0.0	0.000360672	0.00108202	0.0	0.000360672	0.000360672	0.0	0.000360672	0.00108202	0.00108202	0.0	0.000360672	0.0	0.039674	0.0007213450000000001	0.000360672	0.000360672	0.0	0.0014426900000000002	0.0	0.0	0.0	0.0007213450000000001	0.0	0.0	0.0	0.00541008	0.0	0.0	0.0	0.0	0.0	0.0	0.0	0.0007213450000000001	0.0	0.000360672	0.000360672	0.0	0.0	0.0	0.0014426900000000002	0.0	0.000360672	0.000360672	0.0	0.000360672	0.0	0.000360672	0.0	0.0	0.0	0.088004	0.0	0.0	0.0	0.000360672	0.0	0.0	0.00108202	0.0	0.0	0.0	0.09377479999999999	0.0	0.0	0.0	0.000360672	0.0007213450000000001	0.09774219999999999	0.134891	0.0007213450000000001	0.0	0.0	0.0014426900000000002	0.0	0.000360672	0.0	0.0014426900000000002	0.0	0.0	0.084758	0.0
Sin-CPnd_058-Ex1-9D-lcwgs-1-2	0.0	0.0833254	0.00301176	0.049192099999999996	0.0	0.0	0.0	0.00050196	0.0702744	0.0	0.0	0.063247	0.0	0.0	0.0	0.0	0.0	0.0	0.0	0.0	0.0	0.0	0.0	0.00050196	0.0933646	0.0	0.0838273	0.0	0.0	0.0	0.0	0.0	0.00050196	0.00050196	0.00100392	0.0	0.13753700000000002	0.15861899999999998	0.0	0.00050196	0.0	0.0	0.169663	0.0	0.0	0.0	0.0	0.0	0.0	0.0	0.0	0.00050196	0.0	0.0	0.0	0.0	0.0	0.0	0.0	0.0	0.0	0.0	0.0	0.0	0.00401568	0.0	0.0	0.00050196	0.0	0.0	0.00050196	0.0	0.00050196	0.0	0.00050196	0.00050196	0.00050196	0.00050196	0.0	0.0	0.0496941	0.0	0.0	0.0	0.0	0.00050196	0.00050196	0.00050196	0.0	0.00100392	0.0	0.0	0.0	0.00100392	0.0	0.0	0.0	0.0	0.0	0.0	0.0	0.00050196	0.00050196	0.0	0.00050196	0.0	0.0	0.0	0.0	0.00050196	0.0	0.0	0.00050196	0.0	0.0	0.0	0.0	0.0	0.0	0.0888469	0.0	0.0	0.0	0.0	0.0	0.0	0.00100392	0.0	0.0	0.0	0.0773019	0.0	0.0	0.0	0.0	0.0	0.0928626	0.12549	0.0	0.0	0.0	0.0	0.0	0.0	0.0	0.00050196	0.0	0.0	0.08232149999999999	0.0
Sin-CPnd_061-Ex1-9A-lcwgs-1-2	0.0	0.0857353	0.00544351	0.061239499999999995	0.0	0.0	0.0	0.0	0.0757555	0.0	0.0	0.0712193	0.0	0.0	0.0	0.0	0.0	0.0	0.0	0.0	0.0	0.0	0.0	0.00317538	0.11794299999999999	0.0	0.0757555	0.0022681299999999997	0.0	0.0	0.0	0.0	0.000453626	0.000453626	0.0	0.0022681299999999997	0.12474700000000001	0.177368	0.000453626	0.0	0.0	0.0	0.190069	0.0	0.0	0.0	0.0	0.0	0.0	0.0	0.0	0.0	0.000453626	0.000453626	0.000453626	0.000453626	0.0	0.0	0.000907252	0.0	0.0	0.0	0.0	0.0	0.00771164	0.0	0.0	0.0	0.000453626	0.0013608799999999999	0.000453626	0.0	0.0	0.0	0.0	0.000453626	0.000453626	0.000453626	0.0	0.0	0.044455299999999996	0.000453626	0.0	0.0	0.0	0.00272175	0.000453626	0.000453626	0.0	0.0	0.0	0.0	0.0	0.0022681299999999997	0.0	0.0	0.0	0.0	0.0	0.0	0.0	0.0	0.0	0.0	0.0	0.0	0.0	0.0	0.0	0.0	0.0	0.0	0.0	0.000453626	0.0	0.0	0.0	0.0	0.0	0.0934469	0.0	0.0	0.0	0.000453626	0.0	0.0	0.0018145	0.0	0.0	0.0	0.0925397	0.0	0.0	0.0	0.0	0.0	0.0993441	0.139263	0.0	0.0	0.0	0.0013608799999999999	0.000453626	0.0	0.0	0.00272175	0.0	0.0	0.0757555	0.0
Sin-CPnd_062-Ex1-11D-lcwgs-1-2	0.0	0.0849309	0.00256073	0.0618844	0.0	0.0	0.0	0.00042678900000000006	0.060604	0.0	0.0	0.0793827	0.0	0.0	0.0	0.0	0.0	0.0	0.0	0.0	0.0	0.0	0.0	0.00256073	0.124196	0.0	0.0883453	0.0017071500000000002	0.00042678900000000006	0.0	0.00042678900000000006	0.00042678900000000006	0.0	0.00042678900000000006	0.0	0.00042678900000000006	0.125476	0.171569	0.0	0.00042678900000000006	0.0	0.0	0.179678	0.0	0.0	0.0	0.0	0.0	0.00042678900000000006	0.0	0.0	0.0	0.00042678900000000006	0.00042678900000000006	0.0	0.00128037	0.0	0.0	0.000853577	0.0	0.0	0.0	0.0	0.0	0.0068286200000000005	0.0	0.0	0.0	0.0	0.00042678900000000006	0.00042678900000000006	0.0	0.0	0.0	0.0	0.00042678900000000006	0.00042678900000000006	0.0	0.0	0.0	0.0460932	0.0	0.00042678900000000006	0.0	0.0	0.0017071500000000002	0.0	0.000853577	0.0	0.000853577	0.0	0.0	0.0	0.00213394	0.0	0.0	0.0	0.0	0.0	0.0	0.0	0.00042678900000000006	0.0	0.0	0.00042678900000000006	0.0	0.0	0.0	0.00042678900000000006	0.0	0.0	0.0	0.0	0.00042678900000000006	0.0	0.0	0.00042678900000000006	0.0	0.00042678900000000006	0.0904792	0.0	0.0	0.0	0.0	0.0	0.0	0.0017071500000000002	0.0	0.0	0.0	0.0921864	0.0	0.0	0.0	0.0	0.00042678900000000006	0.0934667	0.130171	0.00042678900000000006	0.0	0.0	0.000853577	0.0	0.00042678900000000006	0.0	0.00042678900000000006	0.0	0.0	0.08919880000000001	0.0
Sin-CPnd_063-Ex1-9F-lcwgs-1-2	0.0	0.0867648	0.00609699	0.053934899999999994	0.0	0.0	0.0	0.0	0.0717569	0.0	0.0	0.08582680000000001	0.0	0.0	0.0	0.0	0.0	0.0	0.0	0.0	0.0	0.0	0.0	0.002345	0.10927700000000001	0.0	0.08207489999999999	0.001876	0.0	0.0	0.0	0.0	0.0	0.000937998	0.0	0.000468999	0.138355	0.181034	0.000937998	0.0	0.000468999	0.0	0.186193	0.0	0.0	0.0	0.0	0.0	0.0	0.0	0.0	0.000468999	0.000468999	0.000468999	0.0	0.000468999	0.0	0.0	0.000468999	0.0	0.0	0.0	0.000468999	0.0	0.00562799	0.0	0.0	0.0	0.000468999	0.001407	0.000937998	0.000468999	0.001407	0.0	0.000468999	0.0	0.000468999	0.000937998	0.0	0.0	0.0398649	0.000937998	0.0	0.0	0.0	0.001407	0.000468999	0.001407	0.0	0.0	0.0	0.000468999	0.0	0.0032829900000000004	0.0	0.0	0.0	0.0	0.0	0.000468999	0.0	0.0	0.000468999	0.000468999	0.000468999	0.0	0.0	0.0	0.000468999	0.0	0.0	0.0	0.000468999	0.000468999	0.0	0.0	0.0	0.0	0.0	0.0909858	0.0	0.0	0.0	0.000937998	0.0	0.0	0.001876	0.0	0.0	0.0	0.08395079999999999	0.0	0.0	0.0	0.0	0.0	0.0947378	0.14632799999999999	0.000937998	0.0	0.0	0.001407	0.0	0.0	0.0	0.002345	0.0	0.0	0.07738489999999999	0.000468999
Sin-CPnd_065-Ex1-11B-lcwgs-1-2	0.0	0.0944933	0.0038411899999999995	0.051856099999999995	0.0	0.0	0.0	0.000768238	0.07951259999999999	0.0	0.0	0.08373789999999999	0.0	0.0	0.0	0.0	0.0	0.0	0.0	0.0	0.0	0.0	0.0	0.0019205899999999998	0.110242	0.0	0.07451909999999999	0.0011523599999999998	0.000384119	0.0	0.000768238	0.0	0.0	0.000768238	0.0	0.000768238	0.146733	0.18092	0.000384119	0.000384119	0.0011523599999999998	0.000384119	0.20166199999999998	0.0	0.0	0.000384119	0.0	0.0	0.0	0.0	0.0	0.000384119	0.0	0.000384119	0.000384119	0.0	0.0	0.0	0.000384119	0.0	0.0	0.000384119	0.0011523599999999998	0.0	0.006145899999999999	0.0	0.0	0.0	0.0015364799999999998	0.000768238	0.000384119	0.0	0.0011523599999999998	0.0	0.000384119	0.000768238	0.000384119	0.000384119	0.0	0.0	0.0526243	0.000384119	0.000384119	0.0	0.0	0.0015364799999999998	0.0011523599999999998	0.000384119	0.0	0.000384119	0.0	0.000384119	0.0	0.0034570699999999996	0.0	0.0	0.0	0.0	0.0	0.0	0.0	0.0	0.000384119	0.000384119	0.000768238	0.0	0.0	0.0	0.0	0.000384119	0.0	0.0	0.000384119	0.0	0.0	0.000384119	0.000384119	0.0	0.0	0.09142030000000001	0.0	0.0	0.0	0.0	0.0	0.0	0.0019205899999999998	0.000384119	0.0	0.000384119	0.0848903	0.0	0.0	0.0	0.0	0.0011523599999999998	0.093725	0.134826	0.0019205899999999998	0.0	0.0	0.00268883	0.000384119	0.0	0.0	0.0015364799999999998	0.0	0.000384119	0.0910362	0.000768238
Sin-CPnd_067-Ex1-9C-lcwgs-1-2	0.0	0.0842088	0.00250622	0.0571417	0.0	0.0	0.0	0.0	0.0731815	0.0	0.0	0.0766902	0.0	0.0	0.0	0.0	0.0	0.0	0.0	0.0	0.0	0.0	0.0	0.00150373	0.103757	0.0	0.0832064	0.00200497	0.0	0.0	0.000501243	0.0	0.0	0.000501243	0.0	0.0	0.139346	0.176939	0.0	0.0	0.000501243	0.0	0.188467	0.0	0.0	0.0	0.0	0.0	0.0	0.000501243	0.0	0.0	0.0	0.00150373	0.0	0.00100249	0.0	0.0	0.0	0.0	0.0	0.0	0.000501243	0.0	0.00451119	0.0	0.0	0.0	0.000501243	0.00200497	0.000501243	0.0	0.000501243	0.0	0.0	0.00150373	0.000501243	0.0	0.000501243	0.0	0.038094499999999996	0.00100249	0.000501243	0.0	0.0	0.00200497	0.00100249	0.00100249	0.0	0.000501243	0.0	0.000501243	0.0	0.00300746	0.0	0.0	0.0	0.0	0.0	0.0	0.0	0.0	0.0	0.000501243	0.00100249	0.0	0.0	0.0	0.000501243	0.0	0.0	0.000501243	0.0	0.00150373	0.0	0.0	0.0	0.0	0.0	0.0897225	0.0	0.000501243	0.0	0.00100249	0.0	0.0	0.00100249	0.0	0.0	0.000501243	0.09222870000000001	0.0	0.0	0.000501243	0.000501243	0.0	0.10626399999999998	0.12731599999999998	0.000501243	0.0	0.0	0.00150373	0.000501243	0.0	0.0	0.00150373	0.0	0.000501243	0.0912262	0.000501243
Sin-CPnd_074-Ex1-12A-lcwgs-1-2	0.0	0.0794725	0.00461453	0.0528108	0.0	0.0	0.0	0.0	0.0656289	0.0	0.0	0.0835743	0.0	0.0	0.0	0.0	0.0	0.0	0.0	0.0	0.0	0.0	0.0	0.00102545	0.108698	0.0	0.0887016	0.00102545	0.0	0.0	0.0	0.0	0.0	0.000512726	0.000512726	0.000512726	0.14869	0.185607	0.000512726	0.0	0.00102545	0.0	0.18765800000000002	0.0	0.0	0.0	0.0	0.0	0.0	0.0	0.0	0.0	0.0	0.0	0.000512726	0.000512726	0.0	0.0	0.0	0.0	0.0	0.0	0.00102545	0.0	0.0061527100000000005	0.0	0.0	0.0	0.0015381799999999999	0.0	0.0	0.0	0.000512726	0.0	0.0	0.0015381799999999999	0.0015381799999999999	0.0	0.0	0.0	0.0471708	0.0	0.0	0.000512726	0.0	0.00102545	0.00102545	0.000512726	0.0	0.0015381799999999999	0.0	0.000512726	0.0	0.0030763599999999998	0.0	0.0	0.0	0.0	0.0	0.0	0.0	0.0	0.0	0.0	0.00102545	0.0	0.0	0.0	0.0015381799999999999	0.0	0.00102545	0.0	0.0	0.00102545	0.0	0.00102545	0.0	0.0	0.000512726	0.095367	0.0	0.0	0.0	0.0	0.0	0.0	0.0015381799999999999	0.0	0.0	0.0	0.0938288	0.0	0.0	0.0	0.0	0.000512726	0.0963925	0.137923	0.000512726	0.0	0.0	0.0020509	0.000512726	0.000512726	0.0	0.0015381799999999999	0.000512726	0.0	0.0892143	0.000512726
Sin-CPnd_075-Ex1-11G-lcwgs-1-2	0.0	0.0835805	0.0023402500000000003	0.0605122	0.0	0.0	0.0	0.0	0.0758911	0.0	0.0	0.0782313	0.0	0.0	0.0	0.000334322	0.0	0.0	0.0	0.0	0.0	0.0	0.0	0.000668644	0.11132900000000001	0.0	0.08057160000000001	0.000668644	0.0	0.0	0.0	0.0	0.0	0.000668644	0.0	0.000334322	0.136069	0.169501	0.0	0.000334322	0.000334322	0.0	0.174516	0.0	0.0	0.000334322	0.0	0.0	0.0	0.0	0.0	0.0	0.0	0.00133729	0.0	0.000334322	0.0	0.0	0.000668644	0.0	0.000334322	0.0	0.000334322	0.0	0.00367754	0.00100297	0.0	0.0	0.000334322	0.000334322	0.0	0.0	0.000334322	0.0	0.0	0.000668644	0.000668644	0.0	0.0	0.0	0.0431275	0.000334322	0.0	0.0	0.0	0.00133729	0.000334322	0.0	0.0	0.000334322	0.0	0.0	0.0	0.00367754	0.0	0.0	0.0	0.0	0.0	0.0	0.0	0.000334322	0.000334322	0.000334322	0.0	0.0	0.0	0.0	0.00100297	0.0	0.0	0.000334322	0.000668644	0.00100297	0.0	0.0	0.0	0.0	0.0	0.09026690000000001	0.0	0.000334322	0.0	0.000334322	0.0	0.0	0.000668644	0.0	0.0	0.0	0.0869237	0.0	0.0	0.000334322	0.0	0.000334322	0.08458339999999999	0.127042	0.00133729	0.0	0.0	0.000334322	0.000334322	0.0	0.0	0.00200593	0.0	0.0	0.0835805	0.000334322
Sin-CPnd_076-Ex1-10E-lcwgs-1-2	0.0	0.0794726	0.00469458	0.0536524	0.0	0.0	0.0	0.000670655	0.0734367	0.0	0.0	0.07679	0.0	0.0	0.0	0.0	0.0	0.0	0.0	0.0	0.0	0.0	0.0	0.00100598	0.111999	0.0	0.0918797	0.000335327	0.0	0.0	0.0	0.000335327	0.0	0.00100598	0.0	0.0	0.13346	0.171017	0.000335327	0.0	0.0	0.0	0.199184	0.0	0.000335327	0.0	0.0	0.0	0.0	0.0	0.0	0.0	0.0	0.00134131	0.0	0.0	0.0	0.0	0.000335327	0.0	0.0	0.0	0.0	0.0	0.00502991	0.0	0.0	0.0	0.000335327	0.0	0.0	0.0	0.000335327	0.0	0.0	0.0	0.0016766399999999999	0.0	0.0	0.0	0.0412453	0.0	0.0	0.0	0.0	0.000335327	0.00100598	0.0	0.0	0.0	0.0	0.0	0.0	0.00268262	0.0	0.0	0.0	0.0	0.0	0.0	0.0	0.000670655	0.0	0.0	0.000670655	0.0	0.0	0.0	0.000670655	0.0	0.0	0.0	0.000335327	0.000335327	0.0	0.0	0.000335327	0.0	0.000335327	0.0814846	0.0	0.0	0.0	0.0	0.0	0.0	0.0	0.0	0.0	0.0	0.0834965	0.0	0.0	0.0	0.0	0.0	0.0834965	0.130778	0.0	0.0	0.0	0.00100598	0.000335327	0.0	0.000335327	0.000670655	0.0	0.0	0.0834965	0.0
Sin-CPnd_079-Ex1-9H-lcwgs-1-2	0.0	0.0827741	0.00233825	0.055182699999999994	0.0	0.0	0.0	0.00046765	0.0790329	0.0	0.0	0.0837094	0.0	0.0	0.0	0.0	0.0	0.0	0.0	0.0	0.0	0.0	0.0	0.00140295	0.121589	0.0	0.0874506	0.00046765	0.00046765	0.0	0.0	0.0	0.0	0.000935301	0.0	0.00046765	0.129539	0.173966	0.0	0.00046765	0.0018706	0.0	0.175837	0.00046765	0.0	0.0	0.0	0.0	0.0	0.00046765	0.0	0.00046765	0.0	0.00046765	0.00046765	0.0	0.0	0.0	0.0	0.0	0.0	0.0	0.00140295	0.0	0.0037412	0.00046765	0.0	0.0	0.00233825	0.0	0.00046765	0.0	0.00046765	0.0	0.0	0.00046765	0.00046765	0.0	0.0	0.0	0.0505062	0.00046765	0.00046765	0.00046765	0.0	0.0	0.000935301	0.0	0.0	0.0018706	0.0	0.00046765	0.0	0.000935301	0.0	0.0	0.0	0.0	0.0	0.0	0.0	0.0	0.00046765	0.0	0.0	0.0	0.0	0.0	0.0	0.0	0.000935301	0.0	0.0	0.00046765	0.0	0.000935301	0.0	0.0	0.0	0.08417709999999999	0.0	0.00046765	0.0	0.0	0.0	0.0	0.000935301	0.0	0.0	0.00046765	0.0832418	0.0	0.0	0.0	0.0	0.0	0.10241499999999999	0.13234500000000002	0.000935301	0.0	0.0	0.00046765	0.00046765	0.0	0.00046765	0.00140295	0.0	0.0	0.0837094	0.00046765
Sin-CPnd_080-Ex1-2E-lcwgs-1-2	0.0	0.101748	0.0	0.0832485	0.0	0.0	0.0	0.0	0.055499	0.0	0.0	0.0832485	0.0	0.0	0.0	0.0	0.0	0.0	0.0	0.0	0.0	0.0	0.0	0.009249839999999999	0.110998	0.0	0.0647489	0.009249839999999999	0.0	0.0	0.0	0.0	0.0	0.0	0.0	0.009249839999999999	0.120248	0.147997	0.0	0.0	0.0	0.0	0.203496	0.0	0.0	0.0	0.0	0.0	0.0	0.0	0.0	0.0	0.0	0.0	0.0	0.0	0.0	0.0	0.0	0.0	0.0	0.0	0.0	0.0	0.009249839999999999	0.0	0.0	0.0	0.0	0.0	0.0	0.0	0.0	0.0	0.0	0.0	0.0	0.0	0.0	0.0	0.0369994	0.0	0.0	0.0	0.0	0.0	0.0	0.0	0.0	0.0	0.0	0.0	0.0	0.0	0.0	0.0	0.0	0.0	0.0	0.0	0.0	0.0	0.0	0.0	0.0	0.0	0.0	0.0	0.0	0.0	0.0	0.0	0.0	0.0	0.0	0.0	0.0	0.0	0.0	0.0739987	0.0	0.0	0.0	0.0	0.0	0.0	0.009249839999999999	0.0	0.0	0.0	0.101748	0.0	0.0	0.0	0.0	0.0	0.0647489	0.157247	0.0	0.0	0.0	0.0	0.0	0.0	0.0	0.0	0.0	0.0	0.0462492	0.0
Sin-CPnd_081-Ex1-10G-lcwgs-1-2	0.0	0.0762929	0.00360181	0.0556643	0.0	0.0	0.0	0.0	0.0759654	0.0	0.0	0.0776026	0.0	0.0	0.0	0.0	0.0	0.0	0.0	0.0	0.0	0.0	0.0	0.000654875	0.115258	0.0	0.08382389999999999	0.00130975	0.0	0.0	0.0	0.0	0.0	0.000327437	0.0	0.000327437	0.123116	0.18402	0.0	0.0	0.000327437	0.0	0.18107299999999998	0.0	0.0	0.0	0.0	0.0	0.0	0.0	0.0	0.0	0.0	0.00130975	0.0	0.0	0.0	0.0	0.000327437	0.0	0.0	0.000327437	0.000327437	0.0	0.00360181	0.0009823120000000002	0.0	0.0	0.0009823120000000002	0.000654875	0.0	0.0	0.000327437	0.0	0.000327437	0.000654875	0.000654875	0.0	0.000327437	0.0	0.0461687	0.000654875	0.0	0.0	0.0	0.00130975	0.0009823120000000002	0.0	0.0	0.0	0.0	0.0	0.000654875	0.0026195	0.0	0.0	0.0	0.0	0.0	0.0	0.0	0.0	0.0	0.000327437	0.000327437	0.0	0.0	0.0	0.000327437	0.0	0.0	0.0	0.0	0.000654875	0.0	0.0	0.0	0.0	0.0	0.09561170000000001	0.0	0.0	0.0	0.000327437	0.0	0.0	0.000327437	0.0	0.0	0.0	0.0874258	0.0	0.0	0.0	0.000327437	0.0	0.09266479999999999	0.12868300000000002	0.000327437	0.0	0.0	0.000327437	0.000654875	0.0	0.000327437	0.00130975	0.0	0.0	0.0884081	0.000327437
Sin-CPnd_085-Ex1-4H-lcwgs-1-2	0.0	0.0895802	0.00263471	0.062179200000000004	0.0	0.0	0.0	0.0	0.091688	0.0	0.0	0.0816761	0.0	0.0	0.0	0.0	0.0	0.0	0.0	0.0	0.0	0.0	0.0	0.00105389	0.148071	0.0	0.0890533	0.0	0.0	0.0	0.0	0.0	0.0	0.0	0.00105389	0.0	0.122778	0.187592	0.0	0.0	0.000526943	0.0	0.201292	0.0	0.0	0.0	0.0	0.0	0.0	0.0	0.0	0.000526943	0.0	0.000526943	0.0	0.000526943	0.0	0.0	0.0	0.0	0.0	0.0	0.000526943	0.0	0.00421554	0.0	0.0	0.0	0.00105389	0.00105389	0.000526943	0.0	0.0	0.0	0.0	0.00210777	0.0	0.000526943	0.00105389	0.0	0.042155399999999996	0.00105389	0.0	0.0	0.0	0.00105389	0.000526943	0.000526943	0.0	0.00105389	0.0	0.0	0.0	0.00210777	0.0	0.0	0.0	0.0	0.0	0.0	0.0	0.0	0.000526943	0.0	0.0	0.0	0.0	0.0	0.0	0.0	0.0	0.0	0.0	0.000526943	0.0	0.0	0.0	0.0	0.0	0.08273	0.0	0.000526943	0.0	0.00105389	0.0	0.0	0.00105389	0.0	0.0	0.0	0.0901072	0.0	0.0	0.000526943	0.0	0.0	0.0953766	0.129628	0.0	0.0	0.0	0.000526943	0.000526943	0.000526943	0.0	0.00105389	0.000526943	0.0	0.0879994	0.000526943
Sin-CPnd_088-Ex1-2D-lcwgs-1-2	0.0	0.0965251	0.0	0.0603282	0.0	0.0	0.0	0.0	0.0482625	0.0	0.0	0.0482625	0.0	0.0	0.0	0.0	0.0	0.0	0.0	0.0	0.0	0.0	0.0	0.0	0.144788	0.0	0.0603282	0.0	0.0	0.0	0.0	0.0	0.0	0.0	0.0	0.0	0.27751	0.19305	0.0	0.0	0.0	0.0	0.229247	0.0	0.0	0.0	0.0	0.0	0.0	0.0	0.0	0.0	0.0	0.0	0.0	0.0	0.0	0.0	0.0	0.0	0.0	0.0	0.0	0.0	0.0	0.0	0.0	0.0	0.0	0.0	0.0	0.0	0.0	0.0	0.0	0.0	0.0	0.0	0.0	0.0	0.0241313	0.0	0.0	0.0	0.0	0.0	0.012065600000000001	0.0	0.0	0.0	0.0	0.0	0.0	0.012065600000000001	0.0	0.0	0.0	0.0	0.0	0.0	0.0	0.0	0.0	0.0	0.0	0.0	0.0	0.0	0.0	0.0	0.0	0.0	0.0	0.0	0.0	0.0	0.0	0.0	0.0	0.132722	0.0	0.0	0.0	0.0	0.0	0.0	0.0	0.0	0.0	0.0	0.0603282	0.0	0.0	0.0	0.0	0.0	0.08445949999999999	0.132722	0.0	0.0	0.0	0.0	0.0	0.0	0.0	0.0	0.0	0.0	0.144788	0.0
Sin-CPnd_089-Ex1-9E-lcwgs-1-2	0.0	0.09052790000000001	0.00421952	0.0598405	0.00038359300000000005	0.0	0.0	0.0	0.0878428	0.0	0.0	0.07288270000000001	0.0	0.0	0.0	0.0	0.0	0.0	0.0	0.00038359300000000005	0.0	0.0	0.0	0.0007671860000000001	0.126969	0.0	0.0836233	0.00038359300000000005	0.0	0.0	0.00038359300000000005	0.0	0.0	0.0007671860000000001	0.0	0.0007671860000000001	0.1473	0.17990499999999998	0.00038359300000000005	0.0	0.0	0.0	0.190646	0.0	0.0	0.00038359300000000005	0.0	0.0	0.00038359300000000005	0.0	0.0	0.0	0.0	0.0011507800000000001	0.00038359300000000005	0.0	0.0	0.0	0.0	0.0	0.0	0.00038359300000000005	0.0	0.0	0.0053703	0.0	0.0	0.0	0.0	0.00038359300000000005	0.0	0.0	0.0011507800000000001	0.0	0.00038359300000000005	0.00038359300000000005	0.0011507800000000001	0.0	0.0	0.0	0.043345999999999996	0.00038359300000000005	0.0	0.0	0.0	0.0007671860000000001	0.0	0.0	0.0	0.00038359300000000005	0.0	0.0	0.0	0.00268515	0.0	0.0	0.0	0.0	0.0	0.0	0.0	0.0007671860000000001	0.0	0.00038359300000000005	0.00038359300000000005	0.0	0.0	0.0	0.00038359300000000005	0.00038359300000000005	0.0	0.0	0.0	0.00038359300000000005	0.0	0.0	0.0	0.0	0.0	0.0882264	0.0	0.0	0.0	0.00038359300000000005	0.0	0.0	0.0011507800000000001	0.0	0.0	0.0	0.0932131	0.0	0.0	0.0	0.0	0.0011507800000000001	0.10126899999999998	0.14883400000000002	0.00038359300000000005	0.0	0.0	0.00038359300000000005	0.0	0.0007671860000000001	0.0	0.0019179599999999998	0.0	0.0	0.07748580000000001	0.0
Sin-CPnd_090-Ex1-12F-lcwgs-1-2	0.0	0.0848693	0.0047930099999999995	0.0542932	0.0	0.0	0.0	0.000247914	0.0845387	0.0	8.263810000000001e-05	0.0914803	0.0	0.0	0.0	0.000165276	0.0	0.0	0.0	8.263810000000001e-05	0.0	0.0	0.0	0.000826381	0.147178	0.0	0.09040609999999999	0.000991657	8.263810000000001e-05	0.0	0.0	8.263810000000001e-05	0.0	0.000495828	8.263810000000001e-05	0.00041319	0.136353	0.184118	0.000330552	0.000330552	0.000247914	0.0	0.206099	0.0	0.0	8.263810000000001e-05	0.0	0.0	0.0	0.0	0.0	8.263810000000001e-05	0.0	0.000330552	8.263810000000001e-05	0.000247914	0.0	0.0	0.000247914	0.0	8.263810000000001e-05	8.263810000000001e-05	0.000247914	0.0	0.00446246	0.000165276	8.263810000000001e-05	0.0	0.000495828	0.00041319	0.000495828	8.263810000000001e-05	0.000247914	0.0	0.0	0.000826381	0.000330552	0.000165276	0.0	0.0	0.041814899999999995	0.00041319	0.000165276	8.263810000000001e-05	0.0	0.000661105	0.00107429	0.00041319	0.0	0.000247914	0.0	8.263810000000001e-05	8.263810000000001e-05	0.00256178	0.0	0.0	0.0	0.0	0.0	0.0	0.0	0.000247914	0.000578467	8.263810000000001e-05	0.000165276	0.0	0.0	0.0	0.000330552	0.0	8.263810000000001e-05	8.263810000000001e-05	0.000247914	0.000495828	0.0	0.000247914	8.263810000000001e-05	0.0	0.0	0.08553039999999999	0.0	0.0	0.0	0.000330552	0.0	0.0	0.0009090190000000001	0.0	0.0	8.263810000000001e-05	0.092472	0.0	0.0	0.000165276	8.263810000000001e-05	0.0	0.08553039999999999	0.137262	0.000661105	0.0	0.0	0.00107429	0.0007437429999999999	0.0	8.263810000000001e-05	0.00132221	0.0	0.0	0.0880922	0.000247914
Sin-CPnd_092-Ex1-11F-lcwgs-1-2	0.0	0.0869128	0.00516779	0.0474497	0.0	0.0	0.0	0.0	0.0671813	0.0	0.0	0.06906040000000001	0.0	0.0	0.0	0.0	0.0	0.0	0.0	0.0	0.0	0.0	0.0	0.0014093999999999999	0.109463	0.0	0.0812752	0.0014093999999999999	0.0	0.0	0.00046979899999999997	0.0	0.0	0.0	0.0	0.0009395979999999999	0.125906	0.180403	0.0	0.0	0.00046979899999999997	0.0	0.178054	0.0	0.0	0.0	0.0	0.0	0.0	0.00046979899999999997	0.0	0.0	0.0	0.00046979899999999997	0.0	0.0	0.0	0.0	0.00046979899999999997	0.0	0.0	0.0	0.00046979899999999997	0.0	0.00328859	0.0	0.0	0.0	0.0009395979999999999	0.0009395979999999999	0.0	0.0	0.0014093999999999999	0.0	0.0	0.0009395979999999999	0.00046979899999999997	0.0	0.0	0.0	0.043691299999999995	0.0009395979999999999	0.0	0.0	0.0	0.0009395979999999999	0.0014093999999999999	0.00046979899999999997	0.0	0.00046979899999999997	0.0	0.0	0.0	0.00234899	0.0	0.0	0.0	0.0	0.0	0.0	0.0	0.0	0.0	0.00046979899999999997	0.00046979899999999997	0.0	0.0	0.0	0.0	0.0	0.0	0.0009395979999999999	0.0	0.00046979899999999997	0.0	0.0	0.00046979899999999997	0.0	0.0	0.0948994	0.0	0.0	0.0	0.00046979899999999997	0.0	0.0	0.00046979899999999997	0.00046979899999999997	0.0	0.0	0.08738259999999999	0.0	0.0	0.0	0.0	0.0009395979999999999	0.0878524	0.142349	0.00046979899999999997	0.0	0.0	0.00046979899999999997	0.00046979899999999997	0.0	0.00046979899999999997	0.00234899	0.0	0.00046979899999999997	0.0822148	0.0
Sin-CPnd_093-Ex1-10C-lcwgs-1-2	0.0	0.080961	0.00437627	0.05864200000000001	0.0	0.0	0.0	0.00043762700000000006	0.0695827	0.0	0.0	0.0743966	0.0	0.0	0.0	0.0	0.0	0.0	0.0	0.00043762700000000006	0.0	0.0	0.0	0.00131288	0.119035	0.0	0.0971532	0.00218814	0.0	0.0	0.00043762700000000006	0.0	0.0	0.0	0.0008752540000000001	0.00175051	0.126912	0.181178	0.0	0.0	0.00043762700000000006	0.0	0.195619	0.0	0.0	0.00043762700000000006	0.0	0.0	0.0	0.00043762700000000006	0.0	0.00043762700000000006	0.0008752540000000001	0.0	0.0	0.0008752540000000001	0.0	0.0	0.00043762700000000006	0.00043762700000000006	0.0	0.0	0.00043762700000000006	0.0	0.0048139	0.0	0.0	0.0	0.00043762700000000006	0.00175051	0.00043762700000000006	0.0	0.00043762700000000006	0.0	0.0	0.0008752540000000001	0.0	0.00043762700000000006	0.0	0.00043762700000000006	0.0437627	0.00043762700000000006	0.00043762700000000006	0.0	0.0	0.00131288	0.0	0.0008752540000000001	0.0	0.0008752540000000001	0.0	0.00043762700000000006	0.0	0.00306339	0.0	0.0	0.0	0.00043762700000000006	0.0	0.0	0.00043762700000000006	0.0008752540000000001	0.00043762700000000006	0.00043762700000000006	0.0	0.0	0.0	0.0	0.00175051	0.0	0.00043762700000000006	0.00043762700000000006	0.0	0.00043762700000000006	0.0	0.0	0.00043762700000000006	0.0	0.0	0.0853373	0.0	0.0	0.00043762700000000006	0.00043762700000000006	0.0	0.0	0.00131288	0.0	0.0	0.00043762700000000006	0.0857749	0.0	0.0	0.0	0.0	0.0	0.0905888	0.140478	0.0008752540000000001	0.0	0.0	0.00218814	0.00043762700000000006	0.0	0.0	0.00131288	0.0	0.00043762700000000006	0.09365219999999999	0.00043762700000000006
Sin-CPnd_094-Ex1-3H-lcwgs-1-2	0.0	0.087841	0.00473902	0.0580529	0.0	0.0	0.0	0.000338501	0.0930878	0.0	0.00016925099999999998	0.0932571	0.0	0.0	0.0	0.0	0.0	0.0	0.0	0.0	0.0	0.0	0.0	0.0016925100000000002	0.120676	0.0	0.0920723	0.00270801	0.000338501	0.0	0.0	0.00016925099999999998	0.0	0.000338501	0.00016925099999999998	0.000677002	0.13827799999999998	0.188884	0.000338501	0.0	0.000338501	0.0	0.192776	0.0	0.0	0.000338501	0.0	0.0	0.0	0.0	0.0	0.00016925099999999998	0.00016925099999999998	0.0	0.0	0.000507752	0.0	0.0	0.000507752	0.0	0.000338501	0.00016925099999999998	0.000338501	0.0	0.00507752	0.000338501	0.0	0.0	0.0008462529999999999	0.0	0.000507752	0.0	0.000338501	0.0	0.00016925099999999998	0.000338501	0.000507752	0.000338501	0.0	0.0	0.0438359	0.0	0.00016925099999999998	0.00016925099999999998	0.0	0.0013540000000000002	0.00016925099999999998	0.000338501	0.0	0.000338501	0.0	0.0	0.0	0.0018617599999999998	0.0	0.0	0.0	0.0	0.0	0.0	0.0	0.00016925099999999998	0.0	0.000338501	0.000338501	0.0	0.0	0.0	0.000507752	0.0	0.00016925099999999998	0.000507752	0.00016925099999999998	0.00016925099999999998	0.0	0.000338501	0.0	0.0	0.0	0.0922416	0.0	0.0	0.0	0.0	0.0	0.0	0.00118475	0.0	0.0	0.0	0.0942726	0.0	0.0	0.000677002	0.0	0.000338501	0.0866563	0.135739	0.000677002	0.0	0.0	0.0010155	0.0	0.0	0.0	0.00203101	0.0	0.0	0.0927493	0.000338501
Sin-CPnd_095-Ex1-2B-lcwgs-1-2	0.0	0.0925657	0.00352631	0.0502499	0.0	0.0	0.0	0.0	0.0872762	0.0	0.0	0.0811051	0.0	0.0	0.0	0.0	0.0	0.0	0.0	0.0	0.0	0.0	0.0	0.0008815779999999999	0.12430200000000001	0.0	0.0819867	0.0	0.0	0.0	0.0	0.0	0.0	0.0	0.00176316	0.0	0.156039	0.164855	0.0	0.0	0.0008815779999999999	0.0	0.172789	0.0	0.0	0.0	0.0	0.0	0.0	0.0	0.0	0.0	0.0	0.0	0.0	0.0	0.0	0.0	0.0	0.0	0.0	0.0	0.0008815779999999999	0.0	0.00528947	0.0	0.0	0.0	0.00176316	0.00176316	0.0	0.0	0.00176316	0.0	0.0	0.0008815779999999999	0.0	0.0	0.0	0.0	0.044078900000000004	0.0008815779999999999	0.0008815779999999999	0.0	0.0	0.0008815779999999999	0.00352631	0.0	0.0	0.0	0.0	0.0008815779999999999	0.0	0.00440789	0.0	0.0	0.0	0.0	0.0	0.0	0.0	0.0	0.0	0.0008815779999999999	0.0008815779999999999	0.0	0.0	0.0	0.0	0.0008815779999999999	0.0	0.0	0.0008815779999999999	0.0008815779999999999	0.0	0.0	0.0	0.0	0.0	0.0837499	0.0	0.0	0.0	0.00176316	0.0	0.0	0.0008815779999999999	0.0	0.0	0.0008815779999999999	0.0687631	0.0	0.0	0.0008815779999999999	0.0	0.0	0.0837499	0.11725	0.0008815779999999999	0.0	0.0	0.0008815779999999999	0.0	0.0	0.0	0.00352631	0.0	0.0008815779999999999	0.0899209	0.0008815779999999999
Undetermined	4.84303e-05	0.14679	0.00606146	0.147761	2.47378e-05	4.52946e-06	0.0	0.00060416	0.0672467	0.0	0.000494756	0.0750799	0.0	0.00043935700000000003	0.0	4.87788e-06	0.0	1.6027299999999998e-05	0.00178495	0.000877669	6.968390000000001e-07	0.00013832299999999998	3.83262e-06	0.00287342	0.09800110000000001	0.00181213	0.07961599999999999	0.0070028899999999995	0.00489495	2.57831e-05	0.013299199999999999	0.016383	0.00217449	0.00977248	0.00109578	0.0121142	0.15432099999999999	0.176456	0.0018180499999999999	0.010007	0.00681195	0.0009118139999999999	0.18947	0.00102331	0.0035197400000000004	0.014892200000000001	0.0196564	0.00485453	0.000491969	0.00266611	0.00129856	0.00550294	0.00433852	0.0018351300000000001	0.0045911300000000006	0.00127382	8.29239e-05	0.0008121659999999999	0.0195488	0.00107731	0.0111602	0.011531600000000001	0.0056844700000000005	0.00245392	0.0133699	0.0196502	0.0030465799999999997	0.00393505	0.0154761	0.00930141	0.00476394	0.00080032	0.014471300000000001	0.0041576899999999995	0.00748057	0.0274562	0.00472806	0.00448869	0.00524023	0.0017515100000000002	0.0447134	0.00880457	0.00482596	0.000994041	3.76293e-05	0.00633636	0.019102499999999998	0.0033336800000000003	0.0018515	0.0147221	0.00615065	0.00490052	0.00775234	0.013117	0.000497195	0.00260966	0.00320093	0.0121748	0.000793003	0.000962335	0.0167559	0.010487100000000001	0.0318076	0.0258033	0.00241211	0.00432284	0.00481202	0.00801365	0.0202467	0.0093373	0.019284700000000002	0.00492038	0.0220191	0.00464095	0.0086307	0.0021549800000000004	0.0123978	0.0010978700000000001	0.00473816	0.097568	0.00180447	0.00310128	0.0207149	0.0165677	0.00102052	0.0044542	0.0027114	0.00679837	0.00324797	0.0037984700000000004	0.0892299	0.000175604	0.00463747	0.0104986	0.0104174	0.017818900000000002	0.0912062	0.134715	0.011264099999999999	0.0113111	0.0135403	0.00765722	0.011985599999999999	0.00404237	0.0138706	0.0206418	0.004938850000000001	0.00663217	0.0959252	0.006574330000000001
