Sample	1	2	3	4	5	6	7	8	9	12	17	22	27	32	37	42	47	52	57	62	67	72	77	82	87	92	97	102	107	112	117	122	127	132	137	142	147	150
Sin-APnd_001-Ex1-6G-lcwgs-1-2.clmp.r1	39.22496776476805	38.96714002613887	39.265424234448325	39.273116002620576	39.318366743622505	39.304633049433704	39.20764219879634	39.286671388340515	39.27721236690017	39.22628548138273	39.3939777024219	39.39833621862549	39.23031448959091	39.173238035035716	39.13188963332693	39.096181362987956	38.95244284278323	38.837047339794	38.657386549372895	38.59115402108824	38.57797621735325	38.67789429191912	38.76507388713602	38.72616322186103	38.68123926487924	38.598731002093714	38.47499226623407	38.205765928442005	37.62102337299294	36.89891720803355	35.905612069217916	34.77040440679203	33.49535586460043	32.372603806453746	31.275321974611472	30.30843037221043	30.257482409190356	33.458331912722734
Sin-APnd_001-Ex1-6G-lcwgs-1-2.clmp.r2	38.83508718350641	38.984375933289044	39.04410520212277	39.06526919375243	39.138807970987756	39.17176214495438	39.14042050523424	39.154274354227844	39.18931783418347	39.135862935724376	39.14968011384999	39.1536777493548	38.953734944303356	38.87063312289318	38.84130257216326	38.825082763343325	38.77478222413405	38.71523309753627	38.692074251251235	38.635023082060584	38.53320719408234	38.437742972082034	38.24946670680265	38.00873392354755	37.64398758165315	37.12798565185001	36.33417106394677	35.215570151044005	34.06948790012093	33.11438732886435	32.00812444988848	30.844602708028653	29.83851868515734	29.15652632618095	28.448784047691923	27.986215832062346	28.07442391071711	32.37055737204986
Sin-APnd_002-Ex1-3G-lcwgs-1-2.clmp.r1	39.33428308232324	39.0373602910813	39.33719127830942	39.34116082363192	39.38245904920978	39.36878120838875	39.280579126353544	39.360052481314646	39.34805839263924	39.30002103271534	39.4693533710142	39.48005442669895	39.35164312038441	39.312694475564165	39.28704732270323	39.259054803917024	39.14607943614331	39.05851152390646	38.913167977318196	38.8665067850619	38.86391311573304	38.94952115894601	39.02918474289847	38.99361950844753	38.9573491623071	38.88999240482642	38.788312432044634	38.56271075824674	38.04948504872787	37.384813151787384	36.41844704011553	35.27457274936618	33.96866989456563	32.78364653686011	31.614702199697422	30.561979257983324	30.431003158145295	33.484208723505695
Sin-APnd_002-Ex1-3G-lcwgs-1-2.clmp.r2	38.94431697934291	39.08484869746874	39.15615404199153	39.18214735378165	39.25152740873909	39.27634454411665	39.26213155571228	39.2743509591449	39.311878316946164	39.2896164578711	39.29970352249748	39.31216111200143	39.16246925079439	39.1010781724015	39.08071907039789	39.07065546813869	39.03520808247175	38.99286180423205	38.979621936261374	38.944272628917034	38.8688905130702	38.80128082608951	38.65384493449715	38.46819685607703	38.16508438916876	37.7029484068858	36.93088877462161	35.79715971491509	34.627876801957264	33.65268210456174	32.559026016860585	31.39877609423943	30.40197437355364	29.71593315307232	28.996303291484537	28.503632136255412	28.48760568062507	32.56885335184664
Sin-APnd_003-Ex1-3H-lcwgs-1-2.clmp.r1	39.29500356671421	39.050401968811194	39.341765158125014	39.32944141585986	39.37943898948877	39.335547766013285	39.27068175282416	39.328071294203774	39.332650278806966	39.29289400889478	39.45419839316439	39.460894329264676	39.31818556414188	39.270621049564525	39.236369464134214	39.201530791581504	39.08166233728963	38.98903414024901	38.82867594108877	38.762405100971186	38.75389519138974	38.83350481557601	38.91403558272484	38.874615758444754	38.83100143564327	38.75735420362305	38.643992113827935	38.40393340075698	37.86671161421437	37.18645134244837	36.21879115116933	35.08015418215693	33.79871138998714	32.64441691226483	31.505310186436922	30.49579474751435	30.41104085052808	33.45436880138876
Sin-APnd_003-Ex1-3H-lcwgs-1-2.clmp.r2	38.83919318766648	38.99803434872831	39.073506048777276	39.102567818781985	39.177553218662474	39.20408215819057	39.18687448486637	39.201122635224365	39.242305317234084	39.218825322450016	39.22838559390126	39.240173181681094	39.060720806968284	38.986600260455575	38.963245068629334	38.95079445056824	38.90667278701016	38.85804535437817	38.83815824409883	38.79325146369972	38.703801622340606	38.622842646641416	38.45671878339931	38.2513600450489	37.92616469318739	37.44369659824673	36.655569978838294	35.51767662416567	34.367593381393775	33.423022706098486	32.35475325690781	31.216384321798824	30.25235516653571	29.607727116624574	28.92832858407985	28.47381444878102	28.49646616976319	32.54985082317062
Sin-APnd_004-Ex1-4A-lcwgs-1-2.clmp.r1	39.18579791625624	38.96430868684658	39.23648711761269	39.25986126596503	39.277176837516684	39.25905179818924	39.19549756539511	39.24746130952643	39.26204274188533	39.214763500167045	39.38300410010187	39.382244744398484	39.20964911700604	39.14405614886055	39.10154077754943	39.053610152649526	38.9004253643881	38.76889512184571	38.57643525311382	38.49293761460949	38.47759013423994	38.57516590976854	38.66177452481419	38.61345525470612	38.565262750363395	38.46985724401297	38.34032569027429	38.056693035251946	37.44994972544647	36.727554752345824	35.73971766653763	34.612223331132334	33.3485184977918	32.23180067451035	31.1654216613063	30.21090940963388	30.213357115936084	33.534717423999744
Sin-APnd_004-Ex1-4A-lcwgs-1-2.clmp.r2	38.78721388315571	38.97484368856528	39.052341145709676	39.07474058360072	39.14866798132332	39.173189689321894	39.14357906290595	39.1560644505509	39.19838661605771	39.153447746627045	39.15758009665193	39.15853918540692	38.96217183950729	38.874915608867106	38.84263912708819	38.82170118049167	38.76424792285691	38.69812268144996	38.668271195495876	38.60450958080009	38.49482939059766	38.39426173802043	38.19735589263602	37.947580700346435	37.58672007417123	37.071939858532446	36.29701545384852	35.2210285712848	34.101198172132385	33.15009421627227	32.04544868745024	30.93175990033574	29.927288296266994	29.26914222330102	28.558944241565502	28.101904032948642	28.1754111757429	32.430157616823045
Sin-APnd_005-Ex1-4B-lcwgs-1-2.clmp.r1	39.26082623064962	39.04945299290096	39.318609411426316	39.32633459322291	39.344962916179725	39.334804911040564	39.285402299760015	39.322920239728084	39.32676638581725	39.27296383398624	39.43257575510763	39.43819761478903	39.27900471826396	39.228051287100676	39.19513048484591	39.15928075517384	39.033732565959234	38.922588931652946	38.76176951648533	38.70691365718272	38.707495416066585	38.799707329819555	38.88170199332335	38.84451250738917	38.80478868354898	38.731648608024216	38.62198395488409	38.38208569255605	37.862870891564384	37.21695657249613	36.294974205238915	35.20290495042191	33.943331857427005	32.78706615249636	31.63073474339462	30.61284455692013	30.481832530805242	33.51796209528856
Sin-APnd_005-Ex1-4B-lcwgs-1-2.clmp.r2	38.92654235632085	39.08208046383049	39.16015611243471	39.175430082179055	39.247482586731245	39.268454605267955	39.249169537139124	39.25836769290033	39.29436685390478	39.25434543997078	39.25454599682926	39.26104639716728	39.09304334929256	39.020606744854184	38.99323890033465	38.97689615540575	38.93283820338912	38.8799119949049	38.858604187746735	38.80846341496444	38.718261421581715	38.6348557539754	38.469256609357366	38.25977182192093	37.93909755997226	37.46451884923062	36.71290161229646	35.61515071901921	34.4689136998591	33.48949044229399	32.36966755578521	31.193003985720576	30.180386847514967	29.495687306543346	28.790338680966176	28.32866375064903	28.331989193248262	32.494326934395104
Sin-APnd_006-Ex1-4C-lcwgs-1-2.clmp.r1	39.24381353666192	39.041310943686916	39.30067905462452	39.31561552657443	39.37696512667978	39.365938337176054	39.27921235435111	39.32733240685146	39.325905948874166	39.28371196249633	39.43602599851474	39.438959612245114	39.2790776015446	39.22388323077136	39.18501933743285	39.147873525037184	39.02065991653064	38.897819715918686	38.734161191694184	38.66539139672314	38.65379232825401	38.73697987201895	38.810214179243346	38.75981965192486	38.702551600263696	38.60955145001799	38.471420745773266	38.19511417304395	37.62252074712468	36.939784586306814	36.008058321669296	34.94129379108149	33.72962676026872	32.608883451600924	31.50172732329066	30.505789660107997	30.41434171989876	33.53199560205014
Sin-APnd_006-Ex1-4C-lcwgs-1-2.clmp.r2	38.840278797296364	39.01068468189049	39.08996213522051	39.107978485619405	39.18476730689762	39.20777532428924	39.18730263134805	39.195084611123946	39.23473352900291	39.196436382061854	39.19681251065106	39.203866213798925	39.01343069409056	38.93178315588918	38.90227513441976	38.887754099481995	38.83996628381546	38.781146771413276	38.75337419687833	38.693536927889944	38.58626067046026	38.48452641379498	38.28875535622538	38.04119179331474	37.665066517889876	37.13848138976721	36.329668326028184	35.182805053318134	34.01421116096246	33.03201973057378	31.929969600035783	30.760515641682844	29.780545865989836	29.108868089347464	28.41482346236692	27.944456337577822	28.00825041779766	32.284742570182814
Sin-APnd_007-Ex1-4D-lcwgs-1-2.clmp.r1	39.247519728940205	39.04190464227676	39.308728334410084	39.30310494166822	39.35087425158366	39.334871943733056	39.24049556828254	39.29810630294218	39.312396614075006	39.26278384002831	39.4290766169009	39.43299215513207	39.28213503564757	39.2279542185373	39.20156117748419	39.16464578561117	39.03223463337382	38.92053215229587	38.7640148519374	38.70059141622916	38.6966344502495	38.791122345797476	38.88322569462452	38.84811164326156	38.806286615373985	38.73038005121846	38.60908704344482	38.341180946664984	37.73029922187662	36.973863065414136	35.961392402123366	34.8341677328206	33.576630979054585	32.45015490299096	31.34882762260484	30.367713869417685	30.351664145469236	33.58956543223113
Sin-APnd_007-Ex1-4D-lcwgs-1-2.clmp.r2	38.93423849801491	39.10526238596284	39.182556230082014	39.20043171676697	39.268750923303806	39.29240500551063	39.27153534436765	39.27718586076677	39.311919567004175	39.27473040720344	39.275938718472624	39.28183414503188	39.120771762504994	39.050881200335425	39.02367394373255	39.008236251994475	38.96423091984236	38.911761213387514	38.889723355833425	38.84155245607066	38.750995154513575	38.6648493993416	38.49187841424211	38.26525895031805	37.91509782167896	37.41496246495775	36.646029851824224	35.559827944750744	34.45240483827931	33.538874998488375	32.49279789768913	31.38389640667189	30.436860447723166	29.809398829463397	29.147408470214877	28.702877914278616	28.74225727809985	32.76932703282925
Sin-APnd_008-Ex1-4E-lcwgs-1-2.clmp.r1	39.19832825437156	39.006272139791974	39.27613265101798	39.28022696569101	39.302967040415474	39.28871314935701	39.23472719774975	39.27987624741273	39.28315331174811	39.2299097066436	39.39318958914307	39.393921984111685	39.21968321179641	39.15863201011926	39.1148835841604	39.070977513829135	38.920306306113275	38.78607855239144	38.59543603371767	38.51642819788955	38.50433371486647	38.60154183792417	38.683862033727905	38.63851083522176	38.59077439354644	38.50133056746448	38.369979682057085	38.08748138406584	37.48219196153404	36.769176055687	35.814709538601235	34.751315859858565	33.55418763478214	32.48563606662867	31.42676029652069	30.475506633681192	30.451502393632627	33.63420739464073
Sin-APnd_008-Ex1-4E-lcwgs-1-2.clmp.r2	38.80478974926446	38.97986414000032	39.05782945140142	39.0822672371523	39.156572039707484	39.182718876404536	39.16007710972955	39.170134713072436	39.20867509034424	39.16623906689449	39.16832925124968	39.172060265938796	38.976864269870426	38.89026953590043	38.85984465121963	38.83694494122005	38.78008596075288	38.71386888581914	38.6815181811415	38.61554254773822	38.507279811399215	38.402662229383544	38.205819388064896	37.95554792142984	37.584243166855146	37.06428019754658	36.27760876381783	35.180435103483354	34.05560503530311	33.11525407156755	32.04318196248228	30.924073323218828	29.966552596477605	29.333512755278313	28.67350080436136	28.23901096499211	28.31290284243285	32.51026199884935
Sin-APnd_009-Ex1-4F-lcwgs-1-2.clmp.r1	39.24803474530151	39.02083379565296	39.32183419243014	39.31922894898331	39.382214419189424	39.35185535471804	39.28656273973002	39.327459219634655	39.32371024145539	39.27403640638134	39.43550873400405	39.43880447540497	39.285390885900014	39.23192872750756	39.200339680355896	39.16256982874585	39.03415956146728	38.911286220784476	38.75648518505069	38.701345255677886	38.69951637127039	38.79588204007584	38.87658485199323	38.84009400658215	38.797500045488675	38.72198383744496	38.60365931755727	38.351775950757364	37.79715736076851	37.11575808489456	36.16617251798199	35.06204253449174	33.80826810871455	32.65899518361147	31.52495297368018	30.503330766824718	30.41853306305004	33.57380340923488
Sin-APnd_009-Ex1-4F-lcwgs-1-2.clmp.r2	38.92256952595318	39.086079461610865	39.15942144503882	39.17977729654603	39.24812195073472	39.27044649131481	39.251786994313534	39.25912372377767	39.29330105776215	39.25604148221056	39.257384516330646	39.26309778557075	39.09700592498773	39.02381915889767	38.99581288230817	38.98083559970508	38.93575786647904	38.88266991010253	38.86112876722458	38.81438411751476	38.72351062060395	38.64044480415019	38.46923710015387	38.252064941158416	37.9168236856126	37.43068975997399	36.66701088899921	35.5719492641698	34.43526803364303	33.466163441383124	32.3749182590176	31.22757768267478	30.25337043230357	29.581503196911893	28.880144753536268	28.40956628306082	28.44246206418928	32.602000460664634
Sin-APnd_010-Ex1-4G-lcwgs-1-2.clmp.r1	39.23914344646287	38.97353310625981	39.280542336131774	39.288351219705156	39.3329864478277	39.316026805819654	39.21811508550754	39.297899194002746	39.2890154437415	39.235125347312625	39.40820137996031	39.41285763748901	39.255383501041564	39.20116670021686	39.16683738275539	39.130790281078426	38.98914919152774	38.87308852186711	38.70171397873797	38.6416723268034	38.629374981672996	38.73062212813259	38.81819374571295	38.78046673282266	38.73936005954604	38.6597275147153	38.54185494790667	38.28017278044297	37.69731732480737	36.981541475216446	35.989118259119394	34.84997607079363	33.566255527060726	32.41102679645905	31.28938906663236	30.288644951806827	30.240496509629548	33.49178311502556
Sin-APnd_010-Ex1-4G-lcwgs-1-2.clmp.r2	38.85828121106256	39.04228662551557	39.11759555320841	39.13734459044938	39.20935655814002	39.23553332872642	39.21360018713888	39.223603908449725	39.260039268130676	39.22124094641494	39.22680649501201	39.23359588333053	39.06047539756058	38.986324069333	38.959838031199745	38.94506838417302	38.8974862735583	38.84437201219607	38.82295292945455	38.772013223155334	38.679119442408	38.59216751066509	38.41603372434845	38.193037017758996	37.85403869469683	37.35864205692077	36.58631490488342	35.48877709882701	34.35415910082524	33.40375197268254	32.31176297033602	31.185551023527285	30.201728251880564	29.55743797493552	28.863264387442975	28.409499554388553	28.45045777374013	32.58281602975755
Sin-APnd_011-Ex1-4H-lcwgs-1-2.clmp.r1	39.225603735832095	39.00097425191875	39.303451337934376	39.289041816756416	39.34479183123115	39.29696520853195	39.225916042484855	39.28141769622553	39.28852322477023	39.2383536105745	39.40476826538585	39.407111713121665	39.24400684981729	39.1862408880386	39.15062236778032	39.108671769445024	38.96940616296839	38.843883772196634	38.671161906999444	38.60538438491903	38.602252200455	38.700973584188304	38.785813142319554	38.74806431729659	38.7048912264423	38.62728363969832	38.50777930709778	38.24914784475589	37.68821895262235	37.015972909851065	36.08174261538256	35.00579238930605	33.77574705449646	32.6651864791213	31.56177882321515	30.573810494422542	30.490240669006976	33.58223947270985
Sin-APnd_011-Ex1-4H-lcwgs-1-2.clmp.r2	38.851312377731944	39.014269897473255	39.08876931879166	39.10932550561904	39.18171894812802	39.2082871375971	39.187645315380294	39.19800350413496	39.23217224177191	39.19019719929187	39.19318530589413	39.19876703143963	39.015140054416314	38.93589479800267	38.90638644066743	38.88839021045946	38.838384581761446	38.78045470133605	38.755495381466474	38.70158414169107	38.60445703183246	38.51193306976476	38.327968605818356	38.09688089058618	37.74813224170241	37.24805762132782	36.47373589810545	35.372654336837165	34.23245368563135	33.264431144080405	32.16362503105775	31.008318821922423	30.01580863422543	29.34143992442396	28.66279048688108	28.206165270634198	28.249642430987752	32.457440827606426
Sin-APnd_012-Ex1-5A-lcwgs-1-2.clmp.r1	39.218796878631935	39.00124416708934	39.2577260156991	39.280827260006575	39.297284295870135	39.279563839573925	39.22685103347334	39.27646553541241	39.28927225771723	39.2473431128284	39.40301036451592	39.40275329227156	39.23317225906095	39.16902540533714	39.12365786038494	39.07993573794358	38.935383018122266	38.81036913048327	38.62416054772057	38.5381419012064	38.52046577251277	38.60691764747301	38.68273711663214	38.62610356299079	38.56574844591238	38.4631082062851	38.31942875479631	38.027685378253224	37.42295034771874	36.70538997079747	35.725977485718616	34.62814921830518	33.38496084013629	32.2924693822644	31.220406110896892	30.263597505523364	30.272156047369624	33.516934362382834
Sin-APnd_012-Ex1-5A-lcwgs-1-2.clmp.r2	38.800642219332886	38.95194513920268	39.0167240155575	39.04056663391593	39.11005122793211	39.13948072529751	39.10840823585827	39.12464863149843	39.16231855980179	39.1087414149643	39.11921752006108	39.11944257559996	38.914113009504135	38.824581667582855	38.7923792458855	38.77217065894422	38.71705287340856	38.64921849664405	38.619855928731354	38.55123458615155	38.436530719910216	38.327885489891	38.12108225026153	37.862048808899665	37.478911816603826	36.947617022812054	36.150118769946005	35.04196330353591	33.912027042568724	32.96150952980423	31.869084414130857	30.736846416024868	29.76327446848371	29.116329461006046	28.435960927648132	28.001016908696535	28.11474793426	32.4180407555719
Sin-APnd_013-Ex1-5B-lcwgs-1-2.clmp.r1	39.2083459069044	39.01884749277652	39.28685003693356	39.303973731430006	39.323007772812126	39.31312789488188	39.255150659477415	39.29451492300609	39.301530580921735	39.24976880883166	39.409591152515574	39.412888962201826	39.2443951501635	39.18814747091214	39.15047212824145	39.112416804505244	38.97542636352239	38.8587502673971	38.682731433732684	38.61387571957637	38.61314815961606	38.7110584914641	38.79085902960994	38.74639030354132	38.69886432910095	38.610090276221285	38.48081602284818	38.19564919129499	37.58320691427646	36.84089692050115	35.841128389685956	34.72188636369186	33.473100034246	32.36873940493406	31.29101443699809	30.3292276548273	30.317736053442314	33.60894247163173
Sin-APnd_013-Ex1-5B-lcwgs-1-2.clmp.r2	38.86809615747024	39.01814258332063	39.08577933988821	39.110503322719985	39.179646725145496	39.20914555351623	39.18056669723333	39.190876979066154	39.224926302387445	39.17369972092477	39.18165643458942	39.1837772001288	38.99449991366845	38.91387431763535	38.884121342659896	38.86946781949828	38.8195829337046	38.76285840663447	38.73766170227229	38.680320772984544	38.57710725343021	38.47746759003824	38.284299640627765	38.03375353602732	37.65978199478515	37.1381302193741	36.35874278693492	35.2693866354782	34.157326310491996	33.22212213680143	32.13336294760934	30.992366484765103	30.01043918548328	29.35971208043403	28.68039557608755	28.24030121403225	28.28856208964683	32.52022401383356
Sin-APnd_014-Ex1-5C-lcwgs-1-2.clmp.r1	39.232089546405675	39.03403409752747	39.293749656330384	39.31387500358478	39.37289082857829	39.360378980402274	39.2715177487944	39.321914782354014	39.32220919095726	39.2783819412105	39.42896112953987	39.431253976116196	39.2704668980012	39.215907005932834	39.1765292543382	39.13639046380897	39.003835409257526	38.8900623259989	38.715957253531926	38.642801282806225	38.63342480081291	38.720441529746644	38.79566746237321	38.74491094815666	38.691017240600985	38.594745644866066	38.46098606739555	38.177475342562005	37.59245981758248	36.879047458019194	35.896802380605216	34.77067934916314	33.50756628338014	32.38228986471759	31.307212336808796	30.350395173051993	30.309095019914103	33.56594959225748
Sin-APnd_014-Ex1-5C-lcwgs-1-2.clmp.r2	38.89011644173459	39.02535321066199	39.089153052901466	39.109557339370895	39.17582400433448	39.20427694813046	39.17597684624765	39.18944076990491	39.21994035733797	39.16637268746604	39.175261735648476	39.175332012425514	38.98580678728668	38.901960538934034	38.87189786717177	38.85726571735033	38.80706148128885	38.74649118343879	38.720596110753924	38.66248534822194	38.55744730964718	38.45622253231843	38.2606983897323	38.0137607248181	37.64641431333389	37.13259478983126	36.35406319388149	35.25994385756665	34.12667112231533	33.15564089309737	32.02621602114943	30.84446236933008	29.80507651949143	29.07813630462046	28.325994707837044	27.822271689942756	27.88678998278389	32.31543770980274
Sin-APnd_015-Ex1-5D-lcwgs-1-2.clmp.r1	39.23231442018914	39.04421372138875	39.2920684322312	39.292527806200596	39.338017498796674	39.323893878529375	39.23314025357598	39.29338129272791	39.30400463378144	39.262043902236414	39.418175557510814	39.42163214476264	39.25821164154075	39.19831699221047	39.16017476930306	39.11837612726909	38.98353528951011	38.86357269628364	38.68848159276605	38.614762743922874	38.60430801911535	38.692140555808535	38.76834122918253	38.718139947641106	38.66351044067828	38.56822557224571	38.43339008333143	38.15189620799434	37.561166631560084	36.85435770258132	35.88683135848611	34.77400129672333	33.5212603941835	32.40572422615142	31.31366667133873	30.34319632063856	30.297490764849254	33.50880547407989
Sin-APnd_015-Ex1-5D-lcwgs-1-2.clmp.r2	38.90272615166896	39.036958754068955	39.10134793020945	39.12407582513238	39.1895919220531	39.21633693338508	39.18776703600754	39.20178502127826	39.233495209286986	39.18434316795152	39.194046588573094	39.19495938555607	39.00896992660138	38.928782596115944	38.89739219831977	38.8801541887102	38.82942959065097	38.76880310241207	38.74190158368216	38.68343184605748	38.57952064767341	38.48430795157215	38.29539221974618	38.05813710260649	37.70274679072969	37.1976488560625	36.42911623546734	35.333810209528664	34.19313647229781	33.21953172160536	32.10858634178119	30.94094697909312	29.92225851391396	29.225207932530367	28.4948584908155	27.99811714433441	28.074006935427974	32.414607258168665
Sin-APnd_016-Ex1-5E-lcwgs-1-2.clmp.r1	39.214412422240414	39.02762784495817	39.28795175201871	39.29596142898424	39.317609242528434	39.30790804795934	39.25545625414179	39.301036884740256	39.303620462176085	39.253304615658436	39.408335534889645	39.4099343601377	39.24076974785979	39.18323230831428	39.14169636036934	39.10063084860366	38.95738155548679	38.83973823875615	38.65555201154489	38.5793616352554	38.57179761959753	38.66556824627632	38.74527369000029	38.69781263783604	38.64778593439296	38.55380904104227	38.418820110119796	38.12505292924256	37.503252048393804	36.75331131459739	35.746753275809745	34.628002661884516	33.37611883796566	32.27701884555576	31.216211331761734	30.271171309843066	30.283166362879548	33.58962009317309
Sin-APnd_016-Ex1-5E-lcwgs-1-2.clmp.r2	38.905050908183675	39.0373184048377	39.102455075773044	39.126246180572565	39.193745107008176	39.22129422014906	39.19196700697924	39.20405142544595	39.23660521346092	39.1825713691132	39.19089499014072	39.19019071284098	38.99987961230437	38.91639897705819	38.88628369479291	38.86685211362994	38.81334835146877	38.7517402417005	38.724147832910774	38.66554136696804	38.560533683700186	38.46211101666445	38.26938308959036	38.02365400072871	37.65763892667677	37.1428506690993	36.364222662376676	35.27771080991309	34.15740695734462	33.20046014113278	32.09257917117105	30.940728273636978	29.93084691953633	29.238481049807433	28.523037528449095	28.038890923761926	28.117172080431253	32.471975466868166
Sin-APnd_017-Ex1-5F-lcwgs-1-2.clmp.r1	39.23150904371022	39.02010264820937	39.3076649935876	39.31560913289639	39.37522739234378	39.34573115340558	39.28330197478348	39.325571438762935	39.32134342480586	39.27541043375318	39.42830844746045	39.429815709006654	39.26835738245177	39.2116798264747	39.17339105509119	39.133110251800495	38.99997429471481	38.88294820177403	38.712493033098646	38.64349759721403	38.63987838243406	38.72956715050459	38.80609617725867	38.7600630339119	38.7129705873371	38.62446605997999	38.49809072465526	38.2278966476862	37.65596688247684	36.96799345144996	36.02176045411876	34.93713225401476	33.725808957932074	32.628128439103705	31.55638515715928	30.600319922266316	30.537235063310145	33.66383277897613
Sin-APnd_017-Ex1-5F-lcwgs-1-2.clmp.r2	38.913438137452374	39.05537366233867	39.121056677224004	39.1444359822724	39.208910556207606	39.23474578703233	39.20968357697322	39.221434884035936	39.25329648615011	39.2013927808233	39.20702890527299	39.205723100531166	39.02246683587079	38.94035822706315	38.91100817738714	38.89523673139003	38.84348084668153	38.78479118860504	38.75957696976397	38.703836139608796	38.604685510432354	38.51124651145422	38.32695328556528	38.09322725732342	37.74381807465379	37.24660430192658	36.47854820055208	35.38983553440005	34.259592216084236	33.28227190052781	32.17073514624447	30.99817014745748	29.98917850921689	29.288538694776026	28.585038581526398	28.09624723140086	28.16250450544724	32.46560232763742
Sin-APnd_018-Ex1-5G-lcwgs-1-2.clmp.r1	39.25662621913435	39.00895101904406	39.308082407748884	39.3185774991246	39.36531318812473	39.35320851125979	39.26179680869978	39.336544875668544	39.327401684695594	39.27640816455833	39.43844433213063	39.445363616368226	39.29530040053871	39.24518548304549	39.21501898648143	39.18334267986212	39.05384716462346	38.9508926709608	38.79083409412107	38.73352490190671	38.72813620787737	38.82024766451475	38.901921382571196	38.8634968052033	38.819053902148966	38.737353005521435	38.61222764222994	38.33908872786988	37.72984136681704	36.97374270782886	35.95533790970354	34.80901882666511	33.54079131283582	32.40192405426744	31.301360568438735	30.31481580288745	30.27874478029559	33.57397268538903
Sin-APnd_018-Ex1-5G-lcwgs-1-2.clmp.r2	38.94795366886203	39.105754017718134	39.17326104640644	39.19511670164487	39.26007861695377	39.28833621795045	39.26398721928558	39.27331611822254	39.30393446401473	39.25882824156337	39.2682900652412	39.27253397847197	39.108645401619825	39.03846373769047	39.0135124995486	38.99854097763479	38.95643608204981	38.905475381719974	38.8844461544285	38.83470424144981	38.74267918722076	38.654398262461775	38.47772179898346	38.24800693439032	37.891824982798695	37.3811130696286	36.595596467912685	35.48074736014151	34.33778221751564	33.37722714634257	32.27458128717923	31.100080488030777	30.087700936674814	29.39354250691958	28.68606701055088	28.19330291320542	28.261437991468426	32.50313698992179
Sin-APnd_019-Ex1-5H-lcwgs-1-2.clmp.r1	39.20356615720933	39.00502250927629	39.293895919450016	39.284845520637276	39.34124170779818	39.296913987845286	39.225878152553214	39.282730381754405	39.28960931699911	39.24332025490846	39.40047743963881	39.402105786768765	39.23060315281882	39.16823691073311	39.1252711645116	39.08148799727262	38.93775030486618	38.8098334908233	38.62262103651798	38.540840050342915	38.52996518668938	38.62219706652689	38.699169681026596	38.647259054522806	38.59064938920029	38.491538951928604	38.345403578464264	38.04348657691514	37.409141156394426	36.65213940570655	35.642338564883474	34.51672912671593	33.268534760242744	32.16177836895181	31.09670104562423	30.1441457494941	30.153085651177292	33.52080766243852
Sin-APnd_019-Ex1-5H-lcwgs-1-2.clmp.r2	38.84497333864523	38.994171888725454	39.06206457531199	39.08546875881955	39.155949971826814	39.18336168800215	39.157050495465704	39.16752259871401	39.20168229162739	39.15004930337229	39.15826309029167	39.158263340837756	38.96078894646603	38.87411605607454	38.8418116752082	38.82246655037086	38.76557286949354	38.699574999921715	38.66729905965779	38.60106935762479	38.48585245842152	38.37545084585942	38.16542528484075	37.89896198020489	37.50588032940978	36.96516418993387	36.1620568314832	35.05489299803012	33.92893300442249	32.98671967108746	31.89698620950182	30.757566910326688	29.769665047412236	29.107726340012714	28.40803058266377	27.95037647445697	28.05975724848427	32.42101797919439
Sin-APnd_020-Ex1-6A-lcwgs-1-2.clmp.r1	39.168166319626714	38.94395141645632	39.202666717276294	39.23048350605105	39.248001631948355	39.229639032150295	39.16568455367029	39.22034311841454	39.233848466512455	39.191712111247305	39.355432410651304	39.35370479313793	39.16286740705861	39.09026983773396	39.03662348429092	38.98580406089734	38.82444191970877	38.69307171204467	38.487192784658816	38.398849265823365	38.380187448254794	38.47933808098368	38.56341169624599	38.510966875377974	38.45845669661201	38.35260851440676	38.21955146629767	37.93135216756018	37.34248315870575	36.637937099004304	35.63075768589824	34.44492970528199	33.08709228823742	31.928861999764727	30.831929867530185	29.866006262270684	29.861386175249937	33.29349866688508
Sin-APnd_020-Ex1-6A-lcwgs-1-2.clmp.r2	38.75557130862601	38.8955768707369	38.9541475736378	38.97863422080774	39.054327361503596	39.084082004132675	39.040842031067456	39.05817066774276	39.10129104376096	39.03945258480708	39.049438861894146	39.04568896858255	38.81180460175085	38.708891225694835	38.673922040943644	38.65166460731156	38.58971642652714	38.517180725283296	38.49374653568688	38.42535090597276	38.312721292069206	38.20889561420293	38.008848362808706	37.7618869802776	37.409487787525975	36.90262876931847	36.133365554962374	35.05772565631479	33.92727890744714	32.94363844108095	31.79441412499373	30.636580388589955	29.57920120351064	28.86824076841979	28.09804888121706	27.622783686265876	27.73350405807816	32.250440608441025
Sin-APnd_021-Ex1-6B-lcwgs-1-2.clmp.r1	39.16864732089017	38.98115573379323	39.25443987455443	39.26883714560036	39.289742138829766	39.27813166138265	39.2135790254864	39.257286013459925	39.26701122559103	39.21263597763269	39.38099035303842	39.3843952125056	39.203214943413954	39.1408322194564	39.09466490122869	39.050335182939406	38.9021919586836	38.770581683629054	38.57789932672525	38.499413346721916	38.486329079848474	38.584634703766525	38.662700801538605	38.613562337410855	38.563759891691625	38.46922472303406	38.337257303676076	38.05903652747052	37.467990803594624	36.76459483249632	35.78840650439654	34.664713428032265	33.38902772315701	32.261601573435534	31.185705972655484	30.216790363561632	30.18437962800308	33.49575621728795
Sin-APnd_021-Ex1-6B-lcwgs-1-2.clmp.r2	38.761542004754766	38.94323701687862	39.00973232581758	39.03243561470182	39.113482979647024	39.14352288742818	39.106972600211016	39.12052464351227	39.16442395013821	39.10905459078989	39.12011537126206	39.12101017891032	38.90747839162371	38.81707201328776	38.782869516541226	38.766076755350284	38.70947897909258	38.64220076364251	38.61512369202008	38.54795750746801	38.43528994905845	38.32711418683759	38.12774208244677	37.872658942279784	37.50419968429154	36.985945597225836	36.20807339086149	35.13052247865882	34.00971943553566	33.064453488927185	31.95935678408457	30.83443024443715	29.838389500221655	29.188665594830592	28.490625855511915	28.059190016594613	28.13192692851004	32.41153035499246
Sin-APnd_022-Ex1-6C-lcwgs-1-2.clmp.r1	39.191577576194454	38.99189496119369	39.27794064905429	39.29884527739304	39.36139194307515	39.34767750037443	39.244933076021155	39.29917258988838	39.306113850933485	39.256836635311096	39.4217722521815	39.42723655245091	39.270064950151806	39.21324162588878	39.177251857518876	39.13650053875811	38.99965838899079	38.8823972208743	38.71042649593424	38.641180368912316	38.62523366162303	38.71271441688106	38.79603374733986	38.75161572824211	38.70543511465265	38.61752089373291	38.490203258394814	38.22345729794487	37.639005548169095	36.93743511722592	35.97641241540915	34.88541516584928	33.66976350627899	32.594361952614285	31.561264325343576	30.656386627662858	30.59877684373374	33.758143609100394
Sin-APnd_022-Ex1-6C-lcwgs-1-2.clmp.r2	38.799261237022534	39.00255915614317	39.07266411115552	39.09874295537873	39.174269699352905	39.20754155511032	39.174122384156995	39.18356702061221	39.224835425336074	39.17480600529966	39.18531777386712	39.186143476154534	38.99501737987576	38.91147702198587	38.88084463829569	38.86809919550387	38.81906853298919	38.75858154808718	38.73378554497843	38.675270864341954	38.56905373106026	38.46773790947551	38.27385809116252	38.024631679312165	37.66053221483488	37.14647438752955	36.37315095032249	35.286830809509226	34.16215810480785	33.197207778482216	32.07713030820876	30.914990768573055	29.883190160579964	29.191092824770806	28.44863786554017	27.969574629015618	28.011479449016992	32.31888091547038
Sin-APnd_023-Ex1-6D-lcwgs-1-2.clmp.r1	39.1167366728876	38.947818136785976	39.20387359272907	39.20730713428574	39.25725520492155	39.24200542639524	39.14699977290852	39.208354716209676	39.21358953488778	39.174222647508316	39.33888480867427	39.33970896497627	39.13649629592378	39.05925602118955	39.002991598597546	38.94715929018135	38.786029519904154	38.625546356128595	38.410256598545644	38.30767783341879	38.28719453844932	38.379681752398696	38.45517240375076	38.39328783813538	38.3234716183944	38.20857747187752	38.05018554703827	37.73239911117892	37.09027867444253	36.36499958664685	35.39428764267388	34.30164648703904	33.09948122107962	32.016347469844575	30.968497752455637	30.052976482716026	30.040910528253647	33.392068093377674
Sin-APnd_023-Ex1-6D-lcwgs-1-2.clmp.r2	38.68889070155441	38.821049472962	38.90072813620147	38.93359380904182	39.00870232968286	39.045527498700956	39.00896709973952	39.02310828115489	39.056701561645696	39.00592681249956	39.01858272229797	39.018377496140104	38.767440466378574	38.66353822894537	38.6228027919837	38.595671486301626	38.528878715615726	38.446302720007246	38.40520278007795	38.32169835797745	38.18612517759825	38.057534197521846	37.82462900720085	37.53461120786185	37.119101630932946	36.54896120174584	35.71787147721174	34.56947249184426	33.41352928505917	32.44273781965384	31.3404526750176	30.204200439279383	29.231431508434042	28.595773268373193	27.916300578420266	27.491882846723037	27.6461244588714	32.1462044610372
Sin-APnd_024-Ex1-6E-lcwgs-1-2.clmp.r1	39.20094989930471	39.017952964118116	39.299282898281106	39.30928605651409	39.33308738687903	39.32403470399643	39.26462661346008	39.310745956597714	39.31292052899025	39.263513267458755	39.426722482987245	39.43156810400079	39.27532984249659	39.22180143711655	39.18616713924096	39.1489194323689	39.01403339552299	38.89591021447233	38.72927520480979	38.66466904270728	38.65449862655688	38.74425205243017	38.82392145694607	38.7821426748222	38.736512475567416	38.652394258565934	38.52551295387117	38.25639432078973	37.67510574317524	36.966830503866994	35.9862709815725	34.863110390945835	33.600675035394396	32.466530133218136	31.367345260950163	30.40284037281138	30.32714991181494	33.49773785683893
Sin-APnd_024-Ex1-6E-lcwgs-1-2.clmp.r2	38.89085211930958	39.04146877619599	39.118269563825734	39.15003935894633	39.21507929769514	39.24935088419253	39.2198453242248	39.23009705868578	39.25699075246341	39.21395681009953	39.225334363202805	39.22682016029598	39.04655257957007	38.96896976569311	38.94327792121403	38.92560193559779	38.87869193829171	38.82231973988969	38.79992513618542	38.74460881777974	38.64611821471023	38.55408838401716	38.37637606057543	38.14775074414406	37.800969629260116	37.304639315125584	36.53362910075506	35.43901799531331	34.2944478288738	33.31314785052997	32.201478514304384	31.022399860478835	30.006660588594933	29.294173390306923	28.57653903342655	28.099198673116508	28.159930194607124	32.421815144676714
Sin-APnd_025-Ex1-6F-lcwgs-1-2.clmp.r1	39.267696625758425	39.040989654137654	39.3349687127685	39.342155882917794	39.39939891394249	39.374032017617246	39.306692963937635	39.34747299743138	39.34656722278939	39.300826683686225	39.457952825658296	39.46225779981104	39.31952953083698	39.270395171887344	39.239850847307935	39.205656203922466	39.08274312719995	38.98094109978857	38.831767687652004	38.77616198263449	38.76662873047992	38.85072571419808	38.935766010389784	38.89713284364797	38.854335655150884	38.77607092894491	38.66014910680981	38.41092937984685	37.86456128301576	37.171707602017435	36.18449715524228	35.037195526650045	33.724026816185834	32.544431810613055	31.414198701247425	30.412546700833968	30.300930880984435	33.44967902473705
Sin-APnd_025-Ex1-6F-lcwgs-1-2.clmp.r2	38.978017556200754	39.12057710040568	39.181889088747624	39.201101038777345	39.26735593526764	39.29627453809431	39.26868680834055	39.276625319791876	39.306733833780655	39.26013836003768	39.26974710743361	39.271188511304906	39.10457082987843	39.03284124781279	39.00722130004511	38.9924853597856	38.95019343582865	38.89961630233046	38.88057048027453	38.83343820939049	38.744200211143074	38.661176109190016	38.49342555707806	38.28107389423589	37.955824039112926	37.478657570680305	36.72674407590434	35.63538540210417	34.50417427587111	33.53349047583595	32.41753616194079	31.22472718016428	30.2019011897685	29.46958052384134	28.721020371530756	28.20518361976199	28.244276827302777	32.484575382545465
Sin-CPnd_013-Ex1-4E-lcwgs-1-2.clmp.r1	38.98381294964029	38.727068345323744	39.26978417266187	39.318345323741006	39.314748201438846	39.33453237410072	39.356115107913666	39.36960431654676	39.39118705035971	39.270773381294966	39.48597122302158	39.51223021582733	39.433003597122294	39.409431842464826	39.379271682243676	39.387592657601644	39.25832029176304	39.11680285310355	39.00964902414952	38.96733727127942	39.04580109485064	39.1182922603664	39.14672614872524	39.07854873183778	39.071464397837644	39.02335447514174	38.923903593521096	38.78613302000215	38.381337126644695	37.96402398193408	37.24968328363749	36.29901036691622	35.184463224806166	34.00889038833661	32.639114267906564	31.52837967519194	31.08714479608808	33.26001863932898
Sin-CPnd_013-Ex1-4E-lcwgs-1-2.clmp.r2	38.13758992805755	38.697841726618705	38.986510791366904	39.11960431654676	39.12769784172662	39.243705035971225	39.260791366906474	39.177158273381295	39.34262589928058	39.29064748201439	39.287679856115105	39.27014388489208	39.18615107913669	39.13922644062968	39.116655411492104	39.111689224064854	39.128275116644865	39.053745755273965	39.06471895743276	39.02607174554849	38.94752098275806	38.82370133477206	38.725419746037026	38.48436128681291	38.20662129715299	37.60875669818828	36.88413030447851	35.6962168130118	34.41635667883083	33.08719222442251	31.880082335735068	30.347019753607356	29.142680076343446	28.35946221134376	27.74549865755838	27.24553248479807	27.19512856222475	31.9492600422833
Sin-CPnd_015-Ex1-4A-lcwgs-1-2.clmp.r1	39.300450148453216	38.94090604348243	39.312709510583275	39.34182549564218	39.39852504549373	39.359065223637586	39.23838712766976	39.344124126041564	39.371516138300926	39.31929891772819	39.527248347859405	39.55230341921272	39.461162723877024	39.43820680610405	39.43006722100679	39.41813465678298	39.330929796931706	39.2161708459841	39.07321438761053	39.07406228001419	39.05151450260904	39.15432471500934	39.21145173792084	39.181505414300425	39.14564212733909	39.120456892316156	39.039715512065314	38.85953133558757	38.48152461857187	37.88394626881002	36.956641362002706	35.74700460496187	34.373968371898556	32.87245312818982	31.711193273692317	30.33720964183243	30.07910678036503	32.93700787401575
Sin-CPnd_015-Ex1-4A-lcwgs-1-2.clmp.r2	38.66449573795614	39.02154965999426	39.23034192127191	39.234172971937554	39.324585767646774	39.41921271908821	39.369409060434826	39.34603965137439	39.367493535102	39.361900201130155	39.37630495163298	39.399789292213384	39.269342017048174	39.22163745689436	39.19674952266808	39.19717107819262	39.181081228535035	39.138479107453556	39.13988630386442	39.041295975304806	39.0435979789753	38.996740689062925	38.84223827933003	38.63571027619338	38.36795651306717	37.8548882414059	37.02195625908711	35.728252677678746	34.33552642355133	33.23864247086292	32.066727795536494	30.598184466663394	29.643262546566937	28.898914995211392	28.110733449332464	27.496709445241407	27.582465509656807	31.774107618540224
Sin-CPnd_018-Ex1-11A-lcwgs-1-2.clmp.r1	39.20594575175139	38.96278291719059	39.31184884138674	39.33527932459134	39.36303215376325	39.33536913957248	39.28282737560625	39.34355352972876	39.34982935153584	39.300107777977374	39.50151787318124	39.52247844440452	39.425550116759474	39.397483240830326	39.37691652206795	39.35618373189904	39.264671101716615	39.18242046848306	39.05596762869256	39.025799141402565	39.00684216201479	39.085987360056194	39.16371731555521	39.13950734709075	39.117015600748694	39.07191324842017	38.98110205881966	38.79298268413372	38.334396386429866	37.73999360757371	36.81822139532946	35.59833474839123	34.167613683490096	32.83363645072412	31.529194356357216	30.39163334199096	30.11584652924148	33.17135317135317
Sin-CPnd_018-Ex1-11A-lcwgs-1-2.clmp.r2	38.67043515358362	39.0552362134004	39.19547107957607	39.246699299443144	39.32712861505299	39.3465061972337	39.34021914855398	39.34904347045087	39.3901338243219	39.362100323333934	39.375945302676485	39.39501077779774	39.26260553260284	39.208703524181	39.19799236588295	39.190511237315285	39.16325809528943	39.13513670781346	39.12046959514345	39.07396353748011	39.00359466264482	38.936465683853406	38.798723285631866	38.61274264837124	38.32337729842804	37.84440356089947	37.02104510379682	35.81512320354258	34.51610261119235	33.39951087025757	32.26021435204923	30.92192016617069	29.890861950173267	29.103785140170686	28.43045006591234	27.935526257380797	27.845071446880887	31.93025958930647
Sin-CPnd_019-Ex1-1H-lcwgs-1-2.clmp.r1	39.35778568235271	39.04725251229421	39.40369700857193	39.369681419713494	39.43538009990864	39.35529768499621	39.30771473555309	39.35716368301359	39.35580305945925	39.325441716718174	39.51023772037242	39.53794779093047	39.44977938460941	39.41531510723431	39.40894411893608	39.39298644580035	39.31288554551497	39.23495039074351	39.12076664337317	39.098052353298996	39.091694777766854	39.18687277859605	39.25730012861916	39.214176133605115	39.19695744052663	39.159231414785815	39.100574029930435	38.92847563450221	38.50834218752766	37.96604992740281	37.07443159129478	36.00154009678068	34.670708073845404	33.39224529688866	32.14402052373842	31.050920098680564	30.721137527487382	33.34067386038318
Sin-CPnd_019-Ex1-1H-lcwgs-1-2.clmp.r2	38.97109646821	39.11773281240889	39.23389118899061	39.27828639182071	39.32264271969211	39.356541683674465	39.33395533267246	39.367387797150464	39.37535716368301	39.3572647579062	39.368141971349154	39.385005928431205	39.27603941920811	39.23316825638647	39.21071170384174	39.20698140112884	39.18577101797098	39.14989150553207	39.13931862847022	39.11896607681559	39.0566818027295	39.006840275057115	38.860106844143196	38.71480756002859	38.43018146006786	37.96821245125243	37.21076017060202	35.97698439431228	34.621531226004365	33.58646030116763	32.36961814506055	31.17623072287875	30.124650228868802	29.402353801058638	28.71943780936469	28.116233318462328	28.05906232343391	32.24357754519505
Sin-CPnd_020-Ex1-12E-lcwgs-1-2.clmp.r1	39.25711526497108	39.05081204557484	39.39188975866136	39.38031033233975	39.394879794968936	39.40156559043931	39.32971186078688	39.381396774103685	39.392224048434876	39.340637564884716	39.51290637100593	39.52669025266736	39.41399559851798	39.38706821226971	39.374069790116906	39.350953404532554	39.25171482189994	39.158245426459	39.03618003024334	39.00568456248908	39.01057369155778	39.09227077154718	39.17156064323785	39.149570182416106	39.131939642636816	39.08262955186617	39.00437701263896	38.81779408082312	38.399555269888104	37.84990061586011	37.0130389287108	36.00374629467599	34.81022249985485	33.67136784782441	32.45481732900936	31.371738731985886	31.083859295025206	33.760751285682346
Sin-CPnd_020-Ex1-12E-lcwgs-1-2.clmp.r2	38.89647231430667	39.109544901616665	39.23543285882757	39.25468237828602	39.33154116871419	39.35422644417825	39.34538633683409	39.34519133446621	39.3754352731426	39.35585332107605	39.37282038424752	39.37922946207205	39.251172335664066	39.1990093556431	39.178898941946024	39.175515018816924	39.14425160628908	39.11360176413226	39.097981711820005	39.06314019877868	38.99031290986373	38.92627478750875	38.8035482603993	38.61981557204853	38.32353968210334	37.879953582024584	37.12579964518367	35.94838174335148	34.708118872567454	33.672708223290314	32.51213372500982	31.275720604547892	30.302923063159533	29.596298153742158	28.946270239928833	28.49637716729277	28.475313472493497	32.5336764646749
Sin-CPnd_021-Ex1-3D-lcwgs-1-2.clmp.r1	39.297560975609755	39.04095292115712	39.44276800907544	39.37583664208735	39.39466817923993	39.3402155416903	39.33159387407827	39.38287010777084	39.39171866137266	39.27872943845718	39.53061826432217	39.54323312535451	39.44893930799773	39.44453849371049	39.45609262417931	39.42301479755241	39.330178331167915	39.26665307591703	39.142849179965694	39.13435056155585	39.148489240344276	39.23145025626512	39.322131613605556	39.2651874347289	39.248587237186655	39.23514555623836	39.129768703654875	38.99157518535934	38.53907125810897	37.97890172177876	37.06986001927531	36.0566745940058	34.710139721098194	33.06936355474718	31.6803810360505	30.319336886721324	29.953856570648007	32.822429906542055
Sin-CPnd_021-Ex1-3D-lcwgs-1-2.clmp.r2	38.761202495745884	39.19024390243902	39.352013613159386	39.370618264322175	39.37878615995462	39.48133862733976	39.41100397050482	39.395121951219515	39.49676687464549	39.44018150879183	39.449393079977305	39.46277935337493	39.352013613159386	39.33650867090793	39.32069544975555	39.29222095975007	39.2700437593912	39.26595672415779	39.25707613100133	39.20201321207422	39.156808352429614	39.1587967616608	39.04696608215429	38.846826913937036	38.489136518863276	38.151343330111374	37.28604448067473	35.916202775139226	34.657030327160584	33.495223208465355	31.977101399566912	30.537167220749843	29.665369396378935	28.71118014048151	27.954921022582276	27.473979283124798	27.49381191416674	32.138328530259365
Sin-CPnd_022-Ex1-1D-lcwgs-1-2.clmp.r1	39.18559408328421	38.898333244010935	39.33871054182968	39.31357521839327	39.36384586526609	39.34819658073852	39.27734605284313	39.33501259445844	39.33083230612573	39.278643014095074	39.50612573021063	39.535001875770405	39.45012058524036	39.42491151313844	39.411760776746505	39.40776624421428	39.329419566258196	39.24062969082359	39.13117066892277	39.10880267014246	39.095283478548495	39.16990406986277	39.24004934921011	39.23419639925656	39.21466728506018	39.157402322129656	39.096001166348344	38.93858327435562	38.52142216992857	37.97808174608452	37.07614571590631	35.828184585427564	34.448357349073206	33.067928268439246	31.72991477545322	30.470598500818994	30.159370299732398	33.11368470810683
Sin-CPnd_022-Ex1-1D-lcwgs-1-2.clmp.r2	38.37622594994372	38.807063615413476	38.998231416474624	39.0831234256927	39.20874644943459	39.24336781177984	39.21260517712632	39.24004501848974	39.28538506886757	39.24841631384318	39.289865480465195	39.31516158422209	39.168915804705506	39.130996523713556	39.109679672156254	39.10743876543653	39.08617226102526	39.06198442908699	39.0367353300594	39.01912340084582	38.96713017192699	38.912371800901965	38.762075165716794	38.58463964606161	38.26640933796737	37.75337240188345	36.89051928084088	35.56745177974762	34.205931611038345	33.07155932642154	31.82558125336454	30.462722841738845	29.39896083694807	28.66655874766882	27.951850822816834	27.476119261748305	27.48119856478981	31.867182795698923
Sin-CPnd_023-Ex1-12B-lcwgs-1-2.clmp.r1	39.19460851128275	39.002970677663996	39.3480585747737	39.364985612600336	39.376157690560234	39.378650729854726	39.29875697526765	39.36306340940598	39.37648388261746	39.31000594135533	39.498330595649996	39.50353568890598	39.392183040342964	39.3517320219068	39.3441507678019	39.316390286654595	39.212008054346896	39.12371170757944	38.99825654533184	38.96683562196299	38.955852487436175	39.04002078021057	39.11184203218722	39.096157260401554	39.072346134413344	39.02551289397548	38.951242511756256	38.77021501849018	38.320031553589175	37.766646123780546	36.85814390834356	35.79866891934905	34.48247331421065	33.31841535170293	32.12045652219439	30.921852465915855	30.617043506596133	33.41019955654102
Sin-CPnd_023-Ex1-12B-lcwgs-1-2.clmp.r2	38.82012837987395	39.11243141229511	39.21376064492829	39.26348163422221	39.343829727746126	39.370589126154776	39.34179102738848	39.35066811123149	39.40297533755053	39.36028145714651	39.36981092510397	39.38830834469181	39.250489870571656	39.19886271941003	39.18989002075374	39.17612481759778	39.14704096143209	39.10914080387993	39.09194988415952	39.05318701370428	38.980186817674934	38.914277713701026	38.77810592774715	38.60270245659788	38.2924723900741	37.836083322407845	37.07936757670594	35.90018366696008	34.68175555019771	33.580971847618045	32.41024266880547	31.11938331567017	30.058194178219388	29.32699416006546	28.59093897625001	28.099042644531732	28.103275926122667	32.16653668486412
Sin-CPnd_024-Ex1-12C-lcwgs-1-2.clmp.r1	39.21525507833114	39.02023456021928	39.34507447168816	39.352935153314796	39.44423878198817	39.40151700128386	39.30674774143241	39.36980647600444	39.38444089129733	39.332103559360746	39.50541662400265	39.53121982341034	39.40417923614338	39.36961657688575	39.36354089855998	39.333910411017236	39.23231978768469	39.15648091091605	39.02828510318773	38.99808222217756	38.99963596088456	39.07736221424616	39.14676054399788	39.1148944165149	39.107284742217715	39.04988369086847	38.969074472921804	38.79576366213528	38.342864238894165	37.79449250430382	36.94787996703357	35.91970595381683	34.60066130903177	33.43159210049227	32.17183067083592	31.061532702802754	30.705825448306406	33.433731958762884
Sin-CPnd_024-Ex1-12C-lcwgs-1-2.clmp.r2	38.81809374532337	39.090555367396284	39.20241649010326	39.25162845283197	39.33084963098904	39.36912910263782	39.37101944691677	39.34789423523759	39.36881404525799	39.34836997188113	39.36631564023598	39.36889280960295	39.245242239742915	39.18729722458151	39.16847209041333	39.17637875582218	39.13211831290879	39.096884724369104	39.0793228359851	39.051649062991416	38.985754113911746	38.92207371093936	38.76333196717518	38.57130454890138	38.283218153076575	37.8019474442658	37.05093946790744	35.876163614579	34.63117939579956	33.6341737150133	32.45598553645011	31.11133863481471	30.082155215707168	29.317995697055487	28.576036462106593	28.079879086486194	28.081907601408943	32.01907958660896
Sin-CPnd_025-Ex1-3B-lcwgs-1-2.clmp.r1	39.312276589510695	39.03158511573396	39.37755640199238	39.404629358335775	39.444476999707	39.40345736888368	39.346264283621444	39.342045121593905	39.37591561675945	39.34488133606798	39.51784353940815	39.538798710811605	39.43404629358336	39.45902943591817	39.44234355863161	39.43636947124837	39.338390333381845	39.26507839274224	39.13692881155025	39.09262162536023	39.13165721554342	39.186886381763486	39.24464471233587	39.22649366748444	39.20969689163259	39.146218205654435	39.1068959278538	38.8933019724389	38.563857091665724	37.998967150005704	37.089504325161876	35.956805432139866	34.46777663630178	33.02229418989424	31.726751727071235	30.537534526704093	30.176705608941177	33.22898550724638
Sin-CPnd_025-Ex1-3B-lcwgs-1-2.clmp.r2	38.59197187225315	39.06041605625549	39.19414005273953	39.22859654263112	39.31555815997656	39.346733079402284	39.36337532962203	39.392909463814824	39.423615587459715	39.375798417814245	39.39316730149429	39.39740990331087	39.30801054790507	39.24349109031972	39.23549324139061	39.248186640607365	39.21530075276891	39.1884543932803	39.158911419037274	39.11931745822112	39.04686804841195	38.98557407599422	38.840090101678754	38.63625689375154	38.29557090274532	37.821516176031146	36.9692876232429	35.636631329829854	34.351489195908115	33.18005723887912	32.03039311766311	30.620227479226923	29.624536753898962	28.819223898681294	28.14101851798923	27.75611296771744	27.773652741475928	32.03641092327698
Sin-CPnd_028-Ex1-12H-lcwgs-1-2.clmp.r1	39.26763687642105	38.9973460511618	39.38692197390416	39.3566194237366	39.431547925562676	39.37463458689504	39.30677271899039	39.35051138029106	39.391611937224205	39.32271067204322	39.51073859000055	39.5291150070904	39.421310813059016	39.392355426361135	39.38757222444844	39.35628291008912	39.26073613079287	39.17260512626551	39.05269088493191	39.020468221289896	39.0175622722831	39.09939637887229	39.16984249245332	39.14362878318378	39.11143438371382	39.062538257483055	38.991414454885	38.814889570416916	38.39131199283394	37.84286212817084	36.975979603220324	35.9134004879766	34.64240356047178	33.47211831220816	32.2107831908632	31.137720931725077	30.890575748993932	33.61726712814084
Sin-CPnd_028-Ex1-12H-lcwgs-1-2.clmp.r2	38.716653330903846	39.032409864767445	39.17029637082399	39.221775056049815	39.289518090424394	39.3293986231155	39.31667551316279	39.31648537951468	39.36673611826313	39.33341519643183	39.3557939268144	39.36872618378002	39.244516624810856	39.18675117513821	39.16894694762435	39.163979720922306	39.131046396368845	39.09713244403326	39.082778095429674	39.0454470981896	38.97454664637932	38.906537009200704	38.766538692352235	38.583693546869306	38.2766283684141	37.78443632825781	36.967121833003176	35.741826511855415	34.48174412361756	33.41608576752613	32.238089103083084	30.976935119943157	29.940449406144882	29.258457451442332	28.618529510906797	28.14326285112068	28.11311054087014	32.26100548048196
Sin-CPnd_029-Ex1-4D-lcwgs-1-2.clmp.r1	39.256660661799565	38.979425429031956	39.36854081729402	39.32359912771404	39.39243386745046	39.39015833886413	39.32340950033185	39.338579690907366	39.3406655921115	39.309225372143736	39.51023039726937	39.51432634872475	39.42637716886319	39.40168777031409	39.39081903790617	39.35211722560475	39.304148765721905	39.20508262262811	39.074437082241836	39.02758012682553	39.036868412421825	39.11477636161707	39.24348400483764	39.18104222851605	39.12962927529914	39.18112792667714	39.07589851916696	38.921738586872536	38.644326963749805	38.041690548487985	37.20090789582836	36.20454398365495	34.80890003931735	33.23357974592658	32.127482399555035	30.663288447300907	30.450982646260446	33.23076923076923
Sin-CPnd_029-Ex1-4D-lcwgs-1-2.clmp.r2	38.932966720394425	39.19939319237698	39.31373850383996	39.26083246420783	39.42125722954395	39.41480989854935	39.3438892576088	39.3943301412724	39.42353275813027	39.38632786574381	39.40532852943965	39.37635346544041	39.28904901867829	39.22914134207774	39.215122377224574	39.20303098898314	39.213099856909224	39.13632863577642	39.11430976986101	39.086772673967225	38.998942385508364	39.02350400478686	38.84312288385475	38.717929586846324	38.3970601159513	37.92180561654491	37.16796446210824	35.92814722272937	34.609783307245536	33.37897973936657	32.317659553483715	30.97287009504913	29.66967030374339	28.77245454837246	28.02379712993345	27.379014172427457	27.513303579113824	31.637860082304528
Sin-CPnd_031-Ex1-3G-lcwgs-1-2.clmp.r1	39.344402024327444	39.01589274615999	39.36464529876587	39.39376720234396	39.494273284204915	39.4030009766492	39.320607298233156	39.467992541951524	39.36624345201101	39.33779632424753	39.552161946195504	39.57183698836899	39.50755571339785	39.46951468205812	39.45560407713573	39.44653873492209	39.342774432500775	39.299327288747676	39.17025640679163	39.15438615343261	39.13214239937916	39.19985551993932	39.28502542402844	39.251304989707215	39.255889022577605	39.188528074237446	39.13352869194468	38.978255542992756	38.56177682733865	38.05475379442987	37.13223517207847	35.78227793797289	34.447968214704204	33.262016605329435	31.718952397828453	30.66815940058557	30.347630952075832	33.115689381933436
Sin-CPnd_031-Ex1-3G-lcwgs-1-2.clmp.r2	38.713486637663145	39.04732309331439	39.142679570274346	39.258812039421116	39.28473763650892	39.339074846843644	39.35399094379828	39.313504394921424	39.351149782473584	39.36471632779899	39.41124034449082	39.42707981887596	39.33083547900204	39.22396440375296	39.26955084223726	39.23509613045268	39.23372321523055	39.18423536207332	39.1646302704368	39.13303378703095	39.05834238917409	39.039458457098064	38.845806941059394	38.64062198596586	38.30612675544184	37.78049811107317	36.97026996142742	35.66582698337582	34.35745592844949	33.18794756218785	32.07871278669149	30.794053664437246	29.713196618463506	29.052869342100742	28.437800868819533	28.036041547895245	28.13135468339476	32.057749469214436
Sin-CPnd_032-Ex1-3E-lcwgs-1-2.clmp.r1	39.30465843131418	38.994592449273206	39.35416976732649	39.35843627523937	39.39475120305601	39.335615418961154	39.3435531081014	39.37589919134792	39.32519720196458	39.30751599940468	39.5059185394652	39.5296720742174	39.452220072431416	39.41890399293057	39.42424440588322	39.39280832068415	39.3076128885961	39.21355657497653	39.08661160215483	39.049106755179345	39.05370128643825	39.133223221527295	39.19657480997394	39.176609091536776	39.13887290872286	39.12024719009044	39.027836187564596	38.84908425248925	38.465193183695796	37.883869386300944	37.052462061212786	35.904109685158446	34.52741856180692	33.34654774073715	32.02748769658284	30.75521932776333	30.500658973455945	33.372483841181904
Sin-CPnd_032-Ex1-3E-lcwgs-1-2.clmp.r2	38.4111722974649	38.864910452944386	39.02723619586248	39.09460733244034	39.15423922210646	39.24373666716277	39.23143324899539	39.25752840204395	39.33184501661954	39.3001934811728	39.29759388797936	39.354844470903416	39.20404822146153	39.16433927728897	39.1426772955095	39.16842754676741	39.11113070761509	39.090713809823114	39.058671527189354	39.03898308683596	38.97365363041355	38.915987192249574	38.773046488296764	38.592854152147865	38.272780362953384	37.745098200970006	36.90042839747173	35.59835095990868	34.21612060249676	33.19921702612905	32.07407155366911	30.696563225486926	29.653837852044926	28.83330582399669	28.179726514729282	27.67702406129508	27.6135100829833	31.882329868601687
Sin-CPnd_033-Ex1-1B-lcwgs-1-2.clmp.r1	39.19253091092607	38.94120615695181	39.2339137017411	39.31920262427454	39.36109008327025	39.23189502901842	39.20363361090083	39.241988392631846	39.31062326520313	39.29336361342418	39.49472621751198	39.53954075195559	39.465657330305326	39.420277966022454	39.42983907315843	39.37525929410232	39.33103117187041	39.22308960897424	39.11048235335837	39.12339311924485	39.13991108105356	39.26842249662023	39.18340696907058	39.28234263489352	39.209908810142615	39.138267862861326	39.0180816997741	39.00622604635943	38.51749120202972	37.75147276684855	36.76417690647126	35.64412967067888	34.036854736796045	32.37958750649168	31.132543585363987	29.731471045058534	28.504389333807325	32.43636363636364
Sin-CPnd_033-Ex1-1B-lcwgs-1-2.clmp.r2	38.71410547564976	39.04617713853141	39.138026747413576	39.20514761544285	39.36613676507696	39.24400706535453	39.3217259651779	39.38531415594247	39.42770628311885	39.36088821599798	39.37532172596518	39.377037597779456	39.274690890739336	39.23227676815402	39.302129971219436	39.311068513032225	39.27300215374971	39.14148139012862	39.16309398913222	39.178362795834786	39.17780907682586	39.08638140602979	38.851102190240326	38.661191098321844	38.34909549935752	37.98830911533264	37.16951904885656	35.63752724599666	34.46880253150924	33.53284853816193	31.9310707156552	30.454003190841753	29.571648335769844	28.06100188558265	27.806979597230118	27.40864903462159	27.573120079473643	31.346303501945524
Sin-CPnd_034-Ex1-3C-lcwgs-1-2.clmp.r1	39.32749961166054	39.02676953347486	39.389841039714184	39.35525293843525	39.40930979133226	39.418837052762385	39.35525293843525	39.41200227825817	39.37451457567442	39.3391394397556	39.53477968207943	39.54066173044064	39.467218971677106	39.45271555432744	39.4282378972885	39.42739795404484	39.33332391754085	39.24355023323327	39.11861283903737	39.106633915732765	39.08784366365667	39.19951936930791	39.24141956612647	39.24156167238283	39.21817486384539	39.14664997367981	39.12740862619724	38.90409695533957	38.549793932303515	38.04561998046755	37.08522065635501	35.9554212725407	34.73462593496114	33.62295861766724	32.43076262014831	31.184128115522117	31.062259281140918	33.554554901281605
Sin-CPnd_034-Ex1-3C-lcwgs-1-2.clmp.r2	38.830839331020556	39.13084450888003	39.23253766892766	39.21876456272977	39.32853518355512	39.32460001035572	39.350696422099105	39.36933671620152	39.3900481540931	39.35106922798115	39.37706208253508	39.38549163775694	39.27961476725521	39.22804936827296	39.22047629646839	39.20897820968164	39.18017148103712	39.18360902073558	39.16391784692931	39.12803047449777	39.06036139316379	38.99903155463547	38.88525682070464	38.74041710606722	38.4549258459903	37.98424345463063	37.19419791113753	35.909842026547395	34.60287783448886	33.55411883888924	32.35960881966454	31.1570679518097	30.07868288565934	29.49062046576621	28.61968932251607	28.391146578755052	28.294612587582026	32.176829268292686
Sin-CPnd_035-Ex1-12D-lcwgs-1-2.clmp.r1	39.278930483227455	39.05506629949741	39.37646663213094	39.36994119838955	39.42256273232089	39.40369532222737	39.30870391071607	39.37566685752197	39.38753623978697	39.33648517236052	39.51701974897984	39.53207005298507	39.4361988894039	39.39772277345354	39.39565828554457	39.365401455503196	39.27283804963588	39.183449071794556	39.061634756687475	39.03567020686723	39.032549029358634	39.101351591638014	39.18413677617042	39.16293568399696	39.132025931668764	39.09788907911395	39.028295425651905	38.85624483040684	38.4297734672094	37.896345888746694	37.079951857267815	36.04737698392129	34.837788529217434	33.67605788649979	32.502139480039936	31.41172938987099	31.17396392911332	33.689191747113384
Sin-CPnd_035-Ex1-12D-lcwgs-1-2.clmp.r2	38.81796948132799	39.09344639238033	39.21414873990057	39.25496451000173	39.3388226954222	39.35606329125428	39.35381846934046	39.3453481291636	39.38364642691605	39.35152457034835	39.37338749988639	39.382330434150376	39.26615226617953	39.21887115538192	39.19752405984626	39.1949612060499	39.16089624179641	39.12359461669165	39.11467972624095	39.08216158073932	39.012397191555564	38.958007609304744	38.81506247620074	38.6438873944313	38.343313020589235	37.89179970482098	37.110608592939755	35.93118092841937	34.67527744643747	33.652276381344976	32.483488581513726	31.25115764061733	30.24686298203951	29.572767631845515	28.955190375250442	28.495019114107368	28.51739635074224	32.511470013373106
Sin-CPnd_038-Ex1-11C-lcwgs-1-2.clmp.r1	39.21776106327058	38.97098228594628	39.34443043654779	39.348714716126416	39.41368405307806	39.40357699950854	39.296138806384754	39.36188807453151	39.37127930083976	39.316938396119575	39.515070834846895	39.53734908865574	39.451063056902925	39.41760184851003	39.416137565443954	39.392044736783674	39.30259259538565	39.22777699497216	39.11547321096443	39.07987473186158	39.06873043373692	39.14749676028563	39.21786191645038	39.19129865884479	39.170864205171306	39.12609993419547	39.05450504961074	38.87953946064776	38.44063300761002	37.86776705996035	36.94177433452181	35.755716684882394	34.355415901644186	33.06784564717591	31.736651899056653	30.572166879974134	30.25709664049138	33.173819602735264
Sin-CPnd_038-Ex1-11C-lcwgs-1-2.clmp.r2	38.61222462018419	39.03039594863138	39.15746062950063	39.21481228231372	39.313735336225136	39.34439838458087	39.32231457937135	39.34141755165709	39.3735336225133	39.35274044317186	39.37509562170131	39.38669843372722	39.26202696638818	39.207592736282436	39.195016753026685	39.19202838088757	39.163736321601654	39.13687721644975	39.12085342119728	39.090872256539896	39.01072553770259	38.94786453150014	38.814357966837306	38.62601751084635	38.31719745344958	37.81871538344614	36.990220818694766	35.738795187480946	34.445163197291876	33.391211798264834	32.18371458793321	30.891819509651317	29.811971368306523	29.09108103491625	28.38266094260327	27.90175020048057	27.917077422552758	32.06926285534018
Sin-CPnd_039-Ex1-10F-lcwgs-1-2.clmp.r1	39.30581164323776	39.00155453767052	39.39024714655051	39.37734531518875	39.43291795865096	39.402625256664976	39.33191457524544	39.39185987547073	39.380753659813955	39.32833165687114	39.52687188780727	39.5462046835643	39.4558486362465	39.42943481227143	39.4193993842655	39.404648708831914	39.31162947345178	39.234291685770515	39.12199674114024	39.087777290010365	39.08850662162986	39.16255198248116	39.240709086763076	39.20784148972143	39.19803896013256	39.14117402728314	39.074910267187775	38.90583393992584	38.49602858608907	37.930464238610014	37.050635353126644	35.94577462302891	34.619058656707445	33.3969119560671	32.089978341988385	30.93676191697322	30.63780684920878	33.44403910696045
Sin-CPnd_039-Ex1-10F-lcwgs-1-2.clmp.r2	38.80074484799614	39.078840830306	39.193934809174266	39.2313517827305	39.327250962233876	39.352597407995475	39.33105001953563	39.35004530604441	39.37851745321839	39.35113597632447	39.36836058623528	39.381536747774184	39.261070885255165	39.22067098836917	39.19709996119733	39.18894859297949	39.16931737294989	39.13060490937585	39.11638955663539	39.09220370369992	39.01132309279548	38.95390730780527	38.80055842032781	38.61391579106763	38.31496258888001	37.850089170006925	37.026625104888446	35.800663882031856	34.48679440713437	33.37385150345911	32.188923959248754	30.875959241306028	29.79537259834251	29.079991118132607	28.337544867178643	27.83623700438044	27.85158647320001	31.96453317051156
Sin-CPnd_040-Ex1-11E-lcwgs-1-2.clmp.r1	39.18161161636685	38.96375322660958	39.3446047653661	39.35683011006244	39.384360029533134	39.35693313263011	39.30022493260607	39.34698573137438	39.352274223181226	39.30874146486644	39.50950726595276	39.527616343958016	39.43964193934261	39.41834747486423	39.405885208084364	39.386412079693535	39.28631651012698	39.213933606697495	39.08983463844932	39.06161735696628	39.05553926405889	39.129240347971724	39.20594813834223	39.17146608058111	39.13685762845181	39.09913115295036	39.01878047681248	38.85082229641479	38.39424455175413	37.78741024842343	36.85638900111748	35.662305357098674	34.250124907242615	32.96967652793815	31.62280462078248	30.419621583571512	30.200523485822174	33.13074870506985
Sin-CPnd_040-Ex1-11E-lcwgs-1-2.clmp.r2	38.66275562474602	39.05719469548246	39.19930860410144	39.24359686124577	39.33992296201329	39.38109764822372	39.36927294684608	39.373783045919446	39.400706276936106	39.37859534452464	39.401001608296745	39.41586204133495	39.296456596019894	39.24149774931071	39.23093333670697	39.23455014285131	39.195914852962254	39.170231306761835	39.152554645499166	39.12005075651495	39.04642132497079	38.98945113030317	38.853328930722256	38.68379780914777	38.36783351727524	37.89214080254302	37.083078310951194	35.83433053130741	34.533619345640474	33.47057233300738	32.29099601047355	30.966545384089834	29.954794658943058	29.20851790307615	28.535285037204478	28.064688754373037	28.031967808220294	32.074194219172384
Sin-CPnd_042-Ex1-10D-lcwgs-1-2.clmp.r1	39.23661922778578	39.004353401193626	39.34331713340404	39.34585002137124	39.388782472415265	39.36123731577198	39.26739381658725	39.330810999065996	39.35311624372714	39.29586031122861	39.496360556602134	39.51983409583815	39.42158020548054	39.39222417214142	39.38229568887354	39.362448938093856	39.27339129661757	39.182662969369304	39.05460067763316	39.01985246428131	39.01017538541696	39.09885625586911	39.16913025796951	39.1579623259783	39.133516934738324	39.06928359153921	38.98575646052481	38.79149458822083	38.289704033684906	37.694267246971116	36.752002248616904	35.59658890300523	34.247730290313285	32.957599401812374	31.644863559481156	30.43638352245524	30.178473320904192	33.11743119266055
Sin-CPnd_042-Ex1-10D-lcwgs-1-2.clmp.r2	38.85372571989425	39.136111067137364	39.24174832591936	39.284269182668716	39.34119583973151	39.39383241779987	39.38093051971695	39.37613386312907	39.400449587614176	39.37112824328389	39.39171112412734	39.398382117810954	39.28832813563615	39.24333967686336	39.22481672962969	39.212583612414434	39.19453916069325	39.15392677906573	39.13763271050168	39.10022930858539	39.03218232772675	38.97515446036945	38.830221745300506	38.644605404917485	38.34539369542106	37.861981341531006	37.102006630374305	35.94328259084949	34.67411281093028	33.61277370311113	32.36863546932871	31.05095414668738	29.934699224528543	29.100437194762513	28.354664172548308	27.862211709644885	27.731587166960804	31.83176645225136
Sin-CPnd_043-Ex1-1C-lcwgs-1-2.clmp.r1	39.29007253019411	38.93999774850839	39.34880429713257	39.364532574259016	39.42606262363101	39.38302696965311	39.328669529277434	39.33555266078062	39.369485855808044	39.312909087985076	39.52279956900018	39.54159630755375	39.45319631398659	39.41858966178179	39.43559465637539	39.406253264269324	39.33410980548872	39.25589329711552	39.13988315657862	39.111294766446775	39.08628112246847	39.176049601834265	39.25051820507066	39.21143547877601	39.181748408844236	39.130556522933695	39.0679315107871	38.90119462194937	38.51067093123303	37.97434897822082	37.059720059268756	35.87090763155586	34.49603340438722	33.16318922989252	31.772901957194428	30.61555792888381	30.302624082879294	33.03349282296651
Sin-CPnd_043-Ex1-1C-lcwgs-1-2.clmp.r2	38.57274730223058	38.88863157556167	39.06321866808189	39.12645341824673	39.23758061144079	39.25437030604204	39.232370016564545	39.25803702095495	39.30306685321883	39.2723114777826	39.303439957543304	39.32327881507213	39.194892330454635	39.1647017598421	39.1313486622473	39.135735072376704	39.10305330163665	39.05020385621417	39.03953371626776	39.01728440436305	38.94577501550521	38.8970308776631	38.744504404221246	38.5566053117033	38.26344807869391	37.76640081332039	36.92547188915769	35.59655203311454	34.22087700815487	33.15718683095335	31.89001585340302	30.51374227221381	29.420258110441825	28.671867163075046	27.994797473150793	27.478194274837126	27.49599978749733	31.74363348361155
Sin-CPnd_044-Ex1-2C-lcwgs-1-2.clmp.r1	38.9352953906081	38.83012334992426	39.16641419606146	39.137848950443626	39.27807833802207	39.365505301882706	39.148236312486475	39.26942220298637	39.309240424150616	39.19896126379572	39.380220731443416	39.399264228521965	39.30551828608526	39.182559515986725	39.18325222875317	39.19716027799018	39.07246105003256	39.07775751031466	38.91426576485018	38.952234007376866	38.97913825487221	39.064737491857215	39.09562693692847	39.16547873792659	39.06392161794632	39.06648238769243	38.97038575975927	38.76536709504906	38.37686553067677	37.996975133436685	37.2402900043601	36.116773213398794	34.518494517595556	33.61086935178639	31.937209484427502	31.026345007650434	31.228743131172372	33.22627737226277
Sin-CPnd_044-Ex1-2C-lcwgs-1-2.clmp.r2	38.57996104739234	38.839645098463535	38.884224193897424	39.033109716511575	39.08244968621511	39.262497294957804	39.02618480848301	39.227872754814975	39.162086128543606	39.09404890716296	39.205020558320705	39.28846570006492	38.993983986150184	38.949361619452006	38.89209848260434	38.925299980233596	38.88720329608168	38.946551638711824	38.941832201586564	38.946735829314896	38.884343086462614	38.77506246787854	38.707497477058006	38.51819157086762	38.193754512895985	37.56752336285607	36.954277033869246	35.65975078272373	34.23539697674915	33.34875030478162	32.226484451325334	30.90084176482291	29.80464017865477	29.393979199607863	28.68666645662488	27.955518490807805	28.102626493230332	32.15444015444015
Sin-CPnd_045-Ex1-11H-lcwgs-1-2.clmp.r1	39.31603804076135	38.999111674661215	39.38244198292733	39.361296621907904	39.42415403736386	39.36502945135819	39.30269029625241	39.35704158023113	39.37536586612003	39.325785174310205	39.51904445889075	39.54207294542657	39.45333706315183	39.43121418823823	39.4254467394789	39.40426767186071	39.31718581332966	39.246942498315846	39.129272689646136	39.09750553291535	39.095308180843745	39.16066712704097	39.241858620674414	39.21360257456538	39.18708702565431	39.1431603807679	39.069863286251255	38.90426719209495	38.49157894237214	37.920134823338934	37.002305380605144	35.84716947120459	34.476319454593444	33.19755333671041	31.905221321815656	30.78540505283899	30.51394565915273	33.32595867753231
Sin-CPnd_045-Ex1-11H-lcwgs-1-2.clmp.r2	38.609384972312874	38.96568952761247	39.11365398669516	39.15708059089584	39.258425894274325	39.28483741275174	39.28625952366906	39.292456065720835	39.330461260179966	39.31211326303322	39.332717216998375	39.35483575578647	39.22363955952386	39.17361689376789	39.160229460375376	39.15755496427477	39.13350164733931	39.09696494167308	39.08910230297871	39.059327202101365	38.99324761635235	38.93551075570672	38.80171282101602	38.63021891205682	38.33475010545788	37.859889734245286	37.033540085302846	35.77087908820443	34.483669759811015	33.437042627601166	32.28995954507876	31.02636977918213	30.026429801361427	29.3426593851435	28.701460181899268	28.272756987653345	28.257986904135272	32.262979715962594
Sin-CPnd_049-Ex1-4C-lcwgs-1-2.clmp.r1	39.34194998595111	39.064624894633326	39.36639505479067	39.38999719022197	39.45377915144704	39.41612812587805	39.31497611688677	39.38128687833661	39.36723798819893	39.31576285473447	39.50952514751335	39.531329025007025	39.413711716774365	39.41615246010244	39.39262451836726	39.39651908175148	39.31567046381358	39.24334359756598	39.10906151673	39.07832193891584	39.0193309166822	39.14196159382289	39.14130467750166	39.1596898257549	39.14426850507063	39.10079885553513	39.062113413339844	38.857042129130555	38.42561889758864	37.84121592792811	36.78979937736287	35.655465879527995	34.387302849461136	33.07710687137288	31.87336177486901	30.621623774601595	30.31367735925064	33.28637059724349
Sin-CPnd_049-Ex1-4C-lcwgs-1-2.clmp.r2	38.860635009834226	39.138522056757516	39.25878055633605	39.246698510817644	39.34307389716212	39.35318909806125	39.35993256532734	39.37117167743748	39.426805282382695	39.34852486653555	39.37493677999438	39.393762292778874	39.26855858387187	39.220420987701615	39.20454205285958	39.23121325185361	39.237524715165854	39.176347533625346	39.10081622297271	39.079542524076764	39.014161231244564	38.90130615690631	38.70021408101358	38.54275720239896	38.24856970596643	37.808626419694136	36.99541517490211	35.679331283940016	34.36422122636143	33.36277084313894	32.06638768489863	30.999620744699303	29.649287686178695	29.18766780092519	28.24075810609069	27.706352662064138	27.845519237104828	31.79557069846678
Sin-CPnd_050-Ex1-9B-lcwgs-1-2.clmp.r1	39.228220075538346	39.00656932999994	39.35753026605488	39.36206495342996	39.392041623656745	39.38652839847968	39.30423575600995	39.352935911740666	39.369845522294554	39.32016921543942	39.50173809793732	39.52357142430951	39.41532127663383	39.38602873205044	39.37194809787171	39.353935348915996	39.251994623668324	39.16855601411604	39.03517947858097	39.004419866823454	38.99937416986272	39.07394476893375	39.14546358631968	39.11435435446093	39.097207965102534	39.03794317152683	38.95687340159196	38.74663894721564	38.31693915664582	37.71636797476479	36.775559592009664	35.62484725541445	34.32350467745818	33.06093318257657	31.738335891786345	30.649503963517816	30.3103089821738	33.27632418634333
Sin-CPnd_050-Ex1-9B-lcwgs-1-2.clmp.r2	38.864955816631564	39.15616627982601	39.23175235833577	39.30219514669117	39.37933256561872	39.39915392280292	39.38426105479215	39.410419040913624	39.43730496369267	39.40595834054309	39.416660202748254	39.42435246454293	39.311968591323236	39.26982017478113	39.252871309274454	39.23448800351922	39.207103988082075	39.17088376296685	39.15711833867724	39.11856474071437	39.044008621156564	38.97632874619758	38.82882430871765	38.63224399932582	38.335978566502284	37.87714335790137	37.08466647194648	35.89183791419556	34.60339379358176	33.54125171747087	32.366394252955025	31.039083457218073	29.954983918230795	29.157041715305866	28.525633862508734	27.99797791086677	27.9532338680988	31.98458923512748
Sin-CPnd_051-Ex1-12G-lcwgs-1-2.clmp.r1	39.22142420379525	39.002383691405235	39.346070536537844	39.3505995502078	39.41037838510089	39.38477961218377	39.29880089958441	39.382230098767735	39.36392749432578	39.30381494263595	39.49312356848967	39.512045932696985	39.4154442475308	39.37710806035488	39.370984534097865	39.34763394862004	39.25130124775798	39.1639422660363	39.03259999275645	39.003593988165576	39.00266850431626	39.070305901892986	39.14416007097109	39.12343725992527	39.0936716132778	39.03546266565102	38.95995298363661	38.77107351304729	38.31596895211163	37.710631430523414	36.81421136262678	35.71462582157157	34.44196093019396	33.23207652176234	32.02723232935894	30.85935671568189	30.67941161035518	33.489670785774926
Sin-CPnd_051-Ex1-12G-lcwgs-1-2.clmp.r2	38.82389702453129	39.124376871975045	39.23932261708588	39.2967384883251	39.34428794992175	39.3887800681943	39.38104861694079	39.388489879675404	39.41195369420348	39.38010550425437	39.393367119568026	39.40414347749484	39.291595933215184	39.23630338573401	39.213078227551094	39.21192064625565	39.18117814217373	39.155235784591056	39.12794293792787	39.094279007493604	39.0221810397424	38.95474373983659	38.815395937440044	38.62951627082106	38.30999348980874	37.8197368154585	37.05471783149358	35.86278214253547	34.59942848493546	33.55015178158484	32.353289350313325	31.060803941066723	29.991501046319787	29.240064984397417	28.55687754150935	28.09366815334131	28.01490243395819	32.12310167957357
Sin-CPnd_053-Ex1-9G-lcwgs-1-2.clmp.r1	39.22570841928612	38.96997061977371	39.32931338747758	39.34929771161216	39.40254756855787	39.374792631381546	39.281352932973654	39.353240720705124	39.3582319931911	39.29384361641253	39.490794035477464	39.5192856421575	39.40916413015777	39.37943880216028	39.37355868597283	39.35340499593998	39.241468740570774	39.157732587092816	39.037466630638065	38.99307276143992	38.98006216788123	39.06745568642799	39.14946460064401	39.12397489281125	39.09006266231506	39.03806101741459	38.94958240598249	38.74177454172897	38.289978259531914	37.66045440453209	36.739396921392455	35.579407930052284	34.22837914949183	32.90168752779404	31.58966774785589	30.40585220246494	30.09836696655342	33.18581512033336
Sin-CPnd_053-Ex1-9G-lcwgs-1-2.clmp.r2	38.88610954833312	39.17417040531248	39.27158196409938	39.32034063751725	39.39077624385107	39.42648451888076	39.40079725720441	39.4206854103855	39.430071695445825	39.42211451075432	39.427755898885856	39.432549059207645	39.331234883128246	39.27759106694859	39.265736515711126	39.26168026704403	39.234966789050425	39.18906511073378	39.18201770888324	39.13638161686406	39.07561520373265	39.001016545681765	38.86189390595548	38.656239544082425	38.33323105241648	37.85106734395577	37.06748625245799	35.836745441379726	34.54144900165569	33.47660163782765	32.26827663476151	30.99692427937324	29.892375958268588	29.02888082549857	28.298761305901706	27.829757813497753	27.76716513999902	31.860435686522642
Sin-CPnd_058-Ex1-9D-lcwgs-1-2.clmp.r1	39.25283950933279	39.018639979011624	39.34408774163825	39.35847245595961	39.41375890246165	39.39410149926093	39.28199287163178	39.34448447308305	39.34540591385809	39.30903459882133	39.5002975485836	39.517246939728814	39.41310877480371	39.389400839063455	39.38562445803539	39.35550912103571	39.25547892805432	39.15735952681488	39.0412536949916	39.00675556152118	38.996420631231196	39.071411302843146	39.144573008149855	39.11978088417059	39.09307028935002	39.0345193208603	38.95043089188021	38.747025660029045	38.2620864426918	37.619889484982096	36.70869572154066	35.52971940520331	34.16501638671503	32.89881633529979	31.661595752915407	30.42785061467948	30.150524132287217	33.36826495304004
Sin-CPnd_058-Ex1-9D-lcwgs-1-2.clmp.r2	38.921159223686146	39.18572790621781	39.254899953288074	39.31502396385905	39.390262162698285	39.40657934308951	39.40665612982077	39.413643722364775	39.442093206293954	39.40604439552845	39.42597311184627	39.42636472417566	39.31899383786482	39.277089528310114	39.25437017234782	39.2595537513115	39.229229304289966	39.18665367924451	39.164657308017794	39.14327077271563	39.07630127207929	39.00777417294256	38.864336502539366	38.67347052204328	38.386020825905476	37.93778373616756	37.170535189201	36.00324956675709	34.71349646225242	33.6423382596512	32.50732273444097	31.209883347739037	30.09471324888201	29.333453965701505	28.618496730731795	28.12511357287597	28.047213200194268	32.14358705620333
Sin-CPnd_061-Ex1-9A-lcwgs-1-2.clmp.r1	39.24557910207178	38.98990186317736	39.34428483383113	39.36061726639169	39.37389181244963	39.354975584317074	39.28585312662969	39.345327833878535	39.35560375480017	39.30384013653819	39.497956668088946	39.51274830512492	39.40582894799222	39.37226772621831	39.36709400108448	39.34111639542594	39.243591079606695	39.151656831063036	39.01605663948381	38.98843330862029	38.977866460384476	39.05005605707898	39.14958881003086	39.1188292409676	39.09925976527744	39.0544713426194	38.97964103327801	38.80667589598373	38.37228096550372	37.80433161530634	36.917813010217984	35.80476935625281	34.5168754239567	33.27346469534437	32.0674100361894	30.91439026987162	30.648569539927745	33.45587044534413
Sin-CPnd_061-Ex1-9A-lcwgs-1-2.clmp.r2	38.77547053524866	39.09871758403262	39.19589437254065	39.25263120466506	39.32178921917224	39.35575783435263	39.34388185654009	39.346821220310055	39.38815009718864	39.35430948655952	39.380896505949835	39.37988906272223	39.26184516190205	39.218871828180305	39.19534356247911	39.18332707161021	39.15734888668827	39.11632937270792	39.10988826215207	39.076602949717	39.00455604876274	38.930990895845284	38.78498012482595	38.60990098980239	38.31754727329336	37.84085339105642	37.046337020601015	35.83280472134483	34.524064169366774	33.39932344063308	32.2471700461924	30.93577067073545	29.917832287248693	29.172816424382376	28.49560597984874	27.99423132502643	28.06968321006361	32.16253019986822
Sin-CPnd_062-Ex1-11D-lcwgs-1-2.clmp.r1	39.20159128978224	39.000303601340036	39.35646984924623	39.356417504187604	39.397089614740366	39.364510050251255	39.26825795644891	39.333553182579564	39.36769262981574	39.307416247906204	39.503726968174206	39.52738274706867	39.42884003350084	39.4077402846939	39.39776087682058	39.372313654953686	39.2710904272675	39.18972329362686	39.07304980009671	39.03082330807739	39.02778562942908	39.099516485387	39.17363250110277	39.149224234898995	39.114056719792245	39.079226517739684	38.976402376053855	38.79105683335955	38.30393761010306	37.697876628818975	36.75538877494085	35.56370351785417	34.15045329387304	32.92149992896947	31.556737629829183	30.43718018236489	30.127975108005636	33.19517811187864
Sin-CPnd_062-Ex1-11D-lcwgs-1-2.clmp.r2	38.72020519262981	39.09586474036851	39.22213149078727	39.25956867671692	39.35676298157454	39.39503768844221	39.38197236180905	39.381742043551085	39.41009212730318	39.38729899497487	39.404792713567836	39.414430485762146	39.298873534338355	39.258151097031394	39.24255226842378	39.23363540562043	39.207513722490255	39.16966858174796	39.16001199656767	39.1215671076685	39.04781061002948	38.98822549202611	38.83855644953464	38.65401655890763	38.37143411102201	37.90304874874904	37.07257013856417	35.8634279174855	34.59823872495682	33.54423075506714	32.35985390516533	31.080356047196876	29.990055196762235	29.261154304115802	28.565478875784084	28.063254073173596	28.02731715324945	32.14183037853378
Sin-CPnd_063-Ex1-9F-lcwgs-1-2.clmp.r1	39.25495122405679	39.010488480702996	39.36738533295667	39.348295697018145	39.440798687287	39.40367727936624	39.32724660852422	39.35905465430088	39.34442487663263	39.31072710115223	39.50973294945694	39.52212919163567	39.4236997589753	39.389260843404244	39.38468103129757	39.364600375133435	39.269998594612964	39.18774993125987	39.05883686901671	39.03825463871827	39.03448240986364	39.10151526342157	39.183534708180915	39.14494464234484	39.125780464035735	39.077692161549365	38.99106026803887	38.819754366596044	38.36414529786573	37.80225957409351	36.89879668943825	35.79830296121839	34.430432391804814	33.15926237165463	31.85188236457982	30.73675212079014	30.447132409397362	33.385535197685634
Sin-CPnd_063-Ex1-9F-lcwgs-1-2.clmp.r2	38.90859694782206	39.19098651824515	39.28113335697499	39.31675211723056	39.38000757334423	39.422105750332086	39.42382477926106	39.41293358898379	39.448684582233895	39.41908843382039	39.43402835796674	39.43455969418115	39.331319384755936	39.27617804914247	39.26566441195308	39.25654447426395	39.223794066825754	39.19387768906533	39.17878233250825	39.156856033937856	39.075450171639815	39.032661679274995	38.883591774883385	38.69679571813062	38.40951976270378	37.96230047948296	37.19731874793421	35.94733235672607	34.67681247718164	33.585628002053184	32.37637257844135	31.083695255230374	30.052784422149937	29.236894611071932	28.605415201904158	28.010141786482098	28.04464875971766	32.075626798191536
Sin-CPnd_065-Ex1-11B-lcwgs-1-2.clmp.r1	39.18326640573375	38.97303919076907	39.357525542621865	39.3726630407157	39.39023026482997	39.379189752452604	39.310994764397904	39.35242210135719	39.3636252732171	39.314630203832664	39.514359782442945	39.53399481522899	39.432659990850404	39.40828056442628	39.40581670428471	39.37038083692045	39.27769496388593	39.209106230542965	39.08545268625119	39.03781439861446	39.03308265388341	39.11685649715545	39.186717116092055	39.152181826787185	39.127788414512125	39.0800761706899	38.991222217132176	38.82494052369207	38.36096310443577	37.73527033686271	36.79687140947085	35.56960631708568	34.1336805538065	32.8189466274416	31.475242411000927	30.30530399635915	30.044703290947986	33.09816408776556
Sin-CPnd_065-Ex1-11B-lcwgs-1-2.clmp.r2	38.740934275402836	39.11727748691099	39.23246073298429	39.27812738270726	39.364042088141105	39.37784781172165	39.364702892288925	39.3860112845016	39.41155898947797	39.38713566817465	39.39758450668428	39.40815533980582	39.29395618360189	39.24950999152127	39.23142560431312	39.23519423765834	39.20346763371971	39.16994756103336	39.150519751820966	39.10929150030409	39.03529751424021	38.97396153476411	38.82224803888282	38.657705478569014	38.35426024327639	37.89419156414841	37.09251933969203	35.91366026461391	34.641248090324304	33.58386527125712	32.39381223125885	31.06647099075776	30.029490533933274	29.249862291573585	28.505793373761083	27.97376624057307	27.990110245058638	32.035596991206695
Sin-CPnd_067-Ex1-9C-lcwgs-1-2.clmp.r1	39.25023066864035	39.019362889896385	39.35376935791144	39.34714468731953	39.43341143983697	39.4137365664558	39.32162842103167	39.373112333968365	39.36628852498191	39.316472064202216	39.51216934729072	39.51973660628347	39.42776918532483	39.39521567893759	39.379669215973834	39.344710738607766	39.25896138470678	39.16686984427717	39.03984335903344	39.005615137644334	39.00248490723861	39.081911821826026	39.15701166268619	39.13771947696163	39.11034837893716	39.058246489321576	38.99531392872173	38.812424340666524	38.36958995544536	37.7836912646092	36.88987966437041	35.80903477755815	34.47222424656188	33.210834170797064	31.92608847055136	30.774755751071005	30.486660155751974	33.495048605432906
Sin-CPnd_067-Ex1-9C-lcwgs-1-2.clmp.r2	38.853905435814376	39.14515197578477	39.26050620979893	39.28214591533963	39.347914689111775	39.39321203592456	39.36273058566602	39.38009545367045	39.42056037544225	39.378385518655946	39.38754588480508	39.404151371731636	39.28530026750924	39.23718180723198	39.212863030579115	39.21715474020645	39.17937974472395	39.13841824874709	39.128593215062224	39.08003868691061	39.02017093102481	38.94778487230114	38.80567385753747	38.61954789128648	38.317279796955646	37.8377762690951	37.07869428874636	35.89240209249753	34.581805019626046	33.57635691215946	32.37211988723753	31.015864671831974	29.92076921370874	29.26310130398972	28.57857268733921	28.016815299512892	27.964349935921824	32.21998238575203
Sin-CPnd_074-Ex1-12A-lcwgs-1-2.clmp.r1	39.21397956726635	38.985504454611124	39.326132571978945	39.35589419008634	39.38987994909016	39.34989508444842	39.3177530872691	39.35476591792508	39.369048192356644	39.314071067386735	39.49121530047126	39.5136624127137	39.39942348044443	39.36073033649236	39.34964001727185	39.31844619237971	39.217726946085136	39.14196169665563	39.0007435651028	38.976903455533005	38.976139382056886	39.047745013630504	39.13332085148359	39.104860619533895	39.08157322760735	39.02742181867706	38.96202882942612	38.76360435921737	38.33885578567061	37.803519888146596	36.927397582318875	35.85247695849386	34.6126418990363	33.40587793578488	32.207312658498005	31.131807768459247	30.847387838215468	33.54819892081085
Sin-CPnd_074-Ex1-12A-lcwgs-1-2.clmp.r2	38.761900175432565	39.07517457259812	39.17216470021671	39.23303635925837	39.297182759451	39.325857383646934	39.32205978466513	39.3252106910667	39.359911939733756	39.33368924357607	39.36050084276427	39.36111451274466	39.23164115441506	39.17528604388285	39.15805393878962	39.15736528526711	39.11569375171792	39.07888200348725	39.05914645353982	39.0258611114181	38.968141460366255	38.903135482843936	38.74279939869857	38.5632323722808	38.26002589092232	37.81559983693526	36.995797720489854	35.80164250004269	34.50895916695831	33.43775416805952	32.23161939974841	30.91907282828247	29.90706576754681	29.2249701814216	28.51553497073823	28.052686441000596	28.08920302649658	32.08067940552017
Sin-CPnd_075-Ex1-11G-lcwgs-1-2.clmp.r1	39.169864811655074	38.96023975149845	39.3322045762786	39.34607341295883	39.39698123113269	39.36448352802205	39.268215426346416	39.348488428052676	39.34439340245876	39.289917311983196	39.50251389071182	39.51861049131557	39.42599466246664	39.400950056121474	39.38654588079614	39.373254483105214	39.27973938713427	39.20770765092965	39.07619760266997	39.03853302822365	39.03403118460816	39.11706937397298	39.19118458700067	39.16631023543526	39.14318878548465	39.09041082984144	39.008626163206216	38.81063093075301	38.31352503136006	37.66944134856436	36.64547582632112	35.37803979325851	33.88790893992972	32.581023858926585	31.173843930742954	29.97776170161069	29.739990283156686	32.94490733727213
Sin-CPnd_075-Ex1-11G-lcwgs-1-2.clmp.r2	38.73956337227108	39.08725554534716	39.222855142844644	39.274349214682594	39.355960974756094	39.39519621997638	39.38375989849936	39.402861267882926	39.438955243470275	39.397026731417064	39.40798179988625	39.42172638578991	39.30654066587916	39.2581006717425	39.2479837382337	39.24262929785512	39.22219023408208	39.18175300331741	39.16671977376376	39.13648893709235	39.0764413650553	39.00338815961695	38.86019139235027	38.68396068930279	38.38004955259023	37.90417639297667	37.103662708994136	35.879563517593404	34.59452320233408	33.49728663884701	32.315708562998125	30.997640844252413	29.925548143058126	29.178141135708973	28.43621320238868	27.93972239891848	27.860624667810505	32.044005340453936
Sin-CPnd_076-Ex1-10E-lcwgs-1-2.clmp.r1	39.30264612892675	39.05802326849098	39.379584780475646	39.375558739701276	39.403164763966544	39.37265407198592	39.334060149204916	39.374663198716654	39.39006650365225	39.32640833553974	39.51503418630367	39.5343638544084	39.44465400968742	39.42074072739435	39.40401881272538	39.379334000083205	39.29140143664991	39.208941669912576	39.09443172127717	39.07272385536667	39.06576411527955	39.14472753084529	39.23355160918997	39.19528229499322	39.17312224455311	39.14051916373217	39.066725519106924	38.8919421039934	38.474592035541164	37.918174421372015	37.05367279456335	35.94887206793871	34.63621263392334	33.404188584511324	32.164147736324395	31.074861542833524	30.79328571269867	33.56629228417625
Sin-CPnd_076-Ex1-10E-lcwgs-1-2.clmp.r2	38.89803292475898	39.12190259629013	39.228985936112885	39.25730839316586	39.325470743065395	39.360256669833504	39.34170729048235	39.355054744809756	39.37713177690906	39.35390689488685	39.3751771613687	39.383428598127935	39.262731477876244	39.218030265996916	39.20670912586329	39.19097807104263	39.17088929555047	39.13198076074004	39.12084490534455	39.09296225139089	39.02983731032189	38.97436088759616	38.827105619678846	38.6590317123095	38.371150012382934	37.91771771195066	37.127863203889596	35.906675551738786	34.638279104110936	33.56958989570882	32.42087853910259	31.115378372492785	30.05570939200116	29.325324761538344	28.639581311244957	28.177080012940003	28.18364227849279	32.257953444998385
Sin-CPnd_079-Ex1-9H-lcwgs-1-2.clmp.r1	39.20446842931875	38.99591417403729	39.358478088872616	39.33468346657535	39.424819621411615	39.374821392723454	39.279690138516585	39.357368066790265	39.347271589339066	39.29890532928687	39.493234769670416	39.51326240213502	39.40472113647367	39.37810006045582	39.36712084984781	39.34324604466338	39.24925650796052	39.15233273246458	39.02753423699077	38.989131599496666	38.976545675599354	39.061449241069866	39.13790818670471	39.099921470094	39.07617120331685	39.02408552950929	38.95113612711943	38.75230522783693	38.27577611377628	37.63465646404657	36.70402665699639	35.56610294680752	34.152966301770576	32.91582507460919	31.61177800109696	30.40330309750331	30.118929910585244	33.29381340759897
Sin-CPnd_079-Ex1-9H-lcwgs-1-2.clmp.r2	38.826057177945984	39.13864648158426	39.25521060897701	39.30065066188019	39.39060968553311	39.41171191384339	39.39756503666616	39.40052903180095	39.435754519797364	39.40240189884629	39.40679239044436	39.418806608174016	39.31717109691438	39.26582885849934	39.248332991572624	39.23720063573467	39.20831012522173	39.173089124476775	39.159409572308675	39.12021997943219	39.0500803497486	38.99657108694345	38.843188187201065	38.6555052127829	38.36367033611383	37.893920400657805	37.11374665989653	35.88621723612268	34.59937958601889	33.52715005279582	32.32941655263964	31.002797953868175	29.94099370566238	29.15799644652396	28.41783341849807	27.906917484785726	27.89766150057277	32.0442082890542
Sin-CPnd_080-Ex1-2E-lcwgs-1-2.clmp.r1	39.36337209302326	39.03073089700997	39.37583056478405	39.39617940199336	39.43604651162791	39.40656146179402	39.306478405315616	39.39036544850498	39.442898671096344	39.35236710963456	39.509385382059804	39.53546511627907	39.48475913621262	39.40482578329869	39.419547138597736	39.40392941986891	39.30965805688546	39.2047940176938	39.112996138704396	39.05322779296591	39.01995059348649	39.123564847573824	39.20005609100976	39.153308615325855	39.16774365646101	39.126084675331825	39.0533808268331	38.87248724896169	38.45662524685648	37.924407638626505	37.11090050988122	36.04256589414188	34.82442439694519	33.808645468689264	32.35896584066016	31.26411235829348	31.099613417850378	33.76765375854214
Sin-CPnd_080-Ex1-2E-lcwgs-1-2.clmp.r2	38.678156146179404	39.00643687707641	39.1436877076412	39.178779069767444	39.28156146179402	39.23297342192691	39.30855481727575	39.298172757475086	39.38704318936877	39.36129568106312	39.37412790697674	39.37500000000001	39.27765780730897	39.193175977574576	39.18115738428504	39.19715021706348	39.14208412387995	39.13631842958607	39.12440353362273	39.08809996996831	39.03967034497669	38.94825037700701	38.779163498600596	38.656311496559866	38.2973473960955	37.812716307148236	36.98925538926136	35.71382005843982	34.35029771944479	33.170796641454125	32.10774014062646	30.791595529577346	29.80985769391316	29.139032327383838	28.50788942688909	28.045214961799367	28.079782123848172	32.11125158027813
Sin-CPnd_081-Ex1-10G-lcwgs-1-2.clmp.r1	39.23853784526297	38.97388421866518	39.340977511639004	39.35097142481123	39.40266833368977	39.37697204994489	39.26615888265583	39.36405810452893	39.356449569809335	39.28954217184596	39.50642407093622	39.529605014230015	39.437055620445165	39.40313169821246	39.40057948048691	39.37605342647123	39.27549613949235	39.210999304548984	39.078062137930615	39.04616135880381	39.03909841869283	39.10906048794824	39.19247303139521	39.17089759369155	39.143056665691375	39.10492890253755	39.036608393754946	38.862151351727604	38.42850089169021	37.84319184851022	36.905430592710005	35.74408672032793	34.354038377318815	33.06757727181415	31.755828231257148	30.61120280951322	30.354475038249575	33.342106851795954
Sin-CPnd_081-Ex1-10G-lcwgs-1-2.clmp.r2	38.78979058022274	39.09253623307615	39.2054797900867	39.24037211903861	39.312912300327376	39.362774935430274	39.33514567259447	39.35450013983253	39.3923783045717	39.354896606182244	39.374283975192064	39.388841364107456	39.26722490006087	39.22279653001646	39.196300175094095	39.19375700063823	39.16320527271216	39.13040603768498	39.11497711208521	39.08093888142132	39.00604652814097	38.95779900717697	38.801300928422634	38.61748757835057	38.307828353222135	37.84174947063599	37.02099368651948	35.806804992245205	34.50195697087427	33.418871243186615	32.21831313880974	30.893585596065332	29.81914415247318	29.041927392583084	28.321861070537686	27.878073937007322	27.838049223326372	32.01070600907399
Sin-CPnd_085-Ex1-4H-lcwgs-1-2.clmp.r1	39.23394450717303	38.955700882084905	39.372269634843214	39.33887764869063	39.4144194230626	39.35359625844686	39.276541355969115	39.35167045903951	39.35463939979252	39.31189811604087	39.51669312730336	39.543741438503375	39.454269715084855	39.43834477517138	39.43866218153401	39.40434721837734	39.32113124495995	39.249008667844464	39.124897839028584	39.10393218266236	39.090955140883366	39.16251468613209	39.24009369918597	39.1976438184711	39.17523358240696	39.12483508533719	39.063664723690536	38.90346622732878	38.49224432892511	37.9410967888408	37.04952102374632	35.917984681685375	34.52548315092542	33.24751266812351	31.911718461866236	30.73011961816666	30.409754781844565	33.2736812873617
Sin-CPnd_085-Ex1-4H-lcwgs-1-2.clmp.r2	38.36773598207172	38.841562877923806	39.01173247436566	39.08873006138486	39.19132473219352	39.22258458328796	39.222710677296774	39.233829876255925	39.26002304081434	39.24934402457687	39.277006757492565	39.309740762180965	39.17285081359293	39.1171454951582	39.107344220690315	39.096308918963324	39.07806868655847	39.03540249625144	39.02476984405473	38.99506903943848	38.936174738894316	38.86512905908793	38.72685023983152	38.53689508640357	38.22571491772185	37.7063000047733	36.84610751786388	35.519498934343616	34.179395463789476	33.10125942431472	31.897660085623137	30.557108576972176	29.540794275985814	28.82327681255863	28.107384092009944	27.686284668476425	27.65509642926163	31.84133012078952
Sin-CPnd_088-Ex1-2D-lcwgs-1-2.clmp.r1	39.20815836832634	38.93401319736053	39.270545890821836	39.33563287342532	39.37012597480504	39.38872225554889	39.191961607678465	39.356928614277145	39.33533293341332	39.25650869826035	39.45482903419317	39.476184763047385	39.370665866826634	39.34467385011633	39.26335205522283	39.25137684870931	39.15075010897123	39.09107441753266	38.94399975499281	38.86883912840345	38.93597782809244	38.98801857076927	39.14036497887309	39.13459714742404	39.10870980448378	39.03237928734764	39.05892016439202	38.80137276366001	38.46943242852011	37.93528005950119	37.162444556829996	35.999042002101106	34.894020628352735	33.310283073720576	31.79919786756549	30.783242783905273	30.160262663224433	32.888888888888886
Sin-CPnd_088-Ex1-2D-lcwgs-1-2.clmp.r2	38.74925014997	38.95290941811638	39.09838032393521	39.05998800239952	39.28194361127775	39.295740851829635	39.28194361127775	39.23395320935813	39.32333533293341	39.30437912417516	39.31613677264547	39.34211157768446	39.13557288542292	39.05638712389992	39.020546449157905	39.073021295708315	39.076303460570024	39.04092658931906	39.04032437518862	39.07475891119947	39.037299274480894	38.956302735730034	38.82588610918559	38.792773587547174	38.52291278538549	37.96213368911899	37.201686165562585	35.94603955364313	34.5950521369313	33.35261809544414	32.42516544450695	30.69448485931095	29.803433945101652	29.270248586127774	28.700082989551248	28.256974985242287	28.1156533464307	32.53333333333333
Sin-CPnd_089-Ex1-9E-lcwgs-1-2.clmp.r1	39.251191235508195	39.00948298502983	39.37308182943759	39.35769894570968	39.388089520879454	39.37292237271602	39.32257156792856	39.36509961355195	39.36051288785502	39.31782913743293	39.5011105691667	39.52193561700371	39.42271976888155	39.38732486979764	39.38661900431735	39.36021728130703	39.26385484706869	39.171182312032	39.05152089676642	39.0199897536738	39.018938709747076	39.104274115199026	39.1731036365796	39.15559974153746	39.12506633494363	39.07955860077316	39.00379602670014	38.84345511408164	38.4044570592227	37.850396985094804	36.998283220881675	35.910036627739856	34.64331384628775	33.42079717703073	32.18496504211769	31.05900033005101	30.804204047850135	33.50230871970998
Sin-CPnd_089-Ex1-9E-lcwgs-1-2.clmp.r2	38.83422128841031	39.10478182568566	39.228079390687725	39.26973511424605	39.337888793006414	39.37528608411811	39.367575882639855	39.382095824109854	39.4053671256519	39.37122462762166	39.397394289573406	39.40792218511987	39.28502232394102	39.2345919491092	39.22641467661034	39.21370110788076	39.185566291102035	39.14785368495606	39.13099676058532	39.10357401586852	39.03469080118429	38.97893426299645	38.82908383093791	38.65682476336361	38.34840335738882	37.87446936173008	37.0792523588852	35.88397599058855	34.601988461838225	33.51333597405828	32.383668933837285	31.095636768180395	30.08849300128989	29.331063701266906	28.67427615280037	28.262100103827	28.21900722705604	32.23872722776358
Sin-CPnd_090-Ex1-12F-lcwgs-1-2.clmp.r1	39.30644097889656	39.02237934191734	39.412043614644446	39.38918882778678	39.46592675547829	39.43463282092998	39.36309321506641	39.404897082885284	39.40406133982613	39.36120294998728	39.544447973137366	39.56337551049972	39.477632729926846	39.4528780682776	39.44281708204693	39.41911997482619	39.333297418452304	39.24580167819138	39.131596341201316	39.10233921028968	39.094419392306534	39.160344505349116	39.22602594447428	39.19983549045217	39.1641788808007	39.12172847531095	39.05044916610062	38.88169364408461	38.492362764997885	37.96834131618964	37.148965239981194	36.10742481612957	34.84605002733135	33.668450623080346	32.459826408260184	31.40410315347463	31.1235744633289	33.71938505749446
Sin-CPnd_090-Ex1-12F-lcwgs-1-2.clmp.r2	38.398578865358076	38.866435258699624	39.05160434809255	39.10240638284832	39.207035842234	39.248156257951166	39.24445670200931	39.25400088774485	39.29499501339975	39.276493147835524	39.301972539340284	39.32375497499271	39.18185434669965	39.133152974475195	39.1130411716401	39.109962702824234	39.08826270618987	39.049737509556294	39.031486696059844	39.00535126638145	38.93649789390295	38.87139076795663	38.72523922485055	38.54023980893872	38.2264416102994	37.73281329880112	36.89824476939865	35.63625602012745	34.31849606246928	33.24171839495566	32.06334801155989	30.784080741409838	29.762810831064986	29.084668879381685	28.44080043992516	28.02069676672621	28.039066223223717	32.153712766452834
Sin-CPnd_092-Ex1-11F-lcwgs-1-2.clmp.r1	39.21725856364749	38.94597789221714	39.35335032104397	39.35135456203187	39.43106612733655	39.39309918803495	39.31966000819687	39.34724424882838	39.374733453316466	39.31461121307697	39.5114049311879	39.53738306099539	39.44425951994869	39.41674879027609	39.40853576654329	39.38656129619264	39.28628340237549	39.22231068842765	39.09978187245994	39.05571259071121	39.064859841756274	39.12152601679428	39.215636205455155	39.17834851136543	39.14497778840187	39.09467535989471	39.02417702739835	38.82885082017637	38.37423396094618	37.757947217023585	36.76526466995431	35.58213035327218	34.13832547340439	32.831186031332805	31.466890424911195	30.30251929405835	29.95911639824447	33.03385276732939
Sin-CPnd_092-Ex1-11F-lcwgs-1-2.clmp.r2	38.788811870014314	39.137131215215284	39.25235065961024	39.313043116710325	39.39122222420214	39.4251382478899	39.39482171813468	39.40970675409992	39.43578229595443	39.413676888991844	39.42399068645794	39.43372713935268	39.32328326116526	39.27336789747039	39.263648221130914	39.258837665338646	39.22821724553939	39.19181619738581	39.18354792768339	39.14767161895311	39.08407869618042	39.0077924839552	38.86346349462086	38.69847025374979	38.39896283611084	37.91456153352677	37.127532600192296	35.86626797005501	34.582266076435126	33.53615435778032	32.36926361100235	31.088278984525253	29.972418415039236	29.19613346530081	28.51304958840624	27.990485932202073	27.970749468233844	32.18419556566231
Sin-CPnd_093-Ex1-10C-lcwgs-1-2.clmp.r1	39.27977608066234	39.0084397895672	39.34541056338405	39.370917245107115	39.428941467356694	39.4165252899338	39.316596468881954	39.37230871326658	39.38215602639508	39.329374428026306	39.52634423851905	39.54237823315655	39.45341204048102	39.434393387231964	39.42417012935007	39.39924537413826	39.32721567615399	39.235512523859086	39.11737235226582	39.09576363522016	39.088336059951	39.16231517566721	39.249306582605605	39.21719501289149	39.189073231506136	39.1447839618128	39.0890427587819	38.90432774517985	38.504633733350964	37.95943299111015	37.09427369242456	35.953708923673005	34.63299833944679	33.39845560967041	32.063678600743096	30.952453186629743	30.63837841769979	33.368414656377226
Sin-CPnd_093-Ex1-10C-lcwgs-1-2.clmp.r2	38.730135454073526	39.04552776781748	39.14840007920665	39.20137220167725	39.29558529967407	39.321295349820446	39.314412934231726	39.313000058869804	39.354540735230366	39.3275698008595	39.346791327942285	39.36237363060802	39.243296066961726	39.184936580235515	39.17371513865256	39.168454834340494	39.13369119659615	39.10061702455983	39.084875258603425	39.05237442803495	38.981909675538574	38.913777175668635	38.76789574470818	38.575435716524325	38.27590956703788	37.80266145714779	36.99938925251574	35.753926073772334	34.429507203464695	33.346058990696875	32.15489582944049	30.836238275479324	29.75611003768085	28.939042883527527	28.332770786053665	27.83091231719818	27.79522152812939	31.955958463820668
Sin-CPnd_094-Ex1-3H-lcwgs-1-2.clmp.r1	39.266562465922725	38.94786449056741	39.38079677220021	39.350379848060776	39.419693940605576	39.35803860274072	39.27411580822216	39.3504961651703	39.352778888444625	39.30866198974955	39.51189415143034	39.53979644505834	39.45437097888117	39.43627398771865	39.43270397910876	39.41497503097024	39.32247954457773	39.24846244359736	39.12935560807549	39.10325805154631	39.099834597150405	39.17050838131971	39.24231180201849	39.21832483516192	39.18942459201035	39.15505343424587	39.08394035336015	38.93011733209388	38.51717067254084	37.964767281232504	37.0786525434106	35.94116933071162	34.5823476426553	33.27269614805498	31.94858041803595	30.78826077950062	30.487342665151562	33.335799273652206
Sin-CPnd_094-Ex1-3H-lcwgs-1-2.clmp.r2	38.31013049325724	38.81905056159354	39.01211151902875	39.0686925229908	39.17811784377158	39.21851986478136	39.21903602195486	39.23470248264331	39.27016102649849	39.257114608701976	39.287793973319765	39.313425175384396	39.17913052960634	39.13100726164539	39.11901208341167	39.115859232926745	39.097502417299786	39.067452040215564	39.060622012908354	39.037159906160554	38.97719036830416	38.91471875732418	38.779396535618396	38.599864862963706	38.29039642034327	37.78245185762703	36.91319109036465	35.608535655364854	34.27160993123741	33.186421612374616	32.005257410101464	30.698721766595703	29.663001920022747	28.970825979317965	28.319386147370345	27.859146905540342	27.843368862338775	31.950129829713987
Sin-CPnd_095-Ex1-2B-lcwgs-1-2.clmp.r1	39.35925019447132	39.0971218244256	39.4067201699964	39.398960289904565	39.45699812169162	39.4274005350333	39.37712258333808	39.41047678676457	39.41265866014002	39.36148139715787	39.5231752898097	39.53945396247178	39.43904225245224	39.407847799694125	39.38379783106818	39.35415749753823	39.23378277810802	39.12080848263289	39.00717695455729	38.97798517633851	38.97381173856947	39.0576567983055	39.127805546943144	39.11620259359459	39.09401036549742	39.046545242891014	38.9566341316728	38.805016601912016	38.40306053894538	37.868505683840986	37.00873677184592	35.930706596850506	34.701494485100994	33.52460940191553	32.28081734583752	31.21312745562896	30.996977706071778	33.68209936836622
Sin-CPnd_095-Ex1-2B-lcwgs-1-2.clmp.r2	38.976378849109224	39.11237596524181	39.2554689130476	39.282808735082625	39.374124879048324	39.36097672035972	39.349839679738935	39.35803593450585	39.3871402280532	39.3669379778777	39.37964976189121	39.39305974538486	39.262382605725996	39.2241086790214	39.20591599969098	39.1902865964071	39.15813784551337	39.12035022423815	39.10237347174509	39.08301428510633	39.01019091773914	38.943338659639124	38.81049208804178	38.640797524465256	38.30798114442518	37.869432558541234	37.05063777002844	35.87184386940104	34.657826219520445	33.5938745417256	32.46436101094061	31.21971474449029	30.20307026890246	29.56482151709689	28.899487045587346	28.452108169441594	28.450380741614026	32.47401596862306
Undetermined.clmp.r1	38.56163398402545	38.12306164887089	38.412495310012446	38.24767573951685	38.59420932038321	38.59127240011517	38.42227352265704	38.5110353612216	38.60663065989392	38.48232483290535	38.7653991000612	38.83565206540122	38.39309332762078	38.241494077962955	38.237220277781134	38.181805421772935	38.08090726283426	37.989055977655696	37.74679372433611	37.67023044791485	37.74987049636914	37.92908235484493	38.08543894561082	38.06763701847298	38.0483633875907	37.98642159156731	37.85502976283941	37.5466006877874	36.893537389994535	36.14470170692906	35.12215370225774	33.94679597302013	32.619619409926756	31.403717004209206	30.17884061115136	29.051723859950368	28.900081609894176	32.54871489799231
Undetermined.clmp.r2	37.79069891972738	38.13518177932094	38.331611164626985	38.31309941679316	38.5952021854363	38.67472927915659	38.55596647655639	38.58188217640308	38.723657101272316	38.63683859024383	38.67739243941094	38.76317041408788	38.30972341731442	38.19763491385028	38.15698303874005	38.177613893468774	38.12945391245677	38.0747688540787	38.09298966514574	38.019082042358114	37.878119476610784	37.74569603906239	37.60409413584067	37.368735788601775	37.011763288732865	36.493799325360484	35.68122829220457	34.515243181329495	33.31495725673227	32.311055175684444	31.180382755333785	29.977060948921082	28.992288388322645	28.330149314027476	27.682452223977556	27.233486729604788	27.30201198057717	31.81802627013345
