Sample	0.0	1.0	2.0	3.0	4.0	5.0	6.0	7.0	8.0	9.0	10.0	11.0	12.0	13.0	14.0	15.0	16.0	17.0	18.0	19.0	20.0	21.0	22.0	23.0	24.0	25.0	26.0	27.0	28.0	29.0	30.0	31.0	32.0	33.0	34.0	35.0	36.0	37.0	38.0	39.0	40.0	41.0	42.0	43.0	44.0	45.0	46.0	47.0	48.0	49.0	50.0	51.0	52.0	53.0	54.0	55.0	56.0	57.0	58.0	59.0	60.0	61.0	62.0	63.0	64.0	65.0	66.0	67.0	68.0	69.0	70.0	71.0	72.0	73.0	74.0	75.0	76.0	77.0	78.0	79.0	80.0	81.0	82.0	83.0	84.0	85.0	86.0	87.0	88.0	89.0	90.0	91.0	92.0	93.0	94.0	95.0	96.0	97.0	98.0	99.0	100.0
Sin-APnd_001-Ex1-6G-lcwgs-1-2.clmp.r1	44.0	70.5	107.0	138.5	184.0	248.0	344.0	514.0	817.0	1239.0	1912.0	3163.5	5249.5	9118.0	15594.5	26035.0	43183.0	68356.5	106074.5	161245.5	236917.5	335883.5	463359.0	628448.0	821053.5	1040971.5	1287221.5	1544354.5	1825624.0	2112193.5	2394564.5	2682350.0	2980554.5	3284463.5	3615022.0	3940393.5	4159841.0	4240407.5	4192157.0	4028960.5	3766018.0	3457147.0	3162561.0	2909767.5	2687525.5	2475359.5	2275124.5	2098000.0	1933168.0	1765900.0	1618714.5	1467188.0	1311928.0	1180482.5	1052396.0	936795.0	835738.0	744306.5	661548.0	584795.5	515463.5	453738.0	401033.0	349089.0	295340.0	249088.0	208190.5	176734.5	151679.0	127655.5	107642.5	89636.0	72797.5	58569.0	46760.5	36940.5	28865.5	22086.0	16636.0	12446.0	9282.5	6731.5	4789.0	3373.0	2303.5	1558.0	1021.0	636.0	391.0	224.5	133.0	78.5	44.5	23.5	12.0	8.0	5.0	3.0	2.5	1.5	1.0
Sin-APnd_001-Ex1-6G-lcwgs-1-2.clmp.r2	50.0	70.0	105.0	139.0	187.5	260.5	366.0	532.5	806.5	1230.5	1907.0	3196.0	5296.0	9075.5	15457.0	25718.5	42637.0	67511.5	104720.0	159547.5	234700.5	333306.5	460359.0	623304.0	812425.0	1028499.5	1270176.0	1523470.5	1799495.5	2080548.0	2361351.0	2652012.5	2954860.0	3261639.0	3593104.0	3916548.0	4135336.5	4218424.0	4169896.5	4005247.5	3752121.0	3462285.0	3182043.0	2933232.5	2710956.0	2499725.5	2299193.0	2122162.0	1956482.0	1785121.0	1633055.0	1479672.5	1323943.0	1191061.0	1061867.5	944799.5	842630.0	750766.5	667229.5	589694.0	519783.5	458145.5	405131.5	352677.5	298473.5	251551.5	210554.0	178786.0	153222.5	128885.0	108592.0	90419.0	73789.5	59623.5	47530.0	37440.5	29389.0	22645.5	17232.0	13133.0	9973.5	7484.0	5575.0	4266.5	3423.5	2924.0	2676.5	2617.0	2645.5	2657.5	2732.0	2852.0	2923.5	2932.0	2812.0	2516.5	1979.5	1379.0	877.5	456.5	205.0
Sin-APnd_002-Ex1-3G-lcwgs-1-2.clmp.r1	12.0	16.0	31.5	43.5	62.5	91.0	135.0	193.0	291.5	467.5	743.0	1230.5	2046.0	3462.5	5868.0	9889.0	16447.5	25916.0	40129.0	60860.0	88678.5	124737.5	170956.0	230597.5	301090.5	382051.5	474644.0	574378.5	686700.0	805238.0	927420.0	1055387.5	1188008.5	1323963.0	1473726.5	1629240.0	1752876.5	1829201.0	1865996.5	1872287.0	1845576.5	1796688.5	1734924.0	1669565.5	1603371.5	1526552.5	1438075.5	1346064.5	1248177.0	1137459.0	1036117.5	929025.5	814491.5	714517.0	616752.5	528098.5	452495.0	386121.5	328401.5	276884.5	232421.5	195280.5	165353.0	139161.5	113837.5	93218.0	76187.5	63433.5	53240.0	43996.0	36525.0	30069.0	24268.0	19236.5	15193.5	11813.5	9169.5	6957.0	5154.0	3854.0	2845.0	2049.5	1502.5	1069.5	713.5	482.0	325.0	201.5	116.5	63.0	33.5	19.0	12.0	8.5	5.5	5.0	3.5	1.5	1.0	0.5	0.0
Sin-APnd_002-Ex1-3G-lcwgs-1-2.clmp.r2	12.0	13.0	28.0	43.5	63.0	89.5	135.5	198.5	290.0	464.0	726.0	1203.5	2015.5	3469.5	5891.5	9899.5	16401.5	25789.0	40031.0	60708.5	88513.0	124711.0	170734.5	229982.0	300144.5	380610.0	472387.5	571815.5	682642.0	799844.5	922217.0	1050159.5	1183856.0	1321635.0	1472577.0	1626683.5	1748301.0	1823629.5	1860011.5	1865373.0	1838393.0	1792315.0	1733729.5	1670083.0	1605265.0	1528652.5	1440191.5	1348546.0	1250544.5	1140084.5	1038645.0	931746.5	817781.0	718156.5	620186.5	531337.0	455249.0	388386.0	330673.0	278881.0	234071.0	196895.5	166832.0	140330.5	114838.5	93883.0	76694.5	64032.5	53775.5	44305.5	36793.0	30333.5	24538.0	19602.5	15484.5	11978.5	9173.5	6982.5	5287.5	3973.5	3001.5	2230.5	1644.5	1241.5	946.0	745.5	652.0	607.0	589.0	567.5	580.0	629.5	653.5	659.5	604.0	521.0	422.5	312.0	201.0	100.5	38.5
Sin-APnd_003-Ex1-3H-lcwgs-1-2.clmp.r1	31.0	42.5	75.0	108.5	140.5	207.5	323.0	546.5	919.5	1528.5	2592.5	4509.0	7710.5	13289.5	22874.5	38345.0	62632.0	97791.0	149188.0	221230.5	316774.5	440095.0	592339.0	779157.0	991778.0	1225411.5	1479236.5	1733934.0	1993405.5	2240920.0	2470623.0	2689779.0	2896402.0	3092134.0	3295425.0	3497766.5	3629242.5	3652652.0	3583357.5	3435969.0	3209948.0	2945523.5	2686184.5	2453435.0	2248492.0	2053616.0	1868024.0	1704391.5	1556407.0	1408345.5	1282371.0	1151669.5	1014141.0	900896.5	793734.0	698335.0	615840.0	541606.0	475354.5	415134.0	361815.5	316417.0	278324.0	242118.0	205556.0	173527.0	145328.5	124337.0	106880.0	90046.0	76117.0	63854.5	52621.5	42411.0	33766.0	26572.0	20627.5	15649.0	11707.0	8664.0	6242.5	4412.0	3131.0	2132.5	1407.5	965.0	658.5	423.5	251.0	143.0	82.5	36.5	19.0	13.0	7.5	5.0	2.0	0.0	0.0	1.5	3.0
Sin-APnd_003-Ex1-3H-lcwgs-1-2.clmp.r2	23.0	41.5	74.0	98.0	124.0	207.5	357.0	558.5	896.5	1537.0	2610.5	4425.0	7606.5	13229.5	22827.0	38013.0	62097.5	97418.5	148453.5	220045.0	315170.5	438341.0	591139.0	777206.0	987411.5	1218558.5	1469383.0	1722072.0	1978927.0	2224657.0	2454860.5	2675256.5	2885634.5	3086784.0	3295500.0	3495815.5	3623987.0	3647408.5	3574659.5	3422120.0	3198774.5	2944163.5	2693731.5	2464807.0	2258789.5	2064615.0	1879218.0	1715919.5	1567536.0	1416793.0	1286216.5	1153788.0	1018800.0	906788.0	798777.0	701770.0	618754.5	543854.5	477153.5	416881.5	363673.5	318445.0	279565.5	242892.5	206440.5	174556.0	146613.5	125325.5	107654.0	90925.0	76864.5	63995.0	52587.0	42714.5	34232.0	26926.5	20781.0	15734.0	11862.0	8796.5	6460.0	4742.5	3435.0	2444.5	1810.5	1443.5	1206.5	1063.0	1014.0	980.5	961.5	992.5	994.0	940.5	900.0	833.5	666.5	469.5	292.0	152.0	68.0
Sin-APnd_004-Ex1-4A-lcwgs-1-2.clmp.r1	65.0	84.0	138.5	174.5	204.0	255.0	354.5	544.5	841.5	1269.0	1981.5	3223.5	5031.0	8348.0	13865.5	22229.0	35224.0	53633.0	80131.5	117141.5	164291.0	223648.5	296520.5	387750.0	492322.0	607681.5	734381.0	863522.5	1001793.0	1145659.0	1292073.0	1440657.0	1600508.5	1777985.5	1986326.0	2203985.0	2359337.0	2418351.0	2388442.5	2282832.5	2109408.0	1909495.5	1724118.0	1574318.0	1459379.5	1356968.5	1261445.5	1181193.0	1108782.5	1031895.5	961842.0	877774.0	786388.0	712453.5	639915.5	574638.5	518557.5	467772.5	423854.5	384716.0	349010.0	316508.5	287123.5	257520.0	225466.0	195457.0	168119.5	146800.0	128671.0	110575.5	94967.5	80727.0	67139.0	54998.0	44612.0	35631.0	28150.5	21735.5	16522.0	12407.0	9235.0	6807.5	4869.0	3358.5	2243.0	1522.5	1034.5	670.5	419.5	250.0	147.5	85.0	56.5	35.0	20.5	14.0	8.5	4.5	2.5	1.5	1.0
Sin-APnd_004-Ex1-4A-lcwgs-1-2.clmp.r2	73.0	85.0	128.0	156.5	170.5	246.5	376.0	534.5	803.5	1256.0	2020.5	3255.0	5037.5	8196.5	13589.5	22097.5	35050.0	53212.0	79370.5	116454.0	163640.0	223077.5	296395.0	387205.5	490475.5	603557.0	727059.5	853967.0	990899.5	1131819.5	1276659.0	1428655.0	1592177.0	1771896.5	1982969.5	2199537.0	2352855.5	2410194.0	2374416.5	2263137.5	2094445.0	1906316.0	1730174.5	1585527.5	1470806.5	1367835.5	1272529.0	1191928.0	1118767.5	1039455.0	964897.0	880445.0	791514.0	717215.0	643982.0	578258.0	521940.5	471006.5	426505.5	386797.0	350323.0	317502.0	288485.0	258956.0	227021.0	196890.0	169176.5	147850.0	129607.0	111326.5	95652.5	81300.0	67590.5	55457.5	44890.0	35961.0	28653.5	22138.0	16872.5	12745.5	9595.5	7120.5	5250.0	3816.5	2756.0	2119.5	1702.0	1423.5	1285.5	1215.0	1153.5	1119.0	1132.0	1084.5	995.5	879.0	691.0	498.0	310.0	155.5	63.0
Sin-APnd_005-Ex1-4B-lcwgs-1-2.clmp.r1	24.0	38.5	62.0	78.0	112.5	187.0	271.5	384.5	573.5	890.5	1466.5	2439.5	3967.5	6870.5	11841.0	19241.0	30982.5	47617.5	71299.0	105598.0	151005.0	209416.5	282563.5	376363.0	487314.5	615999.0	765230.5	929423.5	1118534.5	1320410.5	1533771.0	1767132.0	2022378.0	2288428.5	2586891.0	2900552.0	3154594.0	3314649.5	3391847.5	3403156.0	3341272.0	3234362.0	3106022.5	2975146.0	2843377.5	2690628.0	2523214.5	2358715.0	2190082.5	2004750.0	1834500.5	1651079.5	1458611.5	1292525.0	1127689.0	979920.5	854099.5	741732.5	642513.0	552969.0	474490.0	408246.5	353295.5	302638.0	252939.5	211836.5	176507.5	149308.0	126855.5	105705.5	88861.5	73975.5	60199.0	48780.5	39032.0	30618.0	23949.5	18342.5	13894.0	10365.0	7647.5	5592.0	4044.0	2900.5	1997.0	1365.0	910.5	578.5	372.0	226.5	133.0	71.0	37.0	20.0	13.0	8.5	3.5	3.0	5.0	3.0	1.0
Sin-APnd_005-Ex1-4B-lcwgs-1-2.clmp.r2	20.0	35.0	59.5	78.0	116.5	178.0	258.5	403.0	584.0	890.0	1462.5	2437.5	3990.5	6845.5	11665.0	18966.5	30634.5	47177.5	70830.5	105084.5	150467.5	208756.5	281964.0	375912.5	485682.0	612404.5	760463.5	922946.5	1110048.0	1310363.0	1523130.0	1757321.5	2014410.0	2282912.5	2580305.0	2890646.5	3142289.5	3299245.0	3374033.5	3384640.5	3326456.0	3227903.0	3106501.0	2979049.0	2849567.5	2697969.0	2531366.5	2367981.5	2198508.0	2011552.5	1838356.0	1654061.0	1462698.0	1297184.0	1132810.5	984684.5	858724.5	745634.5	646006.0	556109.5	476926.0	409988.0	354608.5	304576.5	255043.5	213157.0	177292.5	150149.0	127871.5	106643.5	89820.5	74749.5	60763.5	49166.5	39246.0	30787.0	24245.0	18673.5	14175.0	10761.5	8111.5	6050.5	4577.0	3603.0	2902.5	2433.5	2147.0	2006.5	2018.0	2051.0	2009.0	1967.0	1937.5	1869.5	1738.0	1552.0	1243.0	848.5	528.5	285.5	126.0
Sin-APnd_006-Ex1-4C-lcwgs-1-2.clmp.r1	29.0	31.5	40.0	56.5	80.5	103.5	139.0	199.5	318.0	488.5	736.0	1214.0	1975.0	3349.5	5541.5	9098.0	14977.5	23272.5	35670.0	53900.5	79053.0	112709.0	157731.0	219060.5	295264.5	389939.0	505982.0	639348.5	799769.0	976818.0	1163898.0	1363042.5	1569325.0	1772345.0	1989630.0	2211630.5	2383159.5	2483406.0	2520373.0	2502421.0	2425174.0	2312209.0	2185723.0	2060164.5	1939239.5	1810052.5	1675877.0	1549134.0	1424793.0	1294356.5	1179485.0	1058218.5	928473.0	817620.0	711069.5	614539.5	532096.5	460068.0	396685.5	340692.5	293319.5	252635.0	219080.0	189308.0	160824.5	137330.0	116517.5	100396.5	87519.0	75365.5	64511.5	54411.0	45184.0	36975.0	29724.5	23504.0	18442.0	13944.5	10360.5	7575.0	5419.5	3904.5	2749.0	1836.0	1195.0	786.5	519.0	330.0	209.5	116.0	69.0	45.0	23.5	14.0	9.0	5.0	1.0	0.0	0.0	0.0	0.0
Sin-APnd_006-Ex1-4C-lcwgs-1-2.clmp.r2	16.0	29.0	41.0	47.5	70.5	105.5	145.5	206.0	322.0	480.0	730.0	1206.5	2010.0	3434.5	5676.0	9173.0	15028.5	23406.0	35823.5	54228.0	79520.0	113587.5	158863.5	220217.0	296031.5	389029.0	504029.0	636639.0	794474.0	969366.0	1154730.0	1353287.5	1559806.0	1762417.5	1981754.0	2204319.0	2372591.5	2470554.0	2505334.5	2486833.0	2414520.5	2307946.5	2185546.0	2062206.5	1943020.5	1815645.5	1683566.0	1558231.5	1432954.0	1300460.5	1183991.5	1062843.5	933978.5	822907.5	716562.0	620157.0	536752.0	463836.0	400315.0	344008.5	295911.0	254996.0	221117.0	191106.0	162470.0	138540.5	117668.0	101671.5	88336.0	75797.0	65067.5	54975.0	45641.0	37149.0	29870.0	23705.5	18502.0	14076.0	10503.5	7699.0	5601.5	4100.0	3003.5	2170.0	1525.5	1147.0	966.0	814.5	744.0	723.0	740.5	776.0	747.0	702.0	652.5	585.0	489.0	342.5	208.0	108.5	47.5
Sin-APnd_007-Ex1-4D-lcwgs-1-2.clmp.r1	18.0	31.0	61.0	85.5	118.5	186.5	267.5	414.5	661.0	1016.5	1638.0	2646.5	4373.0	7573.5	12833.0	21344.0	35222.0	55296.5	84378.5	126992.5	184484.0	259392.0	355026.5	477373.5	620737.5	785499.0	971158.0	1163024.5	1368811.5	1578585.5	1784788.0	1989508.0	2197022.5	2402355.5	2621216.0	2841724.0	3001315.5	3072644.0	3061824.5	2983041.0	2837955.0	2655472.5	2464116.0	2287796.5	2130290.0	1970061.0	1809268.5	1663146.0	1526646.0	1384151.5	1253508.0	1120435.5	987003.0	872446.5	760580.0	661358.5	578197.0	504214.0	438491.5	379890.5	329278.0	286655.5	250377.5	216451.0	182634.5	153754.5	128091.5	108664.5	93590.0	78700.5	66263.0	55425.0	45357.5	36549.5	28964.0	22566.0	17511.5	13346.5	10038.0	7499.0	5482.5	3910.5	2834.0	1996.5	1325.0	874.0	597.5	397.5	229.0	125.0	78.0	54.0	39.5	19.5	7.5	6.0	4.0	2.0	1.0	0.5	0.0
Sin-APnd_007-Ex1-4D-lcwgs-1-2.clmp.r2	15.0	27.5	58.5	73.5	98.5	166.5	269.0	418.5	658.5	1036.0	1664.0	2746.5	4527.5	7667.0	12824.5	21250.0	35101.5	55100.0	84221.5	126867.0	184594.5	259870.0	355436.0	477278.5	619796.5	782290.0	964599.0	1153145.5	1356616.0	1564062.5	1770047.0	1977530.5	2187234.0	2395004.5	2615392.5	2834779.5	2992336.5	3062453.0	3049910.5	2968688.5	2826805.5	2652042.0	2468567.5	2295975.0	2137786.5	1977110.0	1816815.5	1672235.5	1535295.5	1391139.0	1259112.0	1125908.0	992706.0	878106.0	765689.5	665601.5	582249.0	507957.5	441879.0	382556.0	331278.5	288807.5	252506.0	218053.0	184072.0	155099.0	129471.0	110075.0	94559.0	79446.5	66937.0	55838.5	45569.0	36893.5	29313.5	22797.0	17759.5	13582.0	10310.0	7676.0	5712.5	4230.5	3143.5	2376.5	1813.0	1471.0	1278.0	1134.0	1085.0	1084.0	1096.0	1112.0	1108.0	1098.0	1038.0	897.5	712.5	497.0	304.5	166.0	79.5
Sin-APnd_008-Ex1-4E-lcwgs-1-2.clmp.r1	54.0	65.5	96.0	119.0	158.0	252.5	396.5	596.0	928.0	1407.0	2149.0	3470.5	5664.0	9806.0	16413.0	26557.5	43120.0	66806.5	101061.0	149997.5	214109.0	295810.5	397084.5	523172.5	668004.5	827618.0	997334.0	1165199.0	1341337.5	1516789.0	1688918.0	1861661.0	2042989.5	2239880.0	2467390.0	2701257.5	2864405.0	2925367.0	2892624.5	2778158.0	2588685.0	2371965.5	2173376.0	2008983.0	1873855.5	1747656.5	1630706.5	1530816.5	1440369.5	1346601.5	1262297.0	1164920.0	1056677.0	963957.0	871149.0	785597.5	709172.5	638304.0	574286.0	515629.5	464023.5	418408.5	379093.0	341154.5	301076.5	266188.5	234363.0	208034.0	184855.0	160803.5	139484.0	119170.0	98838.0	80777.5	65633.5	51978.5	40133.5	30574.5	23004.5	17063.0	12485.0	8911.0	6336.5	4331.5	2836.5	1895.0	1250.0	790.5	482.5	286.5	174.0	102.5	65.5	39.5	22.0	15.0	7.0	1.5	0.5	1.0	2.0
Sin-APnd_008-Ex1-4E-lcwgs-1-2.clmp.r2	45.0	58.0	89.5	117.5	162.5	252.5	388.5	614.5	961.0	1429.5	2207.0	3538.5	5738.5	9806.0	16286.0	26360.5	42868.0	66534.5	100708.5	149782.0	213873.5	295363.5	396453.0	521256.5	663830.0	820589.0	987553.0	1152982.0	1327010.0	1500950.5	1672554.0	1847270.0	2031889.5	2230329.0	2459688.5	2693006.5	2853463.5	2912088.0	2875812.0	2758999.0	2574614.0	2369122.5	2179904.5	2020380.0	1886208.5	1760545.0	1643838.0	1543502.0	1451587.5	1354763.5	1267427.5	1169655.0	1062071.0	969497.0	876029.5	789252.0	711996.0	641100.5	577400.0	518609.5	466803.0	420723.5	381257.5	343452.0	303323.0	267798.5	235518.0	209202.0	185857.5	161935.5	140198.5	119312.0	99554.5	81731.5	65946.5	52187.5	40706.0	31101.5	23296.5	17302.0	12790.5	9296.0	6879.5	5113.5	3790.0	2955.0	2408.0	2128.0	2051.5	2011.5	1989.0	1995.5	2037.5	1961.0	1807.0	1669.0	1337.0	951.5	592.0	301.5	142.0
Sin-APnd_009-Ex1-4F-lcwgs-1-2.clmp.r1	26.0	40.5	67.5	89.0	112.5	153.0	235.0	354.5	515.5	810.5	1319.5	2205.5	3563.0	6041.5	10132.0	16426.0	26397.0	40225.0	60154.5	88671.0	125572.0	171700.5	229055.0	301159.5	383033.5	473990.5	573756.0	676022.0	787576.0	903189.5	1023017.0	1151279.0	1293718.5	1452211.0	1642565.5	1852861.0	2032714.5	2159569.5	2245455.0	2298349.5	2307173.5	2290040.0	2261894.5	2231676.5	2194190.5	2135620.5	2059769.0	1966572.5	1854501.0	1720978.0	1592818.0	1448948.0	1288913.5	1145517.5	1002277.0	869061.5	753048.5	652095.0	561294.5	478498.5	408125.5	348980.5	299796.5	255405.5	212210.5	176384.5	145926.0	123294.0	105290.0	87818.5	73755.0	61391.5	50014.0	40490.0	32293.0	25389.5	19763.0	14941.0	11300.5	8505.0	6297.5	4519.5	3218.0	2276.0	1521.5	1021.0	681.5	469.5	299.5	163.5	92.0	54.5	37.5	21.5	11.5	6.0	3.0	1.0	1.0	1.0	1.0
Sin-APnd_009-Ex1-4F-lcwgs-1-2.clmp.r2	33.0	38.5	57.5	82.0	114.0	169.5	245.0	353.5	525.5	816.5	1331.5	2189.0	3561.5	5982.0	9974.5	16353.5	26304.5	40160.0	60067.5	88194.0	125059.5	171503.5	228795.0	300830.5	381995.0	471251.0	569704.0	671478.5	781815.5	896483.0	1016022.5	1144301.0	1288972.5	1449477.5	1639686.0	1847233.0	2024946.0	2150801.0	2232470.0	2282953.5	2294224.5	2282972.0	2259950.5	2230380.5	2193322.0	2136279.0	2060993.5	1970135.5	1860113.5	1725540.0	1595829.5	1453172.5	1295065.0	1151495.5	1008056.5	874893.0	758313.5	656792.0	565330.0	481788.5	411938.0	352319.0	302550.0	258247.5	214698.5	178486.0	147446.5	124408.5	106264.0	88624.5	74385.5	62069.0	50749.0	40837.0	32628.5	25740.0	19894.0	15171.5	11600.0	8775.0	6560.0	4813.5	3535.0	2623.0	1988.5	1564.5	1277.0	1140.5	1052.5	1030.5	1023.5	1009.0	1021.5	992.0	931.0	851.5	659.0	445.0	287.0	155.5	71.0
Sin-APnd_010-Ex1-4G-lcwgs-1-2.clmp.r1	75.0	101.5	136.5	150.5	202.0	281.5	398.5	618.5	962.5	1500.0	2416.5	3900.0	6354.0	10849.0	18040.0	29436.5	47270.5	71919.5	107308.5	156938.0	221158.0	302763.5	403268.0	528106.5	670745.5	827068.5	996468.5	1170253.0	1356375.0	1546533.5	1736138.0	1925271.5	2121898.0	2335522.5	2581182.5	2831021.5	3006051.0	3073235.5	3045643.5	2937344.5	2752937.0	2539266.5	2344689.5	2189064.0	2065559.5	1953994.0	1852367.0	1761846.0	1676101.5	1581548.0	1486851.5	1374335.5	1249713.0	1137095.5	1020121.5	907835.5	805725.5	711148.0	624053.5	545251.5	475603.0	413337.0	360202.5	310409.0	260813.5	218245.5	181525.5	153658.0	130734.5	108866.0	90988.5	75205.5	61035.5	48981.0	38806.0	30209.5	23278.5	17593.0	13239.0	9953.5	7323.5	5304.5	3780.0	2577.0	1762.0	1207.5	772.0	485.0	297.0	167.0	101.0	61.0	41.5	23.0	8.5	4.5	3.0	2.5	2.0	2.0	2.0
Sin-APnd_010-Ex1-4G-lcwgs-1-2.clmp.r2	69.0	88.0	133.5	152.0	186.5	283.0	410.5	624.0	980.5	1529.0	2409.5	3924.0	6344.0	10710.0	17938.0	29220.5	46894.5	71469.0	106660.5	156399.0	220594.0	302190.0	402716.0	526686.5	667486.5	821411.0	989025.0	1160375.0	1343582.5	1531393.5	1720441.0	1912473.0	2114237.0	2332581.5	2578721.0	2825643.0	2999736.5	3064109.0	3028649.0	2915249.0	2736595.0	2534487.5	2349367.5	2197865.0	2074537.5	1964559.5	1862778.0	1772127.5	1685433.0	1587450.5	1489016.5	1375584.5	1253501.5	1141106.0	1023519.0	912072.5	810075.5	714564.0	627943.0	549098.5	478608.0	415937.5	362292.0	312547.0	263150.0	220431.5	183102.5	154860.5	131994.0	110059.5	91926.5	76056.0	61659.0	49390.5	39313.0	30846.5	23778.0	17970.0	13680.5	10377.0	7824.0	5927.0	4441.5	3306.5	2533.0	2123.5	1892.0	1759.5	1758.5	1798.5	1874.0	1963.0	1968.0	1908.0	1796.0	1570.0	1294.0	943.5	595.0	328.5	138.5
Sin-APnd_011-Ex1-4H-lcwgs-1-2.clmp.r1	30.0	62.5	104.5	135.5	188.5	270.0	416.0	629.5	975.0	1544.0	2518.0	4124.5	6741.0	11549.0	19306.0	30918.0	48929.5	74230.0	110394.5	162013.5	228141.5	312358.0	418326.5	551186.0	703868.5	872659.5	1059018.5	1253008.0	1462831.0	1678766.5	1895447.0	2118359.5	2356880.0	2610586.5	2893984.5	3172493.5	3366119.5	3448047.5	3428148.5	3326376.0	3153422.0	2957074.5	2773048.5	2617709.5	2490749.0	2365910.0	2241799.5	2127626.5	2014526.5	1887315.5	1764677.0	1623382.5	1466143.5	1325262.0	1183119.0	1052203.0	936096.5	828066.5	729531.5	638861.0	558739.0	489222.5	430114.0	375968.5	322393.0	276676.5	236127.0	204777.5	179160.5	154253.0	132783.5	112591.0	93768.5	77235.0	62736.5	50069.5	39473.0	30499.0	23208.0	17259.5	12695.0	9149.0	6317.0	4263.0	2847.0	1874.0	1221.5	790.0	494.0	293.5	165.0	95.0	62.5	38.0	18.5	13.0	9.0	5.5	4.0	2.0	1.0
Sin-APnd_011-Ex1-4H-lcwgs-1-2.clmp.r2	40.0	74.0	106.5	121.5	172.5	261.0	403.5	615.5	1001.0	1598.0	2524.5	4102.5	6721.0	11530.5	19179.0	30788.0	48657.5	73611.0	109651.5	161127.0	227239.0	311568.5	417426.5	549017.5	699315.0	865316.5	1048300.0	1238144.5	1444937.5	1659004.0	1875130.5	2101576.5	2343842.5	2599737.0	2884648.5	3162144.0	3353689.0	3432704.0	3409866.5	3307229.5	3140978.0	2955777.5	2780383.0	2629153.0	2500933.5	2376217.0	2252837.0	2138756.0	2025292.5	1895808.5	1770741.0	1628952.5	1472216.0	1330643.5	1188426.0	1057211.5	940531.0	832355.0	733404.0	642534.5	562364.0	492974.5	433810.0	379082.0	324994.5	278768.5	237789.5	206250.5	180523.5	155413.0	133547.0	113424.0	94541.0	77759.5	63438.5	50774.5	39969.5	30671.0	23378.5	17746.5	13226.0	9705.5	7084.0	5200.5	3967.0	3248.5	2839.0	2661.0	2612.0	2672.5	2773.0	2868.0	2946.0	2898.5	2729.0	2472.0	2024.5	1407.0	849.0	457.5	206.0
Sin-APnd_012-Ex1-5A-lcwgs-1-2.clmp.r1	60.0	85.0	125.5	159.5	219.0	345.5	556.0	832.0	1277.5	1996.0	3206.0	5225.5	8277.0	13719.0	22577.5	36160.0	57643.5	87691.5	130607.5	190558.0	267514.0	364511.0	483745.0	627866.0	787511.5	962465.5	1150010.5	1335457.0	1529522.0	1721147.0	1906886.0	2088657.5	2272580.0	2470710.5	2702590.0	2945280.5	3115001.5	3174576.0	3132074.5	2999977.5	2781148.5	2524059.0	2285731.5	2090776.0	1933020.5	1789075.0	1657736.0	1547922.5	1450850.0	1352921.0	1269985.5	1169439.0	1054577.0	960613.0	868041.0	781530.5	704245.0	631451.5	563579.0	499982.5	441158.5	388272.0	342913.5	299439.0	254702.0	215516.5	180556.5	153754.0	132596.0	111725.0	94169.5	78817.0	64758.0	52711.0	42094.5	32676.5	25403.5	19537.0	14750.0	11003.0	8225.5	6073.5	4220.5	2845.5	1880.5	1213.0	798.0	535.5	337.5	197.0	113.5	61.5	32.0	15.0	8.0	6.0	4.0	3.0	3.0	2.0	1.0
Sin-APnd_012-Ex1-5A-lcwgs-1-2.clmp.r2	64.0	80.0	118.0	162.0	233.5	348.5	514.5	809.5	1265.0	2027.5	3201.0	5130.0	8209.0	13511.5	22253.5	35602.5	56759.0	86613.5	128820.5	188376.5	265158.5	361285.5	479710.0	622828.5	781429.5	954234.5	1138324.0	1321139.5	1512397.0	1700896.0	1884578.5	2069114.5	2258230.5	2460886.5	2695695.5	2937890.0	3105969.5	3162773.0	3116247.5	2980893.5	2767992.0	2523806.0	2297634.5	2109039.0	1951566.5	1807363.5	1675337.5	1564102.0	1464431.0	1363858.5	1275402.5	1173559.5	1062297.0	967810.5	873741.5	786670.0	708886.0	635329.5	566527.0	503260.0	445141.0	391789.5	346139.0	302004.5	256811.0	217519.5	182641.0	155972.5	134193.5	112721.0	95000.0	79515.0	65501.0	53405.5	42552.5	33271.5	26033.0	19950.5	15062.0	11460.0	8608.0	6256.5	4557.5	3305.5	2413.0	1857.5	1506.0	1321.0	1262.0	1232.5	1188.0	1179.5	1164.0	1138.0	1090.0	955.5	776.5	563.5	342.0	177.0	76.0
Sin-APnd_013-Ex1-5B-lcwgs-1-2.clmp.r1	49.0	63.5	84.0	98.5	136.0	187.5	256.0	392.5	592.5	910.5	1378.5	2147.0	3506.5	6074.5	10416.0	17196.5	28305.5	44551.5	68026.5	102276.5	149386.5	210048.5	286772.0	385611.5	500069.5	633282.0	783641.5	937500.5	1110174.0	1291371.0	1473605.0	1664946.0	1873965.0	2092857.0	2340034.5	2600680.5	2798635.5	2906504.0	2932404.0	2886486.0	2766789.5	2605111.5	2438485.5	2287540.0	2148844.5	2005026.5	1861264.5	1728510.0	1596733.0	1457537.0	1334497.0	1205049.0	1069250.0	954277.5	843254.5	742598.5	656293.0	579658.0	512371.5	450836.0	395361.5	347814.5	307106.5	267858.0	228020.5	193176.0	162211.5	138814.0	119704.0	101190.0	85728.5	71523.0	58824.0	47874.0	38211.0	30165.0	23707.5	18230.5	13892.5	10515.0	7869.5	5757.5	4166.0	2982.5	2058.5	1422.5	998.5	671.5	418.5	240.5	134.0	73.5	48.5	34.0	21.5	14.0	9.0	3.5	2.0	1.5	1.0
Sin-APnd_013-Ex1-5B-lcwgs-1-2.clmp.r2	40.0	49.5	79.0	110.5	140.5	193.5	265.0	375.5	568.0	877.0	1339.0	2122.0	3448.0	5975.0	10365.0	17085.5	28063.0	44229.0	67705.5	101788.5	148410.5	209222.0	286028.5	384611.0	498070.0	628625.5	775935.0	927153.5	1096802.0	1275315.5	1456296.5	1649427.0	1860050.0	2079380.5	2326405.5	2583480.5	2782469.0	2892344.5	2915573.5	2868352.5	2754594.0	2605685.0	2447459.0	2298391.0	2160597.0	2017932.0	1874725.5	1742213.5	1609452.0	1468416.5	1343345.5	1213342.0	1077964.0	961730.0	849622.5	748518.0	661788.5	584823.5	516977.0	454160.0	397956.5	350120.5	309112.0	270189.0	230191.0	194831.0	163952.0	140550.0	120872.5	101778.0	86340.0	72430.0	59619.5	48482.0	38686.0	30477.0	23960.5	18548.0	14256.5	10807.0	8104.0	6037.5	4534.5	3423.0	2553.0	1955.5	1575.5	1335.5	1184.5	1087.0	1054.0	1066.5	1066.5	1016.5	963.0	859.5	703.5	523.5	340.5	210.5	99.5
Sin-APnd_014-Ex1-5C-lcwgs-1-2.clmp.r1	42.0	55.0	81.5	99.0	124.0	177.5	251.0	383.0	600.5	884.5	1404.0	2343.5	3898.5	6620.5	10924.0	17912.5	29058.5	44629.0	67244.0	99834.5	142901.0	197819.0	266570.0	354776.5	458027.5	577001.5	713573.0	858170.0	1021740.0	1194878.0	1369680.0	1553341.0	1747918.5	1945550.0	2162888.5	2383160.5	2543189.5	2617787.5	2614991.0	2553859.0	2441195.0	2301107.0	2153092.5	2011804.0	1880088.5	1741101.0	1597558.0	1463755.0	1334017.0	1198471.0	1077946.5	953722.0	827673.0	723122.5	623226.0	536818.5	467011.0	407956.5	357166.5	311869.0	273038.0	240613.0	213977.0	189718.0	165152.5	143490.5	124040.0	109337.5	96490.5	83363.0	71706.0	60749.5	50815.0	41839.0	33815.0	26972.5	21319.5	16398.0	12473.5	9406.5	6985.0	5163.0	3757.0	2700.5	1905.0	1325.5	906.0	590.0	378.5	234.5	152.0	95.0	57.5	37.5	21.5	11.5	5.0	2.0	2.0	1.0	0.0
Sin-APnd_014-Ex1-5C-lcwgs-1-2.clmp.r2	34.0	49.5	74.0	89.5	125.5	181.5	257.0	389.5	596.5	879.0	1405.5	2321.0	3818.0	6515.5	10781.5	17558.0	28617.5	44250.0	66730.0	99055.0	141733.0	196357.0	265312.0	353043.0	454640.0	571845.0	705688.0	847565.0	1008513.0	1178594.0	1352510.5	1537495.0	1733053.0	1931199.0	2148693.5	2367282.5	2525129.5	2600601.0	2601338.0	2542619.5	2434394.0	2302737.5	2161817.5	2023370.5	1891538.0	1753525.5	1610931.5	1477008.0	1347263.5	1210067.0	1086381.0	961973.5	836930.0	730994.5	629961.5	543182.0	472766.0	412489.0	360833.5	314994.0	275840.5	243240.0	216233.0	191385.0	166246.5	144420.0	125129.5	110209.5	97165.5	83918.0	72194.0	61337.5	51306.5	42314.0	34184.5	27248.5	21613.5	16620.5	12599.5	9598.5	7285.5	5453.5	4073.0	3080.5	2377.5	1866.5	1473.0	1267.5	1176.0	1111.0	1115.0	1123.0	1088.0	1066.0	1015.0	912.5	754.0	551.5	358.0	170.5	70.5
Sin-APnd_015-Ex1-5D-lcwgs-1-2.clmp.r1	32.0	42.0	71.0	84.5	97.0	138.5	219.5	331.0	492.5	749.5	1203.0	2043.0	3440.0	5907.5	10291.5	17396.5	28892.5	45861.0	71528.0	109102.5	159465.0	224699.0	307758.0	413302.5	533525.0	667997.0	815186.5	963728.5	1119229.0	1270985.0	1414068.0	1554344.5	1697724.5	1840273.5	1990141.0	2137217.5	2236582.0	2267759.0	2235471.5	2154715.5	2035051.5	1900432.0	1773188.5	1665193.5	1574495.0	1489889.0	1406781.0	1330257.5	1256645.0	1174353.5	1096912.0	1006085.0	903093.5	810948.0	719238.5	633849.0	556697.0	487180.0	424415.5	366802.5	316204.5	271972.5	235145.5	201433.0	168629.0	141619.5	118510.0	100657.0	86007.5	72049.0	60772.5	50635.5	41363.0	33451.5	26344.5	20484.0	15991.0	12140.0	9247.5	6968.0	5094.5	3642.5	2542.0	1801.0	1245.5	826.5	552.5	358.0	202.5	107.0	66.5	34.5	19.5	13.0	5.5	3.0	1.0	0.0	0.0	0.0	0.0
Sin-APnd_015-Ex1-5D-lcwgs-1-2.clmp.r2	26.0	47.5	77.0	84.5	92.0	132.5	217.5	315.5	459.5	719.0	1193.5	2082.0	3496.5	5926.5	10053.0	17137.0	28629.0	45267.5	70455.0	107603.0	157983.5	222790.0	305251.0	410230.0	529546.5	662596.5	807522.5	953085.0	1106585.0	1256985.5	1400209.5	1542432.0	1687667.0	1832143.5	1982588.5	2128260.5	2227185.5	2260146.5	2227641.0	2144899.5	2028797.5	1902480.0	1780824.0	1673665.5	1583120.5	1498241.0	1415123.5	1339428.5	1264165.5	1180268.5	1101833.0	1010901.0	908811.0	816778.5	724481.5	638439.0	561058.0	491252.0	428093.0	369887.5	319030.5	274684.0	237504.0	203645.5	170609.5	143416.0	119880.5	101540.0	86813.5	72863.5	61273.0	50893.0	41628.0	33715.0	26854.5	21075.0	16353.0	12366.5	9407.5	7101.5	5239.5	3833.5	2790.0	2079.5	1569.0	1250.5	1039.5	895.0	783.5	764.0	789.0	809.0	824.5	798.0	728.0	641.0	548.0	408.5	254.0	123.0	52.5
Sin-APnd_016-Ex1-5E-lcwgs-1-2.clmp.r1	38.0	54.5	81.0	102.0	144.0	201.5	304.0	492.0	706.0	1093.5	1830.5	3047.5	5095.5	8780.0	15014.0	24755.0	40186.0	62369.5	94941.5	141317.0	201841.0	279330.5	376106.5	498640.0	637876.5	792265.0	963878.5	1137348.0	1320445.5	1501700.5	1675761.5	1850940.0	2027176.0	2203157.0	2399159.5	2596767.5	2733360.0	2782680.0	2752155.5	2660829.0	2512164.5	2333016.0	2153176.5	1991761.0	1848561.5	1706836.0	1567821.0	1444260.0	1331895.0	1216579.0	1110333.5	999937.5	892068.0	803219.0	714473.0	635748.5	570232.0	510050.0	456297.0	407121.0	362430.5	323264.0	288286.0	253561.0	218111.5	186806.5	158364.5	136212.0	117883.5	99873.5	84770.0	71008.0	58151.0	47549.0	38509.5	30340.5	23873.5	18461.0	14096.0	10770.5	8139.5	6065.5	4473.5	3226.0	2248.5	1515.0	1013.5	672.0	446.0	294.0	180.0	119.0	90.0	55.5	28.0	13.5	8.0	4.5	4.0	3.5	3.0
Sin-APnd_016-Ex1-5E-lcwgs-1-2.clmp.r2	37.0	53.0	84.0	117.0	138.5	187.5	303.5	466.0	696.0	1093.5	1801.0	3055.0	5019.5	8760.0	14980.0	24427.5	39673.5	61580.0	93661.5	139661.0	199875.0	277068.0	373543.0	495036.0	632697.0	784762.0	953057.0	1123373.5	1304886.0	1485180.0	1658211.5	1833859.0	2012104.0	2189338.0	2384998.0	2580843.0	2717365.0	2769663.5	2740568.5	2648249.5	2506023.5	2337038.5	2163033.5	2004292.0	1862413.0	1721824.5	1581944.0	1458319.5	1345741.0	1227974.0	1118840.5	1008060.5	900233.0	810400.0	721408.0	641816.0	575007.0	514275.0	460158.0	410472.0	365289.0	325692.5	290100.5	255376.5	220071.0	188453.5	159874.5	137585.5	119098.0	101008.5	85554.5	71522.0	58740.0	48167.5	38831.0	30586.5	24246.0	18730.0	14303.5	11020.0	8442.0	6383.0	4776.5	3555.0	2646.5	1998.5	1583.5	1344.5	1180.5	1087.0	1056.5	1035.5	1020.0	967.0	897.5	808.0	652.5	480.0	312.0	162.5	68.0
Sin-APnd_017-Ex1-5F-lcwgs-1-2.clmp.r1	49.0	58.5	90.5	110.0	141.5	194.0	278.5	420.5	614.0	927.0	1511.5	2437.0	3945.5	6695.5	11183.5	18158.5	29174.5	44511.5	66872.5	98619.0	139970.5	192749.5	258626.5	341530.5	435750.5	541380.0	660439.5	785790.0	924533.0	1067231.5	1212416.0	1363224.5	1520988.0	1684259.5	1865051.5	2048730.0	2185012.5	2252044.5	2254014.0	2206282.0	2111213.0	1991834.5	1867985.0	1749651.0	1638578.0	1522443.0	1404122.5	1293687.0	1186393.0	1074941.5	976519.0	874895.0	771895.0	686651.0	604218.5	531826.0	471275.0	418863.0	373288.0	332390.0	296613.5	265848.5	240537.5	216730.5	192291.0	170653.0	151103.5	135342.0	120926.0	106135.5	92615.5	79569.0	66732.0	54923.5	44423.5	35007.5	27356.5	21120.0	15877.5	11681.0	8597.0	6215.5	4335.0	2994.0	2023.0	1372.0	935.0	592.5	361.0	215.0	127.0	69.0	42.0	26.0	13.5	8.5	4.0	2.0	1.5	1.0	1.0
Sin-APnd_017-Ex1-5F-lcwgs-1-2.clmp.r2	33.0	51.0	85.0	109.0	147.5	200.5	269.5	410.0	611.0	936.0	1492.5	2405.0	3886.5	6583.0	11010.5	17852.0	28669.5	43912.0	66174.0	97877.5	139110.0	191812.5	257394.5	339363.0	432557.5	536925.5	653906.0	776708.5	913304.5	1054711.0	1199122.5	1350994.5	1510641.0	1674092.0	1854828.0	2037646.0	2171994.5	2240129.5	2242691.5	2195178.5	2105849.5	1993318.0	1873969.0	1756547.0	1646197.5	1532651.5	1414971.0	1304442.0	1197594.0	1084252.5	983432.5	881955.0	778491.5	692666.0	610192.0	536765.0	475300.0	422409.0	376205.5	334751.5	298635.0	267588.5	242525.5	218622.5	193491.5	171723.5	152044.0	136231.0	121955.5	106704.5	92999.5	80142.5	67187.0	55270.5	44717.0	35388.5	27725.5	21346.0	16177.0	11990.0	8849.5	6427.5	4569.0	3260.5	2326.0	1725.0	1325.0	1059.5	897.0	790.5	756.0	712.5	689.5	681.0	663.0	577.5	443.0	331.5	214.0	109.5	50.5
Sin-APnd_018-Ex1-5G-lcwgs-1-2.clmp.r1	33.0	48.5	71.5	78.5	110.0	153.5	208.0	316.5	469.0	734.0	1224.0	2084.0	3472.5	6119.5	10613.0	17430.0	28502.5	44732.0	68697.0	103788.5	150981.0	212196.5	289863.5	388043.0	500904.0	628490.5	767915.0	908140.5	1056623.5	1202273.5	1339287.5	1473186.0	1608780.5	1742404.0	1881980.0	2021177.5	2117999.5	2154951.0	2144482.0	2099045.5	2017553.5	1917206.5	1815892.5	1724817.5	1640719.0	1549081.5	1453560.5	1364223.0	1272812.5	1170446.5	1076361.0	975038.5	866079.0	770789.0	676128.5	587920.0	512015.5	445164.0	385556.5	330881.0	283110.5	241951.5	207621.5	176638.5	145857.5	120494.5	98577.0	82354.0	69858.0	57647.5	47851.0	39225.0	31465.0	25142.0	19875.5	15503.5	12027.5	9126.0	6854.5	5062.5	3626.5	2565.0	1843.5	1338.5	962.0	677.0	454.0	291.5	179.5	116.5	80.5	48.0	29.0	15.0	7.5	3.5	1.5	1.0	1.0	0.5	0.0
Sin-APnd_018-Ex1-5G-lcwgs-1-2.clmp.r2	32.0	50.0	68.5	76.0	102.0	152.5	209.0	317.5	492.5	760.5	1215.0	2077.5	3510.5	6104.5	10437.0	17184.0	28189.0	44343.5	68016.0	102820.0	150068.0	211197.5	288622.5	385833.0	498086.5	624905.0	762689.5	900898.0	1046907.5	1190670.0	1328135.5	1464933.0	1601709.5	1735683.0	1876011.5	2013453.5	2109090.0	2147726.5	2137876.5	2090893.5	2010912.0	1916592.0	1820678.5	1729822.0	1644624.5	1553329.5	1458886.0	1370879.0	1279643.0	1176716.5	1081520.5	979997.0	871575.0	776244.5	680855.0	592224.0	516325.5	448956.0	388462.0	333566.0	285449.5	244237.0	209783.0	178227.0	147492.5	121826.0	99620.5	83316.0	70621.0	58397.0	48465.0	39685.5	31762.5	25434.5	20087.0	15556.0	12234.0	9400.5	7066.5	5275.0	3818.0	2759.0	2094.5	1585.5	1194.0	960.0	795.0	650.5	594.0	603.0	599.5	578.0	579.5	606.5	591.0	520.0	431.5	301.5	178.0	102.0	48.0
Sin-APnd_019-Ex1-5H-lcwgs-1-2.clmp.r1	62.0	73.0	120.5	167.5	202.0	252.5	331.5	458.0	713.0	1098.0	1679.0	2735.5	4549.5	7800.5	12952.5	20963.0	33802.0	52118.0	78866.0	116955.0	167146.5	232156.0	314378.5	419898.5	542504.5	680848.0	836323.5	999021.0	1176477.5	1358669.5	1540143.0	1726502.5	1923292.5	2126834.0	2353360.5	2585520.5	2754169.0	2829251.0	2817714.5	2735092.5	2584202.5	2396860.5	2210396.0	2042579.5	1891024.5	1743416.5	1599729.5	1470931.5	1352922.5	1232159.0	1127416.5	1016312.5	899698.0	802559.0	708501.0	625780.0	555093.5	490895.0	433065.5	380323.5	333472.5	292758.0	258543.5	225932.5	192633.5	163284.5	137041.5	117562.0	102089.0	86934.0	73848.5	61919.5	51142.5	41628.0	33503.0	26411.5	20458.0	15639.5	11765.0	8728.0	6483.0	4710.5	3297.5	2239.5	1474.0	1001.0	689.5	443.5	267.0	148.5	95.0	57.5	33.0	16.5	6.5	5.0	4.0	3.5	3.0	2.0	1.0
Sin-APnd_019-Ex1-5H-lcwgs-1-2.clmp.r2	56.0	71.0	114.5	160.5	201.0	249.0	335.0	481.5	695.5	1067.0	1672.0	2757.5	4586.0	7740.0	12763.0	20734.5	33593.5	51623.0	77965.0	116158.5	166616.5	231421.0	313280.0	418278.0	539939.5	676210.0	828015.0	987334.5	1161965.5	1341879.5	1522919.5	1711409.5	1909980.5	2114228.0	2342014.5	2572834.5	2739952.5	2814930.5	2801283.0	2717090.0	2571926.5	2396696.0	2219675.0	2054611.0	1904142.5	1757998.5	1614191.5	1484772.5	1365587.0	1242644.5	1135105.5	1023402.5	907698.0	810160.5	715338.0	630835.5	559163.0	495124.0	436512.0	383369.5	336651.5	295506.0	260603.5	227655.0	194525.5	164918.5	138562.5	119251.0	103423.5	87772.0	74497.5	62580.5	51610.0	42080.5	33876.0	26723.0	20762.5	15876.0	12069.0	9048.0	6709.0	4946.0	3571.5	2594.0	1916.0	1483.0	1192.0	1009.5	958.0	938.5	946.0	944.0	914.0	902.5	856.5	747.5	625.5	468.0	289.0	148.5	66.0
Sin-APnd_020-Ex1-6A-lcwgs-1-2.clmp.r1	66.0	89.0	129.0	158.5	225.5	296.5	356.5	503.5	750.0	1102.0	1721.0	2749.0	4246.0	7037.5	11864.5	19655.5	32391.5	50908.5	78120.5	116728.5	169801.5	238035.5	322978.0	431779.0	556380.5	704310.0	873287.5	1048283.5	1249990.0	1463406.0	1681127.5	1907905.5	2161432.5	2444526.0	2773588.0	3115151.5	3346015.5	3421796.5	3362953.5	3192140.5	2928119.5	2632861.5	2369114.0	2161146.5	1990019.5	1834827.5	1700470.5	1590390.0	1485796.5	1378821.5	1290984.5	1178879.0	1051920.5	953876.5	860704.5	776612.5	704714.0	638767.0	579099.0	522798.5	470375.5	422514.0	379832.5	337849.0	293459.0	252922.0	215891.0	187148.0	163284.0	139652.5	119038.0	100393.0	83030.5	67604.0	54329.5	43050.5	33911.0	26181.5	20002.5	15134.0	11261.5	8152.5	5826.0	4154.0	2848.5	1917.5	1294.5	834.5	519.5	314.5	201.0	120.5	73.5	40.0	20.5	14.5	9.5	5.5	4.5	2.0	0.0
Sin-APnd_020-Ex1-6A-lcwgs-1-2.clmp.r2	65.0	94.5	134.5	167.5	224.5	282.5	353.0	503.0	730.0	1071.5	1706.5	2734.0	4210.0	6933.5	11612.5	19207.0	31567.0	49769.5	76861.0	115004.0	167745.0	235124.5	319151.0	427148.5	549795.5	694916.0	860108.0	1030271.5	1225647.0	1432598.5	1647227.5	1878068.5	2137107.5	2422177.0	2752370.0	3091427.5	3321784.0	3398781.0	3337050.5	3166527.0	2913550.5	2639527.0	2392895.5	2190602.5	2020254.5	1865365.0	1729020.0	1616210.5	1509039.5	1395482.5	1299447.5	1186622.0	1062740.0	964153.5	869966.5	784580.0	711810.0	645260.5	584211.5	526994.5	474244.0	425942.5	382847.0	340367.5	295482.5	255027.0	218279.5	189379.0	165039.5	141057.5	120251.0	101280.5	83518.5	68010.0	54984.0	43692.5	34378.5	26597.0	20408.0	15548.5	11699.0	8622.5	6378.5	4747.5	3532.0	2781.5	2280.0	1948.0	1804.5	1781.5	1772.5	1726.5	1657.5	1587.0	1526.5	1315.5	1007.0	723.5	447.5	224.5	97.5
Sin-APnd_021-Ex1-6B-lcwgs-1-2.clmp.r1	54.0	71.5	108.0	144.5	184.5	235.0	322.0	459.5	635.0	976.5	1519.0	2391.5	3742.0	6101.0	10107.0	16170.5	25743.5	39201.5	58250.0	85612.0	121349.5	166755.5	224537.5	297593.0	381475.5	478376.0	588191.5	701341.5	827000.5	963148.0	1107077.0	1257667.0	1425725.0	1619649.5	1854581.0	2109861.0	2302048.5	2392573.5	2398160.5	2327269.5	2175943.0	1991475.0	1824911.5	1694204.5	1591440.0	1494706.0	1403791.5	1322166.5	1241752.5	1154864.5	1076923.0	983623.0	876511.5	787371.5	701100.5	622284.0	554045.0	493366.0	439576.0	390977.5	348565.5	311484.5	279379.5	248370.0	216750.0	187871.5	161236.5	141218.5	124447.0	107596.0	92626.0	78456.0	65413.0	53524.0	42768.0	33634.0	26044.0	19768.0	14841.0	11007.0	8139.5	5792.5	4046.5	2834.0	1919.5	1265.5	844.0	564.5	336.0	184.5	113.5	69.0	47.5	34.0	20.5	10.5	6.0	3.5	2.5	1.5	1.0
Sin-APnd_021-Ex1-6B-lcwgs-1-2.clmp.r2	56.0	66.5	99.5	139.0	176.5	221.0	310.0	482.5	665.0	977.0	1507.0	2369.5	3735.5	6103.0	10029.0	16062.0	25662.0	39025.0	57914.0	85111.0	120820.5	166412.5	224333.5	296919.5	379818.5	474337.0	580415.5	690811.5	813821.0	947688.5	1090332.0	1242505.5	1414677.5	1611353.0	1847616.0	2099139.0	2289355.0	2381535.5	2381417.5	2305135.5	2160290.5	1989175.5	1834111.0	1708689.0	1606268.5	1509284.5	1417693.5	1335634.0	1254348.0	1164862.0	1082636.5	988235.0	882540.0	792837.5	706063.5	626909.5	558031.0	496515.0	442410.0	393294.0	350126.5	312902.5	280879.5	249939.0	217921.5	188926.0	162431.5	142317.5	125367.0	108204.0	93331.0	79166.0	65687.0	53715.5	43084.5	34025.5	26466.5	20096.5	15175.0	11396.0	8517.5	6114.0	4402.5	3282.5	2427.5	1820.5	1427.0	1199.5	1100.0	1078.5	1052.0	1044.5	1057.5	1036.0	953.0	816.5	666.0	480.5	300.0	154.5	65.0
Sin-APnd_022-Ex1-6C-lcwgs-1-2.clmp.r1	20.0	36.0	63.0	75.5	88.5	106.0	146.0	215.5	292.0	428.0	653.0	1033.5	1637.5	2767.5	4623.5	7462.5	11971.0	18289.5	27341.5	39945.0	56865.0	78627.0	105839.0	140436.5	180751.0	226977.0	278320.0	332245.0	393196.0	457432.0	524028.5	596159.0	676766.0	764959.0	869878.5	980407.0	1062101.0	1102148.0	1104119.5	1076563.0	1020268.5	948595.0	879550.0	819392.0	763930.5	708684.5	654483.5	603669.0	554628.0	503519.5	458101.0	408143.5	355419.0	313698.0	274281.5	239302.0	210812.0	186549.0	166227.5	148780.0	133848.5	121680.5	112280.0	103440.0	94102.0	85739.5	77814.0	71094.0	65149.0	58704.0	52310.5	45948.5	39363.5	32926.0	26946.5	21657.5	17155.0	13294.0	9942.5	7364.0	5576.0	4033.0	2793.5	1906.0	1289.5	895.5	589.5	391.0	267.0	159.5	88.0	45.5	28.5	20.0	11.0	6.5	6.0	5.0	4.0	1.5	0.0
Sin-APnd_022-Ex1-6C-lcwgs-1-2.clmp.r2	19.0	38.0	65.0	72.0	81.0	98.0	139.5	202.0	283.5	422.0	664.5	1072.5	1677.5	2774.0	4580.5	7354.0	11782.0	18152.5	27222.5	40057.0	57048.0	78762.5	106097.0	140569.0	180174.5	225662.5	276343.5	328863.0	388018.5	451397.0	518024.0	590623.5	671578.0	760926.0	866925.5	975746.5	1055496.0	1094968.5	1095965.0	1068279.0	1014730.5	948029.5	882688.0	823342.0	768581.0	714194.0	659915.5	609069.0	559989.5	507749.5	460678.5	410296.5	358429.5	316871.0	277117.5	241710.5	212695.0	187863.0	167186.0	149782.5	134991.0	122703.0	112931.5	104063.5	94723.5	86171.0	78026.0	71159.5	65192.0	58919.0	52594.0	46094.0	39310.5	32800.0	26949.0	21762.5	17355.5	13424.5	10120.5	7537.0	5662.5	4176.5	2932.5	2071.5	1460.0	1088.5	848.0	653.0	532.5	475.0	409.0	387.5	413.0	388.0	359.5	304.0	249.0	190.0	103.5	56.0	27.0
Sin-APnd_023-Ex1-6D-lcwgs-1-2.clmp.r1	39.0	98.5	162.0	178.5	226.0	292.0	350.5	449.5	625.0	876.5	1306.5	2048.0	3174.5	5269.5	8774.5	14271.0	23119.0	35482.5	53134.5	78868.5	112886.0	155270.0	208727.5	276538.0	353912.0	442716.0	540743.5	640205.5	751346.0	868077.5	986792.0	1109459.0	1241398.0	1385827.0	1554985.0	1737208.5	1876833.5	1945591.5	1951030.0	1902531.5	1794717.5	1658701.0	1536938.0	1446631.5	1381374.0	1322962.5	1268911.0	1222588.0	1173009.0	1111484.0	1052077.0	973804.0	879718.0	794813.0	709729.0	629936.5	557706.5	492606.0	433365.5	379177.5	332651.5	292426.5	259158.5	229498.5	200267.0	174740.5	151574.0	133635.0	118986.0	103645.5	89573.0	76460.0	64481.5	53288.0	42826.5	34091.0	26960.5	20604.5	15320.0	11312.0	8156.5	5709.5	3920.0	2687.0	1822.0	1221.0	796.5	511.0	317.0	173.5	102.5	63.5	40.0	22.5	15.5	10.5	4.5	2.5	2.0	1.0	1.0
Sin-APnd_023-Ex1-6D-lcwgs-1-2.clmp.r2	39.0	80.0	132.0	164.0	236.0	314.0	389.5	476.5	621.0	890.0	1288.5	1999.0	3153.5	5222.5	8693.5	14095.0	22803.0	35067.5	52683.0	77942.5	111444.0	153705.5	207447.5	274679.5	350516.5	437531.0	533406.5	630533.0	738570.0	852556.5	970065.0	1093331.0	1227838.5	1374023.0	1545345.0	1728005.0	1865047.0	1933888.0	1937890.0	1886056.5	1782314.5	1657676.0	1545741.5	1458724.5	1392195.0	1333063.5	1280289.0	1233709.0	1182256.0	1119114.0	1057347.0	979032.0	886451.0	801663.5	715963.5	635480.5	563364.5	498248.5	438517.5	383703.5	336842.5	296294.5	262604.0	232435.5	202231.0	176249.0	153139.5	135080.0	119845.0	104335.5	90439.0	77066.0	64855.0	53672.5	43293.5	34404.5	27089.5	20879.0	15684.5	11555.5	8434.5	6084.0	4360.0	3130.5	2306.0	1826.5	1525.0	1345.0	1260.5	1167.0	1141.0	1191.5	1210.0	1148.0	1065.0	945.5	747.5	536.0	355.0	192.0	77.5
Sin-APnd_024-Ex1-6E-lcwgs-1-2.clmp.r1	21.0	26.0	39.0	51.0	68.5	105.5	144.5	200.0	284.0	427.5	663.0	1079.5	1774.0	3022.5	5065.0	8296.0	13596.0	21125.5	31839.5	47278.5	68103.0	93764.5	125043.5	164231.5	208568.5	257816.5	309494.0	360886.0	416415.0	471478.0	526291.0	581632.0	641181.0	706781.5	782041.0	861142.0	919953.0	948375.5	951435.0	931722.0	890305.0	840712.5	794687.0	757907.5	727149.5	696324.0	665284.5	636016.5	604084.0	567327.5	533888.5	492345.0	443429.5	399534.5	356180.5	315667.5	279081.0	245664.0	215008.0	187132.0	163309.0	142264.0	124546.0	108562.5	92241.0	78385.0	66449.0	57257.5	49614.0	42192.0	35934.5	30281.5	24941.5	20134.5	16118.0	12746.0	9980.5	7628.0	5702.0	4186.0	3060.0	2207.0	1556.5	1093.5	741.0	493.5	327.0	203.5	125.0	74.5	47.0	27.0	14.0	6.0	4.0	3.0	2.0	1.0	0.0	0.0	0.0
Sin-APnd_024-Ex1-6E-lcwgs-1-2.clmp.r2	16.0	26.0	46.0	58.5	69.5	91.0	134.0	195.0	287.0	411.5	656.5	1114.5	1791.0	2973.5	4916.0	8115.0	13397.5	20857.5	31549.0	46916.0	67420.5	92899.5	124256.5	163288.5	206901.0	255539.0	306983.5	357936.0	412371.0	466355.5	520546.0	576638.5	637405.5	703223.0	778663.5	857587.0	915628.5	943614.5	945568.0	925604.5	886571.5	840590.0	797563.0	760927.5	730458.5	700587.0	668963.0	639134.0	607316.5	570340.0	536480.5	494968.0	446361.5	402461.0	358376.0	317526.5	281280.5	247773.0	216949.5	188726.0	164420.0	143346.5	125716.0	109844.0	93483.5	79261.5	67013.0	57825.5	50025.0	42333.5	36135.0	30458.5	25102.0	20404.0	16249.5	12859.5	10140.5	7707.5	5801.5	4313.0	3174.0	2329.5	1689.5	1227.5	910.0	725.5	604.0	505.5	454.5	430.5	403.0	391.5	414.0	419.0	386.0	339.5	255.5	172.0	119.0	62.5	26.5
Sin-APnd_025-Ex1-6F-lcwgs-1-2.clmp.r1	39.0	48.5	73.0	102.5	143.5	189.0	269.5	402.5	586.5	905.0	1501.0	2538.5	4173.5	7273.5	12455.5	20641.5	33615.0	51696.0	77775.0	114841.0	162998.0	222712.5	295100.0	383348.5	480017.5	583405.0	693249.5	801160.0	913762.5	1023131.5	1124675.0	1226369.0	1333800.5	1443114.5	1563647.0	1688531.0	1778399.5	1821429.5	1825754.5	1797270.5	1740673.0	1674093.0	1606074.5	1540609.5	1477048.5	1404842.0	1324674.5	1244175.5	1157297.0	1059481.5	971454.0	874617.0	769668.0	679029.5	590039.0	508926.0	439712.5	378587.0	324266.5	276138.0	235019.5	199627.5	170644.0	144841.0	119963.5	99637.0	82170.0	69250.5	58816.0	48942.5	41317.5	34381.5	27916.0	22629.5	18082.5	14236.5	11242.5	8669.5	6526.5	4907.0	3706.0	2727.5	1978.5	1476.5	1043.5	697.0	479.5	330.5	200.0	107.5	65.0	38.5	22.5	11.0	4.5	2.5	2.5	2.0	1.5	1.0	1.0
Sin-APnd_025-Ex1-6F-lcwgs-1-2.clmp.r2	39.0	51.0	73.5	96.0	132.0	186.0	281.5	409.0	574.5	896.0	1509.0	2510.5	4171.0	7195.0	12201.5	20299.5	32954.0	51099.5	77265.5	113742.5	161475.0	220824.5	293247.0	380678.5	475492.5	578486.0	687642.5	794171.0	905138.5	1012719.0	1114936.5	1219615.0	1328801.5	1439032.0	1559771.5	1682190.0	1770330.0	1813637.0	1817064.5	1788123.0	1735327.5	1672800.0	1608739.5	1545130.0	1481035.5	1409704.0	1330613.0	1250150.0	1162864.0	1064922.0	975992.5	879097.0	775281.5	684825.0	595337.0	513749.5	443866.0	382287.5	327472.0	279206.5	237792.0	202086.5	172835.5	146538.5	121304.5	100691.0	83099.5	70178.5	59619.5	49610.0	41628.0	34576.5	28228.0	22861.0	18329.5	14370.5	11259.0	8836.0	6819.5	5154.5	3883.0	2935.0	2216.5	1706.0	1335.0	1070.0	894.0	802.0	767.5	736.0	720.5	710.0	725.5	730.5	681.0	602.5	492.0	355.5	227.5	120.0	43.5
Sin-CPnd_013-Ex1-4E-lcwgs-1-2.clmp.r1	0.0	0.0	0.0	0.0	0.0	0.0	0.0	0.0	0.0	0.0	0.0	0.0	0.0	0.5	0.5	0.0	0.0	0.5	4.5	8.0	6.0	5.5	12.5	12.0	12.0	21.0	24.5	30.5	41.5	48.5	60.0	76.0	88.0	106.0	119.0	123.0	134.0	139.5	160.0	174.5	165.0	165.5	158.5	153.5	158.0	163.5	159.0	157.0	166.0	152.0	135.5	124.5	115.0	118.5	105.0	91.5	92.5	89.0	90.0	95.0	93.0	90.5	99.5	102.5	109.0	118.0	110.5	102.0	96.5	92.5	93.0	80.5	65.0	60.5	45.5	32.0	30.5	20.0	10.0	10.0	6.0	2.5	2.5	3.0	2.5	1.0	0.0	0.0	0.0	0.0	0.0	0.0	0.0	0.0	0.0	0.0	0.0	0.0	0.0	0.0	0.0
Sin-CPnd_013-Ex1-4E-lcwgs-1-2.clmp.r2	0.0	0.0	0.0	0.0	0.0	0.0	0.0	0.0	0.0	0.0	0.0	0.5	0.5	0.5	0.5	1.0	1.5	1.0	3.5	5.0	4.0	6.0	9.5	8.5	11.5	20.0	25.0	33.0	44.0	53.5	61.0	73.0	85.0	95.5	113.0	133.5	143.0	142.5	153.0	171.5	169.0	160.0	156.0	155.5	151.5	153.0	162.0	160.0	163.0	154.5	136.5	133.0	131.5	113.0	96.5	89.5	92.5	90.5	83.5	94.5	99.5	96.0	92.0	98.0	109.0	109.0	116.0	113.0	103.0	99.0	89.0	80.5	69.0	57.5	45.5	32.0	22.0	14.5	10.5	9.5	6.5	3.5	4.0	3.0	2.5	1.5	0.0	0.0	0.5	0.5	0.0	0.5	0.5	0.0	0.0	0.0	0.0	0.0	0.0	0.0	0.0
Sin-CPnd_015-Ex1-4A-lcwgs-1-2.clmp.r1	0.0	0.0	0.0	0.0	0.0	0.0	0.0	0.0	0.0	0.0	0.5	0.5	0.0	0.0	0.0	1.0	3.0	3.0	7.5	11.0	12.0	19.0	28.0	43.0	68.0	94.0	122.0	151.0	182.5	212.0	247.5	294.0	332.0	349.5	398.0	454.5	477.5	517.5	564.0	584.5	575.5	590.0	602.5	592.5	579.5	540.5	511.0	474.5	437.0	421.0	386.0	339.0	294.5	266.5	229.5	183.5	162.0	152.5	129.5	110.5	96.0	67.5	55.0	51.5	46.0	37.5	31.5	27.5	23.5	29.5	29.5	20.5	13.5	10.0	8.5	6.5	6.0	7.0	5.0	3.5	5.0	6.5	5.0	2.0	1.0	0.5	0.5	1.0	0.5	0.0	0.0	0.0	0.0	0.0	0.0	0.0	0.0	0.0	0.0	0.0	0.0
Sin-CPnd_015-Ex1-4A-lcwgs-1-2.clmp.r2	0.0	0.0	0.0	0.0	0.0	0.0	0.0	0.0	0.0	0.0	0.5	0.5	0.0	0.0	0.5	1.5	2.5	3.5	8.0	13.5	14.0	16.0	26.0	45.0	71.0	98.0	120.0	150.5	187.0	206.5	243.0	287.5	307.5	349.5	415.0	450.0	475.0	516.5	556.0	573.0	582.5	614.0	612.5	580.5	553.0	528.0	511.0	478.0	452.0	421.5	389.5	345.5	296.5	268.5	227.0	186.5	165.0	152.5	130.0	106.0	89.5	69.0	52.0	51.5	48.0	43.0	39.0	33.5	27.0	27.0	30.5	19.5	11.0	10.0	6.0	3.5	5.0	6.5	4.5	3.5	5.0	7.0	6.0	2.5	1.0	1.0	1.0	1.5	1.0	0.0	0.0	0.5	0.5	0.0	0.0	0.0	0.0	0.0	0.0	0.0	0.0
Sin-CPnd_018-Ex1-11A-lcwgs-1-2.clmp.r1	0.0	0.0	0.5	1.0	0.5	0.0	0.5	1.5	3.5	5.0	7.0	8.5	12.0	22.5	33.0	56.5	107.0	175.0	247.0	323.0	454.0	678.0	964.0	1282.5	1640.0	2089.0	2637.5	3278.0	3979.5	4636.0	5274.0	5903.5	6658.0	7559.0	8446.5	9326.0	10009.5	10373.5	10470.0	10381.0	10142.0	9768.5	9405.0	8992.0	8473.0	7927.5	7465.5	7131.5	6759.0	6314.0	5799.0	5238.0	4694.5	4138.0	3670.0	3248.5	2838.0	2487.0	2173.0	1910.5	1662.5	1463.0	1294.5	1119.0	938.0	774.5	621.0	523.5	447.5	378.5	343.5	286.5	217.5	164.5	146.5	128.0	103.5	75.5	56.5	47.5	37.0	26.5	21.0	16.0	11.5	9.0	5.5	3.0	1.5	0.5	0.0	0.0	0.0	0.0	0.0	0.0	0.0	0.0	0.0	0.0	0.0
Sin-CPnd_018-Ex1-11A-lcwgs-1-2.clmp.r2	2.0	1.0	0.0	0.5	0.5	0.0	0.5	2.0	3.5	6.0	8.0	9.0	12.5	20.0	32.0	54.5	94.0	153.0	231.5	328.0	466.5	667.5	921.5	1268.5	1652.0	2085.0	2633.0	3241.5	3938.5	4599.0	5248.5	5923.0	6669.5	7561.5	8457.0	9288.5	9947.5	10331.0	10510.5	10446.5	10106.0	9747.5	9342.5	8943.5	8484.0	7949.5	7531.5	7153.0	6778.5	6287.0	5738.5	5247.5	4718.0	4173.0	3687.5	3241.5	2863.0	2496.0	2172.5	1913.5	1672.0	1472.0	1284.5	1124.5	955.0	777.0	638.5	530.5	433.5	370.0	337.0	306.5	243.5	169.5	142.0	121.5	100.5	78.0	58.5	49.0	38.0	28.5	21.0	17.0	16.0	13.5	7.5	4.5	5.0	3.0	2.0	4.0	8.5	8.0	2.5	1.0	2.0	1.5	0.5	1.0	0.5
Sin-CPnd_019-Ex1-1H-lcwgs-1-2.clmp.r1	0.0	0.0	0.0	0.0	0.0	0.0	0.0	0.0	0.0	0.0	0.0	0.0	0.5	2.0	4.0	8.0	14.0	20.0	28.0	58.5	102.5	148.5	203.5	256.0	332.0	463.5	617.0	752.5	925.5	1134.0	1339.0	1563.0	1761.5	1957.5	2184.0	2399.0	2603.0	2762.5	2805.5	2771.0	2805.0	2853.0	2831.5	2832.0	2794.0	2664.0	2475.5	2306.0	2134.5	1978.5	1857.0	1618.5	1388.5	1220.5	1037.0	859.0	713.0	624.5	552.5	470.5	367.5	277.5	240.0	210.5	168.5	134.0	111.0	92.0	71.0	55.0	42.0	25.5	15.5	11.0	10.5	11.5	7.5	4.5	3.5	3.0	4.0	4.0	2.0	1.0	0.5	0.5	1.0	0.5	0.0	0.0	0.0	0.0	0.0	0.0	0.0	0.0	0.0	0.0	0.0	0.0	0.0
Sin-CPnd_019-Ex1-1H-lcwgs-1-2.clmp.r2	0.0	0.0	0.0	0.0	0.0	0.0	0.0	0.0	0.0	0.0	0.0	0.0	0.5	1.5	4.0	9.5	14.0	19.0	28.0	55.5	103.5	154.5	207.0	257.5	336.5	452.0	589.5	753.0	947.0	1110.0	1310.5	1571.5	1774.5	1965.0	2170.0	2384.0	2585.5	2752.5	2798.0	2755.5	2795.5	2829.5	2845.0	2846.5	2786.5	2696.5	2490.5	2285.0	2137.5	1974.0	1829.5	1640.0	1403.0	1204.0	1043.0	877.0	736.5	630.5	547.0	477.0	383.5	291.5	254.0	225.0	172.0	139.0	109.0	79.5	64.5	53.0	39.5	27.5	19.0	12.0	9.0	10.5	9.5	5.5	5.0	4.0	3.0	3.5	2.5	1.0	0.5	1.5	1.5	0.5	0.0	0.0	0.0	0.5	0.5	0.5	1.0	0.5	0.0	0.0	0.0	0.0	0.0
Sin-CPnd_020-Ex1-12E-lcwgs-1-2.clmp.r1	0.0	0.0	0.5	0.5	0.0	0.0	0.0	0.0	1.0	3.0	2.5	2.5	8.0	17.0	31.5	58.0	92.0	133.0	205.5	305.0	476.0	735.5	978.5	1291.0	1748.0	2236.5	2833.5	3531.5	4247.5	4958.0	5683.5	6458.0	7268.5	8126.5	9017.0	9928.0	10742.0	11298.0	11725.0	11967.0	12064.5	12053.5	11822.5	11510.5	11081.5	10521.0	9940.0	9471.5	8882.0	8231.0	7518.5	6651.5	5949.0	5402.0	4741.0	4118.0	3588.5	3058.0	2708.0	2327.0	1967.5	1680.0	1438.5	1245.5	1046.0	869.5	683.0	561.5	492.0	404.5	331.5	290.5	243.0	193.5	155.5	135.0	102.5	81.0	71.5	65.0	55.0	40.0	29.0	23.0	19.5	11.5	7.0	8.5	6.5	3.5	1.5	0.0	0.0	0.0	0.0	0.0	0.0	0.0	0.0	0.0	0.0
Sin-CPnd_020-Ex1-12E-lcwgs-1-2.clmp.r2	0.0	0.0	0.5	0.5	0.0	0.0	1.0	1.0	1.0	2.5	4.0	6.5	9.5	15.5	30.5	55.0	84.5	139.0	221.0	305.0	460.0	726.0	1015.0	1323.5	1752.0	2237.5	2814.5	3501.0	4177.0	4880.5	5650.0	6413.0	7233.5	8111.0	9008.0	9949.0	10704.0	11259.5	11676.5	11957.5	12048.0	11990.5	11761.5	11493.0	11153.0	10582.0	9933.0	9435.5	8880.0	8253.5	7571.0	6768.0	6058.0	5356.0	4743.0	4166.5	3625.5	3122.0	2681.5	2299.5	1931.0	1655.0	1464.0	1240.0	1036.5	871.5	695.0	578.0	503.5	416.0	338.5	289.0	249.5	203.5	158.5	138.0	111.0	79.5	69.5	62.5	50.5	43.0	39.5	30.0	19.5	10.5	9.0	13.0	10.0	7.5	6.5	3.0	2.0	4.0	7.0	4.5	1.5	1.0	1.0	1.5	0.5
Sin-CPnd_021-Ex1-3D-lcwgs-1-2.clmp.r1	0.0	0.0	0.0	0.0	0.0	0.0	0.0	0.0	0.0	0.0	0.0	0.0	0.0	0.0	0.0	0.5	1.5	1.5	1.5	1.5	4.0	8.5	12.0	21.0	32.5	39.5	45.5	58.5	76.0	99.5	121.5	143.5	175.0	222.5	288.0	341.5	385.0	446.5	518.5	597.0	663.5	716.0	753.0	774.0	741.0	678.0	645.5	617.0	571.5	485.0	385.5	314.0	272.0	250.0	226.5	193.5	164.5	145.0	120.5	90.5	72.5	61.5	48.5	34.0	32.0	31.0	22.5	22.0	22.0	16.0	10.5	6.5	4.5	4.0	5.0	3.5	4.0	4.0	2.0	2.0	3.0	3.0	1.0	0.5	1.5	1.0	0.0	0.0	0.0	0.0	0.0	0.0	0.0	0.0	0.0	0.0	0.0	0.0	0.0	0.0	0.0
Sin-CPnd_021-Ex1-3D-lcwgs-1-2.clmp.r2	0.0	0.0	0.0	0.0	0.0	0.0	0.0	0.0	0.0	0.0	0.0	0.0	0.0	0.0	0.0	0.5	1.0	2.0	1.5	2.0	8.0	11.5	11.5	19.5	31.5	40.5	50.0	64.0	78.5	94.0	119.0	149.5	177.0	215.0	271.5	324.0	383.0	449.5	503.5	598.0	658.5	702.0	763.0	767.5	746.0	701.0	650.5	613.5	575.0	483.5	390.0	319.0	273.5	260.5	226.0	194.0	164.0	140.5	118.0	91.0	76.0	65.5	48.5	31.0	29.5	27.0	20.5	19.0	19.0	15.5	11.0	7.0	4.5	4.5	3.5	4.5	7.0	5.0	1.5	1.5	3.5	3.5	2.0	0.5	0.5	0.5	0.0	0.0	0.0	0.0	0.0	0.0	0.0	0.5	0.5	0.0	0.0	0.0	0.0	0.0	0.0
Sin-CPnd_022-Ex1-1D-lcwgs-1-2.clmp.r1	0.0	0.0	0.0	0.0	0.0	0.0	0.5	0.5	0.0	0.0	0.0	1.0	1.5	1.0	4.0	6.0	8.5	13.0	18.0	37.0	57.5	71.0	93.0	137.5	206.5	291.0	365.0	450.5	546.0	639.5	765.0	910.5	1065.5	1172.5	1226.5	1370.5	1566.5	1664.5	1782.0	1870.5	1884.0	1909.0	1896.0	1907.0	1865.5	1765.0	1693.0	1627.5	1515.5	1329.0	1174.0	1063.5	945.5	829.0	734.0	657.5	557.5	441.5	378.5	332.0	280.0	235.0	183.5	150.0	119.5	89.0	66.5	49.0	44.5	40.5	28.5	22.0	21.5	18.5	14.5	12.0	14.0	13.0	10.0	10.5	8.0	5.0	4.5	5.0	3.5	1.0	0.0	0.0	0.0	0.0	0.0	0.0	0.0	0.0	0.0	0.0	0.0	0.0	0.0	0.0	0.0
Sin-CPnd_022-Ex1-1D-lcwgs-1-2.clmp.r2	0.0	0.0	0.0	0.0	0.0	0.0	0.0	0.0	0.0	0.0	0.0	0.0	0.5	1.0	3.0	6.0	7.5	11.0	17.5	30.0	51.5	73.5	96.0	137.5	199.5	276.0	336.0	419.5	546.5	623.0	723.5	884.5	1027.5	1153.5	1258.0	1357.0	1536.0	1664.0	1736.0	1860.0	1926.5	1923.0	1895.5	1897.0	1881.5	1789.5	1661.5	1561.5	1469.5	1345.5	1204.5	1106.5	1000.5	856.5	766.5	687.0	572.5	468.0	395.5	325.5	285.0	253.5	203.5	158.5	123.5	101.5	74.5	50.5	39.5	35.0	30.5	26.0	20.5	19.5	18.5	12.0	11.0	9.5	7.5	9.5	8.5	5.0	3.5	4.0	2.5	1.0	0.5	0.0	0.0	0.0	0.0	0.0	0.5	1.0	1.5	1.0	0.0	1.0	1.0	0.0	0.0
Sin-CPnd_023-Ex1-12B-lcwgs-1-2.clmp.r1	0.0	0.0	0.0	0.0	0.0	0.5	1.0	1.0	0.5	0.5	1.5	5.0	9.5	14.0	21.5	38.0	66.5	109.5	168.5	261.5	408.5	568.5	761.5	1056.5	1373.0	1751.0	2258.0	2742.5	3385.0	4093.0	4708.5	5416.5	6099.5	6730.5	7623.5	8572.5	9189.5	9666.5	10076.5	10326.0	10339.0	10049.0	9731.0	9573.0	9230.5	8661.5	8160.5	7766.0	7235.5	6581.0	6065.5	5547.5	4947.5	4348.0	3795.0	3327.5	2933.0	2554.5	2179.0	1810.5	1498.0	1331.5	1203.0	1053.5	900.5	771.5	645.5	545.5	464.0	382.0	352.0	312.0	243.0	188.5	148.5	114.0	88.5	77.5	66.5	56.5	39.5	24.0	17.5	13.0	11.5	9.0	7.0	5.5	4.0	3.5	1.5	0.0	0.0	0.0	0.0	0.0	0.0	0.0	0.0	0.0	0.0
Sin-CPnd_023-Ex1-12B-lcwgs-1-2.clmp.r2	0.0	0.0	0.5	0.5	1.0	1.5	0.5	0.5	0.5	1.5	2.5	3.0	7.0	10.5	17.0	34.0	69.5	109.0	165.5	257.0	391.5	570.5	757.0	1008.0	1368.0	1763.0	2213.5	2759.5	3391.5	4076.5	4708.0	5397.0	6080.0	6783.5	7617.5	8454.0	9187.0	9689.0	10096.0	10261.0	10195.5	10047.5	9804.0	9625.5	9248.5	8690.5	8239.0	7753.0	7190.5	6581.0	6065.0	5540.5	4932.0	4338.5	3823.5	3373.5	2924.0	2532.0	2162.0	1828.0	1510.5	1316.5	1214.0	1076.0	906.5	758.5	651.5	554.0	457.0	385.0	353.0	312.0	255.5	192.0	147.0	121.0	100.5	91.5	69.0	45.0	34.5	25.5	15.5	13.5	14.0	11.5	9.5	7.5	7.5	6.5	3.0	3.0	4.0	4.0	3.0	1.5	0.5	2.0	2.0	0.0	0.0
Sin-CPnd_024-Ex1-12C-lcwgs-1-2.clmp.r1	0.0	0.0	0.0	0.0	0.0	0.5	0.5	0.0	0.5	2.0	4.5	7.5	9.5	15.5	21.0	34.0	70.0	91.0	115.5	177.5	262.5	379.0	551.5	777.0	1035.0	1327.0	1679.0	2088.5	2514.0	3001.0	3482.0	4055.5	4676.0	5204.5	5844.5	6537.5	7114.0	7492.0	7806.5	8057.0	8060.0	7988.5	7819.0	7562.0	7259.0	6828.5	6315.0	5807.0	5375.5	4922.5	4376.5	3814.0	3399.5	3000.5	2581.0	2240.5	1907.0	1636.0	1421.5	1214.5	1038.0	914.0	819.0	698.0	568.5	478.5	421.0	364.5	314.5	274.5	224.0	177.5	150.5	130.0	101.0	74.0	66.5	62.0	52.0	42.5	45.0	39.0	23.0	12.5	6.5	2.5	0.5	0.0	0.5	1.0	1.0	0.5	0.0	0.0	0.0	0.0	0.0	0.0	0.0	0.0	0.0
Sin-CPnd_024-Ex1-12C-lcwgs-1-2.clmp.r2	0.0	0.0	0.0	0.0	0.0	0.0	1.0	1.5	1.0	2.0	3.5	5.0	10.0	12.5	13.5	30.0	68.5	92.5	114.0	177.5	261.5	371.0	533.0	762.5	1046.0	1332.5	1701.0	2105.0	2530.0	2989.5	3467.5	4039.0	4638.0	5194.5	5780.0	6508.0	7098.0	7458.5	7767.5	8057.0	8074.0	7883.5	7724.5	7532.5	7302.5	6881.5	6366.0	5869.5	5405.0	4910.5	4370.0	3871.0	3396.0	3007.5	2622.5	2223.5	1916.0	1663.5	1428.5	1224.5	1054.0	911.0	786.5	678.0	579.5	495.0	424.0	371.5	322.5	263.5	222.5	193.5	156.0	127.5	99.5	74.0	73.0	65.5	50.0	42.5	38.5	31.5	23.0	15.5	11.0	6.0	2.5	0.5	1.5	2.5	3.0	4.0	3.5	3.0	2.0	1.5	1.5	1.0	1.0	0.5	0.0
Sin-CPnd_025-Ex1-3B-lcwgs-1-2.clmp.r1	0.0	0.0	0.0	0.0	0.0	0.0	0.0	0.0	0.0	0.0	0.0	0.5	1.0	0.5	1.0	3.0	4.0	5.0	13.0	17.5	22.0	31.5	39.5	61.5	92.0	118.5	159.5	203.0	245.0	294.5	359.0	446.0	512.0	584.5	667.0	728.5	767.0	813.0	907.5	991.0	1004.0	1023.0	1008.5	971.5	983.0	921.5	858.0	824.5	780.0	751.0	707.0	618.0	515.0	445.5	394.0	334.0	259.0	215.5	199.0	165.0	127.5	111.5	94.0	74.0	67.0	61.0	52.0	38.5	28.0	22.0	21.5	19.5	10.0	5.0	7.0	6.0	6.5	7.5	4.5	3.0	3.0	3.5	2.0	1.0	0.5	0.0	0.0	0.0	0.0	0.0	0.0	0.0	0.0	0.0	0.0	0.0	0.0	0.0	0.0	0.0	0.0
Sin-CPnd_025-Ex1-3B-lcwgs-1-2.clmp.r2	0.0	0.0	0.0	0.0	0.0	0.0	0.0	0.0	0.0	0.0	0.0	0.0	0.0	0.0	1.5	3.5	2.5	3.0	10.0	15.0	21.0	32.5	40.0	61.5	102.0	124.5	159.5	205.0	238.5	288.0	358.5	445.5	509.0	572.0	651.0	716.0	770.5	837.0	906.0	964.0	980.0	1000.0	1021.0	1006.5	1007.0	937.5	863.5	850.0	808.0	740.0	677.0	617.0	538.0	452.5	384.0	321.5	262.5	217.0	188.0	164.0	136.5	113.0	100.0	81.0	58.5	51.0	47.0	41.5	30.5	21.5	20.0	18.0	9.5	2.0	5.0	7.0	6.0	6.5	5.0	4.5	3.5	3.0	2.5	1.5	1.0	0.0	0.5	0.5	0.0	0.5	0.5	0.0	0.0	0.0	0.0	0.0	0.0	0.0	0.0	0.0	0.0
Sin-CPnd_028-Ex1-12H-lcwgs-1-2.clmp.r1	0.0	0.0	0.0	0.5	0.5	0.5	1.0	2.0	2.5	3.5	4.5	11.5	24.0	27.5	40.0	78.5	124.0	191.5	290.5	427.0	630.5	889.5	1234.5	1641.5	2103.5	2716.0	3407.0	4142.0	5041.5	5914.5	6687.5	7663.5	8652.5	9503.0	10434.5	11476.5	12400.5	13130.5	13519.5	13705.0	13800.5	13548.0	13249.5	13006.5	12502.5	11822.5	11245.5	10629.0	10000.0	9253.0	8473.0	7679.0	6812.0	6042.0	5319.0	4581.5	3919.0	3384.5	2915.5	2491.5	2080.5	1771.5	1532.5	1320.0	1118.0	957.0	794.5	629.0	490.5	415.0	364.5	288.5	242.5	196.0	150.5	132.0	118.0	92.0	65.0	50.5	42.5	33.0	23.0	20.0	14.5	9.0	6.5	4.0	1.5	0.0	0.5	1.0	1.0	1.0	0.5	0.0	0.0	0.0	0.0	0.0	0.0
Sin-CPnd_028-Ex1-12H-lcwgs-1-2.clmp.r2	0.0	0.5	0.5	0.0	0.0	0.0	0.5	1.5	3.0	6.0	8.5	9.5	19.5	27.0	45.5	80.0	107.5	187.0	304.5	427.5	608.5	862.5	1223.0	1648.5	2098.0	2729.0	3453.0	4182.0	5033.5	5821.5	6619.5	7525.5	8498.5	9453.0	10403.5	11446.5	12368.5	13104.0	13585.5	13754.5	13751.5	13557.0	13261.5	12950.0	12462.5	11856.0	11199.5	10581.0	10034.5	9307.5	8471.5	7682.5	6903.5	6088.5	5325.0	4635.5	3987.0	3417.0	2927.5	2516.0	2124.5	1819.0	1587.5	1346.5	1108.0	936.0	778.0	620.0	503.5	416.0	351.0	289.0	239.0	200.5	160.0	139.0	119.0	97.0	73.5	53.5	41.5	30.0	25.5	20.5	16.5	13.0	8.5	8.5	7.0	7.0	6.0	4.5	6.0	3.5	3.0	3.0	1.0	1.0	1.5	1.5	0.5
Sin-CPnd_029-Ex1-4D-lcwgs-1-2.clmp.r1	0.0	0.0	0.0	0.0	0.0	0.0	0.0	0.0	0.0	0.0	0.0	0.0	0.0	0.0	0.5	0.5	0.0	1.0	4.0	6.0	7.5	12.0	20.0	24.0	30.5	47.0	59.5	78.0	101.0	124.5	153.0	185.5	216.5	264.5	341.5	398.5	447.0	527.5	599.5	698.5	815.0	859.5	875.5	893.0	894.0	859.0	789.0	705.0	626.5	554.0	496.5	443.0	375.5	320.0	291.5	251.5	198.0	180.0	160.0	131.5	104.5	75.0	58.0	50.0	47.0	46.0	41.5	32.5	24.0	15.5	15.0	15.0	11.0	10.5	10.0	8.5	5.5	3.0	2.5	2.0	2.0	2.0	2.0	1.0	0.0	0.5	1.0	0.5	0.0	0.0	0.0	0.0	0.0	0.0	0.0	0.0	0.0	0.0	0.0	0.0	0.0
Sin-CPnd_029-Ex1-4D-lcwgs-1-2.clmp.r2	0.0	0.0	0.0	0.0	0.0	0.0	0.0	0.0	0.0	0.0	0.0	0.0	0.0	0.0	0.5	0.5	0.0	0.0	3.0	6.0	7.0	13.5	22.5	25.5	31.0	46.5	60.0	76.5	99.5	129.5	155.5	179.5	208.0	258.0	335.0	393.0	446.5	522.0	612.5	729.0	814.0	851.0	870.5	884.5	892.0	852.5	792.5	707.5	618.5	556.0	504.0	443.0	376.0	334.0	298.5	246.5	201.0	178.5	148.0	123.5	104.0	77.5	59.5	54.0	50.5	45.5	40.5	34.0	25.0	15.5	15.0	14.0	12.5	11.5	10.5	7.0	3.5	2.5	1.5	1.0	3.0	4.5	2.5	1.5	1.0	0.0	0.0	0.0	0.0	0.0	0.5	0.5	0.0	0.5	0.5	0.5	0.5	0.0	0.0	0.0	0.0
Sin-CPnd_031-Ex1-3G-lcwgs-1-2.clmp.r1	0.0	0.0	0.0	0.0	0.0	0.0	0.0	0.0	0.0	0.0	0.0	0.0	0.5	1.0	1.5	3.0	4.0	4.0	9.5	17.5	26.5	40.0	43.5	51.0	85.5	120.0	131.0	144.5	179.0	204.5	239.0	285.0	321.0	375.5	412.0	465.0	521.0	556.0	570.5	575.0	618.5	626.5	609.0	612.5	604.0	587.5	568.0	512.0	477.5	463.0	422.0	371.0	332.5	293.5	248.0	213.0	190.0	169.5	145.5	121.5	93.0	78.5	70.5	59.5	44.5	34.5	30.5	24.0	20.0	14.0	7.0	5.5	7.0	8.0	5.0	2.0	2.0	1.5	1.5	1.5	1.0	0.5	0.0	0.0	0.0	0.0	0.0	0.0	0.0	0.0	0.0	0.0	0.0	0.0	0.0	0.0	0.0	0.0	0.0	0.0	0.0
Sin-CPnd_031-Ex1-3G-lcwgs-1-2.clmp.r2	0.0	0.0	0.0	0.0	0.0	0.0	0.0	0.5	0.5	0.0	0.0	0.0	0.0	0.5	2.0	4.0	4.0	5.0	13.0	22.0	28.5	37.0	43.0	53.5	85.0	118.5	135.0	152.0	179.5	204.0	231.5	272.5	329.0	371.5	402.0	468.5	512.0	546.0	581.0	587.0	623.5	635.0	615.5	613.5	593.0	574.5	556.5	517.5	477.5	447.0	420.0	378.0	336.0	301.5	252.0	211.0	190.5	168.5	139.0	113.5	98.5	85.0	66.5	54.0	45.5	37.0	32.0	22.5	19.0	14.0	7.0	7.5	7.5	6.0	5.0	3.0	3.0	2.5	1.5	2.0	1.5	0.5	0.0	0.0	0.0	0.0	0.0	0.5	0.5	0.0	0.0	0.0	0.0	0.5	0.5	0.0	0.0	0.0	0.0	0.0	0.0
Sin-CPnd_032-Ex1-3E-lcwgs-1-2.clmp.r1	0.0	0.0	0.0	0.0	0.0	0.0	0.0	0.0	0.0	0.0	0.0	0.0	0.0	0.5	2.5	5.0	7.0	9.5	19.0	28.5	35.0	50.0	70.5	89.0	114.5	168.0	211.0	257.0	311.0	362.0	430.0	501.5	576.0	644.0	696.5	779.0	853.0	878.5	923.5	993.5	993.5	935.0	924.0	919.0	900.5	873.5	822.5	771.5	727.5	671.0	628.0	585.0	526.5	474.0	411.5	345.5	287.0	250.5	239.0	212.0	191.0	179.5	168.5	170.5	166.5	151.0	137.5	136.0	126.5	115.5	103.5	94.5	77.5	51.0	42.0	34.0	21.5	18.5	13.5	6.5	6.0	8.5	6.5	3.0	2.0	1.0	1.0	1.0	0.5	0.5	0.5	0.0	0.0	0.0	0.0	0.0	0.0	0.0	0.0	0.0	0.0
Sin-CPnd_032-Ex1-3E-lcwgs-1-2.clmp.r2	0.0	0.0	0.0	0.0	0.0	0.0	0.0	0.0	0.0	0.0	0.0	0.0	0.5	1.5	3.0	4.5	5.5	9.0	14.5	25.0	39.0	52.5	67.0	92.5	126.5	161.5	189.5	238.0	310.0	367.0	436.0	519.5	576.5	642.0	673.0	725.0	819.0	870.0	898.0	926.0	949.5	950.5	931.5	912.5	911.5	875.0	831.0	803.5	758.5	689.5	663.0	619.5	531.0	483.0	412.0	336.0	300.5	255.5	225.5	219.0	201.0	191.5	185.0	175.5	170.0	144.5	128.5	137.0	136.5	120.0	102.5	86.0	70.0	52.5	39.5	38.0	28.0	14.5	8.5	8.0	7.5	7.0	4.5	2.5	2.0	1.5	1.5	1.0	0.5	0.0	0.0	0.5	1.0	0.5	0.0	0.0	0.5	0.5	0.0	0.0	0.0
Sin-CPnd_033-Ex1-1B-lcwgs-1-2.clmp.r1	0.0	0.0	0.0	0.0	0.0	0.0	0.0	0.0	0.0	0.0	0.0	0.0	0.0	0.0	0.0	0.0	0.5	0.5	1.0	3.0	4.0	3.5	3.0	6.5	12.5	20.5	26.5	31.0	39.5	52.5	73.0	96.5	114.0	135.0	155.0	172.5	194.5	222.0	251.0	269.5	272.5	288.0	304.0	285.5	261.5	255.0	245.5	227.0	215.5	200.5	182.5	164.5	140.0	118.0	110.5	91.0	68.0	58.0	50.0	43.5	34.5	25.5	19.0	15.5	16.0	14.5	9.5	8.0	7.0	4.0	2.0	2.0	2.0	1.0	0.0	0.0	0.0	0.0	0.5	1.0	0.5	0.0	0.0	0.0	0.0	0.0	0.0	0.0	0.0	0.0	0.0	0.0	0.0	0.0	0.0	0.0	0.0	0.0	0.0	0.0	0.0
Sin-CPnd_033-Ex1-1B-lcwgs-1-2.clmp.r2	0.0	0.0	0.0	0.0	0.0	0.0	0.0	0.0	0.0	0.0	0.0	0.0	0.0	0.0	0.0	0.0	1.0	1.0	1.0	1.5	3.5	6.5	5.5	5.0	11.0	21.5	25.0	27.5	40.5	57.0	71.0	98.5	128.5	142.0	149.0	171.5	199.5	216.0	237.0	263.0	272.0	276.5	297.0	284.5	262.0	260.5	245.0	241.5	234.5	202.5	186.0	168.0	140.0	121.5	108.0	87.5	69.0	58.0	45.0	38.5	34.0	24.0	16.5	15.0	15.5	15.0	11.5	8.5	6.5	3.0	2.5	3.0	3.0	2.0	0.0	0.5	0.5	0.0	1.0	1.0	0.0	0.0	0.0	0.5	0.5	0.0	0.0	0.0	0.0	0.0	0.0	0.0	0.0	0.0	0.0	0.0	0.5	0.5	0.0	0.0	0.0
Sin-CPnd_034-Ex1-3C-lcwgs-1-2.clmp.r1	0.0	0.0	0.5	1.0	0.5	0.0	0.0	0.0	0.0	0.0	0.0	0.0	0.0	0.0	0.5	2.0	4.5	8.5	10.0	12.0	25.0	45.0	55.5	69.5	101.5	135.0	177.5	238.5	308.5	362.0	427.0	514.5	574.0	646.5	714.0	772.5	830.0	887.0	981.0	1029.0	1061.0	1087.0	1076.5	1069.5	1044.5	1016.0	972.5	889.5	844.0	809.0	733.0	651.0	560.0	462.5	402.0	358.5	315.5	267.0	214.0	184.5	152.0	129.0	116.0	99.5	79.0	59.0	44.5	37.0	31.0	22.0	14.0	12.5	11.0	8.0	6.0	4.5	5.5	5.5	4.5	2.5	0.5	0.0	0.0	0.5	1.5	1.0	0.0	0.0	0.0	0.0	0.0	0.0	0.0	0.0	0.0	0.0	0.0	0.0	0.0	0.0	0.0
Sin-CPnd_034-Ex1-3C-lcwgs-1-2.clmp.r2	0.0	0.0	0.5	1.0	0.5	0.0	0.0	0.0	0.0	0.0	0.0	0.0	0.5	0.5	0.0	1.5	3.5	6.0	10.5	15.0	25.0	39.0	51.0	76.0	114.5	145.0	188.5	233.0	304.5	376.0	416.5	489.0	565.5	620.0	687.5	779.5	834.5	895.5	975.5	1027.5	1055.0	1062.5	1065.0	1053.0	1059.0	1047.0	979.5	892.0	823.5	785.0	738.0	660.5	561.5	474.5	422.0	378.0	333.0	281.0	220.0	180.5	151.5	130.0	115.5	97.0	77.5	60.0	48.0	40.5	31.5	22.5	17.0	14.5	12.5	7.5	6.0	6.5	7.0	6.5	3.0	1.5	0.5	0.0	0.0	0.5	2.0	1.5	0.0	0.0	0.0	0.0	0.5	0.5	0.0	0.0	0.0	0.0	0.0	0.0	0.0	0.0	0.0
Sin-CPnd_035-Ex1-12D-lcwgs-1-2.clmp.r1	0.0	0.0	0.5	1.0	0.5	0.5	2.0	2.5	1.0	0.5	5.5	11.0	13.0	17.5	27.5	52.0	91.0	135.5	220.5	360.0	492.0	666.5	959.5	1337.0	1790.5	2374.0	2960.0	3594.5	4438.0	5223.5	5888.0	6692.5	7524.5	8301.5	9193.0	10199.0	10995.0	11533.5	11886.0	12036.5	11986.5	11705.5	11419.0	11163.0	10782.0	10257.5	9746.0	9235.0	8574.0	7806.5	7196.0	6610.5	5811.0	5122.5	4492.0	3863.5	3355.0	2843.5	2459.5	2111.5	1772.0	1508.0	1277.5	1097.0	932.5	799.0	652.5	511.5	447.5	402.0	325.0	270.0	225.0	163.5	122.5	101.5	80.5	62.5	58.0	51.5	40.0	28.5	18.5	12.0	8.5	6.0	3.0	2.5	2.5	1.0	0.5	1.0	1.0	0.5	0.0	0.0	0.0	0.0	0.0	0.0	0.0
Sin-CPnd_035-Ex1-12D-lcwgs-1-2.clmp.r2	0.0	0.0	0.0	0.5	0.5	0.5	2.0	2.0	1.0	0.5	3.0	7.5	14.0	21.5	29.0	55.5	95.0	131.5	210.0	358.5	505.0	666.0	937.5	1316.0	1770.5	2309.0	2922.5	3607.5	4357.5	5123.0	5889.5	6677.0	7460.5	8256.5	9207.5	10205.0	10881.5	11424.0	11885.0	12041.0	11935.0	11676.5	11355.0	11091.5	10741.0	10209.0	9779.5	9321.5	8628.5	7920.5	7343.0	6661.0	5871.0	5165.5	4494.5	3873.0	3349.0	2849.0	2466.0	2129.0	1803.5	1555.5	1317.0	1095.5	936.0	810.5	657.5	513.0	440.0	390.5	328.0	265.5	216.0	164.5	127.0	110.5	89.5	69.0	56.0	50.0	39.5	32.5	21.5	14.5	8.0	7.5	8.5	8.0	7.5	4.0	3.0	5.0	4.5	3.0	3.5	2.5	2.5	2.0	0.5	0.5	0.0
Sin-CPnd_038-Ex1-11C-lcwgs-1-2.clmp.r1	0.0	0.0	0.5	0.5	0.0	1.0	2.0	1.0	0.5	3.5	7.0	9.5	12.5	19.5	27.5	41.5	79.5	137.0	199.5	290.5	416.0	595.5	835.5	1136.0	1462.0	1875.5	2394.5	2946.0	3585.5	4282.5	5043.0	5807.0	6515.0	7329.5	8309.5	9202.5	9885.5	10414.5	10763.5	11100.0	11216.5	11025.5	10858.0	10546.0	10013.5	9379.5	8791.0	8216.5	7501.0	6811.0	6178.0	5527.0	4848.0	4209.5	3662.5	3169.0	2697.5	2263.0	1960.5	1703.0	1415.0	1202.0	1087.0	974.5	806.0	655.0	536.5	446.0	395.0	345.5	289.5	243.5	206.5	167.5	144.5	117.5	94.5	77.0	52.5	37.0	29.0	24.0	20.5	16.0	11.5	7.5	5.5	3.5	2.0	2.0	1.0	1.0	1.0	0.5	0.0	0.0	0.0	0.0	0.0	0.0	0.0
Sin-CPnd_038-Ex1-11C-lcwgs-1-2.clmp.r2	0.0	0.0	0.5	0.5	0.5	0.5	0.0	0.0	1.0	2.5	5.0	9.5	15.5	21.0	28.5	45.0	84.0	146.5	206.0	292.0	414.5	591.5	810.5	1066.5	1440.0	1899.5	2410.5	2975.5	3571.0	4242.5	4993.5	5770.5	6612.5	7411.0	8261.5	9139.5	9855.5	10453.5	10765.5	11020.5	11161.0	10981.5	10757.5	10476.5	9993.5	9353.0	8836.0	8265.5	7554.0	6882.5	6222.0	5516.0	4818.0	4258.5	3739.5	3197.0	2719.0	2293.5	1973.5	1729.5	1419.0	1200.0	1106.0	980.0	813.0	662.5	529.0	449.5	410.5	349.0	284.0	244.5	207.0	169.0	144.5	116.0	91.0	74.5	54.0	39.5	33.5	26.0	21.0	17.5	13.0	10.5	8.0	8.0	6.0	2.5	2.5	4.0	4.5	3.0	2.0	1.0	0.0	1.5	2.5	1.0	0.0
Sin-CPnd_039-Ex1-10F-lcwgs-1-2.clmp.r1	0.0	0.0	0.0	0.0	0.0	0.5	1.5	1.5	1.5	2.0	4.5	10.0	18.0	28.0	37.5	57.5	107.0	178.0	259.5	368.0	528.5	732.5	1021.5	1438.5	1853.0	2301.0	2909.5	3596.0	4296.5	4998.0	5787.0	6610.0	7374.5	8230.0	9270.5	10362.5	11280.5	11941.0	12390.5	12884.0	13174.5	13144.5	13081.5	12825.0	12422.5	12052.0	11420.5	10693.5	10195.5	9536.0	8758.0	7868.0	6881.5	6084.5	5405.5	4684.5	3997.0	3528.0	3106.0	2600.0	2201.5	1927.5	1659.0	1402.0	1168.0	955.5	768.5	644.5	533.5	417.0	335.5	275.0	228.0	195.5	174.5	137.0	109.0	91.5	77.5	68.0	52.5	39.5	28.0	21.5	16.5	13.5	10.0	4.5	2.5	1.5	0.5	0.0	0.0	0.0	0.5	1.0	0.5	0.0	0.0	0.0	0.0
Sin-CPnd_039-Ex1-10F-lcwgs-1-2.clmp.r2	0.0	0.0	0.0	0.0	0.0	1.0	1.0	0.0	1.0	2.5	5.0	10.0	15.0	24.5	40.0	68.5	114.0	171.5	260.5	370.0	511.0	720.5	1008.0	1431.5	1844.5	2256.0	2900.0	3593.0	4285.0	5021.0	5813.0	6597.0	7389.0	8230.5	9176.5	10296.0	11225.0	11906.5	12394.5	12838.5	13166.0	13135.5	13050.0	12811.0	12455.0	12053.0	11357.0	10670.5	10196.0	9506.0	8693.5	7871.5	6960.0	6177.5	5471.0	4754.0	4096.5	3564.0	3062.0	2605.5	2262.5	1951.5	1614.5	1383.5	1177.5	959.5	801.0	673.5	550.0	432.5	346.0	287.0	235.0	200.5	174.0	136.5	113.5	90.5	76.0	69.0	56.0	43.0	30.0	21.5	18.5	18.0	14.0	7.5	4.0	5.0	5.0	3.5	4.0	3.0	2.0	2.5	1.5	1.0	2.0	1.5	0.5
Sin-CPnd_040-Ex1-11E-lcwgs-1-2.clmp.r1	0.0	0.0	0.0	0.0	0.0	0.0	0.0	1.0	2.5	3.0	4.5	6.5	9.5	17.0	33.5	60.5	100.0	146.5	227.5	357.0	497.0	700.5	977.0	1277.0	1669.5	2135.0	2674.5	3180.5	3771.0	4498.5	5165.0	5830.0	6396.0	6969.5	7788.0	8597.0	9165.0	9555.0	9861.5	10156.5	10132.5	9806.0	9486.0	9120.5	8669.0	8175.0	7738.0	7345.5	6791.0	6211.5	5753.0	5132.0	4514.0	4039.5	3569.5	3147.0	2748.0	2333.5	1978.0	1754.0	1574.5	1376.5	1221.0	1068.5	881.5	732.0	625.0	534.0	441.5	363.0	305.0	266.5	223.5	179.0	140.5	114.5	97.5	77.5	65.0	50.0	37.5	30.5	24.5	19.0	15.0	10.5	6.0	4.0	2.5	0.5	0.5	1.0	1.0	0.5	0.0	0.0	0.0	0.0	0.0	0.0	0.0
Sin-CPnd_040-Ex1-11E-lcwgs-1-2.clmp.r2	0.0	0.0	0.0	0.0	0.0	0.0	1.0	2.0	3.0	3.5	4.5	6.5	10.5	20.0	32.5	54.5	93.0	147.0	225.5	354.0	517.0	725.5	985.5	1280.5	1690.5	2178.5	2671.0	3141.5	3705.5	4450.5	5110.0	5750.0	6352.5	6914.5	7736.0	8628.5	9225.0	9554.0	9805.0	10074.5	10085.0	9774.0	9480.5	9218.5	8832.5	8301.5	7783.0	7371.5	6841.5	6197.0	5655.5	5087.5	4544.0	4044.5	3539.5	3116.0	2756.0	2368.5	1992.0	1762.0	1593.0	1398.5	1238.0	1070.0	883.0	723.0	606.0	532.0	455.5	375.5	311.0	265.5	224.5	174.5	139.5	119.0	102.5	79.0	58.5	50.0	43.0	31.0	24.5	22.0	17.5	12.0	9.5	7.5	3.5	1.5	3.0	5.0	4.5	4.5	3.5	1.0	0.0	1.0	1.0	0.5	0.5
Sin-CPnd_042-Ex1-10D-lcwgs-1-2.clmp.r1	0.0	0.0	0.0	0.0	0.5	0.5	0.0	0.5	1.5	3.0	5.0	5.0	7.0	10.5	19.5	40.0	65.5	94.5	141.5	227.5	339.0	470.0	633.0	840.5	1079.0	1427.5	1839.0	2207.0	2630.5	3144.5	3602.5	3980.5	4426.5	4918.0	5503.5	6054.5	6473.0	6875.5	7121.0	7231.0	7196.0	7036.5	6833.5	6668.5	6627.5	6427.0	6043.0	5714.0	5392.5	5013.0	4705.5	4376.0	3935.0	3510.0	3140.5	2786.5	2444.5	2148.0	1893.5	1619.5	1345.0	1169.5	1031.5	884.5	733.0	618.0	552.5	471.5	396.0	321.0	255.0	222.5	192.0	144.0	111.0	100.0	80.5	62.0	55.0	47.0	35.5	26.0	18.5	16.5	12.5	9.0	7.5	5.5	3.0	2.0	1.5	1.0	0.5	0.0	0.0	0.0	0.0	0.0	0.0	0.0	0.0
Sin-CPnd_042-Ex1-10D-lcwgs-1-2.clmp.r2	0.0	0.0	0.0	0.0	0.0	0.0	0.0	0.0	2.0	5.0	5.0	4.5	9.5	13.5	21.0	38.5	63.0	94.0	141.5	227.5	333.0	455.0	642.5	855.5	1088.0	1417.5	1815.5	2237.5	2663.0	3102.5	3561.0	4008.0	4392.0	4860.0	5505.0	6053.0	6488.0	6793.5	7040.5	7265.5	7225.5	7044.5	6860.5	6711.0	6640.5	6413.5	6016.5	5719.5	5423.5	4976.5	4625.5	4367.0	4005.0	3572.5	3159.5	2804.5	2459.5	2155.5	1877.0	1611.5	1376.0	1153.5	1012.5	909.5	744.0	620.0	554.5	484.0	404.5	318.5	258.5	227.0	193.5	155.5	119.5	89.5	71.5	59.5	53.5	50.0	41.0	28.0	19.5	16.0	10.5	8.0	7.0	6.5	3.5	1.5	2.5	2.5	2.5	2.0	1.0	1.0	0.5	0.5	1.0	0.5	0.0
Sin-CPnd_043-Ex1-1C-lcwgs-1-2.clmp.r1	0.0	0.0	0.0	0.5	1.0	0.5	0.0	0.0	0.0	0.5	1.0	1.0	1.5	2.5	7.5	10.5	12.0	27.0	46.5	62.0	96.0	141.0	185.5	257.5	361.5	499.0	641.5	774.5	962.5	1184.5	1379.5	1635.0	1836.0	2021.0	2226.0	2427.0	2699.0	2899.0	3021.0	3088.5	3094.5	3076.0	3055.0	3014.0	2957.0	2870.0	2721.5	2627.0	2428.5	2195.0	2089.0	1900.0	1673.0	1486.5	1304.5	1132.0	1002.0	874.0	718.5	556.0	469.5	418.0	361.5	295.5	234.5	200.5	148.0	107.5	87.0	69.5	59.0	51.0	41.5	32.5	25.0	20.0	16.5	16.0	15.0	11.0	8.5	6.5	4.5	3.5	3.0	2.5	1.5	0.5	0.5	0.5	0.0	0.0	0.0	0.0	0.0	0.0	0.0	0.0	0.0	0.0	0.0
Sin-CPnd_043-Ex1-1C-lcwgs-1-2.clmp.r2	0.0	0.0	0.0	0.0	0.0	0.5	0.5	0.0	0.0	0.0	0.5	1.5	3.5	3.5	7.0	11.0	13.0	20.0	36.5	57.5	89.0	140.0	197.5	270.5	359.0	484.5	637.5	761.0	956.5	1183.0	1400.0	1598.0	1764.5	2000.0	2235.5	2452.5	2703.5	2869.5	3036.0	3132.5	3104.5	3052.5	3033.5	3037.5	2944.5	2856.5	2713.5	2615.5	2498.5	2269.0	2092.5	1887.5	1684.0	1505.0	1286.0	1120.5	996.0	849.5	704.0	559.0	476.5	430.5	355.5	283.5	236.5	211.0	158.5	106.5	86.5	72.5	59.5	57.5	47.0	34.0	29.0	19.5	15.5	16.5	12.5	8.5	8.5	9.0	7.5	4.5	4.0	3.0	1.0	1.0	2.0	1.5	0.0	0.0	1.0	1.0	0.5	1.0	0.5	0.5	0.5	0.0	0.0
Sin-CPnd_044-Ex1-2C-lcwgs-1-2.clmp.r1	0.0	0.0	0.0	0.0	0.0	0.0	0.0	0.0	0.0	0.0	0.0	0.0	0.0	0.0	0.0	0.0	0.5	1.5	1.0	4.0	7.5	6.5	8.0	16.5	22.5	27.0	31.5	40.0	62.5	77.5	92.5	115.5	127.5	127.5	147.0	181.5	205.5	219.5	241.0	278.0	306.5	321.0	309.0	300.0	296.5	292.5	299.5	301.5	297.0	285.5	269.5	230.5	194.5	174.5	159.0	146.0	128.0	110.5	96.0	78.0	55.5	46.0	40.5	36.5	34.5	24.5	20.0	22.5	19.0	11.5	6.5	5.5	5.0	3.0	2.0	2.0	1.5	2.5	4.0	4.5	3.5	1.0	0.5	1.5	1.5	1.0	1.0	1.0	0.5	0.0	0.0	0.0	0.0	0.0	0.0	0.0	0.0	0.0	0.0	0.0	0.0
Sin-CPnd_044-Ex1-2C-lcwgs-1-2.clmp.r2	0.0	0.0	0.0	0.0	0.0	0.0	0.0	0.0	0.0	0.0	0.0	0.0	0.5	0.5	0.0	0.0	0.0	0.0	0.5	4.0	6.5	6.0	8.5	16.0	21.5	26.5	33.0	42.5	58.0	73.0	96.0	114.5	122.5	129.0	151.0	186.0	206.0	218.5	245.0	280.0	301.5	309.0	299.5	298.0	309.0	307.5	296.5	285.0	286.5	295.5	275.0	238.5	204.0	176.0	160.0	143.5	125.0	109.5	101.0	79.5	53.0	47.5	44.5	38.0	35.5	25.0	21.0	21.0	15.0	9.5	7.0	8.0	5.5	1.5	1.5	2.0	2.0	3.0	4.0	4.0	2.5	1.5	2.0	2.0	1.5	1.0	1.0	1.0	1.0	0.5	0.0	0.0	0.0	0.0	0.0	0.0	0.0	0.0	0.0	0.0	0.0
Sin-CPnd_045-Ex1-11H-lcwgs-1-2.clmp.r1	0.0	0.0	0.5	3.5	5.5	7.0	13.5	24.5	49.5	83.0	150.0	239.5	382.0	614.5	957.5	1418.0	2087.0	3190.5	4751.5	6879.5	9840.0	13528.5	18264.5	24545.5	31840.5	39988.0	49711.0	60784.5	72323.5	84143.0	96356.5	108928.5	121168.5	132251.0	143308.0	154369.5	163751.5	170561.5	175316.5	177853.0	176987.5	174672.0	171293.0	165490.5	158391.0	151150.0	142792.5	132975.5	123027.5	112623.5	102454.5	91542.0	80065.0	69815.5	60268.5	51463.0	43462.5	36554.0	30484.0	25199.0	20663.5	16972.5	14116.0	11611.0	9374.0	7377.0	5593.5	4310.5	3383.5	2613.0	2069.5	1673.5	1339.5	1060.0	857.0	688.0	578.0	506.0	419.0	342.5	284.5	230.0	175.0	127.0	83.0	45.5	27.0	20.5	12.5	6.0	3.0	2.0	2.5	2.0	0.5	0.0	0.0	0.0	0.0	0.0	0.0
Sin-CPnd_045-Ex1-11H-lcwgs-1-2.clmp.r2	1.0	2.0	2.0	4.5	8.0	13.5	22.5	30.0	49.5	89.0	149.5	229.0	364.5	604.5	947.0	1424.5	2100.5	3163.5	4762.5	6816.5	9738.5	13515.5	18249.0	24162.5	31435.5	39970.0	49637.5	60362.0	71747.5	83519.5	95574.0	107797.5	119799.0	131109.0	142300.5	153727.5	163773.0	170330.5	174354.0	177201.5	177304.0	174915.0	171114.5	165807.5	159294.0	151829.5	142833.0	133047.0	123609.0	113352.0	102821.0	91729.5	80545.5	70474.0	60697.0	51767.0	43833.0	36916.0	30869.0	25609.0	21006.0	17207.0	14281.5	11734.5	9436.0	7427.5	5653.5	4413.5	3464.0	2654.5	2135.5	1731.5	1364.0	1087.5	906.5	726.5	577.5	486.0	440.5	375.0	305.0	250.5	194.5	157.5	126.5	88.5	68.0	75.0	70.5	64.0	67.5	75.5	69.0	57.5	58.5	55.0	45.5	28.0	12.0	5.0	4.0
Sin-CPnd_049-Ex1-4C-lcwgs-1-2.clmp.r1	0.0	0.0	0.0	0.0	0.0	0.0	0.0	0.0	0.0	0.0	0.0	0.0	0.5	0.5	0.5	1.0	2.0	3.0	4.0	4.5	5.0	8.0	13.0	19.5	34.0	54.0	55.0	57.0	87.0	114.0	132.5	159.0	179.0	196.5	227.0	267.5	296.0	312.0	349.0	394.0	422.0	448.0	474.0	475.5	462.5	444.5	432.0	426.0	421.0	420.0	391.5	337.0	296.0	273.0	225.5	180.5	172.0	155.0	127.5	118.0	101.0	73.0	60.0	51.0	40.5	30.0	26.5	26.0	22.0	14.5	10.0	12.5	10.5	6.0	4.0	2.5	2.0	3.5	3.5	1.5	0.5	1.0	0.5	0.0	0.0	0.0	0.0	0.0	0.0	0.0	0.0	0.0	0.0	0.0	0.0	0.0	0.0	0.0	0.0	0.0	0.0
Sin-CPnd_049-Ex1-4C-lcwgs-1-2.clmp.r2	0.0	0.0	0.0	0.0	0.0	0.0	0.0	0.0	0.0	0.0	0.0	0.0	0.5	1.0	1.5	2.0	2.5	2.5	2.5	4.0	6.5	9.5	13.0	19.5	35.0	50.5	58.0	66.0	80.5	107.5	138.5	161.5	176.0	196.0	223.0	268.0	306.5	321.0	343.5	382.5	422.5	453.5	473.5	471.5	454.5	430.0	426.5	433.0	428.0	418.0	381.0	333.5	297.0	268.0	230.5	188.5	171.0	159.0	134.5	110.0	96.0	76.5	61.5	52.5	39.5	32.5	25.5	22.5	19.5	14.5	13.0	13.0	11.5	7.5	4.0	3.0	2.0	2.5	3.5	2.0	1.0	1.0	0.5	0.0	0.0	0.0	0.0	0.0	0.0	0.0	0.0	0.0	0.0	0.0	0.0	0.0	0.5	0.5	0.0	0.0	0.0
Sin-CPnd_050-Ex1-9B-lcwgs-1-2.clmp.r1	0.0	0.0	0.5	0.5	1.0	2.0	1.0	0.5	0.5	1.0	2.5	5.0	12.5	19.5	32.5	49.5	69.5	105.0	159.0	232.0	358.0	509.5	670.5	967.5	1288.0	1636.5	2100.0	2575.5	3139.5	3769.5	4443.5	5165.5	5897.0	6648.5	7485.5	8238.5	8902.0	9473.0	9806.5	10010.5	10129.5	10109.0	9883.0	9547.0	9287.0	8989.0	8498.0	7912.0	7476.0	7138.5	6706.5	6125.5	5467.5	4887.0	4325.0	3828.0	3376.0	2937.5	2608.0	2325.0	2013.0	1736.5	1527.0	1349.5	1179.5	999.5	825.5	717.0	607.0	502.0	416.5	341.0	296.5	244.5	186.0	146.0	123.0	94.0	74.5	66.0	49.5	36.5	28.5	21.0	16.0	11.5	9.5	9.5	6.0	1.5	1.0	2.0	1.5	0.5	0.0	0.0	0.0	0.0	0.0	0.0	0.0
Sin-CPnd_050-Ex1-9B-lcwgs-1-2.clmp.r2	0.0	0.0	0.0	0.5	1.0	1.0	0.5	0.0	0.5	3.5	5.0	5.0	11.5	20.0	28.0	43.5	72.5	109.5	160.5	237.0	349.5	476.0	661.0	967.0	1279.5	1630.5	2062.0	2573.5	3144.0	3793.0	4454.5	5101.0	5887.0	6615.5	7442.0	8247.0	8901.0	9480.0	9832.0	9989.0	10110.0	10036.5	9769.5	9584.5	9318.5	8993.5	8558.0	7956.0	7484.0	7134.0	6697.5	6097.5	5458.5	4890.5	4345.5	3870.0	3420.0	2967.5	2610.0	2320.5	2032.0	1738.0	1496.0	1351.5	1184.5	1004.0	835.5	724.0	631.0	511.0	411.0	346.0	294.0	227.5	175.5	150.5	126.5	97.0	76.0	66.0	55.0	45.0	37.5	23.5	17.0	13.0	10.0	12.0	11.0	5.5	3.0	3.5	6.0	5.0	3.0	2.5	0.5	0.0	0.0	0.0	0.0
Sin-CPnd_051-Ex1-12G-lcwgs-1-2.clmp.r1	1.0	0.5	0.0	0.0	0.0	0.5	0.5	0.0	1.0	1.5	4.5	6.0	11.0	24.5	38.5	62.0	101.5	145.5	208.5	348.5	527.0	724.5	991.0	1385.5	1864.5	2375.0	2947.0	3552.0	4244.5	4915.0	5577.5	6270.0	7041.0	7928.0	8846.5	9688.5	10381.5	10945.5	11156.0	11148.0	11120.5	10913.0	10665.5	10361.0	9941.0	9409.5	8761.5	8215.0	7692.0	7134.5	6601.5	6043.5	5360.0	4774.0	4240.5	3726.5	3236.0	2753.0	2394.0	2071.5	1804.0	1565.0	1332.5	1101.5	930.5	779.5	632.5	538.0	466.0	403.5	344.5	264.5	201.0	170.0	146.0	120.5	99.5	84.5	66.0	46.0	31.5	25.5	21.0	15.0	9.5	9.0	7.0	2.5	1.5	1.5	1.5	1.0	0.5	0.0	0.0	0.0	0.0	0.0	0.0	0.0	0.0
Sin-CPnd_051-Ex1-12G-lcwgs-1-2.clmp.r2	0.0	0.0	0.5	1.0	0.5	0.0	0.0	0.5	1.0	1.5	5.5	10.0	14.0	19.0	31.0	63.0	108.0	153.5	221.0	345.0	536.5	739.5	994.0	1364.0	1834.0	2359.0	2900.0	3488.5	4164.5	4884.5	5600.0	6316.5	7061.5	7834.5	8737.0	9723.0	10391.5	10859.0	11124.0	11127.0	11121.0	10957.5	10664.0	10307.5	9942.5	9479.0	8862.0	8271.5	7683.0	7078.5	6562.5	6012.5	5398.0	4880.5	4286.0	3706.0	3220.5	2808.5	2462.0	2094.5	1784.5	1540.5	1332.5	1124.0	935.0	790.0	633.0	536.5	473.5	400.0	342.5	263.5	207.0	178.5	147.5	115.5	105.5	91.5	62.5	43.0	33.5	30.0	25.0	17.5	12.5	12.0	12.5	7.0	3.5	4.0	7.0	7.0	4.5	3.0	0.5	2.5	4.0	3.5	2.5	1.5	1.0
Sin-CPnd_053-Ex1-9G-lcwgs-1-2.clmp.r1	1.0	0.5	0.0	0.0	0.0	0.5	1.0	0.5	1.0	2.0	5.0	8.0	9.0	11.5	23.5	56.0	99.0	140.5	210.5	350.5	524.5	744.5	1072.5	1461.5	1878.5	2394.0	3036.5	3690.0	4392.0	5154.0	5917.5	6615.5	7409.0	8285.5	9222.5	10258.5	11093.0	11589.5	11892.5	12092.0	12039.0	11839.5	11727.5	11453.0	11037.0	10654.5	10223.0	9658.5	9011.0	8435.5	7931.5	7348.5	6595.0	5883.0	5292.0	4775.0	4237.0	3701.5	3295.5	2908.5	2453.0	2127.0	1912.0	1655.5	1367.5	1154.0	980.0	823.5	710.5	606.0	503.5	402.5	321.5	262.0	210.0	180.0	163.0	133.0	98.0	69.5	52.5	44.5	32.5	20.0	19.5	16.0	11.0	9.5	6.0	1.5	0.5	1.5	1.5	0.5	0.0	0.0	0.0	0.0	0.0	0.0	0.0
Sin-CPnd_053-Ex1-9G-lcwgs-1-2.clmp.r2	0.0	0.0	0.0	0.0	0.0	0.0	0.0	0.0	1.5	3.0	4.5	8.0	12.5	17.0	28.5	55.5	89.5	128.0	204.0	339.0	525.0	772.0	1067.5	1442.0	1854.5	2376.5	3019.5	3645.0	4366.5	5150.0	5859.5	6569.0	7417.5	8266.5	9216.0	10244.0	11022.0	11517.5	11868.0	12064.5	12033.5	11854.5	11719.0	11415.0	11008.0	10725.0	10339.5	9715.0	9055.5	8457.0	7901.0	7375.0	6623.0	5875.0	5287.0	4762.5	4262.5	3752.0	3304.5	2895.5	2457.0	2088.0	1873.5	1670.0	1373.5	1154.5	1000.0	847.0	718.5	599.5	489.0	407.5	334.0	264.5	212.5	182.5	158.5	122.5	95.0	74.0	59.0	42.5	27.5	21.5	18.5	17.0	13.5	10.5	8.5	5.0	6.5	8.5	7.0	4.5	2.5	4.5	4.0	1.5	1.5	1.0	0.5
Sin-CPnd_058-Ex1-9D-lcwgs-1-2.clmp.r1	0.0	0.5	1.0	1.5	1.0	0.0	0.5	0.5	0.5	1.5	4.0	5.0	7.5	13.5	20.5	38.5	69.0	119.5	191.5	290.5	406.5	541.0	751.0	1037.5	1341.5	1738.5	2248.5	2729.5	3263.5	3802.0	4323.0	4910.5	5586.5	6233.5	6856.5	7588.5	8170.5	8510.5	8760.0	8872.5	8847.0	8714.5	8546.5	8451.5	8245.0	7931.5	7656.0	7300.0	6916.0	6541.0	6085.0	5576.5	5047.5	4543.0	4048.5	3567.0	3187.5	2907.0	2577.0	2230.0	1951.0	1680.5	1441.5	1250.0	1051.0	873.0	751.0	664.0	553.0	439.0	369.5	323.5	269.5	206.5	161.0	137.5	118.0	95.5	72.5	59.0	48.0	35.0	26.5	16.0	7.0	4.0	4.5	4.0	2.5	1.0	0.0	0.0	0.0	0.0	0.0	0.0	0.0	0.0	0.0	0.0	0.0
Sin-CPnd_058-Ex1-9D-lcwgs-1-2.clmp.r2	0.0	1.0	1.5	1.0	1.5	1.0	1.0	1.5	1.0	1.5	2.0	3.5	7.5	10.5	20.5	40.5	71.0	116.0	184.5	287.5	404.0	549.0	754.5	1029.0	1341.0	1740.0	2209.5	2710.5	3263.5	3800.5	4307.5	4867.0	5519.5	6168.5	6867.5	7639.5	8210.5	8428.5	8672.0	8911.0	8856.5	8693.0	8563.0	8488.0	8279.0	7921.0	7595.0	7339.5	7013.0	6563.5	6084.0	5569.0	4996.0	4484.0	4065.5	3585.5	3187.0	2930.5	2612.0	2234.0	1940.0	1709.5	1461.5	1232.0	1046.5	888.5	765.5	658.0	531.0	439.0	395.5	334.5	262.5	208.5	161.5	125.5	105.5	91.5	80.0	67.0	47.5	37.0	28.5	17.0	10.0	7.5	8.5	7.5	6.5	3.5	1.0	2.0	4.5	4.0	2.5	2.5	1.5	1.5	1.0	0.5	0.5
Sin-CPnd_061-Ex1-9A-lcwgs-1-2.clmp.r1	0.0	0.0	0.0	1.0	1.0	0.0	0.0	1.0	1.5	3.0	4.5	4.0	5.5	14.5	33.0	59.5	79.5	105.0	172.0	275.5	394.0	559.5	788.0	1037.5	1390.5	1798.5	2244.5	2765.5	3304.5	3939.5	4585.0	5210.0	5860.5	6557.5	7498.0	8330.5	8920.0	9385.0	9641.0	9663.0	9402.5	9193.5	9034.0	8769.5	8483.5	8154.0	7743.5	7436.5	7069.5	6530.5	6112.0	5613.0	5090.5	4633.0	4072.0	3592.0	3224.5	2891.5	2572.0	2245.5	1974.0	1770.5	1574.5	1333.0	1118.0	954.0	779.5	659.0	589.5	495.0	384.5	312.5	262.5	218.0	191.0	151.0	119.5	105.5	94.0	79.0	61.0	46.5	31.5	21.5	16.0	12.0	7.5	5.0	2.5	3.0	2.5	1.0	0.5	0.0	0.0	0.0	0.0	0.0	0.0	0.0	0.0
Sin-CPnd_061-Ex1-9A-lcwgs-1-2.clmp.r2	0.0	0.0	0.0	0.5	0.5	0.5	0.5	0.0	1.0	2.5	3.5	5.5	8.5	12.5	24.0	54.5	88.0	118.5	168.5	268.5	395.5	548.0	769.5	1041.0	1381.0	1760.0	2225.5	2794.0	3344.5	3915.0	4539.5	5206.5	5877.0	6582.0	7480.0	8309.0	8905.0	9344.5	9591.5	9578.5	9374.0	9241.5	9037.5	8773.0	8494.5	8104.0	7783.5	7479.0	7109.0	6579.0	6069.5	5603.5	5103.5	4668.0	4106.5	3624.5	3269.5	2866.0	2515.5	2204.0	1958.0	1790.0	1609.5	1363.5	1114.0	932.5	798.5	690.0	594.0	507.0	399.0	316.5	265.0	217.5	177.0	144.5	126.0	114.0	93.5	74.0	61.0	44.0	32.5	27.0	17.5	13.0	11.0	9.0	5.0	4.0	4.0	3.5	5.5	5.0	2.0	2.0	2.0	1.0	0.5	0.0	0.0
Sin-CPnd_062-Ex1-11D-lcwgs-1-2.clmp.r1	0.0	0.0	0.0	0.0	1.5	2.5	3.5	3.0	1.5	3.0	6.5	9.5	11.5	22.5	43.5	63.0	91.5	137.0	217.0	342.5	520.5	765.5	1011.5	1312.0	1792.0	2331.0	2936.5	3540.0	4164.0	4781.0	5469.0	6337.5	7002.0	7577.5	8457.5	9371.5	10106.0	10608.0	10790.0	10743.5	10603.0	10428.5	10057.0	9653.5	9337.0	8908.5	8357.5	7874.0	7444.0	6916.0	6370.0	5809.5	5262.5	4700.0	4026.0	3451.5	3047.5	2708.0	2347.5	1983.5	1683.5	1451.0	1256.5	1112.5	970.5	817.0	651.0	524.5	472.0	397.5	327.5	280.0	224.5	177.5	142.0	118.0	97.0	76.5	57.5	35.0	27.0	26.0	20.5	12.5	9.5	6.0	2.0	1.5	2.0	2.5	1.0	0.0	0.0	0.0	0.0	0.0	0.0	0.0	0.0	0.0	0.0
Sin-CPnd_062-Ex1-11D-lcwgs-1-2.clmp.r2	0.0	0.5	1.0	1.0	1.0	0.5	1.0	1.5	3.0	5.0	6.5	10.0	13.5	26.5	47.0	61.5	88.0	135.0	210.0	339.0	528.5	748.5	1004.0	1325.5	1769.0	2301.0	2904.0	3538.0	4184.0	4779.5	5431.5	6283.0	6998.0	7587.5	8460.0	9423.5	10108.0	10449.0	10681.5	10774.0	10579.5	10331.0	10081.0	9714.5	9278.0	8868.0	8407.5	7972.5	7524.0	6913.5	6364.0	5868.5	5310.0	4699.0	4028.0	3486.5	3069.5	2679.0	2318.5	2012.5	1731.5	1472.0	1266.0	1102.0	949.0	821.0	673.5	544.5	465.0	380.0	319.0	274.0	221.0	193.0	161.0	122.0	94.0	70.0	60.5	42.5	31.5	28.5	21.0	12.5	11.5	11.5	7.5	4.5	4.5	6.0	5.5	4.5	4.0	3.0	2.0	3.5	3.5	1.5	1.0	0.5	0.0
Sin-CPnd_063-Ex1-9F-lcwgs-1-2.clmp.r1	0.0	0.0	0.5	0.5	0.0	0.0	0.0	0.5	1.0	1.0	1.5	4.5	10.5	21.5	40.0	58.5	77.0	110.0	172.5	264.5	422.5	608.0	808.5	1093.5	1398.5	1727.0	2108.0	2533.5	3143.5	3771.0	4261.0	4811.5	5454.5	6084.0	6850.5	7652.5	8327.0	8960.0	9404.5	9602.0	9751.5	9923.0	9875.5	9747.5	9674.0	9356.0	8871.0	8439.5	7901.5	7263.0	6732.0	6152.0	5532.5	4985.0	4374.5	3823.0	3391.0	3013.0	2678.0	2303.5	1960.0	1691.5	1437.5	1237.5	1069.0	899.0	746.0	658.0	556.5	443.5	371.0	298.0	252.5	220.0	187.0	147.0	109.5	84.0	70.0	59.5	47.5	34.5	23.0	21.0	18.0	13.0	8.0	4.0	1.5	0.0	0.5	0.5	0.0	0.0	0.0	0.0	0.0	0.0	0.0	0.0	0.0
Sin-CPnd_063-Ex1-9F-lcwgs-1-2.clmp.r2	0.0	0.0	0.0	0.0	0.0	0.0	0.5	0.5	0.0	0.5	2.0	9.5	15.0	19.5	36.5	58.5	75.5	105.0	171.5	273.5	425.5	612.5	813.5	1080.5	1390.0	1722.0	2113.0	2566.5	3101.5	3666.0	4217.0	4786.5	5434.0	6109.0	6880.0	7605.0	8247.0	8889.5	9360.5	9598.0	9725.5	9921.0	9941.5	9833.0	9700.0	9332.5	8887.0	8451.5	7841.5	7209.0	6716.5	6187.0	5588.0	4994.0	4393.0	3867.0	3432.0	3020.5	2659.0	2316.5	1986.5	1706.0	1441.5	1226.0	1059.5	902.5	774.5	682.0	568.5	449.0	360.5	294.5	254.0	220.0	178.5	135.5	112.0	90.5	73.0	61.0	47.0	35.5	27.5	22.0	17.5	14.5	9.0	6.5	5.0	4.0	3.5	3.0	3.5	2.0	0.5	1.0	1.0	1.0	1.0	0.0	0.0
Sin-CPnd_065-Ex1-11B-lcwgs-1-2.clmp.r1	0.0	0.0	0.0	0.0	0.0	0.0	0.0	0.0	1.0	3.0	7.0	8.5	13.0	20.5	29.5	54.0	103.5	158.5	207.0	301.0	468.0	671.5	912.5	1212.0	1566.5	2076.5	2688.5	3265.5	3937.0	4690.0	5441.5	6361.0	7175.0	7870.5	8826.5	9829.5	10640.0	11232.5	11610.0	11892.0	11977.0	11615.5	11127.0	10638.0	10205.0	9836.0	9178.0	8555.0	8017.5	7363.0	6757.0	6151.5	5540.5	4868.0	4201.0	3680.5	3213.0	2787.0	2440.5	2099.5	1778.0	1526.5	1345.5	1207.0	1037.5	863.5	727.5	604.0	512.0	441.0	366.0	304.0	253.5	208.0	161.0	124.0	103.0	83.5	62.0	50.5	40.5	28.0	20.5	15.0	9.0	5.0	3.0	3.5	3.0	1.5	1.0	0.5	0.0	0.0	0.0	0.0	0.0	0.0	0.0	0.0	0.0
Sin-CPnd_065-Ex1-11B-lcwgs-1-2.clmp.r2	0.0	0.0	0.0	0.0	0.0	0.0	0.0	1.0	2.0	2.5	5.0	8.0	11.5	24.5	36.0	50.0	92.5	156.5	213.5	292.0	443.5	647.0	892.5	1208.5	1571.5	2067.0	2667.0	3254.5	3949.5	4677.0	5432.0	6308.0	7077.0	7834.0	8782.0	9812.5	10682.5	11286.5	11672.5	11829.5	11860.0	11566.0	11041.5	10641.5	10278.5	9807.5	9193.5	8600.5	8016.5	7403.5	6816.5	6170.5	5500.0	4886.5	4276.0	3718.0	3232.0	2786.0	2450.0	2110.0	1778.5	1540.5	1349.5	1207.0	1026.0	847.5	730.5	616.0	527.5	462.5	381.5	303.0	257.5	210.0	164.0	135.0	108.0	79.0	57.5	46.5	35.5	28.0	22.5	17.0	13.0	9.5	8.0	7.0	6.0	5.0	4.0	2.5	4.0	4.5	3.5	3.0	1.0	1.5	2.0	1.5	0.5
Sin-CPnd_067-Ex1-9C-lcwgs-1-2.clmp.r1	0.0	0.5	1.0	1.0	0.5	0.5	1.5	2.0	2.0	2.0	2.5	6.0	11.5	19.5	31.5	42.0	69.5	111.5	158.5	223.0	331.0	460.5	614.0	813.5	1073.5	1395.0	1821.0	2324.5	2835.5	3370.0	3943.5	4577.0	5247.5	5910.5	6675.5	7441.0	8198.0	8736.5	8971.0	9163.0	9207.0	9212.5	9146.5	8850.0	8545.0	8227.5	7711.0	7211.5	6693.0	6158.5	5666.0	5165.0	4634.0	4092.5	3550.5	3096.0	2759.5	2426.0	2104.0	1852.0	1616.0	1383.0	1215.5	1046.5	893.5	784.0	686.5	593.0	487.0	402.0	357.5	297.5	260.5	223.5	180.0	144.0	113.5	91.5	79.5	63.5	43.0	34.5	25.0	19.5	17.0	10.0	6.0	5.5	3.5	0.5	0.0	0.0	0.0	0.5	1.0	1.0	0.5	0.0	0.0	0.0	0.0
Sin-CPnd_067-Ex1-9C-lcwgs-1-2.clmp.r2	0.0	0.0	0.0	0.5	1.5	1.5	1.5	2.0	1.5	0.5	2.5	6.0	8.5	16.0	31.0	46.5	71.0	106.5	156.0	231.0	334.0	449.0	604.0	811.0	1062.0	1413.5	1854.0	2293.0	2789.5	3351.0	3934.0	4579.5	5229.5	5857.5	6588.5	7396.5	8177.5	8672.5	8946.5	9168.5	9262.0	9263.5	9116.0	8811.5	8482.5	8205.5	7756.0	7302.0	6804.5	6166.5	5670.5	5199.5	4603.5	4079.5	3549.5	3045.5	2723.5	2438.5	2140.0	1892.0	1650.5	1397.0	1215.0	1054.5	914.0	785.0	671.0	582.5	492.5	411.0	350.0	291.5	255.0	224.0	185.5	141.5	105.0	93.0	84.0	60.5	47.0	38.5	27.0	27.5	23.5	11.0	7.0	7.5	5.5	3.0	3.0	3.0	3.0	4.5	3.5	1.5	1.5	1.5	0.5	0.0	0.0
Sin-CPnd_074-Ex1-12A-lcwgs-1-2.clmp.r1	0.0	0.5	1.0	0.5	0.0	0.0	0.0	0.0	0.5	0.5	2.0	4.5	7.5	13.5	29.0	45.0	73.5	108.0	158.5	271.5	413.5	548.0	758.0	1055.5	1369.5	1713.5	2100.5	2610.5	3240.0	3744.5	4180.5	4746.5	5385.5	6041.5	6743.0	7416.0	7936.0	8318.0	8563.0	8536.0	8315.0	8067.5	7775.5	7413.0	7051.5	6736.5	6409.5	6061.5	5627.0	5168.0	4726.0	4286.0	3898.0	3434.0	2983.0	2722.5	2436.0	2104.5	1840.5	1595.0	1383.0	1208.0	1047.5	897.5	788.0	680.5	544.0	433.0	375.5	329.0	270.0	231.5	207.5	177.5	140.5	109.0	88.0	66.5	58.0	51.5	38.5	26.5	14.0	11.5	11.5	10.5	8.5	3.5	1.0	0.5	0.0	0.0	0.0	0.0	0.0	0.0	0.0	0.0	0.0	0.0	0.0
Sin-CPnd_074-Ex1-12A-lcwgs-1-2.clmp.r2	0.0	0.0	0.0	0.0	0.0	0.5	0.5	0.0	0.5	1.0	2.5	6.0	8.0	13.5	26.0	39.0	73.0	118.5	171.0	259.0	402.0	557.5	743.5	1052.0	1383.5	1718.5	2106.0	2591.0	3182.0	3705.0	4147.0	4709.0	5358.0	5994.0	6662.0	7382.5	7972.5	8349.5	8570.5	8488.0	8249.0	8113.5	7829.0	7446.5	7104.0	6720.5	6411.5	6075.0	5667.5	5188.5	4708.5	4324.5	3962.0	3474.5	3020.5	2731.0	2422.5	2105.5	1826.0	1582.0	1399.0	1231.0	1059.5	906.0	791.0	674.5	536.5	428.0	358.5	322.0	285.0	247.5	208.5	172.0	140.0	103.5	80.0	71.0	63.0	51.5	41.0	29.0	16.5	13.5	15.0	13.5	10.5	5.0	3.5	6.0	5.0	2.0	2.5	4.5	4.5	2.5	1.5	2.0	1.5	1.0	0.5
Sin-CPnd_075-Ex1-11G-lcwgs-1-2.clmp.r1	0.0	0.0	0.0	0.0	0.0	0.0	1.0	2.5	3.0	3.5	5.0	6.5	13.5	26.5	48.0	82.5	127.0	202.5	308.5	440.5	640.5	941.0	1276.0	1704.0	2257.0	2895.5	3639.5	4400.0	5188.0	6127.5	7119.0	7891.5	8774.0	9739.5	10657.5	11694.5	12594.5	13091.5	13244.5	13271.5	13138.0	12933.5	12622.0	12114.5	11620.0	11052.5	10321.0	9659.5	9023.5	8246.0	7531.0	6858.0	6107.5	5398.5	4693.5	4082.5	3617.0	3180.5	2766.0	2369.0	2022.5	1743.0	1500.5	1281.0	1072.0	892.0	753.0	659.5	534.0	427.5	362.5	311.5	270.0	201.0	145.0	117.5	103.5	85.5	59.0	45.0	41.5	34.5	21.5	14.5	9.5	5.5	5.5	5.0	2.5	0.0	0.5	1.5	2.0	1.5	0.5	0.0	0.0	0.0	0.0	0.0	0.0
Sin-CPnd_075-Ex1-11G-lcwgs-1-2.clmp.r2	1.0	0.5	0.0	0.0	0.5	0.5	1.5	4.0	4.0	4.0	5.5	8.0	14.0	27.0	50.0	84.5	124.0	207.0	322.0	438.5	655.5	942.0	1256.0	1693.0	2239.0	2914.5	3652.5	4375.0	5187.5	6057.0	7022.5	7942.0	8768.5	9669.0	10584.0	11609.0	12495.5	13088.5	13385.5	13297.5	13102.0	12900.5	12511.5	12031.5	11585.0	11110.0	10450.0	9686.0	8994.0	8270.0	7546.5	6855.0	6149.0	5425.0	4733.0	4112.0	3605.0	3184.5	2771.0	2370.0	2018.5	1747.5	1533.5	1293.5	1084.0	924.0	786.5	676.0	550.0	444.0	364.0	306.0	249.5	186.5	151.0	124.0	100.0	77.0	52.5	46.0	47.5	35.5	24.5	20.0	13.5	7.5	7.0	8.5	7.5	3.5	3.5	5.0	4.0	3.5	4.0	5.0	3.5	2.5	2.0	0.5	0.5
Sin-CPnd_076-Ex1-10E-lcwgs-1-2.clmp.r1	0.0	0.0	0.5	0.5	0.0	0.0	0.0	0.0	0.5	1.0	3.5	7.5	13.5	27.5	47.0	63.5	112.0	193.5	298.5	461.5	680.5	943.0	1294.5	1749.0	2310.0	3004.0	3726.5	4509.5	5424.0	6316.5	7297.5	8179.5	8987.5	9996.0	10932.5	11754.5	12574.5	13180.5	13549.5	14022.5	14260.0	13994.5	13548.5	13137.0	12719.0	12128.5	11380.0	10715.5	9982.0	9186.5	8513.0	7728.0	6912.5	6222.0	5501.0	4773.5	4198.0	3662.5	3130.5	2646.5	2236.5	1930.0	1686.0	1451.5	1208.0	993.5	795.5	664.0	570.5	464.5	402.0	333.0	269.0	234.0	201.5	163.5	132.5	113.0	94.5	79.0	67.5	50.0	38.0	32.0	26.0	18.5	10.0	6.0	4.5	2.5	0.5	0.0	0.0	0.0	0.0	0.0	0.0	0.0	0.0	0.0	0.0
Sin-CPnd_076-Ex1-10E-lcwgs-1-2.clmp.r2	0.0	0.0	0.0	0.0	0.0	0.0	0.0	0.0	0.5	1.5	3.0	3.5	13.5	31.5	41.5	64.5	116.5	181.0	285.5	457.0	684.0	942.0	1272.5	1752.5	2316.5	2995.5	3730.5	4470.5	5391.5	6316.0	7186.5	8060.0	8963.5	9905.5	10841.5	11779.5	12580.0	13133.5	13482.5	13902.5	14143.0	13912.5	13537.0	13204.0	12834.5	12235.0	11484.0	10745.0	10030.5	9272.0	8520.5	7773.5	6950.5	6200.0	5516.5	4814.0	4181.5	3657.0	3140.5	2669.0	2278.0	1945.0	1679.0	1462.0	1236.0	1003.5	818.0	700.5	588.0	477.5	398.0	328.5	275.0	229.0	191.0	161.5	132.5	118.5	102.0	71.0	56.5	53.0	46.0	36.0	27.0	16.5	12.0	9.0	5.0	3.5	4.0	3.5	3.5	3.5	1.5	1.0	0.5	0.5	0.5	0.0	0.0
Sin-CPnd_079-Ex1-9H-lcwgs-1-2.clmp.r1	0.0	0.0	0.5	0.5	0.0	0.0	0.5	1.0	1.5	2.0	3.0	5.0	12.5	24.5	38.0	58.5	97.5	139.0	207.5	327.0	483.5	687.0	936.0	1236.0	1620.0	2133.5	2644.0	3173.0	3752.0	4343.5	4932.0	5592.0	6350.0	6967.0	7658.0	8417.5	8968.5	9383.5	9741.5	10046.5	10050.0	9675.0	9376.0	9162.0	8971.0	8578.5	8072.0	7704.5	7278.0	6764.0	6258.5	5783.5	5241.5	4676.5	4140.5	3696.5	3260.0	2878.0	2575.0	2286.5	1976.5	1676.5	1449.0	1303.0	1145.0	960.0	791.0	661.5	559.5	451.5	385.0	338.0	278.5	217.0	179.5	159.5	133.5	114.0	98.5	77.5	61.0	44.0	32.5	22.5	18.0	14.5	7.5	5.5	5.5	4.5	3.0	1.0	0.0	0.0	0.0	0.0	0.0	0.0	0.0	0.0	0.0
Sin-CPnd_079-Ex1-9H-lcwgs-1-2.clmp.r2	0.0	0.0	0.0	0.0	0.0	0.0	0.0	0.0	0.0	1.5	4.5	6.0	11.5	25.0	37.5	57.5	96.0	138.5	204.5	330.5	479.0	680.0	928.5	1238.5	1647.5	2103.5	2617.0	3179.5	3745.0	4334.5	4904.5	5536.0	6217.0	6828.0	7565.0	8452.5	9108.0	9515.0	9802.5	9984.5	10026.5	9654.0	9327.5	9112.5	8891.5	8605.5	8126.0	7707.5	7311.0	6795.5	6269.5	5778.0	5206.5	4634.5	4154.5	3750.0	3318.0	2934.0	2604.0	2278.5	1975.0	1693.5	1457.0	1307.5	1134.0	943.0	781.5	657.5	560.0	466.0	397.0	340.0	279.5	221.5	185.5	156.0	140.0	113.5	86.5	76.5	61.5	43.0	34.0	25.5	21.0	17.5	9.5	5.5	7.0	8.0	5.5	3.0	1.5	1.5	2.5	2.5	1.5	1.0	1.0	0.5	0.0
Sin-CPnd_080-Ex1-2E-lcwgs-1-2.clmp.r1	0.0	0.0	0.0	0.0	0.0	0.0	0.0	0.0	0.0	0.0	0.0	0.5	1.5	1.0	0.0	0.5	3.0	6.0	6.0	4.0	8.0	18.0	23.0	34.0	54.0	69.0	84.0	107.0	139.5	167.0	190.5	231.5	262.5	280.5	313.5	362.0	400.5	414.0	436.5	458.5	464.5	460.0	448.0	454.0	462.0	446.5	427.0	399.0	362.5	341.5	331.5	301.0	266.5	254.5	221.0	177.0	157.0	143.0	124.5	114.0	107.5	96.0	92.5	90.5	92.0	87.5	65.5	60.5	62.0	47.0	37.0	39.5	41.0	36.0	23.5	16.5	13.5	8.0	7.5	6.5	3.5	1.5	1.0	0.5	1.5	2.0	1.0	0.0	0.5	1.0	1.0	0.5	0.0	0.0	0.0	0.0	0.0	0.0	0.0	0.0	0.0
Sin-CPnd_080-Ex1-2E-lcwgs-1-2.clmp.r2	0.0	0.0	0.0	0.0	0.0	0.0	0.5	1.0	1.0	0.5	0.0	0.0	0.0	0.0	0.5	1.5	3.0	3.5	4.0	6.5	11.5	23.0	34.0	44.5	55.0	60.0	77.0	113.5	142.0	155.5	181.0	224.0	247.5	264.5	315.5	360.5	387.5	402.0	417.0	459.5	484.5	460.5	452.5	466.0	453.0	444.0	437.0	414.0	397.5	371.0	331.0	305.5	286.5	246.5	206.0	181.5	157.5	134.5	120.0	112.5	103.5	102.0	93.5	84.0	89.5	79.0	66.0	58.5	53.0	50.0	42.5	41.5	41.5	38.0	27.0	18.5	14.0	10.0	6.0	3.5	4.0	2.5	0.5	0.0	0.5	1.5	1.5	1.0	1.5	1.0	0.0	0.0	0.0	0.0	0.0	0.0	0.0	0.0	0.0	0.0	0.0
Sin-CPnd_081-Ex1-10G-lcwgs-1-2.clmp.r1	0.0	0.5	0.5	0.0	0.0	0.5	1.5	2.5	4.0	2.5	3.5	13.5	25.5	36.5	55.5	81.0	127.0	201.5	290.0	423.5	613.5	885.0	1211.5	1585.5	2059.0	2599.5	3288.0	4084.5	4854.0	5602.0	6408.5	7402.0	8395.5	9222.5	10190.0	11289.0	12272.0	12998.0	13391.0	13582.0	13675.0	13441.5	13045.0	12606.5	12069.5	11625.5	11058.0	10381.0	9733.5	9027.0	8403.5	7728.0	6900.5	6064.5	5235.0	4571.0	3954.5	3459.0	3110.0	2709.0	2313.0	1971.0	1701.0	1440.5	1196.0	1003.5	819.0	674.0	551.0	461.5	400.0	318.5	263.0	217.0	173.0	141.0	116.0	100.5	81.5	66.0	58.0	47.5	34.0	19.5	8.5	8.0	8.0	6.0	3.5	1.0	0.0	0.0	0.0	0.5	1.0	1.0	0.5	0.0	0.0	0.0	0.0
Sin-CPnd_081-Ex1-10G-lcwgs-1-2.clmp.r2	0.0	0.0	0.0	0.0	0.0	0.5	1.0	1.0	1.5	2.5	7.5	14.5	20.5	32.5	55.0	82.5	129.5	205.0	282.5	411.0	629.5	910.5	1208.0	1575.5	2079.5	2599.5	3264.0	4058.5	4856.5	5613.0	6357.5	7316.0	8328.5	9175.5	10167.5	11254.0	12189.5	12922.0	13359.5	13495.5	13525.5	13476.5	13115.5	12547.5	12088.5	11664.5	11095.0	10427.5	9786.5	9150.5	8465.0	7713.0	6908.0	6071.0	5261.0	4611.5	3978.0	3453.0	3051.0	2698.0	2350.0	1994.5	1727.5	1454.5	1193.5	1001.5	826.0	700.0	583.5	477.0	403.5	339.5	274.0	208.5	180.5	158.0	122.0	101.0	85.0	67.0	50.5	43.0	33.5	20.5	12.0	10.5	7.5	5.5	4.0	4.0	5.0	4.5	7.5	7.5	5.5	4.5	4.0	3.0	1.0	0.5	0.0
Sin-CPnd_085-Ex1-4H-lcwgs-1-2.clmp.r1	0.0	0.0	0.5	0.5	0.5	0.5	0.5	0.5	2.0	3.5	3.0	6.0	9.5	9.0	17.5	28.5	49.5	77.0	114.5	184.0	249.0	363.5	547.5	738.5	1001.5	1331.0	1662.0	2019.5	2535.5	3098.0	3551.5	4113.5	4727.0	5225.0	5768.5	6442.0	7037.0	7525.5	8021.0	8215.5	8362.0	8636.5	8506.5	8186.5	8012.5	7779.0	7445.0	6981.0	6447.5	5942.0	5424.5	4903.5	4318.5	3825.0	3415.5	2934.5	2464.0	2106.5	1770.0	1444.0	1205.5	1037.5	901.0	743.0	590.5	459.0	343.5	273.5	221.0	163.5	130.5	110.5	91.0	64.0	45.0	32.5	23.5	25.5	19.5	12.5	12.0	10.0	8.0	6.0	3.0	1.0	1.0	1.0	0.5	0.0	0.0	0.0	0.0	0.0	0.0	0.0	0.0	0.0	0.0	0.0	0.0
Sin-CPnd_085-Ex1-4H-lcwgs-1-2.clmp.r2	0.0	0.0	0.0	0.0	0.0	0.0	0.5	1.0	0.5	0.0	2.5	4.5	5.5	11.0	23.5	36.0	46.5	75.5	126.5	179.0	263.0	389.0	542.5	733.5	977.5	1265.0	1594.0	2016.0	2462.0	2988.0	3543.0	4087.5	4665.0	5228.5	5809.0	6385.5	6992.0	7563.0	7921.5	8152.0	8420.0	8534.5	8433.5	8303.0	8083.0	7758.0	7456.0	7024.5	6494.0	5989.0	5447.0	4925.5	4415.5	3891.5	3396.5	2914.0	2498.5	2169.5	1821.0	1478.5	1218.0	1046.5	894.0	735.0	606.5	473.5	356.5	278.0	204.5	156.5	132.5	104.0	83.5	65.5	44.0	32.5	28.5	25.0	20.5	15.5	11.0	9.5	9.0	6.5	4.5	3.5	2.0	1.0	1.0	2.0	2.0	0.5	1.0	1.0	1.0	1.5	1.0	0.5	0.0	0.0	0.5
Sin-CPnd_088-Ex1-2D-lcwgs-1-2.clmp.r1	0.0	0.0	0.0	0.0	0.0	0.0	0.0	0.0	0.0	0.0	0.0	0.0	0.0	0.0	0.5	0.5	0.5	1.0	1.5	3.0	3.0	3.5	11.0	18.0	20.5	31.0	41.5	49.5	59.0	75.5	92.5	117.5	158.0	179.0	208.5	246.5	295.5	346.0	386.5	454.5	530.5	576.5	566.0	539.0	548.5	548.5	496.0	458.5	452.0	410.0	353.0	299.0	255.0	230.5	196.0	167.5	147.0	122.0	100.0	82.5	76.0	66.0	48.0	34.0	26.0	27.0	26.0	18.0	11.0	9.0	7.5	6.5	7.0	6.0	4.0	5.5	6.0	4.5	3.5	2.0	1.5	1.5	0.5	0.5	1.0	0.5	0.0	0.0	0.0	0.0	0.0	0.0	0.0	0.0	0.0	0.0	0.0	0.0	0.0	0.0	0.0
Sin-CPnd_088-Ex1-2D-lcwgs-1-2.clmp.r2	0.0	0.0	0.0	0.0	0.0	0.0	0.0	0.0	0.0	0.0	0.0	0.0	0.0	0.0	0.0	0.0	1.5	2.5	2.5	2.0	1.5	4.0	12.5	18.5	14.5	26.0	46.0	49.0	61.0	78.5	85.5	119.5	160.5	182.0	211.0	238.5	285.5	340.5	382.0	456.5	539.5	562.0	538.5	528.5	544.5	541.5	499.0	462.0	442.0	412.0	364.5	302.0	261.5	240.0	203.0	172.0	148.5	122.0	105.5	96.5	85.5	64.5	45.0	35.5	27.5	27.0	24.5	16.0	12.0	11.5	9.5	6.0	5.5	7.0	4.5	4.5	6.5	5.0	2.5	1.5	2.5	1.5	0.5	1.0	1.0	0.5	0.0	0.0	0.5	0.5	0.0	0.0	0.0	0.0	0.0	0.0	0.0	0.0	0.0	0.0	0.0
Sin-CPnd_089-Ex1-9E-lcwgs-1-2.clmp.r1	0.0	0.0	0.5	0.5	0.0	0.0	0.0	0.5	1.5	3.0	3.5	4.5	10.0	20.0	32.0	58.0	96.5	160.0	247.5	353.5	526.0	765.5	1007.0	1336.0	1780.5	2284.0	2880.5	3573.0	4283.0	4978.0	5736.0	6462.5	7238.0	8006.5	8831.0	9827.5	10659.5	11153.5	11561.0	11871.5	11863.5	11721.5	11594.0	11365.0	10991.5	10490.5	9959.0	9440.5	8909.0	8277.0	7583.0	6938.0	6251.0	5565.0	4943.5	4439.5	3942.0	3450.0	3002.0	2620.5	2276.5	1956.0	1702.5	1469.5	1238.0	1026.5	864.5	722.0	584.0	487.5	423.0	360.0	308.0	263.0	208.5	166.0	141.0	119.0	91.5	62.5	49.0	38.0	33.0	28.5	22.5	16.0	7.5	3.5	2.5	1.5	0.5	0.5	1.0	0.5	0.0	0.0	0.0	0.0	0.0	0.0	0.0
Sin-CPnd_089-Ex1-9E-lcwgs-1-2.clmp.r2	0.0	0.0	0.0	0.0	0.0	0.0	0.0	1.0	1.0	2.5	5.0	4.0	7.5	16.0	31.0	55.5	93.5	156.5	238.5	358.5	554.0	776.0	1021.5	1343.5	1753.0	2287.0	2906.5	3556.0	4275.5	5033.0	5765.5	6482.5	7216.0	7971.0	8870.5	9809.5	10562.0	11079.5	11527.0	11853.0	11810.5	11625.0	11522.5	11304.5	10907.5	10416.5	9954.5	9488.5	8889.0	8241.5	7653.0	7016.5	6327.5	5657.0	4913.0	4350.5	3948.5	3495.0	3045.5	2658.5	2289.5	1932.0	1690.0	1489.0	1251.5	1054.5	869.0	719.0	620.0	511.5	407.5	347.5	309.5	265.5	208.0	162.0	130.0	110.0	93.0	66.5	49.0	40.5	39.5	32.0	21.5	12.5	5.5	5.0	4.5	4.0	5.5	4.0	3.5	4.5	2.0	2.5	2.5	1.0	1.0	0.0	0.0
Sin-CPnd_090-Ex1-12F-lcwgs-1-2.clmp.r1	0.0	0.5	0.5	0.5	0.5	0.5	1.0	0.5	2.5	7.0	14.5	23.5	40.5	83.0	132.5	177.5	263.0	421.5	657.0	994.0	1497.0	2208.5	3142.0	4343.0	5732.0	7398.0	9506.5	11921.5	14533.0	17414.0	20574.0	23774.0	27094.5	30516.5	34171.0	38060.0	41618.5	44612.5	46938.5	48794.5	50090.0	50594.0	50329.5	49808.5	49085.0	47759.5	45935.5	43720.0	41104.5	38452.0	35661.0	32403.5	29060.0	25768.0	22812.0	19933.5	17029.5	14388.0	12179.5	10332.5	8730.5	7424.0	6155.0	5116.0	4386.0	3647.0	2804.0	2155.5	1760.5	1426.0	1180.0	991.0	823.5	672.5	545.5	437.0	370.5	314.0	229.5	180.0	149.0	118.5	88.0	65.0	44.0	22.5	13.5	9.0	5.5	2.5	0.5	0.0	0.0	0.0	0.0	0.0	0.0	0.0	0.0	0.0	0.0
Sin-CPnd_090-Ex1-12F-lcwgs-1-2.clmp.r2	0.0	0.5	1.0	0.5	1.0	1.5	3.0	3.5	3.0	4.5	11.0	22.0	37.0	68.0	118.5	184.0	292.5	447.0	667.0	1003.0	1516.5	2188.5	3088.0	4297.5	5682.0	7310.5	9452.5	11829.5	14421.5	17448.5	20469.0	23339.5	26598.0	30115.5	33772.5	37399.0	40938.5	44223.0	46718.0	48826.0	49987.5	50515.0	50459.5	49815.0	49064.5	47709.5	46114.0	44027.0	41365.0	38803.5	36052.0	32757.5	29430.0	26049.0	22910.5	19937.0	17190.0	14746.5	12398.0	10470.5	8846.0	7458.0	6282.0	5283.5	4388.5	3625.0	2856.0	2210.0	1793.5	1430.0	1159.0	988.0	833.5	673.5	541.0	454.5	379.5	297.0	236.5	204.0	164.0	128.0	99.5	73.5	51.5	42.0	34.0	26.0	18.0	15.5	16.0	19.0	18.0	16.0	16.0	11.5	7.0	8.5	5.0	0.5	0.5
Sin-CPnd_092-Ex1-11F-lcwgs-1-2.clmp.r1	0.0	0.0	0.0	0.0	0.0	0.5	2.0	2.0	1.0	2.0	5.0	8.5	13.5	25.0	36.5	57.0	89.0	153.5	240.0	343.5	474.0	646.0	861.5	1133.0	1503.0	1950.5	2420.5	2941.5	3542.5	4055.0	4568.5	5205.5	5851.5	6431.0	7192.5	7996.0	8595.0	9207.5	9742.5	10057.0	10034.5	10022.5	9931.5	9668.5	9428.0	9145.5	8731.0	8114.5	7466.0	6821.0	6227.5	5582.0	4912.0	4248.5	3619.5	3149.5	2789.5	2453.5	2104.0	1767.0	1495.5	1271.5	1080.5	936.5	798.0	652.5	558.5	493.0	402.0	335.5	285.0	233.0	195.0	158.0	128.0	102.5	84.0	71.5	54.5	42.0	35.0	24.5	17.0	10.5	6.0	4.0	2.0	1.0	1.5	1.0	0.0	0.0	0.0	0.0	0.0	0.0	0.0	0.0	0.0	0.0	0.0
Sin-CPnd_092-Ex1-11F-lcwgs-1-2.clmp.r2	0.0	0.0	0.0	0.5	0.5	0.0	1.5	1.5	1.0	3.5	5.5	11.0	19.0	24.5	35.0	56.0	92.5	150.5	224.5	339.5	490.5	653.0	857.5	1155.0	1520.0	1942.5	2396.5	2928.0	3511.5	3999.5	4550.0	5202.0	5802.5	6399.0	7183.5	7971.0	8651.0	9245.0	9677.5	9954.0	9990.0	9975.0	9886.5	9675.0	9466.0	9124.5	8614.0	8069.5	7511.0	6881.5	6246.5	5626.0	4948.5	4260.0	3679.5	3198.5	2801.5	2439.5	2091.0	1779.0	1499.0	1289.0	1114.5	942.5	785.5	663.5	582.0	513.5	415.5	337.0	282.0	234.0	197.5	158.0	129.0	103.0	86.5	73.0	53.0	39.0	39.0	30.0	14.0	10.0	8.0	6.0	5.5	3.0	3.5	5.5	5.0	5.0	5.0	4.5	2.5	1.5	2.5	1.5	1.5	1.5	0.0
Sin-CPnd_093-Ex1-10C-lcwgs-1-2.clmp.r1	0.0	0.5	0.5	0.0	0.0	0.0	0.0	0.0	0.5	1.0	4.5	6.0	7.5	13.0	25.5	45.5	78.0	118.5	161.5	245.5	380.0	510.0	689.0	961.0	1260.5	1645.5	2074.5	2541.5	3213.0	3903.5	4502.5	5201.5	5984.0	6681.5	7536.5	8433.0	9076.0	9695.5	10271.0	10597.0	10720.0	10759.0	10459.0	10187.5	9969.0	9457.0	8926.0	8427.0	7841.0	7237.0	6657.5	5916.0	5223.5	4650.5	4076.5	3540.0	3057.5	2640.5	2294.5	1956.0	1657.5	1424.5	1226.0	1065.0	904.5	758.5	610.5	481.0	405.5	349.0	277.0	242.0	211.0	170.5	142.0	113.5	87.5	71.0	57.5	41.0	38.5	30.5	19.5	17.5	13.5	8.5	5.5	5.0	4.0	2.0	0.5	0.0	0.0	0.0	0.0	0.0	0.0	0.0	0.0	0.0	0.0
Sin-CPnd_093-Ex1-10C-lcwgs-1-2.clmp.r2	1.0	0.5	0.0	0.0	0.0	0.0	0.0	0.5	2.0	3.0	3.5	3.5	4.5	10.5	26.5	48.0	75.5	114.5	156.0	231.0	355.0	495.5	682.0	946.5	1279.0	1635.5	2060.5	2546.5	3157.0	3842.0	4525.5	5265.5	5993.0	6701.0	7543.0	8338.5	8977.0	9687.5	10171.0	10430.5	10750.0	10844.5	10532.0	10175.0	9882.0	9466.0	8979.5	8450.5	7892.0	7272.0	6657.0	6029.0	5293.5	4603.0	3981.0	3474.5	3063.0	2672.5	2335.5	1997.0	1661.0	1395.0	1214.0	1082.0	931.0	766.0	609.0	502.0	429.0	351.5	287.0	246.5	217.0	176.0	138.0	114.0	95.0	68.5	51.5	46.5	45.0	34.5	21.5	17.0	13.5	9.0	8.5	7.5	4.0	3.0	3.5	2.5	0.5	2.5	3.5	1.5	0.5	0.0	0.0	0.5	0.5
Sin-CPnd_094-Ex1-3H-lcwgs-1-2.clmp.r1	0.0	0.0	0.0	0.0	0.0	0.0	0.0	0.0	0.5	2.0	2.5	6.0	10.5	16.0	31.0	64.5	98.0	144.5	241.5	416.5	661.0	971.5	1391.5	1957.5	2745.0	3700.0	4844.0	6133.5	7696.5	9412.5	11205.0	13105.0	14950.0	16841.0	18741.0	20770.0	22572.5	23934.0	25245.0	26178.0	26570.0	26618.0	26117.5	25566.5	24843.0	23640.5	22333.5	21016.0	19530.5	17972.0	16380.5	14658.5	12907.0	11260.5	9831.5	8548.0	7397.0	6185.0	5066.0	4192.5	3462.0	2878.5	2377.5	1934.0	1569.0	1249.5	986.5	733.0	521.5	394.5	293.0	243.0	200.0	138.5	97.5	60.5	49.0	46.0	33.0	28.0	23.0	12.5	9.5	9.5	5.0	1.5	0.5	0.0	0.0	0.0	0.0	0.0	0.0	0.0	0.0	0.0	0.0	0.0	0.0	0.0	0.0
Sin-CPnd_094-Ex1-3H-lcwgs-1-2.clmp.r2	0.0	0.0	0.0	0.0	0.0	0.0	0.0	0.0	1.0	1.5	2.0	5.5	9.5	18.0	29.0	63.5	105.0	153.0	256.0	429.5	660.0	960.0	1387.0	1919.0	2692.0	3605.0	4759.5	6173.5	7600.5	9312.0	11144.5	12951.0	14786.0	16707.5	18746.0	20757.5	22391.0	23785.0	25188.0	26086.5	26609.5	26818.0	26248.0	25346.0	24559.5	23680.0	22514.0	21123.5	19605.5	17965.5	16356.5	14719.5	13085.5	11544.5	10052.5	8647.5	7297.0	6033.0	5076.5	4284.0	3483.5	2875.0	2373.5	1958.0	1632.5	1312.0	1030.0	763.5	549.5	420.0	332.5	255.5	195.5	142.0	101.0	67.5	52.0	53.0	39.0	29.0	30.0	24.0	16.5	15.0	12.0	10.0	10.0	7.5	6.5	7.5	6.5	6.5	7.0	7.0	7.5	7.5	4.0	2.0	2.0	0.5	0.0
Sin-CPnd_095-Ex1-2B-lcwgs-1-2.clmp.r1	0.0	0.0	0.0	0.0	0.0	0.0	0.0	0.5	1.0	2.0	3.0	3.5	5.5	8.5	12.0	22.5	38.0	54.5	79.5	113.5	190.0	290.5	372.5	480.0	671.5	906.0	1115.5	1358.5	1685.5	2021.0	2387.5	2758.5	3092.5	3436.5	3855.5	4285.5	4584.0	4929.5	5283.5	5535.5	5717.5	5828.5	5963.0	6003.5	5888.5	5713.5	5434.0	5172.5	4958.0	4724.0	4484.0	4105.0	3656.5	3242.0	2853.5	2502.0	2195.0	1901.5	1634.0	1412.5	1218.5	1055.0	913.0	768.5	620.0	486.5	381.0	321.0	253.0	185.0	154.0	131.5	100.5	74.0	63.0	55.0	47.5	38.5	25.5	17.5	18.0	20.5	17.0	13.5	8.0	4.5	5.0	3.5	2.0	1.5	1.0	0.5	0.0	0.0	0.0	0.0	0.0	0.0	0.0	0.0	0.0
Sin-CPnd_095-Ex1-2B-lcwgs-1-2.clmp.r2	0.0	0.0	0.0	0.0	0.0	0.0	0.0	0.5	1.0	0.5	1.0	1.5	4.5	10.0	11.0	15.5	33.5	55.0	84.0	124.0	189.5	262.5	364.5	470.0	606.5	858.0	1142.5	1386.0	1662.0	2021.5	2331.5	2661.0	3077.5	3414.0	3824.0	4235.0	4565.0	4909.0	5221.0	5566.0	5771.5	5832.0	5909.0	5911.5	5874.5	5731.5	5449.5	5173.5	4973.0	4782.0	4490.0	4141.5	3718.5	3281.0	2868.5	2509.5	2218.5	1943.5	1679.5	1436.5	1242.0	1063.5	899.0	776.0	639.0	496.0	401.5	344.0	266.5	189.5	149.5	117.0	91.5	79.0	68.0	54.0	43.5	39.0	31.5	20.0	14.5	17.0	20.0	16.0	9.0	6.0	4.0	2.5	2.5	2.0	1.0	1.0	0.5	0.5	1.0	1.0	0.5	0.0	0.5	0.5	0.0
Undetermined.clmp.r1	84.0	130.0	183.5	229.0	325.5	435.0	611.5	936.0	1449.0	2246.5	3630.0	6034.0	9856.0	16818.0	28577.0	47166.0	77312.0	121355.5	186435.0	281464.5	410371.0	575871.5	787290.0	1060996.5	1384157.5	1762380.5	2181946.5	2619192.0	3115646.5	3640800.5	4180615.5	4747566.0	5346233.0	5956894.5	6642349.0	7372245.5	7978570.5	8394065.0	8655765.0	8799250.5	8783279.0	8638562.0	8386931.0	8069992.0	7715304.5	7296639.0	6834186.0	6382045.5	5925525.0	5428197.0	4965262.5	4481524.0	3981838.5	3541731.5	3113463.0	2732892.5	2407812.0	2118050.5	1862547.0	1631809.0	1430372.5	1258542.0	1118070.5	992855.5	868051.0	761082.5	665009.0	587855.5	520379.0	450647.0	387325.5	327320.0	270933.0	219748.5	174066.5	135032.5	103236.0	76771.0	55797.5	40078.0	28445.0	19734.5	13523.0	9278.0	6210.5	4161.5	2761.0	1767.0	1137.0	715.0	450.0	283.0	186.0	115.0	59.0	33.0	19.5	10.5	7.5	4.0	1.0
Undetermined.clmp.r2	103.0	133.5	179.5	240.0	348.5	467.0	650.0	988.5	1495.0	2324.5	3713.0	6159.0	10093.0	17268.0	29225.5	47877.5	78237.5	122730.5	188520.0	284354.0	413866.0	580482.5	791811.0	1063475.5	1384066.0	1755951.0	2166465.0	2596057.0	3085805.5	3602397.5	4136128.0	4702830.0	5304198.0	5919452.5	6607208.5	7335462.0	7941254.5	8354966.5	8608506.5	8743723.0	8735069.0	8611784.5	8388506.5	8106446.0	7776834.0	7371262.0	6919751.0	6470844.5	6006258.5	5491756.0	5011611.5	4514132.0	4000279.5	3546370.0	3103878.0	2708841.5	2372358.0	2076404.0	1815920.0	1581871.5	1379265.5	1208362.5	1070774.0	949111.5	829915.0	728620.5	638023.0	566354.5	503376.0	437661.5	378136.5	320807.5	265961.5	216684.0	172523.0	134474.5	103458.5	77271.5	56584.0	41426.0	30173.5	21620.5	15700.5	11803.0	9123.5	7764.5	7183.5	7036.5	7347.0	7962.0	8775.5	9477.0	10048.5	10380.0	10183.5	9189.5	7350.0	5165.5	3167.5	1645.5	694.0
