change_abs	change	chrpos	chromo	position	chr_len	chr_start	pos_cum	fdr	neg_log_10_fdr	p_value	test_statistic	era	allele_freq	allele_freq_bin_3	allele_freq_bin_5
0.117123	0.117123	NODE_1005_length_38520_cov_9.333281:38395	NODE_1005_length_38520_cov_9.333281	38395	38462	0	38395	7.11539137653841e-12	11.1478012068943	2.39544752420025e-12	49.1300297155059	Historical	0	< 0.25	= 0.00
0.117123	0.117123	NODE_1005_length_38520_cov_9.333281:38395	NODE_1005_length_38520_cov_9.333281	38395	38462	0	38395	7.11539137653841e-12	11.1478012068943	2.39544752420025e-12	49.1300297155059	Modern	0.117123	< 0.25	< 0.25
0.064896	0.064896	NODE_1005_length_38520_cov_9.333281:38398	NODE_1005_length_38520_cov_9.333281	38398	38462	0	38398	1.45249974130349e-06	5.83788393628736	7.17283822865922e-07	24.5681272151267	Historical	0	< 0.25	= 0.00
0.064896	0.064896	NODE_1005_length_38520_cov_9.333281:38398	NODE_1005_length_38520_cov_9.333281	38398	38462	0	38398	1.45249974130349e-06	5.83788393628736	7.17283822865922e-07	24.5681272151267	Modern	0.064896	< 0.25	< 0.25
0.038605	0.038605	NODE_1005_length_38520_cov_9.333281:38401	NODE_1005_length_38520_cov_9.333281	38401	38462	0	38401	0.000360242396534616	3.44340517686486	0.000221345518098667	13.6406099428105	Historical	0	< 0.25	= 0.00
0.038605	0.038605	NODE_1005_length_38520_cov_9.333281:38401	NODE_1005_length_38520_cov_9.333281	38401	38462	0	38401	0.000360242396534616	3.44340517686486	0.000221345518098667	13.6406099428105	Modern	0.038605	< 0.25	< 0.25
0.017243	0.017243	NODE_1005_length_38520_cov_9.333281:38406	NODE_1005_length_38520_cov_9.333281	38406	38462	0	38406	0.0269942629658089	1.56872852573124	0.02167488066248	5.27169637089657	Historical	0	< 0.25	= 0.00
0.017243	0.017243	NODE_1005_length_38520_cov_9.333281:38406	NODE_1005_length_38520_cov_9.333281	38406	38462	0	38406	0.0269942629658089	1.56872852573124	0.02167488066248	5.27169637089657	Modern	0.017243	< 0.25	< 0.25
0.054062	0.054062	NODE_1005_length_38520_cov_9.333281:38417	NODE_1005_length_38520_cov_9.333281	38417	38462	0	38417	2.60714361490033e-07	6.58383504499552	1.22310441192855e-07	27.9841936389137	Historical	0	< 0.25	= 0.00
0.054062	0.054062	NODE_1005_length_38520_cov_9.333281:38417	NODE_1005_length_38520_cov_9.333281	38417	38462	0	38417	2.60714361490033e-07	6.58383504499552	1.22310441192855e-07	27.9841936389137	Modern	0.054062	< 0.25	< 0.25
0.061176	0.061176	NODE_1005_length_38520_cov_9.333281:38421	NODE_1005_length_38520_cov_9.333281	38421	38462	0	38421	7.9359561814913e-09	8.10040073881117	3.27461819644631e-09	35.0132950124055	Historical	0	< 0.25	= 0.00
0.061176	0.061176	NODE_1005_length_38520_cov_9.333281:38421	NODE_1005_length_38520_cov_9.333281	38421	38462	0	38421	7.9359561814913e-09	8.10040073881117	3.27461819644631e-09	35.0132950124055	Modern	0.061176	< 0.25	< 0.25
0.013862	0.013862	NODE_1005_length_38520_cov_9.333281:38443	NODE_1005_length_38520_cov_9.333281	38443	38462	0	38443	0.00195671995742427	2.70847132541406	0.00128961410299377	10.357332580331	Historical	0	< 0.25	= 0.00
0.013862	0.013862	NODE_1005_length_38520_cov_9.333281:38443	NODE_1005_length_38520_cov_9.333281	38443	38462	0	38443	0.00195671995742427	2.70847132541406	0.00128961410299377	10.357332580331	Modern	0.013862	< 0.25	< 0.25
0.025962	0.025962	NODE_1005_length_38520_cov_9.333281:38444	NODE_1005_length_38520_cov_9.333281	38444	38462	0	38444	2.00920593650441e-06	5.69697554732152	1.0046029682522e-06	23.9192858301803	Historical	0	< 0.25	= 0.00
0.025962	0.025962	NODE_1005_length_38520_cov_9.333281:38444	NODE_1005_length_38520_cov_9.333281	38444	38462	0	38444	2.00920593650441e-06	5.69697554732152	1.0046029682522e-06	23.9192858301803	Modern	0.025962	< 0.25	< 0.25
0.014099	0.014099	NODE_1005_length_38520_cov_9.333281:38449	NODE_1005_length_38520_cov_9.333281	38449	38462	0	38449	0.00134823451232684	2.87023455991399	0.000872575327778485	11.0801331954062	Historical	0	< 0.25	= 0.00
0.014099	0.014099	NODE_1005_length_38520_cov_9.333281:38449	NODE_1005_length_38520_cov_9.333281	38449	38462	0	38449	0.00134823451232684	2.87023455991399	0.000872575327778485	11.0801331954062	Modern	0.014099	< 0.25	< 0.25
0.03856	0.03856	NODE_1005_length_38520_cov_9.333281:38453	NODE_1005_length_38520_cov_9.333281	38453	38462	0	38453	2.66597375265756e-10	9.57414413066563	9.77270530413882e-11	41.8664116454928	Historical	0	< 0.25	= 0.00
0.03856	0.03856	NODE_1005_length_38520_cov_9.333281:38453	NODE_1005_length_38520_cov_9.333281	38453	38462	0	38453	2.66597375265756e-10	9.57414413066563	9.77270530413882e-11	41.8664116454928	Modern	0.03856	< 0.25	< 0.25
0.025751	0.025751	NODE_1005_length_38520_cov_9.333281:38462	NODE_1005_length_38520_cov_9.333281	38462	38462	0	38462	6.04661336655667e-07	6.21848780022806	2.90846122522408e-07	26.309555393406	Historical	0	< 0.25	= 0.00
0.025751	0.025751	NODE_1005_length_38520_cov_9.333281:38462	NODE_1005_length_38520_cov_9.333281	38462	38462	0	38462	6.04661336655667e-07	6.21848780022806	2.90846122522408e-07	26.309555393406	Modern	0.025751	< 0.25	< 0.25
0.086723	0.086723	NODE_1014_length_38454_cov_9.570304:1016	NODE_1014_length_38454_cov_9.570304	1016	1081	38462	39478	7.11541619071098e-06	5.14779969234105	3.72664010368196e-06	21.4005513298474	Historical	0	< 0.25	= 0.00
0.086723	0.086723	NODE_1014_length_38454_cov_9.570304:1016	NODE_1014_length_38454_cov_9.570304	1016	1081	38462	39478	7.11541619071098e-06	5.14779969234105	3.72664010368196e-06	21.4005513298474	Modern	0.086723	< 0.25	< 0.25
0.044419	0.044419	NODE_1014_length_38454_cov_9.570304:1021	NODE_1014_length_38454_cov_9.570304	1021	1081	38462	39483	0.00632944631550245	2.19863427934113	0.00453820699734506	8.05484721736876	Historical	0	< 0.25	= 0.00
0.044419	0.044419	NODE_1014_length_38454_cov_9.570304:1021	NODE_1014_length_38454_cov_9.570304	1021	1081	38462	39483	0.00632944631550245	2.19863427934113	0.00453820699734506	8.05484721736876	Modern	0.044419	< 0.25	< 0.25
0.011458	0.011458	NODE_1014_length_38454_cov_9.570304:1025	NODE_1014_length_38454_cov_9.570304	1025	1081	38462	39487	0.970822930362938	0.0128599743956412	0.875861143252413	0.0244040816472209	Historical	0.030335	< 0.25	< 0.25
0.011458	0.011458	NODE_1014_length_38454_cov_9.570304:1025	NODE_1014_length_38454_cov_9.570304	1025	1081	38462	39487	0.970822930362938	0.0128599743956412	0.875861143252413	0.0244040816472209	Modern	0.041793	< 0.25	< 0.25
0.042934	0.042934	NODE_1014_length_38454_cov_9.570304:1035	NODE_1014_length_38454_cov_9.570304	1035	1081	38462	39497	0.00899249074202015	2.04612000062556	0.00663975456022855	7.36792394709614	Historical	0	< 0.25	= 0.00
0.042934	0.042934	NODE_1014_length_38454_cov_9.570304:1035	NODE_1014_length_38454_cov_9.570304	1035	1081	38462	39497	0.00899249074202015	2.04612000062556	0.00663975456022855	7.36792394709614	Modern	0.042934	< 0.25	< 0.25
0.06535	0.06535	NODE_1014_length_38454_cov_9.570304:1080	NODE_1014_length_38454_cov_9.570304	1080	1081	38462	39542	2.38153717839122e-06	5.62314263428923	1.19868442976956e-06	23.5793270078067	Historical	0	< 0.25	= 0.00
0.06535	0.06535	NODE_1014_length_38454_cov_9.570304:1080	NODE_1014_length_38454_cov_9.570304	1080	1081	38462	39542	2.38153717839122e-06	5.62314263428923	1.19868442976956e-06	23.5793270078067	Modern	0.06535	< 0.25	< 0.25
0.029325	0.029325	NODE_1014_length_38454_cov_9.570304:1081	NODE_1014_length_38454_cov_9.570304	1081	1081	38462	39543	0.0142270091961159	1.84688638776815	0.0109303422978706	6.47660729611051	Historical	0	< 0.25	= 0.00
0.029325	0.029325	NODE_1014_length_38454_cov_9.570304:1081	NODE_1014_length_38454_cov_9.570304	1081	1081	38462	39543	0.0142270091961159	1.84688638776815	0.0109303422978706	6.47660729611051	Modern	0.029325	< 0.25	< 0.25
0.115434	-0.115434	NODE_1040_length_38203_cov_8.521835:151	NODE_1040_length_38203_cov_8.521835	151	161	76924	77075	0.666465933950231	0.176222044412973	0.585135570690398	0.298005392785616	Historical	0.499943	0.25–0.75	0.25–0.75
0.115434	-0.115434	NODE_1040_length_38203_cov_8.521835:151	NODE_1040_length_38203_cov_8.521835	151	161	76924	77075	0.666465933950231	0.176222044412973	0.585135570690398	0.298005392785616	Modern	0.384509	0.25–0.75	0.25–0.75
0.0525910000000001	0.0525910000000001	NODE_1040_length_38203_cov_8.521835:161	NODE_1040_length_38203_cov_8.521835	161	161	76924	77085	0.897546662267269	0.0469429637653542	0.803806288828311	0.0617145334428973	Historical	0.5	0.25–0.75	0.25–0.75
0.0525910000000001	0.0525910000000001	NODE_1040_length_38203_cov_8.521835:161	NODE_1040_length_38203_cov_8.521835	161	161	76924	77085	0.897546662267269	0.0469429637653542	0.803806288828311	0.0617145334428973	Modern	0.552591	0.25–0.75	0.25–0.75
0.065771	0.065771	NODE_1046_length_38103_cov_17.964951:14954	NODE_1046_length_38103_cov_17.964951	14954	15195	115386	130340	5.44457516457109e-10	9.26403600220401	2.04753254052246e-10	40.4207660811563	Historical	0	< 0.25	= 0.00
0.065771	0.065771	NODE_1046_length_38103_cov_17.964951:14954	NODE_1046_length_38103_cov_17.964951	14954	15195	115386	130340	5.44457516457109e-10	9.26403600220401	2.04753254052246e-10	40.4207660811563	Modern	0.065771	< 0.25	< 0.25
0.10205	0.10205	NODE_1046_length_38103_cov_17.964951:14955	NODE_1046_length_38103_cov_17.964951	14955	15195	115386	130341	0.714345812993956	0.146091496463086	0.629886122853645	0.232215214659514	Historical	0.49805	0.25–0.75	0.25–0.75
0.10205	0.10205	NODE_1046_length_38103_cov_17.964951:14955	NODE_1046_length_38103_cov_17.964951	14955	15195	115386	130341	0.714345812993956	0.146091496463086	0.629886122853645	0.232215214659514	Modern	0.6001	0.25–0.75	0.25–0.75
0.11716	0.11716	NODE_1046_length_38103_cov_17.964951:14966	NODE_1046_length_38103_cov_17.964951	14966	15195	115386	130352	0.274342758139617	0.561706499442801	0.232787516047244	1.42374780753694	Historical	0.056693	< 0.25	< 0.25
0.11716	0.11716	NODE_1046_length_38103_cov_17.964951:14966	NODE_1046_length_38103_cov_17.964951	14966	15195	115386	130352	0.274342758139617	0.561706499442801	0.232787516047244	1.42374780753694	Modern	0.173853	< 0.25	< 0.25
0.34116	0.34116	NODE_1046_length_38103_cov_17.964951:14981	NODE_1046_length_38103_cov_17.964951	14981	15195	115386	130367	1.69039594496893e-11	10.7720115577682	5.78715800722981e-12	47.4003761475741	Historical	0.013161	< 0.25	< 0.25
0.34116	0.34116	NODE_1046_length_38103_cov_17.964951:14981	NODE_1046_length_38103_cov_17.964951	14981	15195	115386	130367	1.69039594496893e-11	10.7720115577682	5.78715800722981e-12	47.4003761475741	Modern	0.354321	0.25–0.75	0.25–0.75
0.039749	0.039749	NODE_1046_length_38103_cov_17.964951:15195	NODE_1046_length_38103_cov_17.964951	15195	15195	115386	130581	4.34125265799282e-07	6.36238493777821	2.06549627887408e-07	26.9708256007916	Historical	0	< 0.25	= 0.00
0.039749	0.039749	NODE_1046_length_38103_cov_17.964951:15195	NODE_1046_length_38103_cov_17.964951	15195	15195	115386	130581	4.34125265799282e-07	6.36238493777821	2.06549627887408e-07	26.9708256007916	Modern	0.039749	< 0.25	< 0.25
0.027217	0.027217	NODE_1053_length_38037_cov_26.320180:33366	NODE_1053_length_38037_cov_26.320180	33366	33398	153848	187214	1.05807715491377e-18	17.9754826624222	2.54722278034796e-19	80.761107108381	Historical	0	< 0.25	= 0.00
0.027217	0.027217	NODE_1053_length_38037_cov_26.320180:33366	NODE_1053_length_38037_cov_26.320180	33366	33398	153848	187214	1.05807715491377e-18	17.9754826624222	2.54722278034796e-19	80.761107108381	Modern	0.027217	< 0.25	< 0.25
0.010008	0.010008	NODE_1053_length_38037_cov_26.320180:33370	NODE_1053_length_38037_cov_26.320180	33370	33398	153848	187218	2.2451380260336e-05	4.64875695439246	1.2302418243318e-05	19.1157695590035	Historical	0	< 0.25	= 0.00
0.010008	0.010008	NODE_1053_length_38037_cov_26.320180:33370	NODE_1053_length_38037_cov_26.320180	33370	33398	153848	187218	2.2451380260336e-05	4.64875695439246	1.2302418243318e-05	19.1157695590035	Modern	0.010008	< 0.25	< 0.25
0.027878	0.027878	NODE_1053_length_38037_cov_26.320180:33374	NODE_1053_length_38037_cov_26.320180	33374	33398	153848	187222	1.77782288624631e-22	21.7501115073463	3.73967492216104e-23	98.2222335747177	Historical	0	< 0.25	= 0.00
0.027878	0.027878	NODE_1053_length_38037_cov_26.320180:33374	NODE_1053_length_38037_cov_26.320180	33374	33398	153848	187222	1.77782288624631e-22	21.7501115073463	3.73967492216104e-23	98.2222335747177	Modern	0.027878	< 0.25	< 0.25
2.4e-05	2.4e-05	NODE_1053_length_38037_cov_26.320180:33375	NODE_1053_length_38037_cov_26.320180	33375	33398	153848	187223	0.999665547910362	0.000145274992107645	0.997143475188696	1.28173349522447e-05	Historical	0	< 0.25	= 0.00
2.4e-05	2.4e-05	NODE_1053_length_38037_cov_26.320180:33375	NODE_1053_length_38037_cov_26.320180	33375	33398	153848	187223	0.999665547910362	0.000145274992107645	0.997143475188696	1.28173349522447e-05	Modern	2.4e-05	< 0.25	< 0.25
0.035905	0.035905	NODE_1053_length_38037_cov_26.320180:33376	NODE_1053_length_38037_cov_26.320180	33376	33398	153848	187224	3.77342937311935e-32	31.4232637742406	5.75152340347252e-33	143.043211691783	Historical	0	< 0.25	= 0.00
0.035905	0.035905	NODE_1053_length_38037_cov_26.320180:33376	NODE_1053_length_38037_cov_26.320180	33376	33398	153848	187224	3.77342937311935e-32	31.4232637742406	5.75152340347252e-33	143.043211691783	Modern	0.035905	< 0.25	< 0.25
0.028329	0.028329	NODE_1053_length_38037_cov_26.320180:33389	NODE_1053_length_38037_cov_26.320180	33389	33398	153848	187237	2.72279342169187e-27	26.5649853073279	4.89999385954995e-28	120.506743295435	Historical	0	< 0.25	= 0.00
0.028329	0.028329	NODE_1053_length_38037_cov_26.320180:33389	NODE_1053_length_38037_cov_26.320180	33389	33398	153848	187237	2.72279342169187e-27	26.5649853073279	4.89999385954995e-28	120.506743295435	Modern	0.028329	< 0.25	< 0.25
0.006635	0.006635	NODE_1053_length_38037_cov_26.320180:33398	NODE_1053_length_38037_cov_26.320180	33398	33398	153848	187246	0.000552258564979731	3.25785753992988	0.000344047121202947	12.8139354035085	Historical	0	< 0.25	= 0.00
0.006635	0.006635	NODE_1053_length_38037_cov_26.320180:33398	NODE_1053_length_38037_cov_26.320180	33398	33398	153848	187246	0.000552258564979731	3.25785753992988	0.000344047121202947	12.8139354035085	Modern	0.006635	< 0.25	< 0.25
0.017243	0.017243	NODE_1065_length_37892_cov_7.894266:72	NODE_1065_length_37892_cov_7.894266	72	72	192310	192382	0.00953989619972327	2.02045635067669	0.00708923910378296	7.25021835902618	Historical	0	< 0.25	= 0.00
0.017243	0.017243	NODE_1065_length_37892_cov_7.894266:72	NODE_1065_length_37892_cov_7.894266	72	72	192310	192382	0.00953989619972327	2.02045635067669	0.00708923910378296	7.25021835902618	Modern	0.017243	< 0.25	< 0.25
0.011255	0.011255	NODE_1075_length_37730_cov_18.365204:5342	NODE_1075_length_37730_cov_18.365204	5342	5433	269234	274576	0.00232757580903992	2.63309616516443	0.00155613805276743	10.0109313892881	Historical	0	< 0.25	= 0.00
0.011255	0.011255	NODE_1075_length_37730_cov_18.365204:5342	NODE_1075_length_37730_cov_18.365204	5342	5433	269234	274576	0.00232757580903992	2.63309616516443	0.00155613805276743	10.0109313892881	Modern	0.011255	< 0.25	< 0.25
0.010574	0.010574	NODE_1075_length_37730_cov_18.365204:5361	NODE_1075_length_37730_cov_18.365204	5361	5433	269234	274595	0.00694568834947794	2.15828470722429	0.00501962852227228	7.87235330829378	Historical	0	< 0.25	= 0.00
0.010574	0.010574	NODE_1075_length_37730_cov_18.365204:5361	NODE_1075_length_37730_cov_18.365204	5361	5433	269234	274595	0.00694568834947794	2.15828470722429	0.00501962852227228	7.87235330829378	Modern	0.010574	< 0.25	< 0.25
0.01422	0.01422	NODE_1075_length_37730_cov_18.365204:5423	NODE_1075_length_37730_cov_18.365204	5423	5433	269234	274657	0.0295171510334001	1.52992556250559	0.0237847128697436	5.11026311366643	Historical	0	< 0.25	= 0.00
0.01422	0.01422	NODE_1075_length_37730_cov_18.365204:5423	NODE_1075_length_37730_cov_18.365204	5423	5433	269234	274657	0.0295171510334001	1.52992556250559	0.0237847128697436	5.11026311366643	Modern	0.01422	< 0.25	< 0.25
0.015435	0.015435	NODE_1075_length_37730_cov_18.365204:5433	NODE_1075_length_37730_cov_18.365204	5433	5433	269234	274667	0.0584527403635155	1.23319512356364	0.0482387762354178	3.90164767269496	Historical	0	< 0.25	= 0.00
0.015435	0.015435	NODE_1075_length_37730_cov_18.365204:5433	NODE_1075_length_37730_cov_18.365204	5433	5433	269234	274667	0.0584527403635155	1.23319512356364	0.0482387762354178	3.90164767269496	Modern	0.015435	< 0.25	< 0.25
0.062636	0.062636	NODE_107_length_73950_cov_8.373874:3387	NODE_107_length_73950_cov_8.373874	3387	3387	230772	234159	1.16409280915886e-07	6.93401239348444	5.27324093037773e-08	29.6136453787317	Historical	0	< 0.25	= 0.00
0.062636	0.062636	NODE_107_length_73950_cov_8.373874:3387	NODE_107_length_73950_cov_8.373874	3387	3387	230772	234159	1.16409280915886e-07	6.93401239348444	5.27324093037773e-08	29.6136453787317	Modern	0.062636	< 0.25	< 0.25
0.083261	0.083261	NODE_1103_length_37419_cov_20.323232:7804	NODE_1103_length_37419_cov_20.323232	7804	7936	307696	315500	7.71875139029898e-22	21.1124529468353	1.66030122497884e-22	95.2709696957384	Historical	0	< 0.25	= 0.00
0.083261	0.083261	NODE_1103_length_37419_cov_20.323232:7804	NODE_1103_length_37419_cov_20.323232	7804	7936	307696	315500	7.71875139029898e-22	21.1124529468353	1.66030122497884e-22	95.2709696957384	Modern	0.083261	< 0.25	< 0.25
0.01245	0.01245	NODE_1103_length_37419_cov_20.323232:7928	NODE_1103_length_37419_cov_20.323232	7928	7936	307696	315624	0.000105194498970597	3.97800697053571	6.13384827805758e-05	16.0608704100078	Historical	0	< 0.25	= 0.00
0.01245	0.01245	NODE_1103_length_37419_cov_20.323232:7928	NODE_1103_length_37419_cov_20.323232	7928	7936	307696	315624	0.000105194498970597	3.97800697053571	6.13384827805758e-05	16.0608704100078	Modern	0.01245	< 0.25	< 0.25
0	0	NODE_1103_length_37419_cov_20.323232:7936	NODE_1103_length_37419_cov_20.323232	7936	7936	307696	315632	0.999165688808028	0.000362487981788934	0.986860126933759	0.000271232346375353	Historical	0	< 0.25	= 0.00
0	0	NODE_1103_length_37419_cov_20.323232:7936	NODE_1103_length_37419_cov_20.323232	7936	7936	307696	315632	0.999165688808028	0.000362487981788934	0.986860126933759	0.000271232346375353	Modern	0	< 0.25	= 0.00
0.024223	0.024223	NODE_1114_length_37276_cov_13.553299:32575	NODE_1114_length_37276_cov_13.553299	32575	32658	346158	378733	3.67148382070441e-08	7.4351583812773	1.58993031551872e-08	31.9401931751225	Historical	0	< 0.25	= 0.00
0.024223	0.024223	NODE_1114_length_37276_cov_13.553299:32575	NODE_1114_length_37276_cov_13.553299	32575	32658	346158	378733	3.67148382070441e-08	7.4351583812773	1.58993031551872e-08	31.9401931751225	Modern	0.024223	< 0.25	< 0.25
0.035768	0.035768	NODE_1114_length_37276_cov_13.553299:32578	NODE_1114_length_37276_cov_13.553299	32578	32658	346158	378736	1.58893026937815e-13	12.7988951615017	4.79847887618474e-14	56.8107019176187	Historical	0	< 0.25	= 0.00
0.035768	0.035768	NODE_1114_length_37276_cov_13.553299:32578	NODE_1114_length_37276_cov_13.553299	32578	32658	346158	378736	1.58893026937815e-13	12.7988951615017	4.79847887618474e-14	56.8107019176187	Modern	0.035768	< 0.25	< 0.25
0.023672	0.023672	NODE_1114_length_37276_cov_13.553299:32591	NODE_1114_length_37276_cov_13.553299	32591	32658	346158	378749	1.99983354266862e-08	7.69900615159053	8.5083136478209e-09	33.1553230204719	Historical	0	< 0.25	= 0.00
0.023672	0.023672	NODE_1114_length_37276_cov_13.553299:32591	NODE_1114_length_37276_cov_13.553299	32591	32658	346158	378749	1.99983354266862e-08	7.69900615159053	8.5083136478209e-09	33.1553230204719	Modern	0.023672	< 0.25	< 0.25
0.011923	0.011923	NODE_1114_length_37276_cov_13.553299:32598	NODE_1114_length_37276_cov_13.553299	32598	32658	346158	378756	0.0010256047635171	2.98901997069929	0.000656464967341432	11.6086298501724	Historical	0	< 0.25	= 0.00
0.011923	0.011923	NODE_1114_length_37276_cov_13.553299:32598	NODE_1114_length_37276_cov_13.553299	32598	32658	346158	378756	0.0010256047635171	2.98901997069929	0.000656464967341432	11.6086298501724	Modern	0.011923	< 0.25	< 0.25
0.113096	0.113096	NODE_1114_length_37276_cov_13.553299:32616	NODE_1114_length_37276_cov_13.553299	32616	32658	346158	378774	2.98009237994035e-48	47.5257702730122	2.99990306052875e-49	217.612791789541	Historical	0	< 0.25	= 0.00
0.113096	0.113096	NODE_1114_length_37276_cov_13.553299:32616	NODE_1114_length_37276_cov_13.553299	32616	32658	346158	378774	2.98009237994035e-48	47.5257702730122	2.99990306052875e-49	217.612791789541	Modern	0.113096	< 0.25	< 0.25
0.024113	0.024113	NODE_1114_length_37276_cov_13.553299:32622	NODE_1114_length_37276_cov_13.553299	32622	32658	346158	378780	2.71824236899091e-08	7.56571182250326	1.16809560490825e-08	32.5392482706506	Historical	0	< 0.25	= 0.00
0.024113	0.024113	NODE_1114_length_37276_cov_13.553299:32622	NODE_1114_length_37276_cov_13.553299	32622	32658	346158	378780	2.71824236899091e-08	7.56571182250326	1.16809560490825e-08	32.5392482706506	Modern	0.024113	< 0.25	< 0.25
0.011636	0.011636	NODE_1114_length_37276_cov_13.553299:32628	NODE_1114_length_37276_cov_13.553299	32628	32658	346158	378786	0.00191502510590474	2.71782552807425	0.00125940634932482	10.4010946257864	Historical	0	< 0.25	= 0.00
0.011636	0.011636	NODE_1114_length_37276_cov_13.553299:32628	NODE_1114_length_37276_cov_13.553299	32628	32658	346158	378786	0.00191502510590474	2.71782552807425	0.00125940634932482	10.4010946257864	Modern	0.011636	< 0.25	< 0.25
0.024247	0.024247	NODE_1114_length_37276_cov_13.553299:32633	NODE_1114_length_37276_cov_13.553299	32633	32658	346158	378791	1.4522651410577e-07	6.83795408695121	6.64069957663137e-08	29.1668123111187	Historical	0	< 0.25	= 0.00
0.024247	0.024247	NODE_1114_length_37276_cov_13.553299:32633	NODE_1114_length_37276_cov_13.553299	32633	32658	346158	378791	1.4522651410577e-07	6.83795408695121	6.64069957663137e-08	29.1668123111187	Modern	0.024247	< 0.25	< 0.25
0.120489	0.120489	NODE_1114_length_37276_cov_13.553299:32636	NODE_1114_length_37276_cov_13.553299	32636	32658	346158	378794	4.92038739805703e-49	48.3080007024735	4.83627821176545e-50	221.24641881952	Historical	0	< 0.25	= 0.00
0.120489	0.120489	NODE_1114_length_37276_cov_13.553299:32636	NODE_1114_length_37276_cov_13.553299	32636	32658	346158	378794	4.92038739805703e-49	48.3080007024735	4.83627821176545e-50	221.24641881952	Modern	0.120489	< 0.25	< 0.25
0.012843	0.012843	NODE_1114_length_37276_cov_13.553299:32637	NODE_1114_length_37276_cov_13.553299	32637	32658	346158	378795	0.00160701982867285	2.79397876453717	0.00104769146475205	10.741327577019	Historical	0	< 0.25	= 0.00
0.012843	0.012843	NODE_1114_length_37276_cov_13.553299:32637	NODE_1114_length_37276_cov_13.553299	32637	32658	346158	378795	0.00160701982867285	2.79397876453717	0.00104769146475205	10.741327577019	Modern	0.012843	< 0.25	< 0.25
1e-06	1e-06	NODE_1114_length_37276_cov_13.553299:32639	NODE_1114_length_37276_cov_13.553299	32639	32658	346158	378797	0.999165688808028	0.000362487981788934	0.986748089891755	0.00027587781410568	Historical	0	< 0.25	= 0.00
1e-06	1e-06	NODE_1114_length_37276_cov_13.553299:32639	NODE_1114_length_37276_cov_13.553299	32639	32658	346158	378797	0.999165688808028	0.000362487981788934	0.986748089891755	0.00027587781410568	Modern	1e-06	< 0.25	< 0.25
0.128128	0.128128	NODE_1114_length_37276_cov_13.553299:32653	NODE_1114_length_37276_cov_13.553299	32653	32658	346158	378811	5.52234509477429e-38	37.2578764575169	7.13237353171228e-39	170.072947344024	Historical	0	< 0.25	= 0.00
0.128128	0.128128	NODE_1114_length_37276_cov_13.553299:32653	NODE_1114_length_37276_cov_13.553299	32653	32658	346158	378811	5.52234509477429e-38	37.2578764575169	7.13237353171228e-39	170.072947344024	Modern	0.128128	< 0.25	< 0.25
0.013756	0.013756	NODE_1114_length_37276_cov_13.553299:32657	NODE_1114_length_37276_cov_13.553299	32657	32658	346158	378815	0.00975900784678882	2.01059433280126	0.00727986767678311	7.20258421402359	Historical	0	< 0.25	= 0.00
0.013756	0.013756	NODE_1114_length_37276_cov_13.553299:32657	NODE_1114_length_37276_cov_13.553299	32657	32658	346158	378815	0.00975900784678882	2.01059433280126	0.00727986767678311	7.20258421402359	Modern	0.013756	< 0.25	< 0.25
0	0	NODE_1114_length_37276_cov_13.553299:32658	NODE_1114_length_37276_cov_13.553299	32658	32658	346158	378816	0.999165688808028	0.000362487981788934	0.981880373535154	0.000515813883279043	Historical	0	< 0.25	= 0.00
0	0	NODE_1114_length_37276_cov_13.553299:32658	NODE_1114_length_37276_cov_13.553299	32658	32658	346158	378816	0.999165688808028	0.000362487981788934	0.981880373535154	0.000515813883279043	Modern	0	< 0.25	= 0.00
0.026694	0.026694	NODE_1136_length_37078_cov_12.825793:676	NODE_1136_length_37078_cov_12.825793	676	1247	384620	385296	1.59207090082592e-05	4.79803759542259	8.60292822953416e-06	19.7989642417434	Historical	0	< 0.25	= 0.00
0.026694	0.026694	NODE_1136_length_37078_cov_12.825793:676	NODE_1136_length_37078_cov_12.825793	676	1247	384620	385296	1.59207090082592e-05	4.79803759542259	8.60292822953416e-06	19.7989642417434	Modern	0.026694	< 0.25	< 0.25
0.014476	0.014476	NODE_1136_length_37078_cov_12.825793:681	NODE_1136_length_37078_cov_12.825793	681	1247	384620	385301	0.00424320972468905	2.37230550228377	0.00293357709361219	8.84832671245054	Historical	0	< 0.25	= 0.00
0.014476	0.014476	NODE_1136_length_37078_cov_12.825793:681	NODE_1136_length_37078_cov_12.825793	681	1247	384620	385301	0.00424320972468905	2.37230550228377	0.00293357709361219	8.84832671245054	Modern	0.014476	< 0.25	< 0.25
0.073616	0.073616	NODE_1136_length_37078_cov_12.825793:691	NODE_1136_length_37078_cov_12.825793	691	1247	384620	385311	6.98257961526486e-17	16.1559841037798	1.81029841877237e-17	72.3411827070762	Historical	0	< 0.25	= 0.00
0.073616	0.073616	NODE_1136_length_37078_cov_12.825793:691	NODE_1136_length_37078_cov_12.825793	691	1247	384620	385311	6.98257961526486e-17	16.1559841037798	1.81029841877237e-17	72.3411827070762	Modern	0.073616	< 0.25	< 0.25
0.032513	0.032513	NODE_1136_length_37078_cov_12.825793:1089	NODE_1136_length_37078_cov_12.825793	1089	1247	384620	385709	4.87448211021063e-19	18.3120715191707	1.15265531381049e-19	82.3282045109824	Historical	0	< 0.25	= 0.00
0.032513	0.032513	NODE_1136_length_37078_cov_12.825793:1089	NODE_1136_length_37078_cov_12.825793	1089	1247	384620	385709	4.87448211021063e-19	18.3120715191707	1.15265531381049e-19	82.3282045109824	Modern	0.032513	< 0.25	< 0.25
0.133166	0.133166	NODE_1136_length_37078_cov_12.825793:1090	NODE_1136_length_37078_cov_12.825793	1090	1247	384620	385710	1.15534811685491e-110	109.937287139192	3.51102941494371e-112	506.584040625177	Historical	0	< 0.25	= 0.00
0.133166	0.133166	NODE_1136_length_37078_cov_12.825793:1090	NODE_1136_length_37078_cov_12.825793	1090	1247	384620	385710	1.15534811685491e-110	109.937287139192	3.51102941494371e-112	506.584040625177	Modern	0.133166	< 0.25	< 0.25
0.048925	0.048925	NODE_1136_length_37078_cov_12.825793:1233	NODE_1136_length_37078_cov_12.825793	1233	1247	384620	385853	2.70454687725792e-13	12.5679054866353	8.28315639046229e-14	55.7373022109015	Historical	0	< 0.25	= 0.00
0.048925	0.048925	NODE_1136_length_37078_cov_12.825793:1233	NODE_1136_length_37078_cov_12.825793	1233	1247	384620	385853	2.70454687725792e-13	12.5679054866353	8.28315639046229e-14	55.7373022109015	Modern	0.048925	< 0.25	< 0.25
0.025577	0.025577	NODE_1136_length_37078_cov_12.825793:1236	NODE_1136_length_37078_cov_12.825793	1236	1247	384620	385856	0.000660456215622772	3.1801559682746	0.000415215588549169	12.4624472253611	Historical	0	< 0.25	= 0.00
0.025577	0.025577	NODE_1136_length_37078_cov_12.825793:1236	NODE_1136_length_37078_cov_12.825793	1236	1247	384620	385856	0.000660456215622772	3.1801559682746	0.000415215588549169	12.4624472253611	Modern	0.025577	< 0.25	< 0.25
0.013587	0.013587	NODE_1136_length_37078_cov_12.825793:1247	NODE_1136_length_37078_cov_12.825793	1247	1247	384620	385867	0.0591613375483193	1.22796201582309	0.0488516457723301	3.88044368784452	Historical	0	< 0.25	= 0.00
0.013587	0.013587	NODE_1136_length_37078_cov_12.825793:1247	NODE_1136_length_37078_cov_12.825793	1247	1247	384620	385867	0.0591613375483193	1.22796201582309	0.0488516457723301	3.88044368784452	Modern	0.013587	< 0.25	< 0.25
0.082396	0.082396	NODE_1138_length_37048_cov_8.717611:34592	NODE_1138_length_37048_cov_8.717611	34592	34673	0	34592	2.488762353083e-26	25.6040165713191	4.6679065976628e-27	116.03581244323	Historical	0	< 0.25	= 0.00
0.082396	0.082396	NODE_1138_length_37048_cov_8.717611:34592	NODE_1138_length_37048_cov_8.717611	34592	34673	0	34592	2.488762353083e-26	25.6040165713191	4.6679065976628e-27	116.03581244323	Modern	0.082396	< 0.25	< 0.25
0.161687	0.161687	NODE_1138_length_37048_cov_8.717611:34596	NODE_1138_length_37048_cov_8.717611	34596	34673	0	34596	4.74296236424756e-65	64.3239503214929	3.40069951092774e-66	295.346821624869	Historical	0	< 0.25	= 0.00
0.161687	0.161687	NODE_1138_length_37048_cov_8.717611:34596	NODE_1138_length_37048_cov_8.717611	34596	34673	0	34596	4.74296236424756e-65	64.3239503214929	3.40069951092774e-66	295.346821624869	Modern	0.161687	< 0.25	< 0.25
0.057698	0.057698	NODE_1138_length_37048_cov_8.717611:34612	NODE_1138_length_37048_cov_8.717611	34612	34673	0	34612	5.63726632900705e-29	28.2489314467328	9.60958505277081e-30	128.308270239893	Historical	0	< 0.25	= 0.00
0.057698	0.057698	NODE_1138_length_37048_cov_8.717611:34612	NODE_1138_length_37048_cov_8.717611	34612	34673	0	34612	5.63726632900705e-29	28.2489314467328	9.60958505277081e-30	128.308270239893	Modern	0.057698	< 0.25	< 0.25
0.133003	0.133003	NODE_1138_length_37048_cov_8.717611:34665	NODE_1138_length_37048_cov_8.717611	34665	34673	0	34665	5.06278852521265e-87	86.2956102128959	2.25974416604933e-88	397.183487941446	Historical	0	< 0.25	= 0.00
0.133003	0.133003	NODE_1138_length_37048_cov_8.717611:34665	NODE_1138_length_37048_cov_8.717611	34665	34673	0	34665	5.06278852521265e-87	86.2956102128959	2.25974416604933e-88	397.183487941446	Modern	0.133003	< 0.25	< 0.25
0.128426	0.128426	NODE_1138_length_37048_cov_8.717611:34667	NODE_1138_length_37048_cov_8.717611	34667	34673	0	34667	1.22081751508595e-80	79.9133492485155	6.26060264146642e-82	367.591443227716	Historical	0	< 0.25	= 0.00
0.128426	0.128426	NODE_1138_length_37048_cov_8.717611:34667	NODE_1138_length_37048_cov_8.717611	34667	34673	0	34667	1.22081751508595e-80	79.9133492485155	6.26060264146642e-82	367.591443227716	Modern	0.128426	< 0.25	< 0.25
0.011869	0.011869	NODE_1138_length_37048_cov_8.717611:34669	NODE_1138_length_37048_cov_8.717611	34669	34673	0	34669	7.9662672846459e-05	4.09874512620946	4.57701016829133e-05	16.6157191784202	Historical	0	< 0.25	= 0.00
0.011869	0.011869	NODE_1138_length_37048_cov_8.717611:34669	NODE_1138_length_37048_cov_8.717611	34669	34673	0	34669	7.9662672846459e-05	4.09874512620946	4.57701016829133e-05	16.6157191784202	Modern	0.011869	< 0.25	< 0.25
0.01191	0.01191	NODE_1138_length_37048_cov_8.717611:34673	NODE_1138_length_37048_cov_8.717611	34673	34673	0	34673	0.000122613231484289	3.91146266154231	7.19610418397823e-05	15.7585743230312	Historical	0	< 0.25	= 0.00
0.01191	0.01191	NODE_1138_length_37048_cov_8.717611:34673	NODE_1138_length_37048_cov_8.717611	34673	34673	0	34673	0.000122613231484289	3.91146266154231	7.19610418397823e-05	15.7585743230312	Modern	0.01191	< 0.25	< 0.25
0.029123	0.029123	NODE_1164_length_36786_cov_8.144220:27790	NODE_1164_length_36786_cov_8.144220	27790	27823	1081	28871	1.35386751930222e-05	4.86842383081405	7.23219828687085e-06	20.1308162171258	Historical	0	< 0.25	= 0.00
0.029123	0.029123	NODE_1164_length_36786_cov_8.144220:27790	NODE_1164_length_36786_cov_8.144220	27790	27823	1081	28871	1.35386751930222e-05	4.86842383081405	7.23219828687085e-06	20.1308162171258	Modern	0.029123	< 0.25	< 0.25
0.516745	-0.516745	NODE_1164_length_36786_cov_8.144220:27823	NODE_1164_length_36786_cov_8.144220	27823	27823	1081	28904	0.000187705610293075	3.72652274664924	0.000111945986005746	14.923729738566	Historical	0.890668	> 0.75	> 0.75
0.516745	-0.516745	NODE_1164_length_36786_cov_8.144220:27823	NODE_1164_length_36786_cov_8.144220	27823	27823	1081	28904	0.000187705610293075	3.72652274664924	0.000111945986005746	14.923729738566	Modern	0.373923	0.25–0.75	0.25–0.75
0.019999	-0.019999	NODE_1169_length_36692_cov_13.235837:7668	NODE_1169_length_36692_cov_13.235837	7668	7697	2162	9830	0.826801439003096	0.0825987761780824	0.736897578826596	0.112872197041012	Historical	0.02	< 0.25	< 0.25
0.019999	-0.019999	NODE_1169_length_36692_cov_13.235837:7668	NODE_1169_length_36692_cov_13.235837	7668	7697	2162	9830	0.826801439003096	0.0825987761780824	0.736897578826596	0.112872197041012	Modern	1e-06	< 0.25	< 0.25
0.026019	0.026019	NODE_1169_length_36692_cov_13.235837:7676	NODE_1169_length_36692_cov_13.235837	7676	7697	2162	9838	0.118708419009941	0.925518479024343	0.0994873502148837	2.71374239162344	Historical	0	< 0.25	= 0.00
0.026019	0.026019	NODE_1169_length_36692_cov_13.235837:7676	NODE_1169_length_36692_cov_13.235837	7676	7697	2162	9838	0.118708419009941	0.925518479024343	0.0994873502148837	2.71374239162344	Modern	0.026019	< 0.25	< 0.25
0.242609	-0.242609	NODE_1169_length_36692_cov_13.235837:7697	NODE_1169_length_36692_cov_13.235837	7697	7697	2162	9859	0.285525458835027	0.544355161888809	0.242411928013784	1.36651285594352	Historical	0.381856	0.25–0.75	0.25–0.75
0.242609	-0.242609	NODE_1169_length_36692_cov_13.235837:7697	NODE_1169_length_36692_cov_13.235837	7697	7697	2162	9859	0.285525458835027	0.544355161888809	0.242411928013784	1.36651285594352	Modern	0.139247	< 0.25	< 0.25
0.041824	-0.041824	NODE_1178_length_36615_cov_9.204513:133	NODE_1178_length_36615_cov_9.204513	133	133	3243	3376	0.936793985930776	0.0283559060286284	0.842936658755376	0.0392588877295938	Historical	0.5	0.25–0.75	0.25–0.75
0.041824	-0.041824	NODE_1178_length_36615_cov_9.204513:133	NODE_1178_length_36615_cov_9.204513	133	133	3243	3376	0.936793985930776	0.0283559060286284	0.842936658755376	0.0392588877295938	Modern	0.458176	0.25–0.75	0.25–0.75
0.17292	0.17292	NODE_1213_length_36274_cov_18.215038:24723	NODE_1213_length_36274_cov_18.215038	24723	24835	4324	29047	2.76535112491377e-62	61.5582497171872	2.15345481712183e-63	282.489333008778	Historical	0	< 0.25	= 0.00
0.17292	0.17292	NODE_1213_length_36274_cov_18.215038:24723	NODE_1213_length_36274_cov_18.215038	24723	24835	4324	29047	2.76535112491377e-62	61.5582497171872	2.15345481712183e-63	282.489333008778	Modern	0.17292	< 0.25	< 0.25
0.164901	0.164901	NODE_1213_length_36274_cov_18.215038:24739	NODE_1213_length_36274_cov_18.215038	24739	24835	4324	29063	2.50849876055692e-65	64.60058610922	1.78668002888669e-66	296.629759968088	Historical	0	< 0.25	= 0.00
0.164901	0.164901	NODE_1213_length_36274_cov_18.215038:24739	NODE_1213_length_36274_cov_18.215038	24739	24835	4324	29063	2.50849876055692e-65	64.60058610922	1.78668002888669e-66	296.629759968088	Modern	0.164901	< 0.25	< 0.25
0.011782	0.011782	NODE_1213_length_36274_cov_18.215038:24750	NODE_1213_length_36274_cov_18.215038	24750	24835	4324	29074	0.0120283778504859	1.91979293775446	0.00913836873731125	6.79558279177921	Historical	0	< 0.25	= 0.00
0.011782	0.011782	NODE_1213_length_36274_cov_18.215038:24750	NODE_1213_length_36274_cov_18.215038	24750	24835	4324	29074	0.0120283778504859	1.91979293775446	0.00913836873731125	6.79558279177921	Modern	0.011782	< 0.25	< 0.25
0.047767	0.047767	NODE_1213_length_36274_cov_18.215038:24755	NODE_1213_length_36274_cov_18.215038	24755	24835	4324	29079	3.34932641828842e-15	14.4750425249733	9.39910690032504e-16	64.5525656708912	Historical	0	< 0.25	= 0.00
0.047767	0.047767	NODE_1213_length_36274_cov_18.215038:24755	NODE_1213_length_36274_cov_18.215038	24755	24835	4324	29079	3.34932641828842e-15	14.4750425249733	9.39910690032504e-16	64.5525656708912	Modern	0.047767	< 0.25	< 0.25
0.035064	0.035064	NODE_1213_length_36274_cov_18.215038:24758	NODE_1213_length_36274_cov_18.215038	24758	24835	4324	29082	3.22548974933475e-10	9.49140433396352	1.19309426150607e-10	41.4762865638962	Historical	0	< 0.25	= 0.00
0.035064	0.035064	NODE_1213_length_36274_cov_18.215038:24758	NODE_1213_length_36274_cov_18.215038	24758	24835	4324	29082	3.22548974933475e-10	9.49140433396352	1.19309426150607e-10	41.4762865638962	Modern	0.035064	< 0.25	< 0.25
0.033377	0.033377	NODE_1213_length_36274_cov_18.215038:24766	NODE_1213_length_36274_cov_18.215038	24766	24835	4324	29090	6.80042006268253e-10	9.16746426004809	2.57356827633332e-10	39.974068459384	Historical	0	< 0.25	= 0.00
0.033377	0.033377	NODE_1213_length_36274_cov_18.215038:24766	NODE_1213_length_36274_cov_18.215038	24766	24835	4324	29090	6.80042006268253e-10	9.16746426004809	2.57356827633332e-10	39.974068459384	Modern	0.033377	< 0.25	< 0.25
0.060577	0.060577	NODE_1213_length_36274_cov_18.215038:24773	NODE_1213_length_36274_cov_18.215038	24773	24835	4324	29097	3.66957967266051e-22	21.4353836786085	7.84098220653955e-23	96.7562466581798	Historical	0	< 0.25	= 0.00
0.060577	0.060577	NODE_1213_length_36274_cov_18.215038:24773	NODE_1213_length_36274_cov_18.215038	24773	24835	4324	29097	3.66957967266051e-22	21.4353836786085	7.84098220653955e-23	96.7562466581798	Modern	0.060577	< 0.25	< 0.25
0.020865	0.020865	NODE_1213_length_36274_cov_18.215038:24774	NODE_1213_length_36274_cov_18.215038	24774	24835	4324	29098	1.81098684812462e-05	4.74208470363826	9.88045531099328e-06	19.5343949011233	Historical	0	< 0.25	= 0.00
0.020865	0.020865	NODE_1213_length_36274_cov_18.215038:24774	NODE_1213_length_36274_cov_18.215038	24774	24835	4324	29098	1.81098684812462e-05	4.74208470363826	9.88045531099328e-06	19.5343949011233	Modern	0.020865	< 0.25	< 0.25
0.011676	0.011676	NODE_1213_length_36274_cov_18.215038:24784	NODE_1213_length_36274_cov_18.215038	24784	24835	4324	29108	0.0112822191631419	1.94760546812608	0.00853398629006884	6.91784278370251	Historical	0	< 0.25	= 0.00
0.011676	0.011676	NODE_1213_length_36274_cov_18.215038:24784	NODE_1213_length_36274_cov_18.215038	24784	24835	4324	29108	0.0112822191631419	1.94760546812608	0.00853398629006884	6.91784278370251	Modern	0.011676	< 0.25	< 0.25
0.007992	0.007992	NODE_1213_length_36274_cov_18.215038:24786	NODE_1213_length_36274_cov_18.215038	24786	24835	4324	29110	0.0770527624268312	1.11321178672851	0.064064286329241	3.42891217758236	Historical	0	< 0.25	= 0.00
0.007992	0.007992	NODE_1213_length_36274_cov_18.215038:24786	NODE_1213_length_36274_cov_18.215038	24786	24835	4324	29110	0.0770527624268312	1.11321178672851	0.064064286329241	3.42891217758236	Modern	0.007992	< 0.25	< 0.25
0.225547	0.225547	NODE_1213_length_36274_cov_18.215038:24792	NODE_1213_length_36274_cov_18.215038	24792	24835	4324	29116	1.4793441132197e-105	104.829930792136	5.12783097174921e-107	482.848438013127	Historical	0	< 0.25	= 0.00
0.225547	0.225547	NODE_1213_length_36274_cov_18.215038:24792	NODE_1213_length_36274_cov_18.215038	24792	24835	4324	29116	1.4793441132197e-105	104.829930792136	5.12783097174921e-107	482.848438013127	Modern	0.225547	< 0.25	< 0.25
0.063546	0.063546	NODE_1213_length_36274_cov_18.215038:24835	NODE_1213_length_36274_cov_18.215038	24835	24835	4324	29159	3.61316434151211e-08	7.44211228449102	1.56295950385448e-08	31.9734280150158	Historical	0	< 0.25	= 0.00
0.063546	0.063546	NODE_1213_length_36274_cov_18.215038:24835	NODE_1213_length_36274_cov_18.215038	24835	24835	4324	29159	3.61316434151211e-08	7.44211228449102	1.56295950385448e-08	31.9734280150158	Modern	0.063546	< 0.25	< 0.25
0.074124	-0.074124	NODE_123_length_72567_cov_12.036789:18334	NODE_123_length_72567_cov_12.036789	18334	71145	5405	23739	0.779891175031195	0.107965993951488	0.691755325241345	0.157191696616073	Historical	0.257185	0.25–0.75	0.25–0.75
0.074124	-0.074124	NODE_123_length_72567_cov_12.036789:18334	NODE_123_length_72567_cov_12.036789	18334	71145	5405	23739	0.779891175031195	0.107965993951488	0.691755325241345	0.157191696616073	Modern	0.183061	< 0.25	< 0.25
0.010652	0.010652	NODE_123_length_72567_cov_12.036789:70958	NODE_123_length_72567_cov_12.036789	70958	71145	5405	76363	0.000715381309741509	3.14546241054176	0.000451444330791294	12.3062488810886	Historical	0	< 0.25	= 0.00
0.010652	0.010652	NODE_123_length_72567_cov_12.036789:70958	NODE_123_length_72567_cov_12.036789	70958	71145	5405	76363	0.000715381309741509	3.14546241054176	0.000451444330791294	12.3062488810886	Modern	0.010652	< 0.25	< 0.25
0.192583	0.192583	NODE_123_length_72567_cov_12.036789:70962	NODE_123_length_72567_cov_12.036789	70962	71145	5405	76367	1.78710708048862e-109	108.747849424511	5.68547836622684e-111	501.025847624364	Historical	0	< 0.25	= 0.00
0.192583	0.192583	NODE_123_length_72567_cov_12.036789:70962	NODE_123_length_72567_cov_12.036789	70962	71145	5405	76367	1.78710708048862e-109	108.747849424511	5.68547836622684e-111	501.025847624364	Modern	0.192583	< 0.25	< 0.25
0.034035	0.034035	NODE_123_length_72567_cov_12.036789:70976	NODE_123_length_72567_cov_12.036789	70976	71145	5405	76381	3.29220363126884e-15	14.4825133103974	9.22317256623275e-16	64.5897968930162	Historical	0	< 0.25	= 0.00
0.034035	0.034035	NODE_123_length_72567_cov_12.036789:70976	NODE_123_length_72567_cov_12.036789	70976	71145	5405	76381	3.29220363126884e-15	14.4825133103974	9.22317256623275e-16	64.5897968930162	Modern	0.034035	< 0.25	< 0.25
0.075292	0.075292	NODE_123_length_72567_cov_12.036789:70992	NODE_123_length_72567_cov_12.036789	70992	71145	5405	76397	2.96338997436721e-40	39.5282111927416	3.50372318906664e-41	180.645284993242	Historical	0	< 0.25	= 0.00
0.075292	0.075292	NODE_123_length_72567_cov_12.036789:70992	NODE_123_length_72567_cov_12.036789	70992	71145	5405	76397	2.96338997436721e-40	39.5282111927416	3.50372318906664e-41	180.645284993242	Modern	0.075292	< 0.25	< 0.25
0.011558	0.011558	NODE_123_length_72567_cov_12.036789:70993	NODE_123_length_72567_cov_12.036789	70993	71145	5405	76398	4.51287511535675e-05	4.34554668453035	2.52429576727932e-05	17.7461367749522	Historical	0	< 0.25	= 0.00
0.011558	0.011558	NODE_123_length_72567_cov_12.036789:70993	NODE_123_length_72567_cov_12.036789	70993	71145	5405	76398	4.51287511535675e-05	4.34554668453035	2.52429576727932e-05	17.7461367749522	Modern	0.011558	< 0.25	< 0.25
0	0	NODE_123_length_72567_cov_12.036789:71040	NODE_123_length_72567_cov_12.036789	71040	71145	5405	76445	0.999165688808028	0.000362487981788934	0.992621629056137	8.55171517175715e-05	Historical	0	< 0.25	= 0.00
0	0	NODE_123_length_72567_cov_12.036789:71040	NODE_123_length_72567_cov_12.036789	71040	71145	5405	76445	0.999165688808028	0.000362487981788934	0.992621629056137	8.55171517175715e-05	Modern	0	< 0.25	= 0.00
0.016294	0.016294	NODE_123_length_72567_cov_12.036789:71049	NODE_123_length_72567_cov_12.036789	71049	71145	5405	76454	2.46339999101773e-07	6.60846506449554	1.14982060359469e-07	28.1037632413977	Historical	0	< 0.25	= 0.00
0.016294	0.016294	NODE_123_length_72567_cov_12.036789:71049	NODE_123_length_72567_cov_12.036789	71049	71145	5405	76454	2.46339999101773e-07	6.60846506449554	1.14982060359469e-07	28.1037632413977	Modern	0.016294	< 0.25	< 0.25
0	0	NODE_123_length_72567_cov_12.036789:71081	NODE_123_length_72567_cov_12.036789	71081	71145	5405	76486	0.999165688808028	0.000362487981788934	0.990189409454061	0.000151193132501255	Historical	0	< 0.25	= 0.00
0	0	NODE_123_length_72567_cov_12.036789:71081	NODE_123_length_72567_cov_12.036789	71081	71145	5405	76486	0.999165688808028	0.000362487981788934	0.990189409454061	0.000151193132501255	Modern	0	< 0.25	= 0.00
1.5e-05	1.5e-05	NODE_123_length_72567_cov_12.036789:71084	NODE_123_length_72567_cov_12.036789	71084	71145	5405	76489	0.999165688808028	0.000362487981788934	0.995370187615975	3.36706527524354e-05	Historical	0	< 0.25	= 0.00
1.5e-05	1.5e-05	NODE_123_length_72567_cov_12.036789:71084	NODE_123_length_72567_cov_12.036789	71084	71145	5405	76489	0.999165688808028	0.000362487981788934	0.995370187615975	3.36706527524354e-05	Modern	1.5e-05	< 0.25	< 0.25
0.012837	0.012837	NODE_123_length_72567_cov_12.036789:71098	NODE_123_length_72567_cov_12.036789	71098	71145	5405	76503	0.00075164553010017	3.12398692086479	0.000475756643695882	12.2083668301722	Historical	0	< 0.25	= 0.00
0.012837	0.012837	NODE_123_length_72567_cov_12.036789:71098	NODE_123_length_72567_cov_12.036789	71098	71145	5405	76503	0.00075164553010017	3.12398692086479	0.000475756643695882	12.2083668301722	Modern	0.012837	< 0.25	< 0.25
0.038418	0.038418	NODE_123_length_72567_cov_12.036789:71104	NODE_123_length_72567_cov_12.036789	71104	71145	5405	76509	5.50205571094243e-13	12.259475016485	1.73474121180711e-13	54.2843934508912	Historical	0	< 0.25	= 0.00
0.038418	0.038418	NODE_123_length_72567_cov_12.036789:71104	NODE_123_length_72567_cov_12.036789	71104	71145	5405	76509	5.50205571094243e-13	12.259475016485	1.73474121180711e-13	54.2843934508912	Modern	0.038418	< 0.25	< 0.25
0.054661	0.054661	NODE_123_length_72567_cov_12.036789:71109	NODE_123_length_72567_cov_12.036789	71109	71145	5405	76514	9.11780593311818e-20	19.0401096557262	2.09112073394876e-20	85.7028427631034	Historical	0	< 0.25	= 0.00
0.054661	0.054661	NODE_123_length_72567_cov_12.036789:71109	NODE_123_length_72567_cov_12.036789	71109	71145	5405	76514	9.11780593311818e-20	19.0401096557262	2.09112073394876e-20	85.7028427631034	Modern	0.054661	< 0.25	< 0.25
0.041479	0.041479	NODE_123_length_72567_cov_12.036789:71112	NODE_123_length_72567_cov_12.036789	71112	71145	5405	76517	9.32781235612289e-14	13.0302201990259	2.79480037830653e-14	57.8738344094359	Historical	0	< 0.25	= 0.00
0.041479	0.041479	NODE_123_length_72567_cov_12.036789:71112	NODE_123_length_72567_cov_12.036789	71112	71145	5405	76517	9.32781235612289e-14	13.0302201990259	2.79480037830653e-14	57.8738344094359	Modern	0.041479	< 0.25	< 0.25
0.204578	0.204578	NODE_123_length_72567_cov_12.036789:71128	NODE_123_length_72567_cov_12.036789	71128	71145	5405	76533	6.73834143630364e-77	76.1714469868032	3.58354340392216e-78	350.334430755346	Historical	0	< 0.25	= 0.00
0.204578	0.204578	NODE_123_length_72567_cov_12.036789:71128	NODE_123_length_72567_cov_12.036789	71128	71145	5405	76533	6.73834143630364e-77	76.1714469868032	3.58354340392216e-78	350.334430755346	Modern	0.204578	< 0.25	< 0.25
0.045872	0.045872	NODE_123_length_72567_cov_12.036789:71129	NODE_123_length_72567_cov_12.036789	71129	71145	5405	76534	4.41430043435962e-13	12.3551381123741	1.38130293743732e-13	54.7321185259891	Historical	0	< 0.25	= 0.00
0.045872	0.045872	NODE_123_length_72567_cov_12.036789:71129	NODE_123_length_72567_cov_12.036789	71129	71145	5405	76534	4.41430043435962e-13	12.3551381123741	1.38130293743732e-13	54.7321185259891	Modern	0.045872	< 0.25	< 0.25
0.025787	0.025787	NODE_123_length_72567_cov_12.036789:71134	NODE_123_length_72567_cov_12.036789	71134	71145	5405	76539	5.2309288576666e-07	6.28142118647857	2.50617626656486e-07	26.5971156578675	Historical	0	< 0.25	= 0.00
0.025787	0.025787	NODE_123_length_72567_cov_12.036789:71134	NODE_123_length_72567_cov_12.036789	71134	71145	5405	76539	5.2309288576666e-07	6.28142118647857	2.50617626656486e-07	26.5971156578675	Modern	0.025787	< 0.25	< 0.25
0.02635	0.02635	NODE_123_length_72567_cov_12.036789:71136	NODE_123_length_72567_cov_12.036789	71136	71145	5405	76541	3.43724688970752e-07	6.46378927234729	1.62069618303873e-07	27.4397016249448	Historical	0	< 0.25	= 0.00
0.02635	0.02635	NODE_123_length_72567_cov_12.036789:71136	NODE_123_length_72567_cov_12.036789	71136	71145	5405	76541	3.43724688970752e-07	6.46378927234729	1.62069618303873e-07	27.4397016249448	Modern	0.02635	< 0.25	< 0.25
0.038673	0.038673	NODE_123_length_72567_cov_12.036789:71137	NODE_123_length_72567_cov_12.036789	71137	71145	5405	76542	1.72921940219913e-11	10.7621499002372	5.92828304077765e-12	47.3531481710246	Historical	0	< 0.25	= 0.00
0.038673	0.038673	NODE_123_length_72567_cov_12.036789:71137	NODE_123_length_72567_cov_12.036789	71137	71145	5405	76542	1.72921940219913e-11	10.7621499002372	5.92828304077765e-12	47.3531481710246	Modern	0.038673	< 0.25	< 0.25
0.024782	0.024782	NODE_123_length_72567_cov_12.036789:71140	NODE_123_length_72567_cov_12.036789	71140	71145	5405	76545	1.42464289738454e-06	5.84629398276493	7.02174419508619e-07	24.6091524932839	Historical	0	< 0.25	= 0.00
0.024782	0.024782	NODE_123_length_72567_cov_12.036789:71140	NODE_123_length_72567_cov_12.036789	71140	71145	5405	76545	1.42464289738454e-06	5.84629398276493	7.02174419508619e-07	24.6091524932839	Modern	0.024782	< 0.25	< 0.25
0.038723	0.038723	NODE_123_length_72567_cov_12.036789:71145	NODE_123_length_72567_cov_12.036789	71145	71145	5405	76550	3.25131957698908e-11	10.4879403409617	1.1455266505821e-11	46.0622834377124	Historical	0	< 0.25	= 0.00
0.038723	0.038723	NODE_123_length_72567_cov_12.036789:71145	NODE_123_length_72567_cov_12.036789	71145	71145	5405	76550	3.25131957698908e-11	10.4879403409617	1.1455266505821e-11	46.0622834377124	Modern	0.038723	< 0.25	< 0.25
0.032315	0.032315	NODE_1242_length_35967_cov_13.101818:25673	NODE_1242_length_35967_cov_13.101818	25673	25773	0	25673	1.29561861300539e-05	4.88752282149278	6.91488756418829e-06	20.2166385121237	Historical	0	< 0.25	= 0.00
0.032315	0.032315	NODE_1242_length_35967_cov_13.101818:25673	NODE_1242_length_35967_cov_13.101818	25673	25773	0	25673	1.29561861300539e-05	4.88752282149278	6.91488756418829e-06	20.2166385121237	Modern	0.032315	< 0.25	< 0.25
0.01581	0.01581	NODE_1242_length_35967_cov_13.101818:25676	NODE_1242_length_35967_cov_13.101818	25676	25773	0	25676	0.00935979380520362	2.02873371859615	0.0069420692895195	7.28789697972373	Historical	0	< 0.25	= 0.00
0.01581	0.01581	NODE_1242_length_35967_cov_13.101818:25676	NODE_1242_length_35967_cov_13.101818	25676	25773	0	25676	0.00935979380520362	2.02873371859615	0.0069420692895195	7.28789697972373	Modern	0.01581	< 0.25	< 0.25
0.128019	0.128019	NODE_1242_length_35967_cov_13.101818:25677	NODE_1242_length_35967_cov_13.101818	25677	25773	0	25677	2.81141708642231e-31	30.551074720065	4.45875264418354e-32	138.975685277325	Historical	0	< 0.25	= 0.00
0.128019	0.128019	NODE_1242_length_35967_cov_13.101818:25677	NODE_1242_length_35967_cov_13.101818	25677	25773	0	25677	2.81141708642231e-31	30.551074720065	4.45875264418354e-32	138.975685277325	Modern	0.128019	< 0.25	< 0.25
0.028386	0.028386	NODE_1242_length_35967_cov_13.101818:25682	NODE_1242_length_35967_cov_13.101818	25682	25773	0	25682	4.91104129770501e-06	5.30882641380365	2.5394700727449e-06	22.1364121657161	Historical	0	< 0.25	= 0.00
0.028386	0.028386	NODE_1242_length_35967_cov_13.101818:25682	NODE_1242_length_35967_cov_13.101818	25682	25773	0	25682	4.91104129770501e-06	5.30882641380365	2.5394700727449e-06	22.1364121657161	Modern	0.028386	< 0.25	< 0.25
0.022687	0.022687	NODE_1242_length_35967_cov_13.101818:25722	NODE_1242_length_35967_cov_13.101818	25722	25773	0	25722	2.94332594736089e-09	8.53116164095787	1.17397616134053e-09	37.0121138027012	Historical	0	< 0.25	= 0.00
0.022687	0.022687	NODE_1242_length_35967_cov_13.101818:25722	NODE_1242_length_35967_cov_13.101818	25722	25773	0	25722	2.94332594736089e-09	8.53116164095787	1.17397616134053e-09	37.0121138027012	Modern	0.022687	< 0.25	< 0.25
0.021781	0.021781	NODE_1242_length_35967_cov_13.101818:25738	NODE_1242_length_35967_cov_13.101818	25738	25773	0	25738	7.05263133146054e-09	8.15164881782803	2.90343369628504e-09	35.247575207154	Historical	0	< 0.25	= 0.00
0.021781	0.021781	NODE_1242_length_35967_cov_13.101818:25738	NODE_1242_length_35967_cov_13.101818	25738	25773	0	25738	7.05263133146054e-09	8.15164881782803	2.90343369628504e-09	35.247575207154	Modern	0.021781	< 0.25	< 0.25
0	0	NODE_1242_length_35967_cov_13.101818:25747	NODE_1242_length_35967_cov_13.101818	25747	25773	0	25747	0.999165688808028	0.000362487981788934	0.988264792214715	0.000216337975913911	Historical	0	< 0.25	= 0.00
0	0	NODE_1242_length_35967_cov_13.101818:25747	NODE_1242_length_35967_cov_13.101818	25747	25773	0	25747	0.999165688808028	0.000362487981788934	0.988264792214715	0.000216337975913911	Modern	0	< 0.25	= 0.00
0.025066	0.025066	NODE_1242_length_35967_cov_13.101818:25751	NODE_1242_length_35967_cov_13.101818	25751	25773	0	25751	7.67426775730755e-10	9.11496305221973	2.91884542906142e-10	39.7281726227856	Historical	0	< 0.25	= 0.00
0.025066	0.025066	NODE_1242_length_35967_cov_13.101818:25751	NODE_1242_length_35967_cov_13.101818	25751	25773	0	25751	7.67426775730755e-10	9.11496305221973	2.91884542906142e-10	39.7281726227856	Modern	0.025066	< 0.25	< 0.25
0.02276	0.02276	NODE_1242_length_35967_cov_13.101818:25752	NODE_1242_length_35967_cov_13.101818	25752	25773	0	25752	1.15443636279862e-08	7.93763000215532	4.84030060945479e-09	34.2525931040408	Historical	0	< 0.25	= 0.00
0.02276	0.02276	NODE_1242_length_35967_cov_13.101818:25752	NODE_1242_length_35967_cov_13.101818	25752	25773	0	25752	1.15443636279862e-08	7.93763000215532	4.84030060945479e-09	34.2525931040408	Modern	0.02276	< 0.25	< 0.25
0.012666	0.012666	NODE_1242_length_35967_cov_13.101818:25773	NODE_1242_length_35967_cov_13.101818	25773	25773	0	25773	0.0115084527105538	1.93898306250744	0.00872150547295533	6.87898548354813	Historical	0	< 0.25	= 0.00
0.012666	0.012666	NODE_1242_length_35967_cov_13.101818:25773	NODE_1242_length_35967_cov_13.101818	25773	25773	0	25773	0.0115084527105538	1.93898306250744	0.00872150547295533	6.87898548354813	Modern	0.012666	< 0.25	< 0.25
0.174037	0.174037	NODE_1275_length_35699_cov_8.675197:4881	NODE_1275_length_35699_cov_8.675197	4881	4963	161	5042	1.97818265447354e-46	45.7037336105308	2.0946568468547e-47	209.160086256934	Historical	2.9e-05	< 0.25	< 0.25
0.174037	0.174037	NODE_1275_length_35699_cov_8.675197:4881	NODE_1275_length_35699_cov_8.675197	4881	4963	161	5042	1.97818265447354e-46	45.7037336105308	2.0946568468547e-47	209.160086256934	Modern	0.174066	< 0.25	< 0.25
0.061049	0.061049	NODE_1275_length_35699_cov_8.675197:4912	NODE_1275_length_35699_cov_8.675197	4912	4963	161	5073	3.85072966032185e-11	10.4144569698612	1.3630297818467e-11	45.7217204979035	Historical	0	< 0.25	= 0.00
0.061049	0.061049	NODE_1275_length_35699_cov_8.675197:4912	NODE_1275_length_35699_cov_8.675197	4912	4963	161	5073	3.85072966032185e-11	10.4144569698612	1.3630297818467e-11	45.7217204979035	Modern	0.061049	< 0.25	< 0.25
0.047348	0.047348	NODE_1275_length_35699_cov_8.675197:4929	NODE_1275_length_35699_cov_8.675197	4929	4963	161	5090	1.06012943016614e-07	6.97464110890934	4.77712644457581e-08	29.8051850533278	Historical	0	< 0.25	= 0.00
0.047348	0.047348	NODE_1275_length_35699_cov_8.675197:4929	NODE_1275_length_35699_cov_8.675197	4929	4963	161	5090	1.06012943016614e-07	6.97464110890934	4.77712644457581e-08	29.8051850533278	Modern	0.047348	< 0.25	< 0.25
0.01737	0.01737	NODE_1275_length_35699_cov_8.675197:4954	NODE_1275_length_35699_cov_8.675197	4954	4963	161	5115	0.0258663673682044	1.58726455863245	0.0207201147911495	5.35018140932656	Historical	0	< 0.25	= 0.00
0.01737	0.01737	NODE_1275_length_35699_cov_8.675197:4954	NODE_1275_length_35699_cov_8.675197	4954	4963	161	5115	0.0258663673682044	1.58726455863245	0.0207201147911495	5.35018140932656	Modern	0.01737	< 0.25	< 0.25
0.018899	0.018899	NODE_1275_length_35699_cov_8.675197:4963	NODE_1275_length_35699_cov_8.675197	4963	4963	161	5124	0.0224960941145294	1.64789287974458	0.0178067373641598	5.615063353837	Historical	0	< 0.25	= 0.00
0.018899	0.018899	NODE_1275_length_35699_cov_8.675197:4963	NODE_1275_length_35699_cov_8.675197	4963	4963	161	5124	0.0224960941145294	1.64789287974458	0.0178067373641598	5.615063353837	Modern	0.018899	< 0.25	< 0.25
0.164861	0.164861	NODE_1282_length_35657_cov_8.116992:47	NODE_1282_length_35657_cov_8.116992	47	116	15195	15242	1.01665498686913e-64	63.9928264047179	7.33768081690918e-66	293.813907256411	Historical	0	< 0.25	= 0.00
0.164861	0.164861	NODE_1282_length_35657_cov_8.116992:47	NODE_1282_length_35657_cov_8.116992	47	116	15195	15242	1.01665498686913e-64	63.9928264047179	7.33768081690918e-66	293.813907256411	Modern	0.164861	< 0.25	< 0.25
0	0	NODE_1282_length_35657_cov_8.116992:50	NODE_1282_length_35657_cov_8.116992	50	116	15195	15245	0.999165688808028	0.000362487981788934	0.989246676340951	0.000181648413132188	Historical	0	< 0.25	= 0.00
0	0	NODE_1282_length_35657_cov_8.116992:50	NODE_1282_length_35657_cov_8.116992	50	116	15195	15245	0.999165688808028	0.000362487981788934	0.989246676340951	0.000181648413132188	Modern	0	< 0.25	= 0.00
0.025581	0.025581	NODE_1282_length_35657_cov_8.116992:57	NODE_1282_length_35657_cov_8.116992	57	116	15195	15252	1.15139386505651e-08	7.93877608891528	4.8220768707495e-09	34.2599340202818	Historical	0	< 0.25	= 0.00
0.025581	0.025581	NODE_1282_length_35657_cov_8.116992:57	NODE_1282_length_35657_cov_8.116992	57	116	15195	15252	1.15139386505651e-08	7.93877608891528	4.8220768707495e-09	34.2599340202818	Modern	0.025581	< 0.25	< 0.25
0.016447	0.016447	NODE_1282_length_35657_cov_8.116992:96	NODE_1282_length_35657_cov_8.116992	96	116	15195	15291	0.00122748320146573	2.91098444263526	0.000790345309205857	11.2637700278759	Historical	0	< 0.25	= 0.00
0.016447	0.016447	NODE_1282_length_35657_cov_8.116992:96	NODE_1282_length_35657_cov_8.116992	96	116	15195	15291	0.00122748320146573	2.91098444263526	0.000790345309205857	11.2637700278759	Modern	0.016447	< 0.25	< 0.25
0.058223	0.058223	NODE_1282_length_35657_cov_8.116992:102	NODE_1282_length_35657_cov_8.116992	102	116	15195	15297	2.10333444636389e-11	10.677091665658	7.29076042661747e-12	46.9476702785187	Historical	0	< 0.25	= 0.00
0.058223	0.058223	NODE_1282_length_35657_cov_8.116992:102	NODE_1282_length_35657_cov_8.116992	102	116	15195	15297	2.10333444636389e-11	10.677091665658	7.29076042661747e-12	46.9476702785187	Modern	0.058223	< 0.25	< 0.25
0.014933	0.014933	NODE_1282_length_35657_cov_8.116992:105	NODE_1282_length_35657_cov_8.116992	105	116	15195	15300	0.00472146981420548	2.32592278254584	0.00328888709280126	8.63984888504698	Historical	0	< 0.25	= 0.00
0.014933	0.014933	NODE_1282_length_35657_cov_8.116992:105	NODE_1282_length_35657_cov_8.116992	105	116	15195	15300	0.00472146981420548	2.32592278254584	0.00328888709280126	8.63984888504698	Modern	0.014933	< 0.25	< 0.25
0.081097	0.081097	NODE_1282_length_35657_cov_8.116992:106	NODE_1282_length_35657_cov_8.116992	106	116	15195	15301	4.92420815872651e-16	15.3076635966271	1.32341016991415e-16	68.4168629210188	Historical	0	< 0.25	= 0.00
0.081097	0.081097	NODE_1282_length_35657_cov_8.116992:106	NODE_1282_length_35657_cov_8.116992	106	116	15195	15301	4.92420815872651e-16	15.3076635966271	1.32341016991415e-16	68.4168629210188	Modern	0.081097	< 0.25	< 0.25
0.190276	0.190276	NODE_1282_length_35657_cov_8.116992:109	NODE_1282_length_35657_cov_8.116992	109	116	15195	15304	5.64291898956524e-40	39.2484961844699	6.77900524387467e-41	179.332491487715	Historical	0	< 0.25	= 0.00
0.190276	0.190276	NODE_1282_length_35657_cov_8.116992:109	NODE_1282_length_35657_cov_8.116992	109	116	15195	15304	5.64291898956524e-40	39.2484961844699	6.77900524387467e-41	179.332491487715	Modern	0.190276	< 0.25	< 0.25
0.096119	0.096119	NODE_1282_length_35657_cov_8.116992:114	NODE_1282_length_35657_cov_8.116992	114	116	15195	15309	3.11636983861135e-19	18.5063510075666	7.31000332513774e-20	83.2283970460241	Historical	0	< 0.25	= 0.00
0.096119	0.096119	NODE_1282_length_35657_cov_8.116992:114	NODE_1282_length_35657_cov_8.116992	114	116	15195	15309	3.11636983861135e-19	18.5063510075666	7.31000332513774e-20	83.2283970460241	Modern	0.096119	< 0.25	< 0.25
0.029414	0.029414	NODE_1282_length_35657_cov_8.116992:116	NODE_1282_length_35657_cov_8.116992	116	116	15195	15311	1.23837726589848e-05	4.90714702935617	6.59174223681006e-06	20.308201536107	Historical	0	< 0.25	= 0.00
0.029414	0.029414	NODE_1282_length_35657_cov_8.116992:116	NODE_1282_length_35657_cov_8.116992	116	116	15195	15311	1.23837726589848e-05	4.90714702935617	6.59174223681006e-06	20.308201536107	Modern	0.029414	< 0.25	< 0.25
0.10071	0.10071	NODE_128_length_72046_cov_9.380433:71958	NODE_128_length_72046_cov_9.380433	71958	72033	0	71958	5.28392631025089e-35	34.2770432476954	7.62732002999178e-36	156.207282267813	Historical	0	< 0.25	= 0.00
0.10071	0.10071	NODE_128_length_72046_cov_9.380433:71958	NODE_128_length_72046_cov_9.380433	71958	72033	0	71958	5.28392631025089e-35	34.2770432476954	7.62732002999178e-36	156.207282267813	Modern	0.10071	< 0.25	< 0.25
0.007179	0.007179	NODE_128_length_72046_cov_9.380433:71978	NODE_128_length_72046_cov_9.380433	71978	72033	0	71978	0.0181099233048025	1.74208338891132	0.0141456903306743	6.0198697925664	Historical	0	< 0.25	= 0.00
0.007179	0.007179	NODE_128_length_72046_cov_9.380433:71978	NODE_128_length_72046_cov_9.380433	71978	72033	0	71978	0.0181099233048025	1.74208338891132	0.0141456903306743	6.0198697925664	Modern	0.007179	< 0.25	< 0.25
0.140844	0.140844	NODE_128_length_72046_cov_9.380433:71980	NODE_128_length_72046_cov_9.380433	71980	72033	0	71980	1.12909763571366e-69	68.9472685019915	7.0233518650755e-71	316.852320500806	Historical	0	< 0.25	= 0.00
0.140844	0.140844	NODE_128_length_72046_cov_9.380433:71980	NODE_128_length_72046_cov_9.380433	71980	72033	0	71980	1.12909763571366e-69	68.9472685019915	7.0233518650755e-71	316.852320500806	Modern	0.140844	< 0.25	< 0.25
0.017635	0.017635	NODE_128_length_72046_cov_9.380433:71981	NODE_128_length_72046_cov_9.380433	71981	72033	0	71981	1.74612715844105e-06	5.7579241327963	8.66045264242907e-07	24.2050582400976	Historical	0	< 0.25	= 0.00
0.017635	0.017635	NODE_128_length_72046_cov_9.380433:71981	NODE_128_length_72046_cov_9.380433	71981	72033	0	71981	1.74612715844105e-06	5.7579241327963	8.66045264242907e-07	24.2050582400976	Modern	0.017635	< 0.25	< 0.25
0.0274	0.0274	NODE_128_length_72046_cov_9.380433:71984	NODE_128_length_72046_cov_9.380433	71984	72033	0	71984	7.02980190137658e-11	10.1530569131525	2.50015271801095e-11	44.5337087190178	Historical	0	< 0.25	= 0.00
0.0274	0.0274	NODE_128_length_72046_cov_9.380433:71984	NODE_128_length_72046_cov_9.380433	71984	72033	0	71984	7.02980190137658e-11	10.1530569131525	2.50015271801095e-11	44.5337087190178	Modern	0.0274	< 0.25	< 0.25
0.023981	0.023981	NODE_128_length_72046_cov_9.380433:72017	NODE_128_length_72046_cov_9.380433	72017	72033	0	72017	4.37761191404226e-08	7.35876274232511	1.90818980868509e-08	31.5858087385611	Historical	0	< 0.25	= 0.00
0.023981	0.023981	NODE_128_length_72046_cov_9.380433:72017	NODE_128_length_72046_cov_9.380433	72017	72033	0	72017	4.37761191404226e-08	7.35876274232511	1.90818980868509e-08	31.5858087385611	Modern	0.023981	< 0.25	< 0.25
0.062895	0.062895	NODE_128_length_72046_cov_9.380433:72033	NODE_128_length_72046_cov_9.380433	72033	72033	0	72033	7.5058275311028e-15	14.1246014190264	2.17048858805394e-15	62.9038381233002	Historical	0	< 0.25	= 0.00
0.062895	0.062895	NODE_128_length_72046_cov_9.380433:72033	NODE_128_length_72046_cov_9.380433	72033	72033	0	72033	7.5058275311028e-15	14.1246014190264	2.17048858805394e-15	62.9038381233002	Modern	0.062895	< 0.25	< 0.25
0.340662	0.340662	NODE_1300_length_35416_cov_21.579353:20703	NODE_1300_length_35416_cov_21.579353	20703	20894	30390	51093	0.00375175887440533	2.42576508150841	0.00257366382237577	9.08747194012916	Historical	0.076416	< 0.25	< 0.25
0.340662	0.340662	NODE_1300_length_35416_cov_21.579353:20703	NODE_1300_length_35416_cov_21.579353	20703	20894	30390	51093	0.00375175887440533	2.42576508150841	0.00257366382237577	9.08747194012916	Modern	0.417078	0.25–0.75	0.25–0.75
0.043242	0.043242	NODE_1300_length_35416_cov_21.579353:20705	NODE_1300_length_35416_cov_21.579353	20705	20894	30390	51095	3.85072966032185e-11	10.4144569698612	1.36402864510926e-11	45.7202855256721	Historical	0	< 0.25	= 0.00
0.043242	0.043242	NODE_1300_length_35416_cov_21.579353:20705	NODE_1300_length_35416_cov_21.579353	20705	20894	30390	51095	3.85072966032185e-11	10.4144569698612	1.36402864510926e-11	45.7202855256721	Modern	0.043242	< 0.25	< 0.25
0.254408	0.254408	NODE_1300_length_35416_cov_21.579353:20706	NODE_1300_length_35416_cov_21.579353	20706	20894	30390	51096	5.57064188739334e-92	91.2540947595675	2.30126231815395e-93	420.117063008866	Historical	0	< 0.25	= 0.00
0.254408	0.254408	NODE_1300_length_35416_cov_21.579353:20706	NODE_1300_length_35416_cov_21.579353	20706	20894	30390	51096	5.57064188739334e-92	91.2540947595675	2.30126231815395e-93	420.117063008866	Modern	0.254408	0.25–0.75	0.25–0.75
0.325073	0.325073	NODE_1300_length_35416_cov_21.579353:20716	NODE_1300_length_35416_cov_21.579353	20716	20894	30390	51106	3.18457405477646e-148	147.496948647483	5.44371633295121e-150	680.409397881936	Historical	0	< 0.25	= 0.00
0.325073	0.325073	NODE_1300_length_35416_cov_21.579353:20716	NODE_1300_length_35416_cov_21.579353	20716	20894	30390	51106	3.18457405477646e-148	147.496948647483	5.44371633295121e-150	680.409397881936	Modern	0.325073	0.25–0.75	0.25–0.75
0.012688	0.012688	NODE_1300_length_35416_cov_21.579353:20724	NODE_1300_length_35416_cov_21.579353	20724	20894	30390	51114	0.00223246091977709	2.65121613489125	0.00148194699233066	10.1009277550137	Historical	0	< 0.25	= 0.00
0.012688	0.012688	NODE_1300_length_35416_cov_21.579353:20724	NODE_1300_length_35416_cov_21.579353	20724	20894	30390	51114	0.00223246091977709	2.65121613489125	0.00148194699233066	10.1009277550137	Modern	0.012688	< 0.25	< 0.25
0.024399	0.024399	NODE_1300_length_35416_cov_21.579353:20731	NODE_1300_length_35416_cov_21.579353	20731	20894	30390	51121	2.69031805136479e-08	7.57019637435165	1.15481838482135e-08	32.561465648209	Historical	0	< 0.25	= 0.00
0.024399	0.024399	NODE_1300_length_35416_cov_21.579353:20731	NODE_1300_length_35416_cov_21.579353	20731	20894	30390	51121	2.69031805136479e-08	7.57019637435165	1.15481838482135e-08	32.561465648209	Modern	0.024399	< 0.25	< 0.25
0.07896	0.07896	NODE_1300_length_35416_cov_21.579353:20732	NODE_1300_length_35416_cov_21.579353	20732	20894	30390	51122	7.97946788292173e-37	36.098026068952	1.07984251976861e-37	164.670172828597	Historical	0	< 0.25	= 0.00
0.07896	0.07896	NODE_1300_length_35416_cov_21.579353:20732	NODE_1300_length_35416_cov_21.579353	20732	20894	30390	51122	7.97946788292173e-37	36.098026068952	1.07984251976861e-37	164.670172828597	Modern	0.07896	< 0.25	< 0.25
0.012613	0.012613	NODE_1300_length_35416_cov_21.579353:20733	NODE_1300_length_35416_cov_21.579353	20733	20894	30390	51123	0.00100454873329889	2.99802898963807	0.000642033520902332	11.649976324739	Historical	0	< 0.25	= 0.00
0.012613	0.012613	NODE_1300_length_35416_cov_21.579353:20733	NODE_1300_length_35416_cov_21.579353	20733	20894	30390	51123	0.00100454873329889	2.99802898963807	0.000642033520902332	11.649976324739	Modern	0.012613	< 0.25	< 0.25
0.049934	0.049934	NODE_1300_length_35416_cov_21.579353:20737	NODE_1300_length_35416_cov_21.579353	20737	20894	30390	51127	3.08786474592954e-22	21.5103417308049	6.5540149165741e-23	97.1112290369724	Historical	0	< 0.25	= 0.00
0.049934	0.049934	NODE_1300_length_35416_cov_21.579353:20737	NODE_1300_length_35416_cov_21.579353	20737	20894	30390	51127	3.08786474592954e-22	21.5103417308049	6.5540149165741e-23	97.1112290369724	Modern	0.049934	< 0.25	< 0.25
0.021408	0.021408	NODE_1300_length_35416_cov_21.579353:20762	NODE_1300_length_35416_cov_21.579353	20762	20894	30390	51152	9.38659176275029e-13	12.0274920698555	3.0085230008815e-13	53.2026523418837	Historical	0	< 0.25	= 0.00
0.021408	0.021408	NODE_1300_length_35416_cov_21.579353:20762	NODE_1300_length_35416_cov_21.579353	20762	20894	30390	51152	9.38659176275029e-13	12.0274920698555	3.0085230008815e-13	53.2026523418837	Modern	0.021408	< 0.25	< 0.25
0.021471	0.021471	NODE_1300_length_35416_cov_21.579353:20763	NODE_1300_length_35416_cov_21.579353	20763	20894	30390	51153	2.87466963135368e-13	12.5414120589828	8.8451373272421e-14	55.6082560064149	Historical	0	< 0.25	= 0.00
0.021471	0.021471	NODE_1300_length_35416_cov_21.579353:20763	NODE_1300_length_35416_cov_21.579353	20763	20894	30390	51153	2.87466963135368e-13	12.5414120589828	8.8451373272421e-14	55.6082560064149	Modern	0.021471	< 0.25	< 0.25
0.010488	0.010488	NODE_1300_length_35416_cov_21.579353:20772	NODE_1300_length_35416_cov_21.579353	20772	20894	30390	51162	4.07037608910307e-06	5.39036546156687	2.09510336210244e-06	22.5057973965128	Historical	0	< 0.25	= 0.00
0.010488	0.010488	NODE_1300_length_35416_cov_21.579353:20772	NODE_1300_length_35416_cov_21.579353	20772	20894	30390	51162	4.07037608910307e-06	5.39036546156687	2.09510336210244e-06	22.5057973965128	Modern	0.010488	< 0.25	< 0.25
1.1e-05	1.1e-05	NODE_1300_length_35416_cov_21.579353:20785	NODE_1300_length_35416_cov_21.579353	20785	20894	30390	51175	0.999665547910362	0.000145274992107645	0.998586311899187	3.13926180808698e-06	Historical	0	< 0.25	= 0.00
1.1e-05	1.1e-05	NODE_1300_length_35416_cov_21.579353:20785	NODE_1300_length_35416_cov_21.579353	20785	20894	30390	51175	0.999665547910362	0.000145274992107645	0.998586311899187	3.13926180808698e-06	Modern	1.1e-05	< 0.25	< 0.25
0.010353	0.010353	NODE_1300_length_35416_cov_21.579353:20809	NODE_1300_length_35416_cov_21.579353	20809	20894	30390	51199	2.11069771890338e-08	7.67557395921356	9.01005341545175e-09	33.0439163092001	Historical	0	< 0.25	= 0.00
0.010353	0.010353	NODE_1300_length_35416_cov_21.579353:20809	NODE_1300_length_35416_cov_21.579353	20809	20894	30390	51199	2.11069771890338e-08	7.67557395921356	9.01005341545175e-09	33.0439163092001	Modern	0.010353	< 0.25	< 0.25
1e-06	1e-06	NODE_1300_length_35416_cov_21.579353:20832	NODE_1300_length_35416_cov_21.579353	20832	20894	30390	51222	0.999165688808028	0.000362487981788934	0.993390988153173	6.8612441003904e-05	Historical	0	< 0.25	= 0.00
1e-06	1e-06	NODE_1300_length_35416_cov_21.579353:20832	NODE_1300_length_35416_cov_21.579353	20832	20894	30390	51222	0.999165688808028	0.000362487981788934	0.993390988153173	6.8612441003904e-05	Modern	1e-06	< 0.25	< 0.25
0	0	NODE_1300_length_35416_cov_21.579353:20838	NODE_1300_length_35416_cov_21.579353	20838	20894	30390	51228	0.999165688808028	0.000362487981788934	0.992643995182812	8.49994649273277e-05	Historical	0	< 0.25	= 0.00
0	0	NODE_1300_length_35416_cov_21.579353:20838	NODE_1300_length_35416_cov_21.579353	20838	20894	30390	51228	0.999165688808028	0.000362487981788934	0.992643995182812	8.49994649273277e-05	Modern	0	< 0.25	= 0.00
0	0	NODE_1300_length_35416_cov_21.579353:20843	NODE_1300_length_35416_cov_21.579353	20843	20894	30390	51233	0.999165688808028	0.000362487981788934	0.992437908117795	8.98290446366675e-05	Historical	0	< 0.25	= 0.00
0	0	NODE_1300_length_35416_cov_21.579353:20843	NODE_1300_length_35416_cov_21.579353	20843	20894	30390	51233	0.999165688808028	0.000362487981788934	0.992437908117795	8.98290446366675e-05	Modern	0	< 0.25	= 0.00
0.014933	0.014933	NODE_1300_length_35416_cov_21.579353:20867	NODE_1300_length_35416_cov_21.579353	20867	20894	30390	51257	2.87684920267296e-08	7.54108290215674	1.23761888775959e-08	32.4268920764806	Historical	0	< 0.25	= 0.00
0.014933	0.014933	NODE_1300_length_35416_cov_21.579353:20867	NODE_1300_length_35416_cov_21.579353	20867	20894	30390	51257	2.87684920267296e-08	7.54108290215674	1.23761888775959e-08	32.4268920764806	Modern	0.014933	< 0.25	< 0.25
0.039946	0.039946	NODE_1300_length_35416_cov_21.579353:20884	NODE_1300_length_35416_cov_21.579353	20884	20894	30390	51274	4.8818912039005e-25	24.3114119033441	9.43461405502139e-26	110.075134281629	Historical	0	< 0.25	= 0.00
0.039946	0.039946	NODE_1300_length_35416_cov_21.579353:20884	NODE_1300_length_35416_cov_21.579353	20884	20894	30390	51274	4.8818912039005e-25	24.3114119033441	9.43461405502139e-26	110.075134281629	Modern	0.039946	< 0.25	< 0.25
0.040766	0.040766	NODE_1300_length_35416_cov_21.579353:20885	NODE_1300_length_35416_cov_21.579353	20885	20894	30390	51275	1.10652031443972e-24	23.9560406085166	2.15419434435083e-25	108.438617497626	Historical	0	< 0.25	= 0.00
0.040766	0.040766	NODE_1300_length_35416_cov_21.579353:20885	NODE_1300_length_35416_cov_21.579353	20885	20894	30390	51275	1.10652031443972e-24	23.9560406085166	2.15419434435083e-25	108.438617497626	Modern	0.040766	< 0.25	< 0.25
0.013096	0.013096	NODE_1300_length_35416_cov_21.579353:20889	NODE_1300_length_35416_cov_21.579353	20889	20894	30390	51279	0.000421945948771792	3.37474317854924	0.000261061524809898	13.3309478624598	Historical	0	< 0.25	= 0.00
0.013096	0.013096	NODE_1300_length_35416_cov_21.579353:20889	NODE_1300_length_35416_cov_21.579353	20889	20894	30390	51279	0.000421945948771792	3.37474317854924	0.000261061524809898	13.3309478624598	Modern	0.013096	< 0.25	< 0.25
0	0	NODE_1300_length_35416_cov_21.579353:20894	NODE_1300_length_35416_cov_21.579353	20894	20894	30390	51284	0.999165688808028	0.000362487981788934	0.982247784223262	0.000495104284357426	Historical	0	< 0.25	= 0.00
0	0	NODE_1300_length_35416_cov_21.579353:20894	NODE_1300_length_35416_cov_21.579353	20894	20894	30390	51284	0.999165688808028	0.000362487981788934	0.982247784223262	0.000495104284357426	Modern	0	< 0.25	= 0.00
0.067832	0.067832	NODE_1306_length_35356_cov_6.312364:1147	NODE_1306_length_35356_cov_6.312364	1147	1147	45585	46732	6.32002302231301e-17	16.1992813396851	1.63252256606756e-17	72.5451703327733	Historical	0	< 0.25	= 0.00
0.067832	0.067832	NODE_1306_length_35356_cov_6.312364:1147	NODE_1306_length_35356_cov_6.312364	1147	1147	45585	46732	6.32002302231301e-17	16.1992813396851	1.63252256606756e-17	72.5451703327733	Modern	0.067832	< 0.25	< 0.25
0.057291	0.057291	NODE_1334_length_35027_cov_16.496564:4362	NODE_1334_length_35027_cov_16.496564	4362	4533	60780	65142	2.38604486904143e-25	24.6223213937781	4.57721807736342e-26	111.509003588026	Historical	0	< 0.25	= 0.00
0.057291	0.057291	NODE_1334_length_35027_cov_16.496564:4362	NODE_1334_length_35027_cov_16.496564	4362	4533	60780	65142	2.38604486904143e-25	24.6223213937781	4.57721807736342e-26	111.509003588026	Modern	0.057291	< 0.25	< 0.25
0.036727	0.036727	NODE_1334_length_35027_cov_16.496564:4367	NODE_1334_length_35027_cov_16.496564	4367	4533	60780	65147	4.47084550619539e-15	14.3496103372816	1.26737643266792e-15	63.963626875364	Historical	0	< 0.25	= 0.00
0.036727	0.036727	NODE_1334_length_35027_cov_16.496564:4367	NODE_1334_length_35027_cov_16.496564	4367	4533	60780	65147	4.47084550619539e-15	14.3496103372816	1.26737643266792e-15	63.963626875364	Modern	0.036727	< 0.25	< 0.25
0.047639	0.047639	NODE_1334_length_35027_cov_16.496564:4368	NODE_1334_length_35027_cov_16.496564	4368	4533	60780	65148	2.72290098539235e-22	21.5649681509037	5.76644748093537e-23	97.364716457918	Historical	0	< 0.25	= 0.00
0.047639	0.047639	NODE_1334_length_35027_cov_16.496564:4368	NODE_1334_length_35027_cov_16.496564	4368	4533	60780	65148	2.72290098539235e-22	21.5649681509037	5.76644748093537e-23	97.364716457918	Modern	0.047639	< 0.25	< 0.25
0.010709	0.010709	NODE_1334_length_35027_cov_16.496564:4386	NODE_1334_length_35027_cov_16.496564	4386	4533	60780	65166	0.000743707641826959	3.12859775597893	0.000470026054734892	12.2309759757295	Historical	0	< 0.25	= 0.00
0.010709	0.010709	NODE_1334_length_35027_cov_16.496564:4386	NODE_1334_length_35027_cov_16.496564	4386	4533	60780	65166	0.000743707641826959	3.12859775597893	0.000470026054734892	12.2309759757295	Modern	0.010709	< 0.25	< 0.25
0.294089	0.294089	NODE_1334_length_35027_cov_16.496564:4402	NODE_1334_length_35027_cov_16.496564	4402	4533	60780	65182	0	Inf	0	1698.35181146962	Historical	0	< 0.25	= 0.00
0.294089	0.294089	NODE_1334_length_35027_cov_16.496564:4402	NODE_1334_length_35027_cov_16.496564	4402	4533	60780	65182	0	Inf	0	1698.35181146962	Modern	0.294089	0.25–0.75	0.25–0.75
0.008283	0.008283	NODE_1334_length_35027_cov_16.496564:4439	NODE_1334_length_35027_cov_16.496564	4439	4533	60780	65219	0.00065296159576002	3.18511236120575	0.000410193822977448	12.485177103517	Historical	0	< 0.25	= 0.00
0.008283	0.008283	NODE_1334_length_35027_cov_16.496564:4439	NODE_1334_length_35027_cov_16.496564	4439	4533	60780	65219	0.00065296159576002	3.18511236120575	0.000410193822977448	12.485177103517	Modern	0.008283	< 0.25	< 0.25
0.026696	0.026696	NODE_1334_length_35027_cov_16.496564:4442	NODE_1334_length_35027_cov_16.496564	4442	4533	60780	65222	2.93310652292875e-19	18.532672164268	6.85227164900733e-20	83.3562241871477	Historical	0	< 0.25	= 0.00
0.026696	0.026696	NODE_1334_length_35027_cov_16.496564:4442	NODE_1334_length_35027_cov_16.496564	4442	4533	60780	65222	2.93310652292875e-19	18.532672164268	6.85227164900733e-20	83.3562241871477	Modern	0.026696	< 0.25	< 0.25
0.097451	0.097451	NODE_1334_length_35027_cov_16.496564:4443	NODE_1334_length_35027_cov_16.496564	4443	4533	60780	65223	7.0733135941599e-106	105.150377087118	2.41822686979826e-107	484.348644903543	Historical	0	< 0.25	= 0.00
0.097451	0.097451	NODE_1334_length_35027_cov_16.496564:4443	NODE_1334_length_35027_cov_16.496564	4443	4533	60780	65223	7.0733135941599e-106	105.150377087118	2.41822686979826e-107	484.348644903543	Modern	0.097451	< 0.25	< 0.25
0	0	NODE_1334_length_35027_cov_16.496564:4448	NODE_1334_length_35027_cov_16.496564	4448	4533	60780	65228	0.999165688808028	0.000362487981788934	0.991301257131254	0.000118863926140745	Historical	0	< 0.25	= 0.00
0	0	NODE_1334_length_35027_cov_16.496564:4448	NODE_1334_length_35027_cov_16.496564	4448	4533	60780	65228	0.999165688808028	0.000362487981788934	0.991301257131254	0.000118863926140745	Modern	0	< 0.25	= 0.00
0.031111	0.031111	NODE_1334_length_35027_cov_16.496564:4449	NODE_1334_length_35027_cov_16.496564	4449	4533	60780	65229	4.99965062385294e-25	24.3010603431508	9.6859328325356e-26	110.023020914624	Historical	0	< 0.25	= 0.00
0.031111	0.031111	NODE_1334_length_35027_cov_16.496564:4449	NODE_1334_length_35027_cov_16.496564	4449	4533	60780	65229	4.99965062385294e-25	24.3010603431508	9.6859328325356e-26	110.023020914624	Modern	0.031111	< 0.25	< 0.25
0.021274	0.021274	NODE_1334_length_35027_cov_16.496564:4454	NODE_1334_length_35027_cov_16.496564	4454	4533	60780	65234	3.14376340334017e-15	14.5025501459947	8.79238672634075e-16	64.6840464757801	Historical	0	< 0.25	= 0.00
0.021274	0.021274	NODE_1334_length_35027_cov_16.496564:4454	NODE_1334_length_35027_cov_16.496564	4454	4533	60780	65234	3.14376340334017e-15	14.5025501459947	8.79238672634075e-16	64.6840464757801	Modern	0.021274	< 0.25	< 0.25
0.122919	0.122919	NODE_1334_length_35027_cov_16.496564:4470	NODE_1334_length_35027_cov_16.496564	4470	4533	60780	65250	2.74082562245042e-142	141.562118594383	4.94545933775479e-144	653.011338787379	Historical	0	< 0.25	= 0.00
0.122919	0.122919	NODE_1334_length_35027_cov_16.496564:4470	NODE_1334_length_35027_cov_16.496564	4470	4533	60780	65250	2.74082562245042e-142	141.562118594383	4.94545933775479e-144	653.011338787379	Modern	0.122919	< 0.25	< 0.25
0.011316	0.011316	NODE_1334_length_35027_cov_16.496564:4474	NODE_1334_length_35027_cov_16.496564	4474	4533	60780	65254	1.78772493329286e-06	5.74769930273411	8.88769233218245e-07	24.1551770377846	Historical	0	< 0.25	= 0.00
0.011316	0.011316	NODE_1334_length_35027_cov_16.496564:4474	NODE_1334_length_35027_cov_16.496564	4474	4533	60780	65254	1.78772493329286e-06	5.74769930273411	8.88769233218245e-07	24.1551770377846	Modern	0.011316	< 0.25	< 0.25
0.074217	0.074217	NODE_1334_length_35027_cov_16.496564:4485	NODE_1334_length_35027_cov_16.496564	4485	4533	60780	65265	2.76771880988922e-70	69.5578780347054	1.68218427191748e-71	319.7017181974	Historical	0	< 0.25	= 0.00
0.074217	0.074217	NODE_1334_length_35027_cov_16.496564:4485	NODE_1334_length_35027_cov_16.496564	4485	4533	60780	65265	2.76771880988922e-70	69.5578780347054	1.68218427191748e-71	319.7017181974	Modern	0.074217	< 0.25	< 0.25
0.044173	0.044173	NODE_1334_length_35027_cov_16.496564:4486	NODE_1334_length_35027_cov_16.496564	4486	4533	60780	65266	2.32941894235114e-36	35.6327523972579	3.19659104624635e-37	162.512665427555	Historical	0	< 0.25	= 0.00
0.044173	0.044173	NODE_1334_length_35027_cov_16.496564:4486	NODE_1334_length_35027_cov_16.496564	4486	4533	60780	65266	2.32941894235114e-36	35.6327523972579	3.19659104624635e-37	162.512665427555	Modern	0.044173	< 0.25	< 0.25
0.125058	0.125058	NODE_1334_length_35027_cov_16.496564:4491	NODE_1334_length_35027_cov_16.496564	4491	4533	60780	65271	4.36038686311871e-123	122.36047497746	1.05593414064128e-124	564.141833393858	Historical	0	< 0.25	= 0.00
0.125058	0.125058	NODE_1334_length_35027_cov_16.496564:4491	NODE_1334_length_35027_cov_16.496564	4491	4533	60780	65271	4.36038686311871e-123	122.36047497746	1.05593414064128e-124	564.141833393858	Modern	0.125058	< 0.25	< 0.25
0.025202	0.025202	NODE_1334_length_35027_cov_16.496564:4507	NODE_1334_length_35027_cov_16.496564	4507	4533	60780	65287	8.05975859029802e-14	13.0936779661939	2.40721184866926e-14	58.1675168392497	Historical	0	< 0.25	= 0.00
0.025202	0.025202	NODE_1334_length_35027_cov_16.496564:4507	NODE_1334_length_35027_cov_16.496564	4507	4533	60780	65287	8.05975859029802e-14	13.0936779661939	2.40721184866926e-14	58.1675168392497	Modern	0.025202	< 0.25	< 0.25
0.023429	0.023429	NODE_1334_length_35027_cov_16.496564:4528	NODE_1334_length_35027_cov_16.496564	4528	4533	60780	65308	1.14336359742511e-08	7.9418156390319	4.78301675845926e-09	34.2757623219912	Historical	0	< 0.25	= 0.00
0.023429	0.023429	NODE_1334_length_35027_cov_16.496564:4528	NODE_1334_length_35027_cov_16.496564	4528	4533	60780	65308	1.14336359742511e-08	7.9418156390319	4.78301675845926e-09	34.2757623219912	Modern	0.023429	< 0.25	< 0.25
0.036074	0.036074	NODE_1334_length_35027_cov_16.496564:4530	NODE_1334_length_35027_cov_16.496564	4530	4533	60780	65310	7.09951409060999e-14	13.1487713745187	2.11704408779823e-14	58.4202159837416	Historical	0	< 0.25	= 0.00
0.036074	0.036074	NODE_1334_length_35027_cov_16.496564:4530	NODE_1334_length_35027_cov_16.496564	4530	4533	60780	65310	7.09951409060999e-14	13.1487713745187	2.11704408779823e-14	58.4202159837416	Modern	0.036074	< 0.25	< 0.25
0.057548	0.057548	NODE_1334_length_35027_cov_16.496564:4531	NODE_1334_length_35027_cov_16.496564	4531	4533	60780	65311	7.64983885362941e-23	22.1163477133061	1.58735972413868e-23	99.9192862288018	Historical	0	< 0.25	= 0.00
0.057548	0.057548	NODE_1334_length_35027_cov_16.496564:4531	NODE_1334_length_35027_cov_16.496564	4531	4533	60780	65311	7.64983885362941e-23	22.1163477133061	1.58735972413868e-23	99.9192862288018	Modern	0.057548	< 0.25	< 0.25
0.03549	0.03549	NODE_1334_length_35027_cov_16.496564:4533	NODE_1334_length_35027_cov_16.496564	4533	4533	60780	65313	3.69786754252906e-12	11.4320486493096	1.2273548965944e-12	50.4420580968649	Historical	0	< 0.25	= 0.00
0.03549	0.03549	NODE_1334_length_35027_cov_16.496564:4533	NODE_1334_length_35027_cov_16.496564	4533	4533	60780	65313	3.69786754252906e-12	11.4320486493096	1.2273548965944e-12	50.4420580968649	Modern	0.03549	< 0.25	< 0.25
0.285715	0.285715	NODE_1342_length_34879_cov_9.076164:25	NODE_1342_length_34879_cov_9.076164	25	100	0	25	2.56461765301781e-106	105.590977372682	8.52437016672588e-108	486.429755927074	Historical	0	< 0.25	= 0.00
0.285715	0.285715	NODE_1342_length_34879_cov_9.076164:25	NODE_1342_length_34879_cov_9.076164	25	100	0	25	2.56461765301781e-106	105.590977372682	8.52437016672588e-108	486.429755927074	Modern	0.285715	0.25–0.75	0.25–0.75
0.023588	0.023588	NODE_1342_length_34879_cov_9.076164:36	NODE_1342_length_34879_cov_9.076164	36	100	0	36	9.25793590547994e-07	6.03348583024934	4.51906842869581e-07	25.4589053269829	Historical	0	< 0.25	= 0.00
0.023588	0.023588	NODE_1342_length_34879_cov_9.076164:36	NODE_1342_length_34879_cov_9.076164	36	100	0	36	9.25793590547994e-07	6.03348583024934	4.51906842869581e-07	25.4589053269829	Modern	0.023588	< 0.25	< 0.25
0.214503	0.214503	NODE_1342_length_34879_cov_9.076164:52	NODE_1342_length_34879_cov_9.076164	52	100	0	52	3.96290806402683e-132	131.401986002798	9.03226909179903e-134	605.829728263494	Historical	0	< 0.25	= 0.00
0.214503	0.214503	NODE_1342_length_34879_cov_9.076164:52	NODE_1342_length_34879_cov_9.076164	52	100	0	52	3.96290806402683e-132	131.401986002798	9.03226909179903e-134	605.829728263494	Modern	0.214503	< 0.25	< 0.25
0.011408	0.011408	NODE_1342_length_34879_cov_9.076164:67	NODE_1342_length_34879_cov_9.076164	67	100	0	67	0.00336750603903745	2.47269161677252	0.0022993702203874	9.29374968878632	Historical	0	< 0.25	= 0.00
0.011408	0.011408	NODE_1342_length_34879_cov_9.076164:67	NODE_1342_length_34879_cov_9.076164	67	100	0	67	0.00336750603903745	2.47269161677252	0.0022993702203874	9.29374968878632	Modern	0.011408	< 0.25	< 0.25
0.101041	0.101041	NODE_1342_length_34879_cov_9.076164:89	NODE_1342_length_34879_cov_9.076164	89	100	0	89	1.57288942544641e-49	48.8033018073236	1.51612798369241e-50	223.556096414715	Historical	0	< 0.25	= 0.00
0.101041	0.101041	NODE_1342_length_34879_cov_9.076164:89	NODE_1342_length_34879_cov_9.076164	89	100	0	89	1.57288942544641e-49	48.8033018073236	1.51612798369241e-50	223.556096414715	Modern	0.101041	< 0.25	< 0.25
0	0	NODE_1342_length_34879_cov_9.076164:91	NODE_1342_length_34879_cov_9.076164	91	100	0	91	0.999165688808028	0.000362487981788934	0.981204722528664	0.000555006030997207	Historical	0	< 0.25	= 0.00
0	0	NODE_1342_length_34879_cov_9.076164:91	NODE_1342_length_34879_cov_9.076164	91	100	0	91	0.999165688808028	0.000362487981788934	0.981204722528664	0.000555006030997207	Modern	0	< 0.25	= 0.00
0.01037	0.01037	NODE_1342_length_34879_cov_9.076164:92	NODE_1342_length_34879_cov_9.076164	92	100	0	92	0.0338318468112365	1.47067429431851	0.0273739159384364	4.86707152799682	Historical	0	< 0.25	= 0.00
0.01037	0.01037	NODE_1342_length_34879_cov_9.076164:92	NODE_1342_length_34879_cov_9.076164	92	100	0	92	0.0338318468112365	1.47067429431851	0.0273739159384364	4.86707152799682	Modern	0.01037	< 0.25	< 0.25
0.064008	0.064008	NODE_1342_length_34879_cov_9.076164:93	NODE_1342_length_34879_cov_9.076164	93	100	0	93	2.70515235946643e-23	22.5678082695548	5.52334052502642e-24	102.010315019451	Historical	0	< 0.25	= 0.00
0.064008	0.064008	NODE_1342_length_34879_cov_9.076164:93	NODE_1342_length_34879_cov_9.076164	93	100	0	93	2.70515235946643e-23	22.5678082695548	5.52334052502642e-24	102.010315019451	Modern	0.064008	< 0.25	< 0.25
0.093801	0.093801	NODE_1342_length_34879_cov_9.076164:95	NODE_1342_length_34879_cov_9.076164	95	100	0	95	9.48342923237655e-38	37.0230345922612	1.25635173591313e-38	168.947206184966	Historical	0	< 0.25	= 0.00
0.093801	0.093801	NODE_1342_length_34879_cov_9.076164:95	NODE_1342_length_34879_cov_9.076164	95	100	0	95	9.48342923237655e-38	37.0230345922612	1.25635173591313e-38	168.947206184966	Modern	0.093801	< 0.25	< 0.25
1e-06	1e-06	NODE_1342_length_34879_cov_9.076164:98	NODE_1342_length_34879_cov_9.076164	98	100	0	98	0.999165688808028	0.000362487981788934	0.977250979176108	0.000813135647186188	Historical	0	< 0.25	= 0.00
1e-06	1e-06	NODE_1342_length_34879_cov_9.076164:98	NODE_1342_length_34879_cov_9.076164	98	100	0	98	0.999165688808028	0.000362487981788934	0.977250979176108	0.000813135647186188	Modern	1e-06	< 0.25	< 0.25
0.132342	0.132342	NODE_1342_length_34879_cov_9.076164:100	NODE_1342_length_34879_cov_9.076164	100	100	0	100	8.8805566756262e-52	51.0515598097197	8.30707343351548e-53	233.924762615294	Historical	0	< 0.25	= 0.00
0.132342	0.132342	NODE_1342_length_34879_cov_9.076164:100	NODE_1342_length_34879_cov_9.076164	100	100	0	100	8.8805566756262e-52	51.0515598097197	8.30707343351548e-53	233.924762615294	Modern	0.132342	< 0.25	< 0.25
2e-06	2e-06	NODE_1375_length_34574_cov_138.316403:2517	NODE_1375_length_34574_cov_138.316403	2517	2610	33398	35915	0.999165688808028	0.000362487981788934	0.991279726034884	0.000119453100937341	Historical	0	< 0.25	= 0.00
2e-06	2e-06	NODE_1375_length_34574_cov_138.316403:2517	NODE_1375_length_34574_cov_138.316403	2517	2610	33398	35915	0.999165688808028	0.000362487981788934	0.991279726034884	0.000119453100937341	Modern	2e-06	< 0.25	< 0.25
0.011077	0.011077	NODE_1375_length_34574_cov_138.316403:2556	NODE_1375_length_34574_cov_138.316403	2556	2610	33398	35954	0.000252711236308919	3.59737544759939	0.000152994694346568	14.3349889790434	Historical	0	< 0.25	= 0.00
0.011077	0.011077	NODE_1375_length_34574_cov_138.316403:2556	NODE_1375_length_34574_cov_138.316403	2556	2610	33398	35954	0.000252711236308919	3.59737544759939	0.000152994694346568	14.3349889790434	Modern	0.011077	< 0.25	< 0.25
0.09952	0.09952	NODE_1375_length_34574_cov_138.316403:2570	NODE_1375_length_34574_cov_138.316403	2570	2610	33398	35968	2.81537585588528e-68	67.5504636181339	1.79135975635626e-69	310.394972280578	Historical	0	< 0.25	= 0.00
0.09952	0.09952	NODE_1375_length_34574_cov_138.316403:2570	NODE_1375_length_34574_cov_138.316403	2570	2610	33398	35968	2.81537585588528e-68	67.5504636181339	1.79135975635626e-69	310.394972280578	Modern	0.09952	< 0.25	< 0.25
0.023405	0.023405	NODE_1375_length_34574_cov_138.316403:2571	NODE_1375_length_34574_cov_138.316403	2571	2610	33398	35969	8.95312014384448e-10	9.04802558757694	3.43925650349961e-10	39.4077703912238	Historical	0	< 0.25	= 0.00
0.023405	0.023405	NODE_1375_length_34574_cov_138.316403:2571	NODE_1375_length_34574_cov_138.316403	2571	2610	33398	35969	8.95312014384448e-10	9.04802558757694	3.43925650349961e-10	39.4077703912238	Modern	0.023405	< 0.25	< 0.25
0.008334	0.008334	NODE_1375_length_34574_cov_138.316403:2574	NODE_1375_length_34574_cov_138.316403	2574	2610	33398	35972	0.0128765267145191	1.89020126680076	0.00986222107811935	6.65961517470698	Historical	0	< 0.25	= 0.00
0.008334	0.008334	NODE_1375_length_34574_cov_138.316403:2574	NODE_1375_length_34574_cov_138.316403	2574	2610	33398	35972	0.0128765267145191	1.89020126680076	0.00986222107811935	6.65961517470698	Modern	0.008334	< 0.25	< 0.25
0.045952	0.045952	NODE_1375_length_34574_cov_138.316403:2575	NODE_1375_length_34574_cov_138.316403	2575	2610	33398	35973	6.66518472524892e-23	22.1761878096343	1.37671194467392e-23	100.201269948526	Historical	0	< 0.25	= 0.00
0.045952	0.045952	NODE_1375_length_34574_cov_138.316403:2575	NODE_1375_length_34574_cov_138.316403	2575	2610	33398	35973	6.66518472524892e-23	22.1761878096343	1.37671194467392e-23	100.201269948526	Modern	0.045952	< 0.25	< 0.25
0.044302	0.044302	NODE_1375_length_34574_cov_138.316403:2585	NODE_1375_length_34574_cov_138.316403	2585	2610	33398	35983	2.54048679194314e-18	17.5950830586561	6.20042835260576e-19	79.0033633940811	Historical	0	< 0.25	= 0.00
0.044302	0.044302	NODE_1375_length_34574_cov_138.316403:2585	NODE_1375_length_34574_cov_138.316403	2585	2610	33398	35983	2.54048679194314e-18	17.5950830586561	6.20042835260576e-19	79.0033633940811	Modern	0.044302	< 0.25	< 0.25
0.474255	0.474255	NODE_1375_length_34574_cov_138.316403:2590	NODE_1375_length_34574_cov_138.316403	2590	2610	33398	35988	1.14199567598981e-06	5.94233554048362	5.60152674880094e-07	25.0447429390573	Historical	0.052276	< 0.25	< 0.25
0.474255	0.474255	NODE_1375_length_34574_cov_138.316403:2590	NODE_1375_length_34574_cov_138.316403	2590	2610	33398	35988	1.14199567598981e-06	5.94233554048362	5.60152674880094e-07	25.0447429390573	Modern	0.526531	0.25–0.75	0.25–0.75
0.025116	0.025116	NODE_1375_length_34574_cov_138.316403:2610	NODE_1375_length_34574_cov_138.316403	2610	2610	33398	36008	3.63782094167768e-07	6.43915868129098	1.71699620893999e-07	27.3280821961224	Historical	0	< 0.25	= 0.00
0.025116	0.025116	NODE_1375_length_34574_cov_138.316403:2610	NODE_1375_length_34574_cov_138.316403	2610	2610	33398	36008	3.63782094167768e-07	6.43915868129098	1.71699620893999e-07	27.3280821961224	Modern	0.025116	< 0.25	< 0.25
0.080815	0.080815	NODE_1398_length_34319_cov_15.288428:1854	NODE_1398_length_34319_cov_15.288428	1854	2105	66796	68650	1.04869767901191e-15	14.9793496931794	2.85329425486145e-16	66.9021094236665	Historical	0	< 0.25	= 0.00
0.080815	0.080815	NODE_1398_length_34319_cov_15.288428:1854	NODE_1398_length_34319_cov_15.288428	1854	2105	66796	68650	1.04869767901191e-15	14.9793496931794	2.85329425486145e-16	66.9021094236665	Modern	0.080815	< 0.25	< 0.25
0.082012	0.082012	NODE_1398_length_34319_cov_15.288428:1858	NODE_1398_length_34319_cov_15.288428	1858	2105	66796	68654	9.71019103831744e-16	15.0127722256975	2.6373358375677e-16	67.0572673390365	Historical	0	< 0.25	= 0.00
0.082012	0.082012	NODE_1398_length_34319_cov_15.288428:1858	NODE_1398_length_34319_cov_15.288428	1858	2105	66796	68654	9.71019103831744e-16	15.0127722256975	2.6373358375677e-16	67.0572673390365	Modern	0.082012	< 0.25	< 0.25
0.196567	0.196567	NODE_1398_length_34319_cov_15.288428:2105	NODE_1398_length_34319_cov_15.288428	2105	2105	66796	68901	1.67325555691841e-30	29.7764377240206	2.69341706455527e-31	135.404299293102	Historical	0	< 0.25	= 0.00
0.196567	0.196567	NODE_1398_length_34319_cov_15.288428:2105	NODE_1398_length_34319_cov_15.288428	2105	2105	66796	68901	1.67325555691841e-30	29.7764377240206	2.69341706455527e-31	135.404299293102	Modern	0.196567	< 0.25	< 0.25
0.020003	0.020003	NODE_1401_length_34271_cov_13.536404:31023	NODE_1401_length_34271_cov_13.536404	31023	31193	100194	131217	0.000263726272436849	3.57884660359299	0.00016003902002578	14.2502562127935	Historical	0	< 0.25	= 0.00
0.020003	0.020003	NODE_1401_length_34271_cov_13.536404:31023	NODE_1401_length_34271_cov_13.536404	31023	31193	100194	131217	0.000263726272436849	3.57884660359299	0.00016003902002578	14.2502562127935	Modern	0.020003	< 0.25	< 0.25
0.026085	0.026085	NODE_1401_length_34271_cov_13.536404:31025	NODE_1401_length_34271_cov_13.536404	31025	31193	100194	131219	3.42453913665965e-06	5.46539786617822	1.75292174231676e-06	22.8484331166559	Historical	0	< 0.25	= 0.00
0.026085	0.026085	NODE_1401_length_34271_cov_13.536404:31025	NODE_1401_length_34271_cov_13.536404	31025	31193	100194	131219	3.42453913665965e-06	5.46539786617822	1.75292174231676e-06	22.8484331166559	Modern	0.026085	< 0.25	< 0.25
0.058086	0.058086	NODE_1401_length_34271_cov_13.536404:31035	NODE_1401_length_34271_cov_13.536404	31035	31193	100194	131229	2.94458304590293e-21	20.5309761927898	6.43166287329225e-22	92.5904628521673	Historical	0	< 0.25	= 0.00
0.058086	0.058086	NODE_1401_length_34271_cov_13.536404:31035	NODE_1401_length_34271_cov_13.536404	31035	31193	100194	131229	2.94458304590293e-21	20.5309761927898	6.43166287329225e-22	92.5904628521673	Modern	0.058086	< 0.25	< 0.25
0.026159	0.026159	NODE_1401_length_34271_cov_13.536404:31049	NODE_1401_length_34271_cov_13.536404	31049	31193	100194	131243	3.85351669836124e-10	9.41414275475493	1.4308879668179e-10	41.1210252052515	Historical	0	< 0.25	= 0.00
0.026159	0.026159	NODE_1401_length_34271_cov_13.536404:31049	NODE_1401_length_34271_cov_13.536404	31049	31193	100194	131243	3.85351669836124e-10	9.41414275475493	1.4308879668179e-10	41.1210252052515	Modern	0.026159	< 0.25	< 0.25
0.047156	0.047156	NODE_1401_length_34271_cov_13.536404:31062	NODE_1401_length_34271_cov_13.536404	31062	31193	100194	131256	8.70450521234396e-26	25.0602559103199	1.65327734327521e-26	113.528028474191	Historical	0	< 0.25	= 0.00
0.047156	0.047156	NODE_1401_length_34271_cov_13.536404:31062	NODE_1401_length_34271_cov_13.536404	31062	31193	100194	131256	8.70450521234396e-26	25.0602559103199	1.65327734327521e-26	113.528028474191	Modern	0.047156	< 0.25	< 0.25
0.038931	0.038931	NODE_1401_length_34271_cov_13.536404:31164	NODE_1401_length_34271_cov_13.536404	31164	31193	100194	131358	3.16637685965844e-13	12.4994373970132	9.77276808536556e-14	55.4122068850288	Historical	0	< 0.25	= 0.00
0.038931	0.038931	NODE_1401_length_34271_cov_13.536404:31164	NODE_1401_length_34271_cov_13.536404	31164	31193	100194	131358	3.16637685965844e-13	12.4994373970132	9.77276808536556e-14	55.4122068850288	Modern	0.038931	< 0.25	< 0.25
0.095252	0.095252	NODE_1401_length_34271_cov_13.536404:31169	NODE_1401_length_34271_cov_13.536404	31169	31193	100194	131363	8.93562354832401e-31	30.048875136035	1.42986948517815e-31	136.661642453692	Historical	0	< 0.25	= 0.00
0.095252	0.095252	NODE_1401_length_34271_cov_13.536404:31169	NODE_1401_length_34271_cov_13.536404	31169	31193	100194	131363	8.93562354832401e-31	30.048875136035	1.42986948517815e-31	136.661642453692	Modern	0.095252	< 0.25	< 0.25
0.013803	0.013803	NODE_1401_length_34271_cov_13.536404:31172	NODE_1401_length_34271_cov_13.536404	31172	31193	100194	131366	0.00219004993396808	2.6595459829683	0.00145067410156005	10.140238278732	Historical	0	< 0.25	= 0.00
0.013803	0.013803	NODE_1401_length_34271_cov_13.536404:31172	NODE_1401_length_34271_cov_13.536404	31172	31193	100194	131366	0.00219004993396808	2.6595459829683	0.00145067410156005	10.140238278732	Modern	0.013803	< 0.25	< 0.25
0.299235	0.299235	NODE_1401_length_34271_cov_13.536404:31193	NODE_1401_length_34271_cov_13.536404	31193	31193	100194	131387	4.51208209605515e-63	62.3456230070878	3.44940749033656e-64	286.139495254552	Historical	0	< 0.25	= 0.00
0.299235	0.299235	NODE_1401_length_34271_cov_13.536404:31193	NODE_1401_length_34271_cov_13.536404	31193	31193	100194	131387	4.51208209605515e-63	62.3456230070878	3.44940749033656e-64	286.139495254552	Modern	0.299235	0.25–0.75	0.25–0.75
0.03695	0.03695	NODE_1412_length_34196_cov_7.861425:2290	NODE_1412_length_34196_cov_7.861425	2290	2301	133592	135882	1.97949094800417e-05	4.70344647988845	1.08279846728433e-05	19.359489045798	Historical	0	< 0.25	= 0.00
0.03695	0.03695	NODE_1412_length_34196_cov_7.861425:2290	NODE_1412_length_34196_cov_7.861425	2290	2301	133592	135882	1.97949094800417e-05	4.70344647988845	1.08279846728433e-05	19.359489045798	Modern	0.03695	< 0.25	< 0.25
0.063204	0.063204	NODE_1412_length_34196_cov_7.861425:2291	NODE_1412_length_34196_cov_7.861425	2291	2301	133592	135883	2.76268216809544e-09	8.55866907548232	1.09798906680716e-09	37.142595024399	Historical	0	< 0.25	= 0.00
0.063204	0.063204	NODE_1412_length_34196_cov_7.861425:2291	NODE_1412_length_34196_cov_7.861425	2291	2301	133592	135883	2.76268216809544e-09	8.55866907548232	1.09798906680716e-09	37.142595024399	Modern	0.063204	< 0.25	< 0.25
1e-06	1e-06	NODE_1412_length_34196_cov_7.861425:2294	NODE_1412_length_34196_cov_7.861425	2294	2301	133592	135886	0.999165688808028	0.000362487981788934	0.982935664070438	0.000457472386850222	Historical	0	< 0.25	= 0.00
1e-06	1e-06	NODE_1412_length_34196_cov_7.861425:2294	NODE_1412_length_34196_cov_7.861425	2294	2301	133592	135886	0.999165688808028	0.000362487981788934	0.982935664070438	0.000457472386850222	Modern	1e-06	< 0.25	< 0.25
0.042987	0.042987	NODE_1412_length_34196_cov_7.861425:2300	NODE_1412_length_34196_cov_7.861425	2300	2301	133592	135892	1.7204261815964e-06	5.76436395693617	8.52043925643419e-07	24.2364501997545	Historical	0	< 0.25	= 0.00
0.042987	0.042987	NODE_1412_length_34196_cov_7.861425:2300	NODE_1412_length_34196_cov_7.861425	2300	2301	133592	135892	1.7204261815964e-06	5.76436395693617	8.52043925643419e-07	24.2364501997545	Modern	0.042987	< 0.25	< 0.25
0.033968	0.033968	NODE_1412_length_34196_cov_7.861425:2301	NODE_1412_length_34196_cov_7.861425	2301	2301	133592	135893	3.79868000909323e-05	4.42036728874013	2.11037778282957e-05	18.0869964187874	Historical	0	< 0.25	= 0.00
0.033968	0.033968	NODE_1412_length_34196_cov_7.861425:2301	NODE_1412_length_34196_cov_7.861425	2301	2301	133592	135893	3.79868000909323e-05	4.42036728874013	2.11037778282957e-05	18.0869964187874	Modern	0.033968	< 0.25	< 0.25
0.087742	0.087742	NODE_1439_length_33910_cov_7.872201:33846	NODE_1439_length_33910_cov_7.872201	33846	33908	166990	200836	1.06810190883738e-34	33.9713873087922	1.55194294446457e-35	154.795535405097	Historical	0	< 0.25	= 0.00
0.087742	0.087742	NODE_1439_length_33910_cov_7.872201:33846	NODE_1439_length_33910_cov_7.872201	33846	33908	166990	200836	1.06810190883738e-34	33.9713873087922	1.55194294446457e-35	154.795535405097	Modern	0.087742	< 0.25	< 0.25
0.094897	0.094897	NODE_1439_length_33910_cov_7.872201:33856	NODE_1439_length_33910_cov_7.872201	33856	33908	166990	200846	1.19036617613093e-43	42.9243194219598	1.31697682354466e-44	196.335343606011	Historical	0	< 0.25	= 0.00
0.094897	0.094897	NODE_1439_length_33910_cov_7.872201:33856	NODE_1439_length_33910_cov_7.872201	33856	33908	166990	200846	1.19036617613093e-43	42.9243194219598	1.31697682354466e-44	196.335343606011	Modern	0.094897	< 0.25	< 0.25
0.011326	0.011326	NODE_1439_length_33910_cov_7.872201:33908	NODE_1439_length_33910_cov_7.872201	33908	33908	166990	200898	0.242054432641061	0.616086959898008	0.204815289157821	1.60770087792646	Historical	0	< 0.25	= 0.00
0.011326	0.011326	NODE_1439_length_33910_cov_7.872201:33908	NODE_1439_length_33910_cov_7.872201	33908	33908	166990	200898	0.242054432641061	0.616086959898008	0.204815289157821	1.60770087792646	Modern	0.011326	< 0.25	< 0.25
0.074568	0.074568	NODE_1451_length_33808_cov_23.466582:3757	NODE_1451_length_33808_cov_23.466582	3757	3799	200388	204145	5.30780484255109e-50	49.2750850536601	5.09105687652099e-51	225.729026472812	Historical	0	< 0.25	= 0.00
0.074568	0.074568	NODE_1451_length_33808_cov_23.466582:3757	NODE_1451_length_33808_cov_23.466582	3757	3799	200388	204145	5.30780484255109e-50	49.2750850536601	5.09105687652099e-51	225.729026472812	Modern	0.074568	< 0.25	< 0.25
0.032084	0.032084	NODE_1451_length_33808_cov_23.466582:3761	NODE_1451_length_33808_cov_23.466582	3761	3799	200388	204149	8.432983044335e-17	16.0740187728804	2.19033320287334e-17	71.965135198847	Historical	0	< 0.25	= 0.00
0.032084	0.032084	NODE_1451_length_33808_cov_23.466582:3761	NODE_1451_length_33808_cov_23.466582	3761	3799	200388	204149	8.432983044335e-17	16.0740187728804	2.19033320287334e-17	71.965135198847	Modern	0.032084	< 0.25	< 0.25
0.213486	0.213486	NODE_1451_length_33808_cov_23.466582:3783	NODE_1451_length_33808_cov_23.466582	3783	3799	200388	204171	9.07547228800831e-196	195.042130764998	9.9114844550898e-198	899.980137033955	Historical	0	< 0.25	= 0.00
0.213486	0.213486	NODE_1451_length_33808_cov_23.466582:3783	NODE_1451_length_33808_cov_23.466582	3783	3799	200388	204171	9.07547228800831e-196	195.042130764998	9.9114844550898e-198	899.980137033955	Modern	0.213486	< 0.25	< 0.25
0.096534	0.096534	NODE_1451_length_33808_cov_23.466582:3784	NODE_1451_length_33808_cov_23.466582	3784	3799	200388	204172	1.84130448957332e-73	72.734874387918	1.06666261979081e-74	334.383715340793	Historical	0	< 0.25	= 0.00
0.096534	0.096534	NODE_1451_length_33808_cov_23.466582:3784	NODE_1451_length_33808_cov_23.466582	3784	3799	200388	204172	1.84130448957332e-73	72.734874387918	1.06666261979081e-74	334.383715340793	Modern	0.096534	< 0.25	< 0.25
0.044222	0.044222	NODE_1451_length_33808_cov_23.466582:3793	NODE_1451_length_33808_cov_23.466582	3793	3799	200388	204181	1.81545383372721e-23	22.7410147905475	3.66366514403639e-24	102.823560027415	Historical	0	< 0.25	= 0.00
0.044222	0.044222	NODE_1451_length_33808_cov_23.466582:3793	NODE_1451_length_33808_cov_23.466582	3793	3799	200388	204181	1.81545383372721e-23	22.7410147905475	3.66366514403639e-24	102.823560027415	Modern	0.044222	< 0.25	< 0.25
0.023046	0.023046	NODE_1451_length_33808_cov_23.466582:3798	NODE_1451_length_33808_cov_23.466582	3798	3799	200388	204186	9.95603389602435e-09	8.00191363347453	4.14598372593227e-09	34.5539546641632	Historical	0	< 0.25	= 0.00
0.023046	0.023046	NODE_1451_length_33808_cov_23.466582:3798	NODE_1451_length_33808_cov_23.466582	3798	3799	200388	204186	9.95603389602435e-09	8.00191363347453	4.14598372593227e-09	34.5539546641632	Modern	0.023046	< 0.25	< 0.25
0	0	NODE_1451_length_33808_cov_23.466582:3799	NODE_1451_length_33808_cov_23.466582	3799	3799	200388	204187	0.999165688808028	0.000362487981788934	0.985869293283646	0.00031368449448056	Historical	0	< 0.25	= 0.00
0	0	NODE_1451_length_33808_cov_23.466582:3799	NODE_1451_length_33808_cov_23.466582	3799	3799	200388	204187	0.999165688808028	0.000362487981788934	0.985869293283646	0.00031368449448056	Modern	0	< 0.25	= 0.00
0.0339	0.0339	NODE_1469_length_33638_cov_9.036048:33581	NODE_1469_length_33638_cov_9.036048	33581	33624	0	33581	2.94920376843174e-12	11.5302952198361	9.73265251215602e-13	50.8973171439229	Historical	0	< 0.25	= 0.00
0.0339	0.0339	NODE_1469_length_33638_cov_9.036048:33581	NODE_1469_length_33638_cov_9.036048	33581	33624	0	33581	2.94920376843174e-12	11.5302952198361	9.73265251215602e-13	50.8973171439229	Modern	0.0339	< 0.25	< 0.25
0.024601	0.024601	NODE_1469_length_33638_cov_9.036048:33624	NODE_1469_length_33638_cov_9.036048	33624	33624	0	33624	5.7618369598765e-06	5.23943903491846	2.9985628243232e-06	21.8174771967424	Historical	0	< 0.25	= 0.00
0.024601	0.024601	NODE_1469_length_33638_cov_9.036048:33624	NODE_1469_length_33638_cov_9.036048	33624	33624	0	33624	5.7618369598765e-06	5.23943903491846	2.9985628243232e-06	21.8174771967424	Modern	0.024601	< 0.25	< 0.25
0.081944	0.081944	NODE_146_length_69587_cov_11.942450:69521	NODE_146_length_69587_cov_11.942450	69521	69557	0	69521	5.92690863445222e-12	11.2271717675238	1.98126480467918e-12	49.502426866873	Historical	0	< 0.25	= 0.00
0.081944	0.081944	NODE_146_length_69587_cov_11.942450:69521	NODE_146_length_69587_cov_11.942450	69521	69557	0	69521	5.92690863445222e-12	11.2271717675238	1.98126480467918e-12	49.502426866873	Modern	0.081944	< 0.25	< 0.25
0.032199	0.032199	NODE_146_length_69587_cov_11.942450:69522	NODE_146_length_69587_cov_11.942450	69522	69557	0	69522	5.55725965722519e-05	4.25513931077885	3.12694809772643e-05	17.3390497757991	Historical	0	< 0.25	= 0.00
0.032199	0.032199	NODE_146_length_69587_cov_11.942450:69522	NODE_146_length_69587_cov_11.942450	69522	69557	0	69522	5.55725965722519e-05	4.25513931077885	3.12694809772643e-05	17.3390497757991	Modern	0.032199	< 0.25	< 0.25
0.102078	0.102078	NODE_146_length_69587_cov_11.942450:69534	NODE_146_length_69587_cov_11.942450	69534	69557	0	69534	6.9117445879873e-18	17.1604123188621	1.72301325199114e-18	76.9845415460663	Historical	0	< 0.25	= 0.00
0.102078	0.102078	NODE_146_length_69587_cov_11.942450:69534	NODE_146_length_69587_cov_11.942450	69534	69557	0	69534	6.9117445879873e-18	17.1604123188621	1.72301325199114e-18	76.9845415460663	Modern	0.102078	< 0.25	< 0.25
0.048055	0.048055	NODE_146_length_69587_cov_11.942450:69535	NODE_146_length_69587_cov_11.942450	69535	69557	0	69535	3.43088628909337e-08	7.46459367565926	1.48085262905312e-08	32.0782591663766	Historical	0	< 0.25	= 0.00
0.048055	0.048055	NODE_146_length_69587_cov_11.942450:69535	NODE_146_length_69587_cov_11.942450	69535	69557	0	69535	3.43088628909337e-08	7.46459367565926	1.48085262905312e-08	32.0782591663766	Modern	0.048055	< 0.25	< 0.25
0.018523	0.018523	NODE_146_length_69587_cov_11.942450:69557	NODE_146_length_69587_cov_11.942450	69557	69557	0	69557	0.0061986053999375	2.20770600973398	0.00443850757032561	8.09510056259326	Historical	0	< 0.25	= 0.00
0.018523	0.018523	NODE_146_length_69587_cov_11.942450:69557	NODE_146_length_69587_cov_11.942450	69557	69557	0	69557	0.0061986053999375	2.20770600973398	0.00443850757032561	8.09510056259326	Modern	0.018523	< 0.25	< 0.25
0.283833	0.283833	NODE_1487_length_33488_cov_9.763695:44	NODE_1487_length_33488_cov_9.763695	44	112	5433	5477	2.50919737889262e-283	282.600465174798	1.66803244560763e-285	1303.82404297407	Historical	0	< 0.25	= 0.00
0.283833	0.283833	NODE_1487_length_33488_cov_9.763695:44	NODE_1487_length_33488_cov_9.763695	44	112	5433	5477	2.50919737889262e-283	282.600465174798	1.66803244560763e-285	1303.82404297407	Modern	0.283833	0.25–0.75	0.25–0.75
0.017998	0.017998	NODE_1487_length_33488_cov_9.763695:68	NODE_1487_length_33488_cov_9.763695	68	112	5433	5501	7.02231480281919e-09	8.15351970547979	2.887618527655e-09	35.258212453972	Historical	0	< 0.25	= 0.00
0.017998	0.017998	NODE_1487_length_33488_cov_9.763695:68	NODE_1487_length_33488_cov_9.763695	68	112	5433	5501	7.02231480281919e-09	8.15351970547979	2.887618527655e-09	35.258212453972	Modern	0.017998	< 0.25	< 0.25
0.01172	0.01172	NODE_1487_length_33488_cov_9.763695:78	NODE_1487_length_33488_cov_9.763695	78	112	5433	5511	8.87839718774294e-05	4.05166543009388	5.13058374999201e-05	16.3992384967398	Historical	0	< 0.25	= 0.00
0.01172	0.01172	NODE_1487_length_33488_cov_9.763695:78	NODE_1487_length_33488_cov_9.763695	78	112	5433	5511	8.87839718774294e-05	4.05166543009388	5.13058374999201e-05	16.3992384967398	Modern	0.01172	< 0.25	< 0.25
0	0	NODE_1487_length_33488_cov_9.763695:99	NODE_1487_length_33488_cov_9.763695	99	112	5433	5532	0.999165688808028	0.000362487981788934	0.986628965009086	0.000280860448886489	Historical	0	< 0.25	= 0.00
0	0	NODE_1487_length_33488_cov_9.763695:99	NODE_1487_length_33488_cov_9.763695	99	112	5433	5532	0.999165688808028	0.000362487981788934	0.986628965009086	0.000280860448886489	Modern	0	< 0.25	= 0.00
0.025457	0.025457	NODE_1487_length_33488_cov_9.763695:100	NODE_1487_length_33488_cov_9.763695	100	112	5433	5533	5.8015970439321e-08	7.23645243886911	2.55644921973836e-08	31.0180122976561	Historical	0	< 0.25	= 0.00
0.025457	0.025457	NODE_1487_length_33488_cov_9.763695:100	NODE_1487_length_33488_cov_9.763695	100	112	5433	5533	5.8015970439321e-08	7.23645243886911	2.55644921973836e-08	31.0180122976561	Modern	0.025457	< 0.25	< 0.25
0.320665	-0.320665	NODE_1487_length_33488_cov_9.763695:112	NODE_1487_length_33488_cov_9.763695	112	112	5433	5545	0.152841890519318	0.815757599110888	0.128311710559427	2.3128123309446	Historical	0.52756	0.25–0.75	0.25–0.75
0.320665	-0.320665	NODE_1487_length_33488_cov_9.763695:112	NODE_1487_length_33488_cov_9.763695	112	112	5433	5545	0.152841890519318	0.815757599110888	0.128311710559427	2.3128123309446	Modern	0.206895	< 0.25	< 0.25
0	0	NODE_1498_length_33417_cov_72.751366:6231	NODE_1498_length_33417_cov_72.751366	6231	6317	10866	17097	0.999165688808028	0.000362487981788934	0.986027601346357	0.000306694657748523	Historical	0	< 0.25	= 0.00
0	0	NODE_1498_length_33417_cov_72.751366:6231	NODE_1498_length_33417_cov_72.751366	6231	6317	10866	17097	0.999165688808028	0.000362487981788934	0.986027601346357	0.000306694657748523	Modern	0	< 0.25	= 0.00
0.01077	0.01077	NODE_1498_length_33417_cov_72.751366:6267	NODE_1498_length_33417_cov_72.751366	6267	6317	10866	17133	1.46287705444997e-05	4.83479217204122	7.87008405836568e-06	19.969172059364	Historical	0	< 0.25	= 0.00
0.01077	0.01077	NODE_1498_length_33417_cov_72.751366:6267	NODE_1498_length_33417_cov_72.751366	6267	6317	10866	17133	1.46287705444997e-05	4.83479217204122	7.87008405836568e-06	19.969172059364	Modern	0.01077	< 0.25	< 0.25
0.000116	0.000116	NODE_1498_length_33417_cov_72.751366:6317	NODE_1498_length_33417_cov_72.751366	6317	6317	10866	17183	0.999165688808028	0.000362487981788934	0.96219933372855	0.00224617663423565	Historical	0	< 0.25	= 0.00
0.000116	0.000116	NODE_1498_length_33417_cov_72.751366:6317	NODE_1498_length_33417_cov_72.751366	6317	6317	10866	17183	0.999165688808028	0.000362487981788934	0.96219933372855	0.00224617663423565	Modern	0.000116	< 0.25	< 0.25
0.208458	-0.208458	NODE_1502_length_33380_cov_7.110333:100	NODE_1502_length_33380_cov_7.110333	100	107	16299	16399	0.379380095279582	0.420925458732045	0.324436634187334	0.970977018328167	Historical	0.459836	0.25–0.75	0.25–0.75
0.208458	-0.208458	NODE_1502_length_33380_cov_7.110333:100	NODE_1502_length_33380_cov_7.110333	100	107	16299	16399	0.379380095279582	0.420925458732045	0.324436634187334	0.970977018328167	Modern	0.251378	0.25–0.75	0.25–0.75
0.200531	0.200531	NODE_1502_length_33380_cov_7.110333:107	NODE_1502_length_33380_cov_7.110333	107	107	16299	16406	8.27171417264075e-28	27.0824044809462	1.47681126729009e-28	122.886196687764	Historical	0	< 0.25	= 0.00
0.200531	0.200531	NODE_1502_length_33380_cov_7.110333:107	NODE_1502_length_33380_cov_7.110333	107	107	16299	16406	8.27171417264075e-28	27.0824044809462	1.47681126729009e-28	122.886196687764	Modern	0.200531	< 0.25	< 0.25
0.04654	-0.04654	NODE_1509_length_33335_cov_22.175232:11390	NODE_1509_length_33335_cov_22.175232	11390	11638	0	11390	0.919623731917314	0.0363898298040783	0.825740017595271	0.0484741177727542	Historical	0.466706	0.25–0.75	0.25–0.75
0.04654	-0.04654	NODE_1509_length_33335_cov_22.175232:11390	NODE_1509_length_33335_cov_22.175232	11390	11638	0	11390	0.919623731917314	0.0363898298040783	0.825740017595271	0.0484741177727542	Modern	0.420166	0.25–0.75	0.25–0.75
0.182207	0.182207	NODE_1509_length_33335_cov_22.175232:11399	NODE_1509_length_33335_cov_22.175232	11399	11638	0	11399	4.65751473579157e-38	37.3318457623764	5.97117273819433e-39	170.426297010474	Historical	0	< 0.25	= 0.00
0.182207	0.182207	NODE_1509_length_33335_cov_22.175232:11399	NODE_1509_length_33335_cov_22.175232	11399	11638	0	11399	4.65751473579157e-38	37.3318457623764	5.97117273819433e-39	170.426297010474	Modern	0.182207	< 0.25	< 0.25
0.268449	0.268449	NODE_1509_length_33335_cov_22.175232:11402	NODE_1509_length_33335_cov_22.175232	11402	11638	0	11402	0.207300390382812	0.683399880053068	0.17530958939781	1.83694368075376	Historical	0.32216	0.25–0.75	0.25–0.75
0.268449	0.268449	NODE_1509_length_33335_cov_22.175232:11402	NODE_1509_length_33335_cov_22.175232	11402	11638	0	11402	0.207300390382812	0.683399880053068	0.17530958939781	1.83694368075376	Modern	0.590609	0.25–0.75	0.25–0.75
0.129993	0.129993	NODE_1509_length_33335_cov_22.175232:11414	NODE_1509_length_33335_cov_22.175232	11414	11638	0	11414	1.49887888464772e-39	38.8242334584487	1.84335057513656e-40	177.342847260966	Historical	0	< 0.25	= 0.00
0.129993	0.129993	NODE_1509_length_33335_cov_22.175232:11414	NODE_1509_length_33335_cov_22.175232	11414	11638	0	11414	1.49887888464772e-39	38.8242334584487	1.84335057513656e-40	177.342847260966	Modern	0.129993	< 0.25	< 0.25
0.052151	0.052151	NODE_1509_length_33335_cov_22.175232:11432	NODE_1509_length_33335_cov_22.175232	11432	11638	0	11432	2.73601709397339e-18	17.5628811935765	6.70363162625959e-19	78.8492078632102	Historical	0	< 0.25	= 0.00
0.052151	0.052151	NODE_1509_length_33335_cov_22.175232:11432	NODE_1509_length_33335_cov_22.175232	11432	11638	0	11432	2.73601709397339e-18	17.5628811935765	6.70363162625959e-19	78.8492078632102	Modern	0.052151	< 0.25	< 0.25
0.027328	0.027328	NODE_1509_length_33335_cov_22.175232:11433	NODE_1509_length_33335_cov_22.175232	11433	11638	0	11433	8.94771891594157e-09	8.04828766730819	3.70909715746296e-09	34.7707217398654	Historical	0	< 0.25	= 0.00
0.027328	0.027328	NODE_1509_length_33335_cov_22.175232:11433	NODE_1509_length_33335_cov_22.175232	11433	11638	0	11433	8.94771891594157e-09	8.04828766730819	3.70909715746296e-09	34.7707217398654	Modern	0.027328	< 0.25	< 0.25
0.032619	0.032619	NODE_1509_length_33335_cov_22.175232:11461	NODE_1509_length_33335_cov_22.175232	11461	11638	0	11461	1.70848226636851e-15	14.7673895247132	4.69710936480232e-16	65.9195434692471	Historical	0	< 0.25	= 0.00
0.032619	0.032619	NODE_1509_length_33335_cov_22.175232:11461	NODE_1509_length_33335_cov_22.175232	11461	11638	0	11461	1.70848226636851e-15	14.7673895247132	4.69710936480232e-16	65.9195434692471	Modern	0.032619	< 0.25	< 0.25
0.048554	0.048554	NODE_1509_length_33335_cov_22.175232:11462	NODE_1509_length_33335_cov_22.175232	11462	11638	0	11462	3.36293411509592e-25	24.4732816410798	6.48314933869393e-26	110.818874845867	Historical	0	< 0.25	= 0.00
0.048554	0.048554	NODE_1509_length_33335_cov_22.175232:11462	NODE_1509_length_33335_cov_22.175232	11462	11638	0	11462	3.36293411509592e-25	24.4732816410798	6.48314933869393e-26	110.818874845867	Modern	0.048554	< 0.25	< 0.25
0.016245	0.016245	NODE_1509_length_33335_cov_22.175232:11467	NODE_1509_length_33335_cov_22.175232	11467	11638	0	11467	6.56334587123547e-07	6.18287470895181	3.1757119861296e-07	26.1397940423498	Historical	0	< 0.25	= 0.00
0.016245	0.016245	NODE_1509_length_33335_cov_22.175232:11467	NODE_1509_length_33335_cov_22.175232	11467	11638	0	11467	6.56334587123547e-07	6.18287470895181	3.1757119861296e-07	26.1397940423498	Modern	0.016245	< 0.25	< 0.25
0.031015	0.031015	NODE_1509_length_33335_cov_22.175232:11481	NODE_1509_length_33335_cov_22.175232	11481	11638	0	11481	2.46371524767602e-16	15.6084094886786	6.51609398364457e-17	69.8142347846924	Historical	0	< 0.25	= 0.00
0.031015	0.031015	NODE_1509_length_33335_cov_22.175232:11481	NODE_1509_length_33335_cov_22.175232	11481	11638	0	11481	2.46371524767602e-16	15.6084094886786	6.51609398364457e-17	69.8142347846924	Modern	0.031015	< 0.25	< 0.25
0.037416	0.037416	NODE_1509_length_33335_cov_22.175232:11482	NODE_1509_length_33335_cov_22.175232	11482	11638	0	11482	2.13813873718297e-20	19.6699641181927	4.80218244391048e-21	88.6126098091108	Historical	0	< 0.25	= 0.00
0.037416	0.037416	NODE_1509_length_33335_cov_22.175232:11482	NODE_1509_length_33335_cov_22.175232	11482	11638	0	11482	2.13813873718297e-20	19.6699641181927	4.80218244391048e-21	88.6126098091108	Modern	0.037416	< 0.25	< 0.25
0.02432	0.02432	NODE_1509_length_33335_cov_22.175232:11483	NODE_1509_length_33335_cov_22.175232	11483	11638	0	11483	6.83580201703149e-12	11.16521052409	2.29483002186195e-12	49.2142039201785	Historical	0	< 0.25	= 0.00
0.02432	0.02432	NODE_1509_length_33335_cov_22.175232:11483	NODE_1509_length_33335_cov_22.175232	11483	11638	0	11483	6.83580201703149e-12	11.16521052409	2.29483002186195e-12	49.2142039201785	Modern	0.02432	< 0.25	< 0.25
0.035213	0.035213	NODE_1509_length_33335_cov_22.175232:11576	NODE_1509_length_33335_cov_22.175232	11576	11638	0	11576	6.25974112501629e-18	17.2034436269017	1.55155976602968e-18	77.1915495830266	Historical	0	< 0.25	= 0.00
0.035213	0.035213	NODE_1509_length_33335_cov_22.175232:11576	NODE_1509_length_33335_cov_22.175232	11576	11638	0	11576	6.25974112501629e-18	17.2034436269017	1.55155976602968e-18	77.1915495830266	Modern	0.035213	< 0.25	< 0.25
0.011712	0.011712	NODE_1509_length_33335_cov_22.175232:11584	NODE_1509_length_33335_cov_22.175232	11584	11638	0	11584	0.000555466846277115	3.25534185735064	0.00034630957699993	12.8016727095677	Historical	0	< 0.25	= 0.00
0.011712	0.011712	NODE_1509_length_33335_cov_22.175232:11584	NODE_1509_length_33335_cov_22.175232	11584	11638	0	11584	0.000555466846277115	3.25534185735064	0.00034630957699993	12.8016727095677	Modern	0.011712	< 0.25	< 0.25
0.014263	0.014263	NODE_1509_length_33335_cov_22.175232:11591	NODE_1509_length_33335_cov_22.175232	11591	11638	0	11591	9.37661858006063e-05	4.02795374976398	5.44075399089938e-05	16.287995662339	Historical	0	< 0.25	= 0.00
0.014263	0.014263	NODE_1509_length_33335_cov_22.175232:11591	NODE_1509_length_33335_cov_22.175232	11591	11638	0	11591	9.37661858006063e-05	4.02795374976398	5.44075399089938e-05	16.287995662339	Modern	0.014263	< 0.25	< 0.25
0.059757	0.059757	NODE_1509_length_33335_cov_22.175232:11600	NODE_1509_length_33335_cov_22.175232	11600	11638	0	11600	8.15837753869953e-27	26.0883962010562	1.51081065531473e-27	118.273156111628	Historical	0	< 0.25	= 0.00
0.059757	0.059757	NODE_1509_length_33335_cov_22.175232:11600	NODE_1509_length_33335_cov_22.175232	11600	11638	0	11600	8.15837753869953e-27	26.0883962010562	1.51081065531473e-27	118.273156111628	Modern	0.059757	< 0.25	< 0.25
0.012557	0.012557	NODE_1509_length_33335_cov_22.175232:11606	NODE_1509_length_33335_cov_22.175232	11606	11638	0	11606	0.00230432296684885	2.63745665159846	0.00153512114078297	10.0359768753362	Historical	0	< 0.25	= 0.00
0.012557	0.012557	NODE_1509_length_33335_cov_22.175232:11606	NODE_1509_length_33335_cov_22.175232	11606	11638	0	11606	0.00230432296684885	2.63745665159846	0.00153512114078297	10.0359768753362	Modern	0.012557	< 0.25	< 0.25
0.098365	0.098365	NODE_1509_length_33335_cov_22.175232:11608	NODE_1509_length_33335_cov_22.175232	11608	11638	0	11608	4.36164463545022e-43	42.3603497214144	4.90840350713059e-44	193.717413187653	Historical	0	< 0.25	= 0.00
0.098365	0.098365	NODE_1509_length_33335_cov_22.175232:11608	NODE_1509_length_33335_cov_22.175232	11608	11638	0	11608	4.36164463545022e-43	42.3603497214144	4.90840350713059e-44	193.717413187653	Modern	0.098365	< 0.25	< 0.25
0.013049	0.013049	NODE_1509_length_33335_cov_22.175232:11616	NODE_1509_length_33335_cov_22.175232	11616	11638	0	11616	0.0050030845272904	2.30076215963394	0.00351118657708225	8.52075569696539	Historical	0	< 0.25	= 0.00
0.013049	0.013049	NODE_1509_length_33335_cov_22.175232:11616	NODE_1509_length_33335_cov_22.175232	11616	11638	0	11616	0.0050030845272904	2.30076215963394	0.00351118657708225	8.52075569696539	Modern	0.013049	< 0.25	< 0.25
0.014245	0.014245	NODE_1509_length_33335_cov_22.175232:11636	NODE_1509_length_33335_cov_22.175232	11636	11638	0	11636	0.0309993279555232	1.50864772127449	0.0250379187333072	5.02126169713798	Historical	0	< 0.25	= 0.00
0.014245	0.014245	NODE_1509_length_33335_cov_22.175232:11636	NODE_1509_length_33335_cov_22.175232	11636	11638	0	11636	0.0309993279555232	1.50864772127449	0.0250379187333072	5.02126169713798	Modern	0.014245	< 0.25	< 0.25
0.034531	0.034531	NODE_1509_length_33335_cov_22.175232:11638	NODE_1509_length_33335_cov_22.175232	11638	11638	0	11638	1.66112737643246e-05	4.77959706426098	9.02340797074423e-06	19.7077626983199	Historical	0	< 0.25	= 0.00
0.034531	0.034531	NODE_1509_length_33335_cov_22.175232:11638	NODE_1509_length_33335_cov_22.175232	11638	11638	0	11638	1.66112737643246e-05	4.77959706426098	9.02340797074423e-06	19.7077626983199	Modern	0.034531	< 0.25	< 0.25
0.274531	0.274531	NODE_1531_length_33168_cov_9.562309:32999	NODE_1531_length_33168_cov_9.562309	32999	33139	0	32999	1.97329211423729e-69	68.7048086196587	1.23682126818292e-70	315.724087182032	Historical	0	< 0.25	= 0.00
0.274531	0.274531	NODE_1531_length_33168_cov_9.562309:32999	NODE_1531_length_33168_cov_9.562309	32999	33139	0	32999	1.97329211423729e-69	68.7048086196587	1.23682126818292e-70	315.724087182032	Modern	0.274531	0.25–0.75	0.25–0.75
0.059202	0.059202	NODE_1531_length_33168_cov_9.562309:33139	NODE_1531_length_33168_cov_9.562309	33139	33139	0	33139	1.5474502957026e-15	14.810383291677	4.23234268910114e-16	66.1249040286047	Historical	0	< 0.25	= 0.00
0.059202	0.059202	NODE_1531_length_33168_cov_9.562309:33139	NODE_1531_length_33168_cov_9.562309	33139	33139	0	33139	1.5474502957026e-15	14.810383291677	4.23234268910114e-16	66.1249040286047	Modern	0.059202	< 0.25	< 0.25
0.013717	0.013717	NODE_1554_length_33059_cov_13.719357:13814	NODE_1554_length_33059_cov_13.719357	13814	13822	7936	21750	0.00239879122612048	2.62000754831785	0.00160716734095726	9.95151897080568	Historical	0	< 0.25	= 0.00
0.013717	0.013717	NODE_1554_length_33059_cov_13.719357:13814	NODE_1554_length_33059_cov_13.719357	13814	13822	7936	21750	0.00239879122612048	2.62000754831785	0.00160716734095726	9.95151897080568	Modern	0.013717	< 0.25	< 0.25
0.163497	0.163497	NODE_1554_length_33059_cov_13.719357:13817	NODE_1554_length_33059_cov_13.719357	13817	13822	7936	21753	2.9389664841738e-64	63.5318053665716	2.149101797544e-65	291.671950482236	Historical	0	< 0.25	= 0.00
0.163497	0.163497	NODE_1554_length_33059_cov_13.719357:13817	NODE_1554_length_33059_cov_13.719357	13817	13822	7936	21753	2.9389664841738e-64	63.5318053665716	2.149101797544e-65	291.671950482236	Modern	0.163497	< 0.25	< 0.25
0.02781	0.02781	NODE_1554_length_33059_cov_13.719357:13822	NODE_1554_length_33059_cov_13.719357	13822	13822	7936	21758	3.03467909601246e-08	7.51788722689497	1.30839915440613e-08	32.3188201791997	Historical	0	< 0.25	= 0.00
0.02781	0.02781	NODE_1554_length_33059_cov_13.719357:13822	NODE_1554_length_33059_cov_13.719357	13822	13822	7936	21758	3.03467909601246e-08	7.51788722689497	1.30839915440613e-08	32.3188201791997	Modern	0.02781	< 0.25	< 0.25
0.225357	0.225357	NODE_1563_length_32946_cov_7.337839:32874	NODE_1563_length_32946_cov_7.337839	32874	32900	15872	48746	0.336974112131692	0.47240346230436	0.286732008043681	1.13490263854536	Historical	0.471898	0.25–0.75	0.25–0.75
0.225357	0.225357	NODE_1563_length_32946_cov_7.337839:32874	NODE_1563_length_32946_cov_7.337839	32874	32900	15872	48746	0.336974112131692	0.47240346230436	0.286732008043681	1.13490263854536	Modern	0.697255	0.25–0.75	0.25–0.75
0.031876	0.031876	NODE_1563_length_32946_cov_7.337839:32892	NODE_1563_length_32946_cov_7.337839	32892	32900	15872	48764	1.51547734562e-05	4.81945055137538	8.17465462784579e-06	19.8965773170847	Historical	0	< 0.25	= 0.00
0.031876	0.031876	NODE_1563_length_32946_cov_7.337839:32892	NODE_1563_length_32946_cov_7.337839	32892	32900	15872	48764	1.51547734562e-05	4.81945055137538	8.17465462784579e-06	19.8965773170847	Modern	0.031876	< 0.25	< 0.25
0.17662	0.17662	NODE_1563_length_32946_cov_7.337839:32894	NODE_1563_length_32946_cov_7.337839	32894	32900	15872	48766	0.00825497896975086	2.08328402880128	0.00606384257654539	7.53123201278896	Historical	0.022601	< 0.25	< 0.25
0.17662	0.17662	NODE_1563_length_32946_cov_7.337839:32894	NODE_1563_length_32946_cov_7.337839	32894	32900	15872	48766	0.00825497896975086	2.08328402880128	0.00606384257654539	7.53123201278896	Modern	0.199221	< 0.25	< 0.25
0.015784	0.015784	NODE_1563_length_32946_cov_7.337839:32900	NODE_1563_length_32946_cov_7.337839	32900	32900	15872	48772	0.00902677962590706	2.04446716000185	0.00667364476616206	7.35876950903268	Historical	0	< 0.25	= 0.00
0.015784	0.015784	NODE_1563_length_32946_cov_7.337839:32900	NODE_1563_length_32946_cov_7.337839	32900	32900	15872	48772	0.00902677962590706	2.04446716000185	0.00667364476616206	7.35876950903268	Modern	0.015784	< 0.25	< 0.25
0.15674	0.15674	NODE_1566_length_32923_cov_8.275347:117	NODE_1566_length_32923_cov_8.275347	117	130	0	117	0	Inf	0	3137.82092133211	Historical	0	< 0.25	= 0.00
0.15674	0.15674	NODE_1566_length_32923_cov_8.275347:117	NODE_1566_length_32923_cov_8.275347	117	130	0	117	0	Inf	0	3137.82092133211	Modern	0.15674	< 0.25	< 0.25
0.028059	0.028059	NODE_1566_length_32923_cov_8.275347:118	NODE_1566_length_32923_cov_8.275347	118	130	0	118	4.78652657520399e-35	34.3199795255041	6.86387001762395e-36	156.416888190029	Historical	0	< 0.25	= 0.00
0.028059	0.028059	NODE_1566_length_32923_cov_8.275347:118	NODE_1566_length_32923_cov_8.275347	118	130	0	118	4.78652657520399e-35	34.3199795255041	6.86387001762395e-36	156.416888190029	Modern	0.028059	< 0.25	< 0.25
0.019139	0.019139	NODE_1566_length_32923_cov_8.275347:123	NODE_1566_length_32923_cov_8.275347	123	130	0	123	1.00782023573897e-13	12.996616925816	3.02441780145786e-14	57.7185199995444	Historical	0	< 0.25	= 0.00
0.019139	0.019139	NODE_1566_length_32923_cov_8.275347:123	NODE_1566_length_32923_cov_8.275347	123	130	0	123	1.00782023573897e-13	12.996616925816	3.02441780145786e-14	57.7185199995444	Modern	0.019139	< 0.25	< 0.25
0	0	NODE_1566_length_32923_cov_8.275347:130	NODE_1566_length_32923_cov_8.275347	130	130	0	130	0.999165688808028	0.000362487981788934	0.985584549496345	0.000326455187243979	Historical	0	< 0.25	= 0.00
0	0	NODE_1566_length_32923_cov_8.275347:130	NODE_1566_length_32923_cov_8.275347	130	130	0	130	0.999165688808028	0.000362487981788934	0.985584549496345	0.000326455187243979	Modern	0	< 0.25	= 0.00
0.251958	0.251958	NODE_1575_length_32856_cov_13.426810:7523	NODE_1575_length_32856_cov_13.426810	7523	31525	32658	40181	1.71136171307119e-65	64.7666581883616	1.21079247505986e-66	297.405334217688	Historical	0	< 0.25	= 0.00
0.251958	0.251958	NODE_1575_length_32856_cov_13.426810:7523	NODE_1575_length_32856_cov_13.426810	7523	31525	32658	40181	1.71136171307119e-65	64.7666581883616	1.21079247505986e-66	297.405334217688	Modern	0.251958	0.25–0.75	0.25–0.75
0.246384	0.246384	NODE_1575_length_32856_cov_13.426810:7529	NODE_1575_length_32856_cov_13.426810	7529	31525	32658	40187	0.00022902463012005	3.64011780958141	0.000138328266625215	14.5247762183263	Historical	0.022603	< 0.25	< 0.25
0.246384	0.246384	NODE_1575_length_32856_cov_13.426810:7529	NODE_1575_length_32856_cov_13.426810	7529	31525	32658	40187	0.00022902463012005	3.64011780958141	0.000138328266625215	14.5247762183263	Modern	0.268987	0.25–0.75	0.25–0.75
0.028003	0.028003	NODE_1575_length_32856_cov_13.426810:31495	NODE_1575_length_32856_cov_13.426810	31495	31525	32658	64153	1.95233435330408e-07	6.70944580380035	9.04785531255831e-08	28.5677084228257	Historical	0	< 0.25	= 0.00
0.028003	0.028003	NODE_1575_length_32856_cov_13.426810:31495	NODE_1575_length_32856_cov_13.426810	31495	31525	32658	64153	1.95233435330408e-07	6.70944580380035	9.04785531255831e-08	28.5677084228257	Modern	0.028003	< 0.25	< 0.25
0	0	NODE_1575_length_32856_cov_13.426810:31514	NODE_1575_length_32856_cov_13.426810	31514	31525	32658	64172	0.999165688808028	0.000362487981788934	0.983314991192943	0.000437356987565033	Historical	0	< 0.25	= 0.00
0	0	NODE_1575_length_32856_cov_13.426810:31514	NODE_1575_length_32856_cov_13.426810	31514	31525	32658	64172	0.999165688808028	0.000362487981788934	0.983314991192943	0.000437356987565033	Modern	0	< 0.25	= 0.00
0.039578	0.039578	NODE_1575_length_32856_cov_13.426810:31518	NODE_1575_length_32856_cov_13.426810	31518	31525	32658	64176	2.33034023340724e-10	9.63258066665463	8.49810683407769e-11	42.1396836885938	Historical	0	< 0.25	= 0.00
0.039578	0.039578	NODE_1575_length_32856_cov_13.426810:31518	NODE_1575_length_32856_cov_13.426810	31518	31525	32658	64176	2.33034023340724e-10	9.63258066665463	8.49810683407769e-11	42.1396836885938	Modern	0.039578	< 0.25	< 0.25
0.013946	0.013946	NODE_1575_length_32856_cov_13.426810:31525	NODE_1575_length_32856_cov_13.426810	31525	31525	32658	64183	0.00729234067118564	2.13713305091117	0.0053082422834414	7.77131394739089	Historical	0	< 0.25	= 0.00
0.013946	0.013946	NODE_1575_length_32856_cov_13.426810:31525	NODE_1575_length_32856_cov_13.426810	31525	31525	32658	64183	0.00729234067118564	2.13713305091117	0.0053082422834414	7.77131394739089	Modern	0.013946	< 0.25	< 0.25
0.294168	0.294168	NODE_158_length_68621_cov_9.111614:313	NODE_158_length_68621_cov_9.111614	313	314	65316	65629	0.0248448122240723	1.60476428128341	0.0198074262698088	5.42878757475671	Historical	0.099435	< 0.25	< 0.25
0.294168	0.294168	NODE_158_length_68621_cov_9.111614:313	NODE_158_length_68621_cov_9.111614	313	314	65316	65629	0.0248448122240723	1.60476428128341	0.0198074262698088	5.42878757475671	Modern	0.393603	0.25–0.75	0.25–0.75
0.024728	0.024728	NODE_158_length_68621_cov_9.111614:314	NODE_158_length_68621_cov_9.111614	314	314	65316	65630	8.19197610316704e-15	14.0866113232479	2.37279459778343e-15	62.7283174790667	Historical	0	< 0.25	= 0.00
0.024728	0.024728	NODE_158_length_68621_cov_9.111614:314	NODE_158_length_68621_cov_9.111614	314	314	65316	65630	8.19197610316704e-15	14.0866113232479	2.37279459778343e-15	62.7283174790667	Modern	0.024728	< 0.25	< 0.25
0.594004	-0.594004	NODE_1601_length_32655_cov_6.430151:13228	NODE_1601_length_32655_cov_6.430151	13228	13290	97974	111202	0.00437458037269674	2.35906359991313	0.0030327100399512	8.78768413854671	Historical	0.666706	0.25–0.75	0.25–0.75
0.594004	-0.594004	NODE_1601_length_32655_cov_6.430151:13228	NODE_1601_length_32655_cov_6.430151	13228	13290	97974	111202	0.00437458037269674	2.35906359991313	0.0030327100399512	8.78768413854671	Modern	0.072702	< 0.25	< 0.25
1e-06	1e-06	NODE_1601_length_32655_cov_6.430151:13242	NODE_1601_length_32655_cov_6.430151	13242	13290	97974	111216	0.999165688808028	0.000362487981788934	0.985366001014438	0.000336429926219115	Historical	0	< 0.25	= 0.00
1e-06	1e-06	NODE_1601_length_32655_cov_6.430151:13242	NODE_1601_length_32655_cov_6.430151	13242	13290	97974	111216	0.999165688808028	0.000362487981788934	0.985366001014438	0.000336429926219115	Modern	1e-06	< 0.25	< 0.25
0	0	NODE_1601_length_32655_cov_6.430151:13247	NODE_1601_length_32655_cov_6.430151	13247	13290	97974	111221	0.999165688808028	0.000362487981788934	0.98567813717788	0.000322229682097533	Historical	0	< 0.25	= 0.00
0	0	NODE_1601_length_32655_cov_6.430151:13247	NODE_1601_length_32655_cov_6.430151	13247	13290	97974	111221	0.999165688808028	0.000362487981788934	0.98567813717788	0.000322229682097533	Modern	0	< 0.25	= 0.00
0.2375	0.2375	NODE_1601_length_32655_cov_6.430151:13290	NODE_1601_length_32655_cov_6.430151	13290	13290	97974	111264	0.306125029335075	0.514101160250045	0.260191739083469	1.26773650915534	Historical	0.442757	0.25–0.75	0.25–0.75
0.2375	0.2375	NODE_1601_length_32655_cov_6.430151:13290	NODE_1601_length_32655_cov_6.430151	13290	13290	97974	111264	0.306125029335075	0.514101160250045	0.260191739083469	1.26773650915534	Modern	0.680257	0.25–0.75	0.25–0.75
0.041616	0.041616	NODE_1620_length_32457_cov_9.061067:171	NODE_1620_length_32457_cov_9.061067	171	171	130632	130803	0.562919782779003	0.249553488591905	0.488344939761272	0.480170847853359	Historical	0.02	< 0.25	< 0.25
0.041616	0.041616	NODE_1620_length_32457_cov_9.061067:171	NODE_1620_length_32457_cov_9.061067	171	171	130632	130803	0.562919782779003	0.249553488591905	0.488344939761272	0.480170847853359	Modern	0.061616	< 0.25	< 0.25
0	0	NODE_1621_length_32454_cov_7.592922:6436	NODE_1621_length_32454_cov_7.592922	6436	6483	163290	169726	0.999165688808028	0.000362487981788934	0.988280081842822	0.00021577457555045	Historical	0	< 0.25	= 0.00
0	0	NODE_1621_length_32454_cov_7.592922:6436	NODE_1621_length_32454_cov_7.592922	6436	6483	163290	169726	0.999165688808028	0.000362487981788934	0.988280081842822	0.00021577457555045	Modern	0	< 0.25	= 0.00
1e-06	1e-06	NODE_1621_length_32454_cov_7.592922:6450	NODE_1621_length_32454_cov_7.592922	6450	6483	163290	169740	0.999165688808028	0.000362487981788934	0.98892082144525	0.00019282481091703	Historical	0	< 0.25	= 0.00
1e-06	1e-06	NODE_1621_length_32454_cov_7.592922:6450	NODE_1621_length_32454_cov_7.592922	6450	6483	163290	169740	0.999165688808028	0.000362487981788934	0.98892082144525	0.00019282481091703	Modern	1e-06	< 0.25	< 0.25
3e-06	3e-06	NODE_1621_length_32454_cov_7.592922:6460	NODE_1621_length_32454_cov_7.592922	6460	6483	163290	169750	0.999165688808028	0.000362487981788934	0.989004330167018	0.000189928768944884	Historical	0	< 0.25	= 0.00
3e-06	3e-06	NODE_1621_length_32454_cov_7.592922:6460	NODE_1621_length_32454_cov_7.592922	6460	6483	163290	169750	0.999165688808028	0.000362487981788934	0.989004330167018	0.000189928768944884	Modern	3e-06	< 0.25	< 0.25
0.027608	0.027608	NODE_1621_length_32454_cov_7.592922:6462	NODE_1621_length_32454_cov_7.592922	6462	6483	163290	169752	3.45690457198009e-13	12.4613126090126	1.07351167619895e-13	55.2275920009043	Historical	0	< 0.25	= 0.00
0.027608	0.027608	NODE_1621_length_32454_cov_7.592922:6462	NODE_1621_length_32454_cov_7.592922	6462	6483	163290	169752	3.45690457198009e-13	12.4613126090126	1.07351167619895e-13	55.2275920009043	Modern	0.027608	< 0.25	< 0.25
0.012456	0.012456	NODE_1621_length_32454_cov_7.592922:6474	NODE_1621_length_32454_cov_7.592922	6474	6483	163290	169764	0.000602373219544895	3.22013434434788	0.000376411755423116	12.6457930707408	Historical	0	< 0.25	= 0.00
0.012456	0.012456	NODE_1621_length_32454_cov_7.592922:6474	NODE_1621_length_32454_cov_7.592922	6474	6483	163290	169764	0.000602373219544895	3.22013434434788	0.000376411755423116	12.6457930707408	Modern	0.012456	< 0.25	< 0.25
0.193177	0.193177	NODE_1621_length_32454_cov_7.592922:6476	NODE_1621_length_32454_cov_7.592922	6476	6483	163290	169766	1.11667202799166e-150	149.952074362559	1.85581771033752e-152	691.755521318498	Historical	0	< 0.25	= 0.00
0.193177	0.193177	NODE_1621_length_32454_cov_7.592922:6476	NODE_1621_length_32454_cov_7.592922	6476	6483	163290	169766	1.11667202799166e-150	149.952074362559	1.85581771033752e-152	691.755521318498	Modern	0.193177	< 0.25	< 0.25
0.042626	0.042626	NODE_1621_length_32454_cov_7.592922:6483	NODE_1621_length_32454_cov_7.592922	6483	6483	163290	169773	2.72967826587037e-16	15.5638885381575	7.23248087538303e-17	69.6084929574853	Historical	0	< 0.25	= 0.00
0.042626	0.042626	NODE_1621_length_32454_cov_7.592922:6483	NODE_1621_length_32454_cov_7.592922	6483	6483	163290	169773	2.72967826587037e-16	15.5638885381575	7.23248087538303e-17	69.6084929574853	Modern	0.042626	< 0.25	< 0.25
0.065089	-0.065089	NODE_1650_length_32213_cov_13.158436:8188	NODE_1650_length_32213_cov_13.158436	8188	8336	195948	204136	0.850250240004487	0.0704532368046967	0.759411539149307	0.0937912880895979	Historical	0.498202	0.25–0.75	0.25–0.75
0.065089	-0.065089	NODE_1650_length_32213_cov_13.158436:8188	NODE_1650_length_32213_cov_13.158436	8188	8336	195948	204136	0.850250240004487	0.0704532368046967	0.759411539149307	0.0937912880895979	Modern	0.433113	0.25–0.75	0.25–0.75
0.033296	0.033296	NODE_1650_length_32213_cov_13.158436:8193	NODE_1650_length_32213_cov_13.158436	8193	8336	195948	204141	0.00311438317674273	2.50662795525301	0.00211174699733552	9.4497776461277	Historical	0	< 0.25	= 0.00
0.033296	0.033296	NODE_1650_length_32213_cov_13.158436:8193	NODE_1650_length_32213_cov_13.158436	8193	8336	195948	204141	0.00311438317674273	2.50662795525301	0.00211174699733552	9.4497776461277	Modern	0.033296	< 0.25	< 0.25
0.031644	0.031644	NODE_1650_length_32213_cov_13.158436:8197	NODE_1650_length_32213_cov_13.158436	8197	8336	195948	204145	0.00334017035653123	2.47623138258522	0.00227594703780736	9.31250814720637	Historical	0	< 0.25	= 0.00
0.031644	0.031644	NODE_1650_length_32213_cov_13.158436:8197	NODE_1650_length_32213_cov_13.158436	8197	8336	195948	204145	0.00334017035653123	2.47623138258522	0.00227594703780736	9.31250814720637	Modern	0.031644	< 0.25	< 0.25
0.01638	0.01638	NODE_1650_length_32213_cov_13.158436:8318	NODE_1650_length_32213_cov_13.158436	8318	8336	195948	204266	0.00528098996561267	2.27728465771188	0.00372628256832879	8.41260544428881	Historical	0	< 0.25	= 0.00
0.01638	0.01638	NODE_1650_length_32213_cov_13.158436:8318	NODE_1650_length_32213_cov_13.158436	8318	8336	195948	204266	0.00528098996561267	2.27728465771188	0.00372628256832879	8.41260544428881	Modern	0.01638	< 0.25	< 0.25
0.068954	0.068954	NODE_1650_length_32213_cov_13.158436:8322	NODE_1650_length_32213_cov_13.158436	8322	8336	195948	204270	3.08917416873943e-15	14.5101576053308	8.62504468764855e-16	64.7219102294116	Historical	0	< 0.25	= 0.00
0.068954	0.068954	NODE_1650_length_32213_cov_13.158436:8322	NODE_1650_length_32213_cov_13.158436	8322	8336	195948	204270	3.08917416873943e-15	14.5101576053308	8.62504468764855e-16	64.7219102294116	Modern	0.068954	< 0.25	< 0.25
0.086436	0.086436	NODE_1650_length_32213_cov_13.158436:8323	NODE_1650_length_32213_cov_13.158436	8323	8336	195948	204271	8.86740550897577e-20	19.052203430671	2.02948217251962e-20	85.7620068654121	Historical	0	< 0.25	= 0.00
0.086436	0.086436	NODE_1650_length_32213_cov_13.158436:8323	NODE_1650_length_32213_cov_13.158436	8323	8336	195948	204271	8.86740550897577e-20	19.052203430671	2.02948217251962e-20	85.7620068654121	Modern	0.086436	< 0.25	< 0.25
0.438864	0.438864	NODE_1650_length_32213_cov_13.158436:8328	NODE_1650_length_32213_cov_13.158436	8328	8336	195948	204276	4.06167866350252e-136	135.391294438437	8.87166279777379e-138	624.256426172636	Historical	0	< 0.25	= 0.00
0.438864	0.438864	NODE_1650_length_32213_cov_13.158436:8328	NODE_1650_length_32213_cov_13.158436	8328	8336	195948	204276	4.06167866350252e-136	135.391294438437	8.87166279777379e-138	624.256426172636	Modern	0.438864	0.25–0.75	0.25–0.75
0.297896	0.297896	NODE_1650_length_32213_cov_13.158436:8329	NODE_1650_length_32213_cov_13.158436	8329	8336	195948	204277	1.70301200117593e-86	85.7687822915406	7.68215290179075e-88	394.742325879711	Historical	0	< 0.25	= 0.00
0.297896	0.297896	NODE_1650_length_32213_cov_13.158436:8329	NODE_1650_length_32213_cov_13.158436	8329	8336	195948	204277	1.70301200117593e-86	85.7687822915406	7.68215290179075e-88	394.742325879711	Modern	0.297896	0.25–0.75	0.25–0.75
0.397212	0.397212	NODE_1650_length_32213_cov_13.158436:8336	NODE_1650_length_32213_cov_13.158436	8336	8336	195948	204284	1.23652397226109e-05	4.90779745963444	6.57600593035336e-06	20.3127747264198	Historical	0.044018	< 0.25	< 0.25
0.397212	0.397212	NODE_1650_length_32213_cov_13.158436:8336	NODE_1650_length_32213_cov_13.158436	8336	8336	195948	204284	1.23652397226109e-05	4.90779745963444	6.57600593035336e-06	20.3127747264198	Modern	0.44123	0.25–0.75	0.25–0.75
1e-06	1e-06	NODE_1672_length_31997_cov_25.362280:18150	NODE_1672_length_31997_cov_25.362280	18150	18174	228606	246756	0.999165688808028	0.000362487981788934	0.994092741692787	5.48150400433371e-05	Historical	0	< 0.25	= 0.00
1e-06	1e-06	NODE_1672_length_31997_cov_25.362280:18150	NODE_1672_length_31997_cov_25.362280	18150	18174	228606	246756	0.999165688808028	0.000362487981788934	0.994092741692787	5.48150400433371e-05	Modern	1e-06	< 0.25	< 0.25
0	0	NODE_1672_length_31997_cov_25.362280:18174	NODE_1672_length_31997_cov_25.362280	18174	18174	228606	246780	0.999165688808028	0.000362487981788934	0.993773447226804	6.09009461651027e-05	Historical	0	< 0.25	= 0.00
0	0	NODE_1672_length_31997_cov_25.362280:18174	NODE_1672_length_31997_cov_25.362280	18174	18174	228606	246780	0.999165688808028	0.000362487981788934	0.993773447226804	6.09009461651027e-05	Modern	0	< 0.25	= 0.00
2e-06	2e-06	NODE_1692_length_31765_cov_11.199804:25	NODE_1692_length_31765_cov_11.199804	25	158	261264	261289	0.999165688808028	0.000362487981788934	0.986045086171586	0.000305927474691935	Historical	0	< 0.25	= 0.00
2e-06	2e-06	NODE_1692_length_31765_cov_11.199804:25	NODE_1692_length_31765_cov_11.199804	25	158	261264	261289	0.999165688808028	0.000362487981788934	0.986045086171586	0.000305927474691935	Modern	2e-06	< 0.25	< 0.25
0.096688	0.096688	NODE_1692_length_31765_cov_11.199804:50	NODE_1692_length_31765_cov_11.199804	50	158	261264	261314	2.6386612460323e-34	33.5786163613609	3.87154000486221e-35	152.978902429061	Historical	0	< 0.25	= 0.00
0.096688	0.096688	NODE_1692_length_31765_cov_11.199804:50	NODE_1692_length_31765_cov_11.199804	50	158	261264	261314	2.6386612460323e-34	33.5786163613609	3.87154000486221e-35	152.978902429061	Modern	0.096688	< 0.25	< 0.25
0.023505	0.023505	NODE_1692_length_31765_cov_11.199804:57	NODE_1692_length_31765_cov_11.199804	57	158	261264	261321	2.5440368259692e-07	6.59447660638862	1.18987477377952e-07	28.0374955087633	Historical	0	< 0.25	= 0.00
0.023505	0.023505	NODE_1692_length_31765_cov_11.199804:57	NODE_1692_length_31765_cov_11.199804	57	158	261264	261321	2.5440368259692e-07	6.59447660638862	1.18987477377952e-07	28.0374955087633	Modern	0.023505	< 0.25	< 0.25
0.024832	0.024832	NODE_1692_length_31765_cov_11.199804:59	NODE_1692_length_31765_cov_11.199804	59	158	261264	261323	5.51168403966895e-08	7.25871568655785	2.42084887782231e-08	31.123799998978	Historical	0	< 0.25	= 0.00
0.024832	0.024832	NODE_1692_length_31765_cov_11.199804:59	NODE_1692_length_31765_cov_11.199804	59	158	261264	261323	5.51168403966895e-08	7.25871568655785	2.42084887782231e-08	31.123799998978	Modern	0.024832	< 0.25	< 0.25
0.037262	0.037262	NODE_1692_length_31765_cov_11.199804:70	NODE_1692_length_31765_cov_11.199804	70	158	261264	261334	2.81477584270353e-13	12.5505561848812	8.63411773212954e-14	55.6557236360834	Historical	0	< 0.25	= 0.00
0.037262	0.037262	NODE_1692_length_31765_cov_11.199804:70	NODE_1692_length_31765_cov_11.199804	70	158	261264	261334	2.81477584270353e-13	12.5505561848812	8.63411773212954e-14	55.6557236360834	Modern	0.037262	< 0.25	< 0.25
0	0	NODE_1692_length_31765_cov_11.199804:72	NODE_1692_length_31765_cov_11.199804	72	158	261264	261336	0.999165688808028	0.000362487981788934	0.988728767836824	0.000199568300038058	Historical	0	< 0.25	= 0.00
0	0	NODE_1692_length_31765_cov_11.199804:72	NODE_1692_length_31765_cov_11.199804	72	158	261264	261336	0.999165688808028	0.000362487981788934	0.988728767836824	0.000199568300038058	Modern	0	< 0.25	= 0.00
1e-06	1e-06	NODE_1692_length_31765_cov_11.199804:73	NODE_1692_length_31765_cov_11.199804	73	158	261264	261337	0.999165688808028	0.000362487981788934	0.988962591319649	0.000191373512313649	Historical	0	< 0.25	= 0.00
1e-06	1e-06	NODE_1692_length_31765_cov_11.199804:73	NODE_1692_length_31765_cov_11.199804	73	158	261264	261337	0.999165688808028	0.000362487981788934	0.988962591319649	0.000191373512313649	Modern	1e-06	< 0.25	< 0.25
0.050295	0.050295	NODE_1692_length_31765_cov_11.199804:91	NODE_1692_length_31765_cov_11.199804	91	158	261264	261355	6.66342020211575e-17	16.1763027988126	1.72438936854372e-17	72.4371290130436	Historical	0	< 0.25	= 0.00
0.050295	0.050295	NODE_1692_length_31765_cov_11.199804:91	NODE_1692_length_31765_cov_11.199804	91	158	261264	261355	6.66342020211575e-17	16.1763027988126	1.72438936854372e-17	72.4371290130436	Modern	0.050295	< 0.25	< 0.25
0	0	NODE_1692_length_31765_cov_11.199804:99	NODE_1692_length_31765_cov_11.199804	99	158	261264	261363	0.999165688808028	0.000362487981788934	0.986173388014444	0.000300327363763801	Historical	0	< 0.25	= 0.00
0	0	NODE_1692_length_31765_cov_11.199804:99	NODE_1692_length_31765_cov_11.199804	99	158	261264	261363	0.999165688808028	0.000362487981788934	0.986173388014444	0.000300327363763801	Modern	0	< 0.25	= 0.00
0.0222059999999999	0.0222059999999999	NODE_1692_length_31765_cov_11.199804:100	NODE_1692_length_31765_cov_11.199804	100	158	261264	261364	0.999165688808028	0.000362487981788934	0.916321136841868	0.0110394737583551	Historical	0.5	0.25–0.75	0.25–0.75
0.0222059999999999	0.0222059999999999	NODE_1692_length_31765_cov_11.199804:100	NODE_1692_length_31765_cov_11.199804	100	158	261264	261364	0.999165688808028	0.000362487981788934	0.916321136841868	0.0110394737583551	Modern	0.522206	0.25–0.75	0.25–0.75
0.00611100000000003	-0.00611100000000003	NODE_1692_length_31765_cov_11.199804:113	NODE_1692_length_31765_cov_11.199804	113	158	261264	261377	0.999165688808028	0.000362487981788934	0.976913024099747	0.000837481471238643	Historical	0.479364	0.25–0.75	0.25–0.75
0.00611100000000003	-0.00611100000000003	NODE_1692_length_31765_cov_11.199804:113	NODE_1692_length_31765_cov_11.199804	113	158	261264	261377	0.999165688808028	0.000362487981788934	0.976913024099747	0.000837481471238643	Modern	0.473253	0.25–0.75	0.25–0.75
0.131121	0.131121	NODE_1692_length_31765_cov_11.199804:126	NODE_1692_length_31765_cov_11.199804	126	158	261264	261390	1.10424469146296e-47	46.9569346798884	1.12731533079077e-48	214.977178832493	Historical	0	< 0.25	= 0.00
0.131121	0.131121	NODE_1692_length_31765_cov_11.199804:126	NODE_1692_length_31765_cov_11.199804	126	158	261264	261390	1.10424469146296e-47	46.9569346798884	1.12731533079077e-48	214.977178832493	Modern	0.131121	< 0.25	< 0.25
0.012274	0.012274	NODE_1692_length_31765_cov_11.199804:134	NODE_1692_length_31765_cov_11.199804	134	158	261264	261398	0.00639762242832226	2.19398139446992	0.00459012701291307	8.03423980833403	Historical	0	< 0.25	= 0.00
0.012274	0.012274	NODE_1692_length_31765_cov_11.199804:134	NODE_1692_length_31765_cov_11.199804	134	158	261264	261398	0.00639762242832226	2.19398139446992	0.00459012701291307	8.03423980833403	Modern	0.012274	< 0.25	< 0.25
0.012419	0.012419	NODE_1692_length_31765_cov_11.199804:138	NODE_1692_length_31765_cov_11.199804	138	158	261264	261402	0.00762239154500329	2.11790874626618	0.00556658983675929	7.68551156394131	Historical	0	< 0.25	= 0.00
0.012419	0.012419	NODE_1692_length_31765_cov_11.199804:138	NODE_1692_length_31765_cov_11.199804	138	158	261264	261402	0.00762239154500329	2.11790874626618	0.00556658983675929	7.68551156394131	Modern	0.012419	< 0.25	< 0.25
0.070758	0.070758	NODE_1692_length_31765_cov_11.199804:158	NODE_1692_length_31765_cov_11.199804	158	158	261264	261422	1.19522374058784e-14	13.9225507891031	3.49600106458742e-15	61.9650921013418	Historical	0	< 0.25	= 0.00
0.070758	0.070758	NODE_1692_length_31765_cov_11.199804:158	NODE_1692_length_31765_cov_11.199804	158	158	261264	261422	1.19522374058784e-14	13.9225507891031	3.49600106458742e-15	61.9650921013418	Modern	0.070758	< 0.25	< 0.25
0.015521	0.015521	NODE_1694_length_31746_cov_20.070686:31623	NODE_1694_length_31746_cov_20.070686	31623	31688	293922	325545	0.00835746099724797	2.07792564150411	0.00614309098943013	7.50784258593229	Historical	0	< 0.25	= 0.00
0.015521	0.015521	NODE_1694_length_31746_cov_20.070686:31623	NODE_1694_length_31746_cov_20.070686	31623	31688	293922	325545	0.00835746099724797	2.07792564150411	0.00614309098943013	7.50784258593229	Modern	0.015521	< 0.25	< 0.25
0.015036	0.015036	NODE_1694_length_31746_cov_20.070686:31642	NODE_1694_length_31746_cov_20.070686	31642	31688	293922	325564	0.00416307730207725	2.38058552484373	0.00287620013035252	8.8843843502717	Historical	0	< 0.25	= 0.00
0.015036	0.015036	NODE_1694_length_31746_cov_20.070686:31642	NODE_1694_length_31746_cov_20.070686	31642	31688	293922	325564	0.00416307730207725	2.38058552484373	0.00287620013035252	8.8843843502717	Modern	0.015036	< 0.25	< 0.25
0.026204	-0.026204	NODE_1694_length_31746_cov_20.070686:31647	NODE_1694_length_31746_cov_20.070686	31647	31688	293922	325569	0.983746054450495	0.00711699647157229	0.888921529733757	0.0195074263656916	Historical	0.267963	0.25–0.75	0.25–0.75
0.026204	-0.026204	NODE_1694_length_31746_cov_20.070686:31647	NODE_1694_length_31746_cov_20.070686	31647	31688	293922	325569	0.983746054450495	0.00711699647157229	0.888921529733757	0.0195074263656916	Modern	0.241759	< 0.25	< 0.25
0.014281	0.014281	NODE_1694_length_31746_cov_20.070686:31651	NODE_1694_length_31746_cov_20.070686	31651	31688	293922	325573	0.00426632021652162	2.36994655089099	0.00295158051067047	8.8371602649681	Historical	0	< 0.25	= 0.00
0.014281	0.014281	NODE_1694_length_31746_cov_20.070686:31651	NODE_1694_length_31746_cov_20.070686	31651	31688	293922	325573	0.00426632021652162	2.36994655089099	0.00295158051067047	8.8371602649681	Modern	0.014281	< 0.25	< 0.25
0.081304	0.081304	NODE_1694_length_31746_cov_20.070686:31653	NODE_1694_length_31746_cov_20.070686	31653	31688	293922	325575	2.0360626675199e-17	16.6912088590763	5.1529981091553e-18	74.8213291734124	Historical	0	< 0.25	= 0.00
0.081304	0.081304	NODE_1694_length_31746_cov_20.070686:31653	NODE_1694_length_31746_cov_20.070686	31653	31688	293922	325575	2.0360626675199e-17	16.6912088590763	5.1529981091553e-18	74.8213291734124	Modern	0.081304	< 0.25	< 0.25
0.044692	0.044692	NODE_1694_length_31746_cov_20.070686:31660	NODE_1694_length_31746_cov_20.070686	31660	31688	293922	325582	8.4083946485331e-10	9.07528691286255	3.21403499148582e-10	39.5400277354476	Historical	0	< 0.25	= 0.00
0.044692	0.044692	NODE_1694_length_31746_cov_20.070686:31660	NODE_1694_length_31746_cov_20.070686	31660	31688	293922	325582	8.4083946485331e-10	9.07528691286255	3.21403499148582e-10	39.5400277354476	Modern	0.044692	< 0.25	< 0.25
0	0	NODE_1694_length_31746_cov_20.070686:31666	NODE_1694_length_31746_cov_20.070686	31666	31688	293922	325588	0.999165688808028	0.000362487981788934	0.988684295686541	0.000201146359433603	Historical	0	< 0.25	= 0.00
0	0	NODE_1694_length_31746_cov_20.070686:31666	NODE_1694_length_31746_cov_20.070686	31666	31688	293922	325588	0.999165688808028	0.000362487981788934	0.988684295686541	0.000201146359433603	Modern	0	< 0.25	= 0.00
0.013619	0.013619	NODE_1694_length_31746_cov_20.070686:31670	NODE_1694_length_31746_cov_20.070686	31670	31688	293922	325592	0.00247497470927884	2.60642923457961	0.00166055995451615	9.89136666251271	Historical	0	< 0.25	= 0.00
0.013619	0.013619	NODE_1694_length_31746_cov_20.070686:31670	NODE_1694_length_31746_cov_20.070686	31670	31688	293922	325592	0.00247497470927884	2.60642923457961	0.00166055995451615	9.89136666251271	Modern	0.013619	< 0.25	< 0.25
0.027854	0.027854	NODE_1694_length_31746_cov_20.070686:31681	NODE_1694_length_31746_cov_20.070686	31681	31688	293922	325603	1.74612715844105e-06	5.7579241327963	8.66430617555032e-07	24.2042014649899	Historical	0	< 0.25	= 0.00
0.027854	0.027854	NODE_1694_length_31746_cov_20.070686:31681	NODE_1694_length_31746_cov_20.070686	31681	31688	293922	325603	1.74612715844105e-06	5.7579241327963	8.66430617555032e-07	24.2042014649899	Modern	0.027854	< 0.25	< 0.25
0.014098	0.014098	NODE_1694_length_31746_cov_20.070686:31684	NODE_1694_length_31746_cov_20.070686	31684	31688	293922	325606	0.00222845658347199	2.65199582275897	0.0014782306966336	10.1055549886758	Historical	0	< 0.25	= 0.00
0.014098	0.014098	NODE_1694_length_31746_cov_20.070686:31684	NODE_1694_length_31746_cov_20.070686	31684	31688	293922	325606	0.00222845658347199	2.65199582275897	0.0014782306966336	10.1055549886758	Modern	0.014098	< 0.25	< 0.25
0	0	NODE_1694_length_31746_cov_20.070686:31688	NODE_1694_length_31746_cov_20.070686	31688	31688	293922	325610	0.999165688808028	0.000362487981788934	0.988448947371896	0.000209600997228948	Historical	0	< 0.25	= 0.00
0	0	NODE_1694_length_31746_cov_20.070686:31688	NODE_1694_length_31746_cov_20.070686	31688	31688	293922	325610	0.999165688808028	0.000362487981788934	0.988448947371896	0.000209600997228948	Modern	0	< 0.25	= 0.00
0.359762	0.359762	NODE_171_length_67012_cov_14.567349:10	NODE_171_length_67012_cov_14.567349	10	156	326580	326590	3.81936672385988e-89	88.4180086400026	1.68661493503784e-90	406.954700388594	Historical	0	< 0.25	= 0.00
0.359762	0.359762	NODE_171_length_67012_cov_14.567349:10	NODE_171_length_67012_cov_14.567349	10	156	326580	326590	3.81936672385988e-89	88.4180086400026	1.68661493503784e-90	406.954700388594	Modern	0.359762	0.25–0.75	0.25–0.75
0.011693	0.011693	NODE_171_length_67012_cov_14.567349:26	NODE_171_length_67012_cov_14.567349	26	156	326580	326606	0.000431009831850134	3.36551282294934	0.000266874083918601	13.2896585259893	Historical	0	< 0.25	= 0.00
0.011693	0.011693	NODE_171_length_67012_cov_14.567349:26	NODE_171_length_67012_cov_14.567349	26	156	326580	326606	0.000431009831850134	3.36551282294934	0.000266874083918601	13.2896585259893	Modern	0.011693	< 0.25	< 0.25
0.021535	0.021535	NODE_171_length_67012_cov_14.567349:156	NODE_171_length_67012_cov_14.567349	156	156	326580	326736	3.76574290142487e-07	6.42414933389555	1.7809496342921e-07	27.2573702112317	Historical	0	< 0.25	= 0.00
0.021535	0.021535	NODE_171_length_67012_cov_14.567349:156	NODE_171_length_67012_cov_14.567349	156	156	326580	326736	3.76574290142487e-07	6.42414933389555	1.7809496342921e-07	27.2573702112317	Modern	0.021535	< 0.25	< 0.25
0.097506	-0.097506	NODE_177_length_66698_cov_9.876334:254	NODE_177_length_66698_cov_9.876334	254	254	359238	359492	0.732497060276517	0.135194113920268	0.646862680367995	0.209878462688997	Historical	0.5	0.25–0.75	0.25–0.75
0.097506	-0.097506	NODE_177_length_66698_cov_9.876334:254	NODE_177_length_66698_cov_9.876334	254	254	359238	359492	0.732497060276517	0.135194113920268	0.646862680367995	0.209878462688997	Modern	0.402494	0.25–0.75	0.25–0.75
0.019687	0.019687	NODE_1795_length_31008_cov_8.722799:174	NODE_1795_length_31008_cov_8.722799	174	174	391896	392070	0.0160969584521711	1.79325617690147	0.0124663529133386	6.24330639053379	Historical	0	< 0.25	= 0.00
0.019687	0.019687	NODE_1795_length_31008_cov_8.722799:174	NODE_1795_length_31008_cov_8.722799	174	174	391896	392070	0.0160969584521711	1.79325617690147	0.0124663529133386	6.24330639053379	Modern	0.019687	< 0.25	< 0.25
0.097489	0.097489	NODE_1803_length_30920_cov_12.387366:14608	NODE_1803_length_30920_cov_12.387366	14608	14689	424554	439162	1.36272353114191e-29	28.8655922447364	2.28414722931194e-30	131.160150015634	Historical	0	< 0.25	= 0.00
0.097489	0.097489	NODE_1803_length_30920_cov_12.387366:14608	NODE_1803_length_30920_cov_12.387366	14608	14689	424554	439162	1.36272353114191e-29	28.8655922447364	2.28414722931194e-30	131.160150015634	Modern	0.097489	< 0.25	< 0.25
0.029514	0.029514	NODE_1803_length_30920_cov_12.387366:14610	NODE_1803_length_30920_cov_12.387366	14610	14689	424554	439164	1.83016405372821e-07	6.73750997888404	8.43822077953512e-08	28.7027869727848	Historical	0	< 0.25	= 0.00
0.029514	0.029514	NODE_1803_length_30920_cov_12.387366:14610	NODE_1803_length_30920_cov_12.387366	14610	14689	424554	439164	1.83016405372821e-07	6.73750997888404	8.43822077953512e-08	28.7027869727848	Modern	0.029514	< 0.25	< 0.25
0.013844	0.013844	NODE_1803_length_30920_cov_12.387366:14612	NODE_1803_length_30920_cov_12.387366	14612	14689	424554	439166	0.00435603901298083	2.36090823932801	0.0030177877112721	8.79668269431214	Historical	0	< 0.25	= 0.00
0.013844	0.013844	NODE_1803_length_30920_cov_12.387366:14612	NODE_1803_length_30920_cov_12.387366	14612	14689	424554	439166	0.00435603901298083	2.36090823932801	0.0030177877112721	8.79668269431214	Modern	0.013844	< 0.25	< 0.25
0.106578	0.106578	NODE_1803_length_30920_cov_12.387366:14619	NODE_1803_length_30920_cov_12.387366	14619	14689	424554	439173	4.92398386987422e-35	34.3076833784126	7.08436425722645e-36	156.354047613071	Historical	0	< 0.25	= 0.00
0.106578	0.106578	NODE_1803_length_30920_cov_12.387366:14619	NODE_1803_length_30920_cov_12.387366	14619	14689	424554	439173	4.92398386987422e-35	34.3076833784126	7.08436425722645e-36	156.354047613071	Modern	0.106578	< 0.25	< 0.25
0.253925	0.253925	NODE_1803_length_30920_cov_12.387366:14658	NODE_1803_length_30920_cov_12.387366	14658	14689	424554	439212	2.56845326597107e-100	99.5903283320286	9.51278987396693e-102	458.63790363608	Historical	0	< 0.25	= 0.00
0.253925	0.253925	NODE_1803_length_30920_cov_12.387366:14658	NODE_1803_length_30920_cov_12.387366	14658	14689	424554	439212	2.56845326597107e-100	99.5903283320286	9.51278987396693e-102	458.63790363608	Modern	0.253925	0.25–0.75	0.25–0.75
0.1281	0.1281	NODE_1803_length_30920_cov_12.387366:14671	NODE_1803_length_30920_cov_12.387366	14671	14689	424554	439225	6.44486648765906e-40	39.1907860750947	7.77301086355841e-41	179.060339296971	Historical	0	< 0.25	= 0.00
0.1281	0.1281	NODE_1803_length_30920_cov_12.387366:14671	NODE_1803_length_30920_cov_12.387366	14671	14689	424554	439225	6.44486648765906e-40	39.1907860750947	7.77301086355841e-41	179.060339296971	Modern	0.1281	< 0.25	< 0.25
0.053517	0.053517	NODE_1803_length_30920_cov_12.387366:14683	NODE_1803_length_30920_cov_12.387366	14683	14689	424554	439237	1.25052560246096e-12	11.9029074123751	4.03778447138393e-13	52.6247026997362	Historical	0	< 0.25	= 0.00
0.053517	0.053517	NODE_1803_length_30920_cov_12.387366:14683	NODE_1803_length_30920_cov_12.387366	14683	14689	424554	439237	1.25052560246096e-12	11.9029074123751	4.03778447138393e-13	52.6247026997362	Modern	0.053517	< 0.25	< 0.25
0.02519	0.02519	NODE_1803_length_30920_cov_12.387366:14686	NODE_1803_length_30920_cov_12.387366	14686	14689	424554	439240	7.56067074688522e-05	4.12143967424097	4.33679499631403e-05	16.7179835709463	Historical	0	< 0.25	= 0.00
0.02519	0.02519	NODE_1803_length_30920_cov_12.387366:14686	NODE_1803_length_30920_cov_12.387366	14686	14689	424554	439240	7.56067074688522e-05	4.12143967424097	4.33679499631403e-05	16.7179835709463	Modern	0.02519	< 0.25	< 0.25
0.31678	0.31678	NODE_1803_length_30920_cov_12.387366:14687	NODE_1803_length_30920_cov_12.387366	14687	14689	424554	439241	8.37880674597215e-108	107.076817826303	2.70540768625882e-109	493.316277976951	Historical	0	< 0.25	= 0.00
0.31678	0.31678	NODE_1803_length_30920_cov_12.387366:14687	NODE_1803_length_30920_cov_12.387366	14687	14689	424554	439241	8.37880674597215e-108	107.076817826303	2.70540768625882e-109	493.316277976951	Modern	0.31678	0.25–0.75	0.25–0.75
0	0	NODE_1803_length_30920_cov_12.387366:14689	NODE_1803_length_30920_cov_12.387366	14689	14689	424554	439243	0.999165688808028	0.000362487981788934	0.979354844312315	0.000669658121461679	Historical	0	< 0.25	= 0.00
0	0	NODE_1803_length_30920_cov_12.387366:14689	NODE_1803_length_30920_cov_12.387366	14689	14689	424554	439243	0.999165688808028	0.000362487981788934	0.979354844312315	0.000669658121461679	Modern	0	< 0.25	= 0.00
2e-06	2e-06	NODE_1820_length_30795_cov_70.596234:20599	NODE_1820_length_30795_cov_70.596234	20599	20605	0	20599	0.999165688808028	0.000362487981788934	0.979578973984288	0.000655193890536199	Historical	0	< 0.25	= 0.00
2e-06	2e-06	NODE_1820_length_30795_cov_70.596234:20599	NODE_1820_length_30795_cov_70.596234	20599	20605	0	20599	0.999165688808028	0.000362487981788934	0.979578973984288	0.000655193890536199	Modern	2e-06	< 0.25	< 0.25
0.181896	0.181896	NODE_1820_length_30795_cov_70.596234:20601	NODE_1820_length_30795_cov_70.596234	20601	20605	0	20601	1.23230905762361e-41	40.9092803593892	1.42774648651548e-42	187.011644397286	Historical	0	< 0.25	= 0.00
0.181896	0.181896	NODE_1820_length_30795_cov_70.596234:20601	NODE_1820_length_30795_cov_70.596234	20601	20605	0	20601	1.23230905762361e-41	40.9092803593892	1.42774648651548e-42	187.011644397286	Modern	0.181896	< 0.25	< 0.25
0.065232	0.065232	NODE_1820_length_30795_cov_70.596234:20602	NODE_1820_length_30795_cov_70.596234	20602	20605	0	20602	1.05643406545914e-12	11.9761576031084	3.39603923226892e-13	52.9646596847818	Historical	0	< 0.25	= 0.00
0.065232	0.065232	NODE_1820_length_30795_cov_70.596234:20602	NODE_1820_length_30795_cov_70.596234	20602	20605	0	20602	1.05643406545914e-12	11.9761576031084	3.39603923226892e-13	52.9646596847818	Modern	0.065232	< 0.25	< 0.25
0.017084	0.017084	NODE_1820_length_30795_cov_70.596234:20603	NODE_1820_length_30795_cov_70.596234	20603	20605	0	20603	0.00532863325854522	2.27338416890732	0.00376243003582941	8.39505559949694	Historical	0	< 0.25	= 0.00
0.017084	0.017084	NODE_1820_length_30795_cov_70.596234:20603	NODE_1820_length_30795_cov_70.596234	20603	20605	0	20603	0.00532863325854522	2.27338416890732	0.00376243003582941	8.39505559949694	Modern	0.017084	< 0.25	< 0.25
0.203681	0.203681	NODE_1820_length_30795_cov_70.596234:20605	NODE_1820_length_30795_cov_70.596234	20605	20605	0	20605	6.90451160230838e-48	47.1608670362634	7.01598045058876e-49	215.921303703306	Historical	0	< 0.25	= 0.00
0.203681	0.203681	NODE_1820_length_30795_cov_70.596234:20605	NODE_1820_length_30795_cov_70.596234	20605	20605	0	20605	6.90451160230838e-48	47.1608670362634	7.01598045058876e-49	215.921303703306	Modern	0.203681	< 0.25	< 0.25
0.012303	0.012303	NODE_1826_length_30770_cov_8.732679:20284	NODE_1826_length_30770_cov_8.732679	20284	20389	1247	21531	0.00199632566407866	2.69976861005491	0.00131761285520861	10.3176874657536	Historical	0	< 0.25	= 0.00
0.012303	0.012303	NODE_1826_length_30770_cov_8.732679:20284	NODE_1826_length_30770_cov_8.732679	20284	20389	1247	21531	0.00199632566407866	2.69976861005491	0.00131761285520861	10.3176874657536	Modern	0.012303	< 0.25	< 0.25
0.017384	0.017384	NODE_1826_length_30770_cov_8.732679:20287	NODE_1826_length_30770_cov_8.732679	20287	20389	1247	21534	4.1324412103189e-05	4.38379331615112	2.30364956358708e-05	17.9201845592476	Historical	0	< 0.25	= 0.00
0.017384	0.017384	NODE_1826_length_30770_cov_8.732679:20287	NODE_1826_length_30770_cov_8.732679	20287	20389	1247	21534	4.1324412103189e-05	4.38379331615112	2.30364956358708e-05	17.9201845592476	Modern	0.017384	< 0.25	< 0.25
0.024089	0.024089	NODE_1826_length_30770_cov_8.732679:20291	NODE_1826_length_30770_cov_8.732679	20291	20389	1247	21538	1.59123588087858e-07	6.79826543683945	7.3063869744045e-08	28.9817375703548	Historical	0	< 0.25	= 0.00
0.024089	0.024089	NODE_1826_length_30770_cov_8.732679:20291	NODE_1826_length_30770_cov_8.732679	20291	20389	1247	21538	1.59123588087858e-07	6.79826543683945	7.3063869744045e-08	28.9817375703548	Modern	0.024089	< 0.25	< 0.25
0.031076	0.031076	NODE_1826_length_30770_cov_8.732679:20300	NODE_1826_length_30770_cov_8.732679	20300	20389	1247	21547	9.86883556865422e-12	11.0057340870407	3.34115848074571e-12	48.4774081927084	Historical	0	< 0.25	= 0.00
0.031076	0.031076	NODE_1826_length_30770_cov_8.732679:20300	NODE_1826_length_30770_cov_8.732679	20300	20389	1247	21547	9.86883556865422e-12	11.0057340870407	3.34115848074571e-12	48.4774081927084	Modern	0.031076	< 0.25	< 0.25
0.150335	0.150335	NODE_1826_length_30770_cov_8.732679:20319	NODE_1826_length_30770_cov_8.732679	20319	20389	1247	21566	1.18872760042945e-75	74.9249176535259	6.60404222460803e-77	344.523232658765	Historical	0	< 0.25	= 0.00
0.150335	0.150335	NODE_1826_length_30770_cov_8.732679:20319	NODE_1826_length_30770_cov_8.732679	20319	20389	1247	21566	1.18872760042945e-75	74.9249176535259	6.60404222460803e-77	344.523232658765	Modern	0.150335	< 0.25	< 0.25
0.107179	0.107179	NODE_1826_length_30770_cov_8.732679:20328	NODE_1826_length_30770_cov_8.732679	20328	20389	1247	21575	1.20877229380706e-53	52.9176555029912	1.07331632925888e-54	242.586581005846	Historical	0	< 0.25	= 0.00
0.107179	0.107179	NODE_1826_length_30770_cov_8.732679:20328	NODE_1826_length_30770_cov_8.732679	20328	20389	1247	21575	1.20877229380706e-53	52.9176555029912	1.07331632925888e-54	242.586581005846	Modern	0.107179	< 0.25	< 0.25
0.036131	0.036131	NODE_1826_length_30770_cov_8.732679:20363	NODE_1826_length_30770_cov_8.732679	20363	20389	1247	21610	2.09885035479067e-15	14.6780185249266	5.80024172121637e-16	65.5037865119968	Historical	0	< 0.25	= 0.00
0.036131	0.036131	NODE_1826_length_30770_cov_8.732679:20363	NODE_1826_length_30770_cov_8.732679	20363	20389	1247	21610	2.09885035479067e-15	14.6780185249266	5.80024172121637e-16	65.5037865119968	Modern	0.036131	< 0.25	< 0.25
0.036865	0.036865	NODE_1826_length_30770_cov_8.732679:20367	NODE_1826_length_30770_cov_8.732679	20367	20389	1247	21614	2.32533820680055e-15	14.6335138725955	6.44823130470808e-16	65.2950744172607	Historical	0	< 0.25	= 0.00
0.036865	0.036865	NODE_1826_length_30770_cov_8.732679:20367	NODE_1826_length_30770_cov_8.732679	20367	20389	1247	21614	2.32533820680055e-15	14.6335138725955	6.44823130470808e-16	65.2950744172607	Modern	0.036865	< 0.25	< 0.25
0.024774	0.024774	NODE_1826_length_30770_cov_8.732679:20371	NODE_1826_length_30770_cov_8.732679	20371	20389	1247	21618	1.67085769036592e-09	8.77706053809028	6.52951509577946e-10	38.1564021871502	Historical	0	< 0.25	= 0.00
0.024774	0.024774	NODE_1826_length_30770_cov_8.732679:20371	NODE_1826_length_30770_cov_8.732679	20371	20389	1247	21618	1.67085769036592e-09	8.77706053809028	6.52951509577946e-10	38.1564021871502	Modern	0.024774	< 0.25	< 0.25
0.012289	0.012289	NODE_1826_length_30770_cov_8.732679:20372	NODE_1826_length_30770_cov_8.732679	20372	20389	1247	21619	0.000204109966637728	3.69013578827713	0.000122213992369504	14.758213373637	Historical	0	< 0.25	= 0.00
0.012289	0.012289	NODE_1826_length_30770_cov_8.732679:20372	NODE_1826_length_30770_cov_8.732679	20372	20389	1247	21619	0.000204109966637728	3.69013578827713	0.000122213992369504	14.758213373637	Modern	0.012289	< 0.25	< 0.25
0.063566	0.063566	NODE_1826_length_30770_cov_8.732679:20387	NODE_1826_length_30770_cov_8.732679	20387	20389	1247	21634	4.61645140451658e-21	20.3356917317185	1.01491785388945e-21	91.6877390542508	Historical	0	< 0.25	= 0.00
0.063566	0.063566	NODE_1826_length_30770_cov_8.732679:20387	NODE_1826_length_30770_cov_8.732679	20387	20389	1247	21634	4.61645140451658e-21	20.3356917317185	1.01491785388945e-21	91.6877390542508	Modern	0.063566	< 0.25	< 0.25
0.011947	0.011947	NODE_1826_length_30770_cov_8.732679:20389	NODE_1826_length_30770_cov_8.732679	20389	20389	1247	21636	0.0017812180081739	2.74928292278682	0.001167179891396	10.5415896361568	Historical	0	< 0.25	= 0.00
0.011947	0.011947	NODE_1826_length_30770_cov_8.732679:20389	NODE_1826_length_30770_cov_8.732679	20389	20389	1247	21636	0.0017812180081739	2.74928292278682	0.001167179891396	10.5415896361568	Modern	0.011947	< 0.25	< 0.25
0.019315	0.019315	NODE_1835_length_30674_cov_9.106525:25927	NODE_1835_length_30674_cov_9.106525	25927	29360	2494	28421	0.188708763761137	0.724207930440668	0.15940783035663	1.97983461942419	Historical	0	< 0.25	= 0.00
0.019315	0.019315	NODE_1835_length_30674_cov_9.106525:25927	NODE_1835_length_30674_cov_9.106525	25927	29360	2494	28421	0.188708763761137	0.724207930440668	0.15940783035663	1.97983461942419	Modern	0.019315	< 0.25	< 0.25
0.168242	0.168242	NODE_1835_length_30674_cov_9.106525:25930	NODE_1835_length_30674_cov_9.106525	25930	29360	2494	28424	2.69809587738882e-15	14.5689426216467	7.52033371332973e-16	64.9919848252443	Historical	0	< 0.25	= 0.00
0.168242	0.168242	NODE_1835_length_30674_cov_9.106525:25930	NODE_1835_length_30674_cov_9.106525	25930	29360	2494	28424	2.69809587738882e-15	14.5689426216467	7.52033371332973e-16	64.9919848252443	Modern	0.168242	< 0.25	< 0.25
0.039702	0.039702	NODE_1835_length_30674_cov_9.106525:25935	NODE_1835_length_30674_cov_9.106525	25935	29360	2494	28429	0.0128382823317357	1.8914930778053	0.00982683338972364	6.66602112305753	Historical	0	< 0.25	= 0.00
0.039702	0.039702	NODE_1835_length_30674_cov_9.106525:25935	NODE_1835_length_30674_cov_9.106525	25935	29360	2494	28429	0.0128382823317357	1.8914930778053	0.00982683338972364	6.66602112305753	Modern	0.039702	< 0.25	< 0.25
0.085277	0.085277	NODE_1835_length_30674_cov_9.106525:25940	NODE_1835_length_30674_cov_9.106525	25940	29360	2494	28434	0.551332139170114	0.258586690166481	0.477768829052924	0.503951877628626	Historical	0.085895	< 0.25	< 0.25
0.085277	0.085277	NODE_1835_length_30674_cov_9.106525:25940	NODE_1835_length_30674_cov_9.106525	25940	29360	2494	28434	0.551332139170114	0.258586690166481	0.477768829052924	0.503951877628626	Modern	0.171172	< 0.25	< 0.25
0.023307	0.023307	NODE_1835_length_30674_cov_9.106525:25944	NODE_1835_length_30674_cov_9.106525	25944	29360	2494	28438	0.159070485025917	0.798410394705962	0.133842782272519	2.24735755763622	Historical	0	< 0.25	= 0.00
0.023307	0.023307	NODE_1835_length_30674_cov_9.106525:25944	NODE_1835_length_30674_cov_9.106525	25944	29360	2494	28438	0.159070485025917	0.798410394705962	0.133842782272519	2.24735755763622	Modern	0.023307	< 0.25	< 0.25
0.057768	0.057768	NODE_1835_length_30674_cov_9.106525:29336	NODE_1835_length_30674_cov_9.106525	29336	29360	2494	31830	1.08360652635605e-38	37.9651283879579	1.37894847608462e-39	173.340776504632	Historical	0	< 0.25	= 0.00
0.057768	0.057768	NODE_1835_length_30674_cov_9.106525:29336	NODE_1835_length_30674_cov_9.106525	29336	29360	2494	31830	1.08360652635605e-38	37.9651283879579	1.37894847608462e-39	173.340776504632	Modern	0.057768	< 0.25	< 0.25
0.064833	0.064833	NODE_1835_length_30674_cov_9.106525:29337	NODE_1835_length_30674_cov_9.106525	29337	29360	2494	31831	4.58575377222432e-46	45.3385892680176	4.87753487643992e-47	207.477586716405	Historical	0	< 0.25	= 0.00
0.064833	0.064833	NODE_1835_length_30674_cov_9.106525:29337	NODE_1835_length_30674_cov_9.106525	29337	29360	2494	31831	4.58575377222432e-46	45.3385892680176	4.87753487643992e-47	207.477586716405	Modern	0.064833	< 0.25	< 0.25
0.010648	0.010648	NODE_1835_length_30674_cov_9.106525:29339	NODE_1835_length_30674_cov_9.106525	29339	29360	2494	31833	0.0023623450935593	2.62665665994805	0.00158050533562443	9.98231869654127	Historical	0	< 0.25	= 0.00
0.010648	0.010648	NODE_1835_length_30674_cov_9.106525:29339	NODE_1835_length_30674_cov_9.106525	29339	29360	2494	31833	0.0023623450935593	2.62665665994805	0.00158050533562443	9.98231869654127	Modern	0.010648	< 0.25	< 0.25
0.017811	0.017811	NODE_1835_length_30674_cov_9.106525:29351	NODE_1835_length_30674_cov_9.106525	29351	29360	2494	31845	1.44046634241659e-06	5.84149688488341	7.10657421543606e-07	24.5860115979499	Historical	0	< 0.25	= 0.00
0.017811	0.017811	NODE_1835_length_30674_cov_9.106525:29351	NODE_1835_length_30674_cov_9.106525	29351	29360	2494	31845	1.44046634241659e-06	5.84149688488341	7.10657421543606e-07	24.5860115979499	Modern	0.017811	< 0.25	< 0.25
0.008075	0.008075	NODE_1835_length_30674_cov_9.106525:29353	NODE_1835_length_30674_cov_9.106525	29353	29360	2494	31847	0.0218026493627559	1.6614907296195	0.0172267846816837	5.67312060240562	Historical	0	< 0.25	= 0.00
0.008075	0.008075	NODE_1835_length_30674_cov_9.106525:29353	NODE_1835_length_30674_cov_9.106525	29353	29360	2494	31847	0.0218026493627559	1.6614907296195	0.0172267846816837	5.67312060240562	Modern	0.008075	< 0.25	< 0.25
0.06392	0.06392	NODE_1835_length_30674_cov_9.106525:29360	NODE_1835_length_30674_cov_9.106525	29360	29360	2494	31854	3.57874307712603e-40	39.4462694790874	4.28225667348414e-41	180.246165068481	Historical	0	< 0.25	= 0.00
0.06392	0.06392	NODE_1835_length_30674_cov_9.106525:29360	NODE_1835_length_30674_cov_9.106525	29360	29360	2494	31854	3.57874307712603e-40	39.4462694790874	4.28225667348414e-41	180.246165068481	Modern	0.06392	< 0.25	< 0.25
0.041913	0.041913	NODE_1843_length_30640_cov_14.077077:28301	NODE_1843_length_30640_cov_14.077077	28301	28343	3741	32042	2.08306448696902e-10	9.68129728506844	7.58646942785014e-11	42.3616087247746	Historical	0	< 0.25	= 0.00
0.041913	0.041913	NODE_1843_length_30640_cov_14.077077:28301	NODE_1843_length_30640_cov_14.077077	28301	28343	3741	32042	2.08306448696902e-10	9.68129728506844	7.58646942785014e-11	42.3616087247746	Modern	0.041913	< 0.25	< 0.25
0.068555	0.068555	NODE_1843_length_30640_cov_14.077077:28303	NODE_1843_length_30640_cov_14.077077	28303	28343	3741	32044	1.70757339390533e-18	17.7676206206578	4.15136551604714e-19	79.7959797572333	Historical	0	< 0.25	= 0.00
0.068555	0.068555	NODE_1843_length_30640_cov_14.077077:28303	NODE_1843_length_30640_cov_14.077077	28303	28343	3741	32044	1.70757339390533e-18	17.7676206206578	4.15136551604714e-19	79.7959797572333	Modern	0.068555	< 0.25	< 0.25
0.013754	0.013754	NODE_1843_length_30640_cov_14.077077:28304	NODE_1843_length_30640_cov_14.077077	28304	28343	3741	32045	0.00768104473440111	2.11457970555083	0.00561307115206235	7.67050608908113	Historical	0	< 0.25	= 0.00
0.013754	0.013754	NODE_1843_length_30640_cov_14.077077:28304	NODE_1843_length_30640_cov_14.077077	28304	28343	3741	32045	0.00768104473440111	2.11457970555083	0.00561307115206235	7.67050608908113	Modern	0.013754	< 0.25	< 0.25
0	0	NODE_1843_length_30640_cov_14.077077:28313	NODE_1843_length_30640_cov_14.077077	28313	28343	3741	32054	0.999165688808028	0.000362487981788934	0.982205383639253	0.00049747258213712	Historical	0	< 0.25	= 0.00
0	0	NODE_1843_length_30640_cov_14.077077:28313	NODE_1843_length_30640_cov_14.077077	28313	28343	3741	32054	0.999165688808028	0.000362487981788934	0.982205383639253	0.00049747258213712	Modern	0	< 0.25	= 0.00
0.091729	0.091729	NODE_1843_length_30640_cov_14.077077:28314	NODE_1843_length_30640_cov_14.077077	28314	28343	3741	32055	3.45275766487799e-26	25.4618339019574	6.50875970064843e-27	115.376539373773	Historical	0	< 0.25	= 0.00
0.091729	0.091729	NODE_1843_length_30640_cov_14.077077:28314	NODE_1843_length_30640_cov_14.077077	28314	28343	3741	32055	3.45275766487799e-26	25.4618339019574	6.50875970064843e-27	115.376539373773	Modern	0.091729	< 0.25	< 0.25
0.014364	0.014364	NODE_1843_length_30640_cov_14.077077:28320	NODE_1843_length_30640_cov_14.077077	28320	28343	3741	32061	0.00567906863753957	2.24572288237755	0.00402874099928021	8.27081534479417	Historical	0	< 0.25	= 0.00
0.014364	0.014364	NODE_1843_length_30640_cov_14.077077:28320	NODE_1843_length_30640_cov_14.077077	28320	28343	3741	32061	0.00567906863753957	2.24572288237755	0.00402874099928021	8.27081534479417	Modern	0.014364	< 0.25	< 0.25
0.048481	0.048481	NODE_1843_length_30640_cov_14.077077:28343	NODE_1843_length_30640_cov_14.077077	28343	28343	3741	32084	1.36970322471232e-12	11.863373521772	4.44210495004043e-13	52.4372816483389	Historical	0	< 0.25	= 0.00
0.048481	0.048481	NODE_1843_length_30640_cov_14.077077:28343	NODE_1843_length_30640_cov_14.077077	28343	28343	3741	32084	1.36970322471232e-12	11.863373521772	4.44210495004043e-13	52.4372816483389	Modern	0.048481	< 0.25	< 0.25
1e-06	1e-06	NODE_1844_length_30635_cov_9.458606:2503	NODE_1844_length_30635_cov_9.458606	2503	2503	4988	7491	0.999165688808028	0.000362487981788934	0.968220568887637	0.00158723731894919	Historical	0	< 0.25	= 0.00
1e-06	1e-06	NODE_1844_length_30635_cov_9.458606:2503	NODE_1844_length_30635_cov_9.458606	2503	2503	4988	7491	0.999165688808028	0.000362487981788934	0.968220568887637	0.00158723731894919	Modern	1e-06	< 0.25	< 0.25
7e-06	7e-06	NODE_1848_length_30606_cov_7.733176:3513	NODE_1848_length_30606_cov_7.733176	3513	3597	6235	9748	0.999165688808028	0.000362487981788934	0.988733841401538	0.000199388663585239	Historical	0	< 0.25	= 0.00
7e-06	7e-06	NODE_1848_length_30606_cov_7.733176:3513	NODE_1848_length_30606_cov_7.733176	3513	3597	6235	9748	0.999165688808028	0.000362487981788934	0.988733841401538	0.000199388663585239	Modern	7e-06	< 0.25	< 0.25
0.011512	0.011512	NODE_1848_length_30606_cov_7.733176:3523	NODE_1848_length_30606_cov_7.733176	3523	3597	6235	9758	0.000481812051639574	3.31712234112658	0.000299016311250201	13.0765460623384	Historical	0	< 0.25	= 0.00
0.011512	0.011512	NODE_1848_length_30606_cov_7.733176:3523	NODE_1848_length_30606_cov_7.733176	3523	3597	6235	9758	0.000481812051639574	3.31712234112658	0.000299016311250201	13.0765460623384	Modern	0.011512	< 0.25	< 0.25
0.06827	0.06827	NODE_1848_length_30606_cov_7.733176:3574	NODE_1848_length_30606_cov_7.733176	3574	3597	6235	9809	1.593190942325e-39	38.7977321713246	1.9669023979321e-40	177.213817035954	Historical	0	< 0.25	= 0.00
0.06827	0.06827	NODE_1848_length_30606_cov_7.733176:3574	NODE_1848_length_30606_cov_7.733176	3574	3597	6235	9809	1.593190942325e-39	38.7977321713246	1.9669023979321e-40	177.213817035954	Modern	0.06827	< 0.25	< 0.25
0.031646	0.031646	NODE_1848_length_30606_cov_7.733176:3589	NODE_1848_length_30606_cov_7.733176	3589	3597	6235	9824	2.66597375265756e-10	9.57414413066563	9.7678779254573e-11	41.8673777349487	Historical	0	< 0.25	= 0.00
0.031646	0.031646	NODE_1848_length_30606_cov_7.733176:3589	NODE_1848_length_30606_cov_7.733176	3589	3597	6235	9824	2.66597375265756e-10	9.57414413066563	9.7678779254573e-11	41.8673777349487	Modern	0.031646	< 0.25	< 0.25
0.294695	0.294695	NODE_1848_length_30606_cov_7.733176:3597	NODE_1848_length_30606_cov_7.733176	3597	3597	6235	9832	1.72910437874928e-95	94.7621787894059	6.73250517841601e-97	436.353021630451	Historical	0	< 0.25	= 0.00
0.294695	0.294695	NODE_1848_length_30606_cov_7.733176:3597	NODE_1848_length_30606_cov_7.733176	3597	3597	6235	9832	1.72910437874928e-95	94.7621787894059	6.73250517841601e-97	436.353021630451	Modern	0.294695	0.25–0.75	0.25–0.75
0.052107	-0.052107	NODE_1864_length_30503_cov_9.525359:20356	NODE_1864_length_30503_cov_9.525359	20356	20356	7482	27838	0.898312339138369	0.0465726348476291	0.80532464211455	0.0607435013849361	Historical	0.5	0.25–0.75	0.25–0.75
0.052107	-0.052107	NODE_1864_length_30503_cov_9.525359:20356	NODE_1864_length_30503_cov_9.525359	20356	20356	7482	27838	0.898312339138369	0.0465726348476291	0.80532464211455	0.0607435013849361	Modern	0.447893	0.25–0.75	0.25–0.75
0.000265999999999988	0.000265999999999988	NODE_1865_length_30502_cov_16.331875:422	NODE_1865_length_30502_cov_16.331875	422	422	8729	9151	0.999665547910362	0.000145274992107645	0.999009971882921	1.53962572036785e-06	Historical	0.5	0.25–0.75	0.25–0.75
0.000265999999999988	0.000265999999999988	NODE_1865_length_30502_cov_16.331875:422	NODE_1865_length_30502_cov_16.331875	422	422	8729	9151	0.999665547910362	0.000145274992107645	0.999009971882921	1.53962572036785e-06	Modern	0.500266	0.25–0.75	0.25–0.75
0.151388	0.151388	NODE_1891_length_30402_cov_8.238953:12769	NODE_1891_length_30402_cov_8.238953	12769	12864	34673	47442	2.08567258500483e-39	38.6807538673794	2.59471138305444e-40	176.66286585702	Historical	0	< 0.25	= 0.00
0.151388	0.151388	NODE_1891_length_30402_cov_8.238953:12769	NODE_1891_length_30402_cov_8.238953	12769	12864	34673	47442	2.08567258500483e-39	38.6807538673794	2.59471138305444e-40	176.66286585702	Modern	0.151388	< 0.25	< 0.25
0.027835	0.027835	NODE_1891_length_30402_cov_8.238953:12772	NODE_1891_length_30402_cov_8.238953	12772	12864	34673	47445	2.15559662067126e-06	5.66643250591892	1.08189251094469e-06	23.7766095034536	Historical	0	< 0.25	= 0.00
0.027835	0.027835	NODE_1891_length_30402_cov_8.238953:12772	NODE_1891_length_30402_cov_8.238953	12772	12864	34673	47445	2.15559662067126e-06	5.66643250591892	1.08189251094469e-06	23.7766095034536	Modern	0.027835	< 0.25	< 0.25
0.31461	0.31461	NODE_1891_length_30402_cov_8.238953:12791	NODE_1891_length_30402_cov_8.238953	12791	12864	34673	47464	7.90718103840788e-165	164.101978317724	1.12637906530027e-166	757.136475539419	Historical	0	< 0.25	= 0.00
0.31461	0.31461	NODE_1891_length_30402_cov_8.238953:12791	NODE_1891_length_30402_cov_8.238953	12791	12864	34673	47464	7.90718103840788e-165	164.101978317724	1.12637906530027e-166	757.136475539419	Modern	0.31461	0.25–0.75	0.25–0.75
0.011526	0.011526	NODE_1891_length_30402_cov_8.238953:12804	NODE_1891_length_30402_cov_8.238953	12804	12864	34673	47477	0.00014062471728608	3.85193833765545	8.29992989490017e-05	15.4887150508152	Historical	0	< 0.25	= 0.00
0.011526	0.011526	NODE_1891_length_30402_cov_8.238953:12804	NODE_1891_length_30402_cov_8.238953	12804	12864	34673	47477	0.00014062471728608	3.85193833765545	8.29992989490017e-05	15.4887150508152	Modern	0.011526	< 0.25	< 0.25
0.101291	0.101291	NODE_1891_length_30402_cov_8.238953:12815	NODE_1891_length_30402_cov_8.238953	12815	12864	34673	47488	1.9559801041546e-64	63.7086355670841	1.42101118677898e-65	292.496509000973	Historical	0	< 0.25	= 0.00
0.101291	0.101291	NODE_1891_length_30402_cov_8.238953:12815	NODE_1891_length_30402_cov_8.238953	12815	12864	34673	47488	1.9559801041546e-64	63.7086355670841	1.42101118677898e-65	292.496509000973	Modern	0.101291	< 0.25	< 0.25
0.099103	0.099103	NODE_1891_length_30402_cov_8.238953:12817	NODE_1891_length_30402_cov_8.238953	12817	12864	34673	47490	5.86967848721499e-64	63.2313856866659	4.40365242630564e-65	290.242063091053	Historical	0	< 0.25	= 0.00
0.099103	0.099103	NODE_1891_length_30402_cov_8.238953:12817	NODE_1891_length_30402_cov_8.238953	12817	12864	34673	47490	5.86967848721499e-64	63.2313856866659	4.40365242630564e-65	290.242063091053	Modern	0.099103	< 0.25	< 0.25
0.042497	0.042497	NODE_1891_length_30402_cov_8.238953:12821	NODE_1891_length_30402_cov_8.238953	12821	12864	34673	47494	1.96502770262779e-24	23.7066313226353	3.86939665965009e-25	107.277825318414	Historical	0	< 0.25	= 0.00
0.042497	0.042497	NODE_1891_length_30402_cov_8.238953:12821	NODE_1891_length_30402_cov_8.238953	12821	12864	34673	47494	1.96502770262779e-24	23.7066313226353	3.86939665965009e-25	107.277825318414	Modern	0.042497	< 0.25	< 0.25
0.011199	0.011199	NODE_1891_length_30402_cov_8.238953:12825	NODE_1891_length_30402_cov_8.238953	12825	12864	34673	47498	4.37539789638632e-05	4.3589824463337	2.44116454333045e-05	17.809848134965	Historical	0	< 0.25	= 0.00
0.011199	0.011199	NODE_1891_length_30402_cov_8.238953:12825	NODE_1891_length_30402_cov_8.238953	12825	12864	34673	47498	4.37539789638632e-05	4.3589824463337	2.44116454333045e-05	17.809848134965	Modern	0.011199	< 0.25	< 0.25
0.011221	0.011221	NODE_1891_length_30402_cov_8.238953:12839	NODE_1891_length_30402_cov_8.238953	12839	12864	34673	47512	5.71991627832812e-05	4.2426103278724	3.22661943905689e-05	17.2794239884538	Historical	0	< 0.25	= 0.00
0.011221	0.011221	NODE_1891_length_30402_cov_8.238953:12839	NODE_1891_length_30402_cov_8.238953	12839	12864	34673	47512	5.71991627832812e-05	4.2426103278724	3.22661943905689e-05	17.2794239884538	Modern	0.011221	< 0.25	< 0.25
0.100905	0.100905	NODE_1891_length_30402_cov_8.238953:12863	NODE_1891_length_30402_cov_8.238953	12863	12864	34673	47536	9.16094524920934e-56	55.0380597124309	7.91686626474881e-57	252.366397028961	Historical	0	< 0.25	= 0.00
0.100905	0.100905	NODE_1891_length_30402_cov_8.238953:12863	NODE_1891_length_30402_cov_8.238953	12863	12864	34673	47536	9.16094524920934e-56	55.0380597124309	7.91686626474881e-57	252.366397028961	Modern	0.100905	< 0.25	< 0.25
0.005044	0.005044	NODE_1891_length_30402_cov_8.238953:12864	NODE_1891_length_30402_cov_8.238953	12864	12864	34673	47537	0.0821049487496268	1.08563066565908	0.0683818044192048	3.32144251731851	Historical	0	< 0.25	= 0.00
0.005044	0.005044	NODE_1891_length_30402_cov_8.238953:12864	NODE_1891_length_30402_cov_8.238953	12864	12864	34673	47537	0.0821049487496268	1.08563066565908	0.0683818044192048	3.32144251731851	Modern	0.005044	< 0.25	< 0.25
0	0	NODE_189_length_64672_cov_18.952457:24750	NODE_189_length_64672_cov_18.952457	24750	24918	0	24750	0.999165688808028	0.000362487981788934	0.980324041971744	0.000608246615615054	Historical	0	< 0.25	= 0.00
0	0	NODE_189_length_64672_cov_18.952457:24750	NODE_189_length_64672_cov_18.952457	24750	24918	0	24750	0.999165688808028	0.000362487981788934	0.980324041971744	0.000608246615615054	Modern	0	< 0.25	= 0.00
0.07425	-0.07425	NODE_189_length_64672_cov_18.952457:24753	NODE_189_length_64672_cov_18.952457	24753	24918	0	24753	0.815007015297662	0.088838652987691	0.725611658918858	0.123179188768866	Historical	0.5	0.25–0.75	0.25–0.75
0.07425	-0.07425	NODE_189_length_64672_cov_18.952457:24753	NODE_189_length_64672_cov_18.952457	24753	24918	0	24753	0.815007015297662	0.088838652987691	0.725611658918858	0.123179188768866	Modern	0.42575	0.25–0.75	0.25–0.75
0.025115	0.025115	NODE_189_length_64672_cov_18.952457:24762	NODE_189_length_64672_cov_18.952457	24762	24918	0	24762	5.67390021610655e-06	5.24611830618123	2.94741065357102e-06	21.8504916848462	Historical	0	< 0.25	= 0.00
0.025115	0.025115	NODE_189_length_64672_cov_18.952457:24762	NODE_189_length_64672_cov_18.952457	24762	24918	0	24762	5.67390021610655e-06	5.24611830618123	2.94741065357102e-06	21.8504916848462	Modern	0.025115	< 0.25	< 0.25
0.051405	0.051405	NODE_189_length_64672_cov_18.952457:24903	NODE_189_length_64672_cov_18.952457	24903	24918	0	24903	3.59263263015861e-39	38.4445871899348	4.52064409777792e-40	175.558707908038	Historical	0	< 0.25	= 0.00
0.051405	0.051405	NODE_189_length_64672_cov_18.952457:24903	NODE_189_length_64672_cov_18.952457	24903	24918	0	24903	3.59263263015861e-39	38.4445871899348	4.52064409777792e-40	175.558707908038	Modern	0.051405	< 0.25	< 0.25
0.022264	0.022264	NODE_189_length_64672_cov_18.952457:24909	NODE_189_length_64672_cov_18.952457	24909	24918	0	24909	4.7065084470252e-11	10.3273011575235	1.6716373781457e-11	45.3219657604391	Historical	0	< 0.25	= 0.00
0.022264	0.022264	NODE_189_length_64672_cov_18.952457:24909	NODE_189_length_64672_cov_18.952457	24909	24918	0	24909	4.7065084470252e-11	10.3273011575235	1.6716373781457e-11	45.3219657604391	Modern	0.022264	< 0.25	< 0.25
0.038574	0.038574	NODE_189_length_64672_cov_18.952457:24913	NODE_189_length_64672_cov_18.952457	24913	24918	0	24913	1.1120674531807e-21	20.9538688695384	2.402614867983e-22	94.539406347392	Historical	0	< 0.25	= 0.00
0.038574	0.038574	NODE_189_length_64672_cov_18.952457:24913	NODE_189_length_64672_cov_18.952457	24913	24918	0	24913	1.1120674531807e-21	20.9538688695384	2.402614867983e-22	94.539406347392	Modern	0.038574	< 0.25	< 0.25
0.026875	0.026875	NODE_189_length_64672_cov_18.952457:24914	NODE_189_length_64672_cov_18.952457	24914	24918	0	24914	7.45502452414239e-13	12.1275509235481	2.36465165343168e-13	53.6757405258059	Historical	0	< 0.25	= 0.00
0.026875	0.026875	NODE_189_length_64672_cov_18.952457:24914	NODE_189_length_64672_cov_18.952457	24914	24918	0	24914	7.45502452414239e-13	12.1275509235481	2.36465165343168e-13	53.6757405258059	Modern	0.026875	< 0.25	< 0.25
0.011729	0.011729	NODE_189_length_64672_cov_18.952457:24918	NODE_189_length_64672_cov_18.952457	24918	24918	0	24918	0.000625155590611378	3.20401188068076	0.000391835412918812	12.5707303766952	Historical	0	< 0.25	= 0.00
0.011729	0.011729	NODE_189_length_64672_cov_18.952457:24918	NODE_189_length_64672_cov_18.952457	24918	24918	0	24918	0.000625155590611378	3.20401188068076	0.000391835412918812	12.5707303766952	Modern	0.011729	< 0.25	< 0.25
1e-06	1e-06	NODE_1917_length_30279_cov_46.369848:8007	NODE_1917_length_30279_cov_46.369848	8007	8070	69346	77353	0.999165688808028	0.000362487981788934	0.971406602366629	0.00128480548906628	Historical	0	< 0.25	= 0.00
1e-06	1e-06	NODE_1917_length_30279_cov_46.369848:8007	NODE_1917_length_30279_cov_46.369848	8007	8070	69346	77353	0.999165688808028	0.000362487981788934	0.971406602366629	0.00128480548906628	Modern	1e-06	< 0.25	< 0.25
0	0	NODE_1917_length_30279_cov_46.369848:8015	NODE_1917_length_30279_cov_46.369848	8015	8070	69346	77361	0.999165688808028	0.000362487981788934	0.97859998943365	0.000719535144166608	Historical	0	< 0.25	= 0.00
0	0	NODE_1917_length_30279_cov_46.369848:8015	NODE_1917_length_30279_cov_46.369848	8015	8070	69346	77361	0.999165688808028	0.000362487981788934	0.97859998943365	0.000719535144166608	Modern	0	< 0.25	= 0.00
0.036658	0.036658	NODE_1917_length_30279_cov_46.369848:8016	NODE_1917_length_30279_cov_46.369848	8016	8070	69346	77362	3.93034584986386e-07	6.40556923230172	1.86252856513017e-07	27.1707759622426	Historical	0	< 0.25	= 0.00
0.036658	0.036658	NODE_1917_length_30279_cov_46.369848:8016	NODE_1917_length_30279_cov_46.369848	8016	8070	69346	77362	3.93034584986386e-07	6.40556923230172	1.86252856513017e-07	27.1707759622426	Modern	0.036658	< 0.25	< 0.25
1e-06	1e-06	NODE_1917_length_30279_cov_46.369848:8028	NODE_1917_length_30279_cov_46.369848	8028	8070	69346	77374	0.999165688808028	0.000362487981788934	0.983345736374253	0.000435746418151132	Historical	0	< 0.25	= 0.00
1e-06	1e-06	NODE_1917_length_30279_cov_46.369848:8028	NODE_1917_length_30279_cov_46.369848	8028	8070	69346	77374	0.999165688808028	0.000362487981788934	0.983345736374253	0.000435746418151132	Modern	1e-06	< 0.25	< 0.25
0.023969	0.023969	NODE_1917_length_30279_cov_46.369848:8038	NODE_1917_length_30279_cov_46.369848	8038	8070	69346	77384	2.59647428289131e-07	6.58561597457237	1.21686615252314e-07	27.9940885624003	Historical	0	< 0.25	= 0.00
0.023969	0.023969	NODE_1917_length_30279_cov_46.369848:8038	NODE_1917_length_30279_cov_46.369848	8038	8070	69346	77384	2.59647428289131e-07	6.58561597457237	1.21686615252314e-07	27.9940885624003	Modern	0.023969	< 0.25	< 0.25
0.070852	0.070852	NODE_1917_length_30279_cov_46.369848:8044	NODE_1917_length_30279_cov_46.369848	8044	8070	69346	77390	1.18633109295654e-31	30.9257940868767	1.84765716281931e-32	140.725248930267	Historical	0	< 0.25	= 0.00
0.070852	0.070852	NODE_1917_length_30279_cov_46.369848:8044	NODE_1917_length_30279_cov_46.369848	8044	8070	69346	77390	1.18633109295654e-31	30.9257940868767	1.84765716281931e-32	140.725248930267	Modern	0.070852	< 0.25	< 0.25
0	0	NODE_1917_length_30279_cov_46.369848:8045	NODE_1917_length_30279_cov_46.369848	8045	8070	69346	77391	0.999165688808028	0.000362487981788934	0.986621964725155	0.000281154637313087	Historical	0	< 0.25	= 0.00
0	0	NODE_1917_length_30279_cov_46.369848:8045	NODE_1917_length_30279_cov_46.369848	8045	8070	69346	77391	0.999165688808028	0.000362487981788934	0.986621964725155	0.000281154637313087	Modern	0	< 0.25	= 0.00
0.058847	0.058847	NODE_1917_length_30279_cov_46.369848:8046	NODE_1917_length_30279_cov_46.369848	8046	8070	69346	77392	3.91961229684232e-26	25.4067568885074	7.42604608945909e-27	115.115081018841	Historical	0	< 0.25	= 0.00
0.058847	0.058847	NODE_1917_length_30279_cov_46.369848:8046	NODE_1917_length_30279_cov_46.369848	8046	8070	69346	77392	3.91961229684232e-26	25.4067568885074	7.42604608945909e-27	115.115081018841	Modern	0.058847	< 0.25	< 0.25
0	0	NODE_1917_length_30279_cov_46.369848:8070	NODE_1917_length_30279_cov_46.369848	8070	8070	69346	77416	0.999165688808028	0.000362487981788934	0.989664095501814	0.000167819006916782	Historical	0	< 0.25	= 0.00
0	0	NODE_1917_length_30279_cov_46.369848:8070	NODE_1917_length_30279_cov_46.369848	8070	8070	69346	77416	0.999165688808028	0.000362487981788934	0.989664095501814	0.000167819006916782	Modern	0	< 0.25	= 0.00
0.102435	0.102435	NODE_1937_length_30181_cov_13.450435:9566	NODE_1937_length_30181_cov_13.450435	9566	9716	104019	113585	1.57438090302453e-15	14.8028901867998	4.31347474380414e-16	66.0874779840574	Historical	0	< 0.25	= 0.00
0.102435	0.102435	NODE_1937_length_30181_cov_13.450435:9566	NODE_1937_length_30181_cov_13.450435	9566	9716	104019	113585	1.57438090302453e-15	14.8028901867998	4.31347474380414e-16	66.0874779840574	Modern	0.102435	< 0.25	< 0.25
0.03177	0.03177	NODE_1937_length_30181_cov_13.450435:9614	NODE_1937_length_30181_cov_13.450435	9614	9716	104019	113633	1.10430005525134e-07	6.95691290610465	4.98665409565066e-08	29.7219667831809	Historical	0	< 0.25	= 0.00
0.03177	0.03177	NODE_1937_length_30181_cov_13.450435:9614	NODE_1937_length_30181_cov_13.450435	9614	9716	104019	113633	1.10430005525134e-07	6.95691290610465	4.98665409565066e-08	29.7219667831809	Modern	0.03177	< 0.25	< 0.25
0.037361	0.037361	NODE_1937_length_30181_cov_13.450435:9624	NODE_1937_length_30181_cov_13.450435	9624	9716	104019	113643	8.35837176873062e-10	9.07787831594933	3.19094534760656e-10	39.5541076495638	Historical	0	< 0.25	= 0.00
0.037361	0.037361	NODE_1937_length_30181_cov_13.450435:9624	NODE_1937_length_30181_cov_13.450435	9624	9716	104019	113643	8.35837176873062e-10	9.07787831594933	3.19094534760656e-10	39.5541076495638	Modern	0.037361	< 0.25	< 0.25
0.043057	0.043057	NODE_1937_length_30181_cov_13.450435:9626	NODE_1937_length_30181_cov_13.450435	9626	9716	104019	113645	2.00679671937256e-11	10.6974966176102	6.93707507931256e-12	47.0451318180836	Historical	0	< 0.25	= 0.00
0.043057	0.043057	NODE_1937_length_30181_cov_13.450435:9626	NODE_1937_length_30181_cov_13.450435	9626	9716	104019	113645	2.00679671937256e-11	10.6974966176102	6.93707507931256e-12	47.0451318180836	Modern	0.043057	< 0.25	< 0.25
0.013704	0.013704	NODE_1937_length_30181_cov_13.450435:9627	NODE_1937_length_30181_cov_13.450435	9627	9716	104019	113646	0.00320686911746302	2.49391876465014	0.00218054918148483	9.39098583633604	Historical	0	< 0.25	= 0.00
0.013704	0.013704	NODE_1937_length_30181_cov_13.450435:9627	NODE_1937_length_30181_cov_13.450435	9627	9716	104019	113646	0.00320686911746302	2.49391876465014	0.00218054918148483	9.39098583633604	Modern	0.013704	< 0.25	< 0.25
0.038583	0.038583	NODE_1937_length_30181_cov_13.450435:9683	NODE_1937_length_30181_cov_13.450435	9683	9716	104019	113702	8.18786596707548e-11	10.0868292752225	2.93145818574307e-11	44.222147391951	Historical	0	< 0.25	= 0.00
0.038583	0.038583	NODE_1937_length_30181_cov_13.450435:9683	NODE_1937_length_30181_cov_13.450435	9683	9716	104019	113702	8.18786596707548e-11	10.0868292752225	2.93145818574307e-11	44.222147391951	Modern	0.038583	< 0.25	< 0.25
0.0138	0.0138	NODE_1937_length_30181_cov_13.450435:9706	NODE_1937_length_30181_cov_13.450435	9706	9716	104019	113725	0.00344743114444466	2.46250439923083	0.00235721787654336	9.2482405961523	Historical	0	< 0.25	= 0.00
0.0138	0.0138	NODE_1937_length_30181_cov_13.450435:9706	NODE_1937_length_30181_cov_13.450435	9706	9716	104019	113725	0.00344743114444466	2.46250439923083	0.00235721787654336	9.2482405961523	Modern	0.0138	< 0.25	< 0.25
0.018378	0.018378	NODE_1937_length_30181_cov_13.450435:9716	NODE_1937_length_30181_cov_13.450435	9716	9716	104019	113735	0.000415110527839718	3.38183625210759	0.000256635283593216	13.3630158275439	Historical	0	< 0.25	= 0.00
0.018378	0.018378	NODE_1937_length_30181_cov_13.450435:9716	NODE_1937_length_30181_cov_13.450435	9716	9716	104019	113735	0.000415110527839718	3.38183625210759	0.000256635283593216	13.3630158275439	Modern	0.018378	< 0.25	< 0.25
0.015051	0.015051	NODE_1944_length_30132_cov_38.051876:20077	NODE_1944_length_30132_cov_38.051876	20077	20362	138692	158769	0.0270072206338754	1.56852010761113	0.0216981088853358	5.26983181861598	Historical	0	< 0.25	= 0.00
0.015051	0.015051	NODE_1944_length_30132_cov_38.051876:20077	NODE_1944_length_30132_cov_38.051876	20077	20362	138692	158769	0.0270072206338754	1.56852010761113	0.0216981088853358	5.26983181861598	Modern	0.015051	< 0.25	< 0.25
0.062618	0.062618	NODE_1944_length_30132_cov_38.051876:20097	NODE_1944_length_30132_cov_38.051876	20097	20362	138692	158789	1.92001445598255e-14	13.7166955014372	5.67069796591239e-15	61.0127287721017	Historical	0	< 0.25	= 0.00
0.062618	0.062618	NODE_1944_length_30132_cov_38.051876:20097	NODE_1944_length_30132_cov_38.051876	20097	20362	138692	158789	1.92001445598255e-14	13.7166955014372	5.67069796591239e-15	61.0127287721017	Modern	0.062618	< 0.25	< 0.25
0.113135	0.113135	NODE_1944_length_30132_cov_38.051876:20107	NODE_1944_length_30132_cov_38.051876	20107	20362	138692	158799	9.83173877671499e-33	32.007369668907	1.48814113300704e-33	145.728734670091	Historical	0	< 0.25	= 0.00
0.113135	0.113135	NODE_1944_length_30132_cov_38.051876:20107	NODE_1944_length_30132_cov_38.051876	20107	20362	138692	158799	9.83173877671499e-33	32.007369668907	1.48814113300704e-33	145.728734670091	Modern	0.113135	< 0.25	< 0.25
0.014348	0.014348	NODE_1944_length_30132_cov_38.051876:20131	NODE_1944_length_30132_cov_38.051876	20131	20362	138692	158823	0.00710893712902986	2.14819532662647	0.005157861316789	7.8232412414145	Historical	0	< 0.25	= 0.00
0.014348	0.014348	NODE_1944_length_30132_cov_38.051876:20131	NODE_1944_length_30132_cov_38.051876	20131	20362	138692	158823	0.00710893712902986	2.14819532662647	0.005157861316789	7.8232412414145	Modern	0.014348	< 0.25	< 0.25
0.014228	0.014228	NODE_1944_length_30132_cov_38.051876:20135	NODE_1944_length_30132_cov_38.051876	20135	20362	138692	158827	0.00805870631497677	2.0937346710189	0.00590436079962448	7.57926201769008	Historical	0	< 0.25	= 0.00
0.014228	0.014228	NODE_1944_length_30132_cov_38.051876:20135	NODE_1944_length_30132_cov_38.051876	20135	20362	138692	158827	0.00805870631497677	2.0937346710189	0.00590436079962448	7.57926201769008	Modern	0.014228	< 0.25	< 0.25
0.014273	0.014273	NODE_1944_length_30132_cov_38.051876:20147	NODE_1944_length_30132_cov_38.051876	20147	20362	138692	158839	0.00837071463669784	2.07723746321036	0.00615680767912866	7.5038255123609	Historical	0	< 0.25	= 0.00
0.014273	0.014273	NODE_1944_length_30132_cov_38.051876:20147	NODE_1944_length_30132_cov_38.051876	20147	20362	138692	158839	0.00837071463669784	2.07723746321036	0.00615680767912866	7.5038255123609	Modern	0.014273	< 0.25	< 0.25
0.021176	0.021176	NODE_1944_length_30132_cov_38.051876:20178	NODE_1944_length_30132_cov_38.051876	20178	20362	138692	158870	0.00134994713760943	2.86968323764871	0.000874324736799272	11.0764192592592	Historical	0	< 0.25	= 0.00
0.021176	0.021176	NODE_1944_length_30132_cov_38.051876:20178	NODE_1944_length_30132_cov_38.051876	20178	20362	138692	158870	0.00134994713760943	2.86968323764871	0.000874324736799272	11.0764192592592	Modern	0.021176	< 0.25	< 0.25
0.015415	0.015415	NODE_1944_length_30132_cov_38.051876:20181	NODE_1944_length_30132_cov_38.051876	20181	20362	138692	158873	0.0153569227689421	1.81369579982247	0.0118713534035317	6.3299818244948	Historical	0	< 0.25	= 0.00
0.015415	0.015415	NODE_1944_length_30132_cov_38.051876:20181	NODE_1944_length_30132_cov_38.051876	20181	20362	138692	158873	0.0153569227689421	1.81369579982247	0.0118713534035317	6.3299818244948	Modern	0.015415	< 0.25	< 0.25
0.029495	0.029495	NODE_1944_length_30132_cov_38.051876:20216	NODE_1944_length_30132_cov_38.051876	20216	20362	138692	158908	0.000158806228788514	3.79913246742889	9.41828014040141e-05	15.2498787619701	Historical	0	< 0.25	= 0.00
0.029495	0.029495	NODE_1944_length_30132_cov_38.051876:20216	NODE_1944_length_30132_cov_38.051876	20216	20362	138692	158908	0.000158806228788514	3.79913246742889	9.41828014040141e-05	15.2498787619701	Modern	0.029495	< 0.25	< 0.25
0.051246	0.051246	NODE_1944_length_30132_cov_38.051876:20217	NODE_1944_length_30132_cov_38.051876	20217	20362	138692	158909	3.65324125365412e-09	8.43732164679409	1.46927604076213e-09	36.5746834308983	Historical	0	< 0.25	= 0.00
0.051246	0.051246	NODE_1944_length_30132_cov_38.051876:20217	NODE_1944_length_30132_cov_38.051876	20217	20362	138692	158909	3.65324125365412e-09	8.43732164679409	1.46927604076213e-09	36.5746834308983	Modern	0.051246	< 0.25	< 0.25
1e-06	1e-06	NODE_1944_length_30132_cov_38.051876:20219	NODE_1944_length_30132_cov_38.051876	20219	20362	138692	158911	0.999165688808028	0.000362487981788934	0.973196015195183	0.00112896902320138	Historical	0	< 0.25	= 0.00
1e-06	1e-06	NODE_1944_length_30132_cov_38.051876:20219	NODE_1944_length_30132_cov_38.051876	20219	20362	138692	158911	0.999165688808028	0.000362487981788934	0.973196015195183	0.00112896902320138	Modern	1e-06	< 0.25	< 0.25
0.014964	0.014964	NODE_1944_length_30132_cov_38.051876:20248	NODE_1944_length_30132_cov_38.051876	20248	20362	138692	158940	0.0425300985031413	1.37130361142373	0.0347753227076968	4.45617311477654	Historical	0	< 0.25	= 0.00
0.014964	0.014964	NODE_1944_length_30132_cov_38.051876:20248	NODE_1944_length_30132_cov_38.051876	20248	20362	138692	158940	0.0425300985031413	1.37130361142373	0.0347753227076968	4.45617311477654	Modern	0.014964	< 0.25	< 0.25
0	0	NODE_1944_length_30132_cov_38.051876:20257	NODE_1944_length_30132_cov_38.051876	20257	20362	138692	158949	0.999165688808028	0.000362487981788934	0.971952351672841	0.00123620850917539	Historical	0	< 0.25	= 0.00
0	0	NODE_1944_length_30132_cov_38.051876:20257	NODE_1944_length_30132_cov_38.051876	20257	20362	138692	158949	0.999165688808028	0.000362487981788934	0.971952351672841	0.00123620850917539	Modern	0	< 0.25	= 0.00
0.029765	0.029765	NODE_1944_length_30132_cov_38.051876:20260	NODE_1944_length_30132_cov_38.051876	20260	20362	138692	158952	0.000320358365894849	3.49436393028136	0.000196078790901453	13.8682922929824	Historical	0	< 0.25	= 0.00
0.029765	0.029765	NODE_1944_length_30132_cov_38.051876:20260	NODE_1944_length_30132_cov_38.051876	20260	20362	138692	158952	0.000320358365894849	3.49436393028136	0.000196078790901453	13.8682922929824	Modern	0.029765	< 0.25	< 0.25
0.014513	0.014513	NODE_1944_length_30132_cov_38.051876:20273	NODE_1944_length_30132_cov_38.051876	20273	20362	138692	158965	0.0473325551609611	1.3248400503101	0.0388144932397815	4.26896816474319	Historical	0	< 0.25	= 0.00
0.014513	0.014513	NODE_1944_length_30132_cov_38.051876:20273	NODE_1944_length_30132_cov_38.051876	20273	20362	138692	158965	0.0473325551609611	1.3248400503101	0.0388144932397815	4.26896816474319	Modern	0.014513	< 0.25	< 0.25
0.028355	0.028355	NODE_1944_length_30132_cov_38.051876:20274	NODE_1944_length_30132_cov_38.051876	20274	20362	138692	158966	0.00035946750358798	3.44434036439187	0.000220698709467834	13.6461046379416	Historical	0	< 0.25	= 0.00
0.028355	0.028355	NODE_1944_length_30132_cov_38.051876:20274	NODE_1944_length_30132_cov_38.051876	20274	20362	138692	158966	0.00035946750358798	3.44434036439187	0.000220698709467834	13.6461046379416	Modern	0.028355	< 0.25	< 0.25
0.015144	0.015144	NODE_1944_length_30132_cov_38.051876:20297	NODE_1944_length_30132_cov_38.051876	20297	20362	138692	158989	0.0303502471843014	1.51783776750994	0.0244848385404217	5.05995749229972	Historical	0	< 0.25	= 0.00
0.015144	0.015144	NODE_1944_length_30132_cov_38.051876:20297	NODE_1944_length_30132_cov_38.051876	20297	20362	138692	158989	0.0303502471843014	1.51783776750994	0.0244848385404217	5.05995749229972	Modern	0.015144	< 0.25	< 0.25
0.029386	0.029386	NODE_1944_length_30132_cov_38.051876:20312	NODE_1944_length_30132_cov_38.051876	20312	20362	138692	159004	0.000128638054246785	3.89063053759652	7.57413044947834e-05	15.6617309150378	Historical	0	< 0.25	= 0.00
0.029386	0.029386	NODE_1944_length_30132_cov_38.051876:20312	NODE_1944_length_30132_cov_38.051876	20312	20362	138692	159004	0.000128638054246785	3.89063053759652	7.57413044947834e-05	15.6617309150378	Modern	0.029386	< 0.25	< 0.25
0.016335	0.016335	NODE_1944_length_30132_cov_38.051876:20315	NODE_1944_length_30132_cov_38.051876	20315	20362	138692	159007	0.0201482525250851	1.69576261461581	0.0158430703616054	5.82020810455364	Historical	0	< 0.25	= 0.00
0.016335	0.016335	NODE_1944_length_30132_cov_38.051876:20315	NODE_1944_length_30132_cov_38.051876	20315	20362	138692	159007	0.0201482525250851	1.69576261461581	0.0158430703616054	5.82020810455364	Modern	0.016335	< 0.25	< 0.25
0.015938	0.015938	NODE_1944_length_30132_cov_38.051876:20318	NODE_1944_length_30132_cov_38.051876	20318	20362	138692	159010	0.0216906707889946	1.66372701712116	0.0171280083200845	5.68320951073048	Historical	0	< 0.25	= 0.00
0.015938	0.015938	NODE_1944_length_30132_cov_38.051876:20318	NODE_1944_length_30132_cov_38.051876	20318	20362	138692	159010	0.0216906707889946	1.66372701712116	0.0171280083200845	5.68320951073048	Modern	0.015938	< 0.25	< 0.25
0.294585	0.294585	NODE_1944_length_30132_cov_38.051876:20345	NODE_1944_length_30132_cov_38.051876	20345	20362	138692	159037	5.02723707595333e-75	74.2986706336996	2.81678050789408e-76	341.630620155163	Historical	0	< 0.25	= 0.00
0.294585	0.294585	NODE_1944_length_30132_cov_38.051876:20345	NODE_1944_length_30132_cov_38.051876	20345	20362	138692	159037	5.02723707595333e-75	74.2986706336996	2.81678050789408e-76	341.630620155163	Modern	0.294585	0.25–0.75	0.25–0.75
0.049552	0.049552	NODE_1944_length_30132_cov_38.051876:20350	NODE_1944_length_30132_cov_38.051876	20350	20362	138692	159042	1.38438570924648e-07	6.8587428924951	6.31059012761927e-08	29.2656065831749	Historical	0	< 0.25	= 0.00
0.049552	0.049552	NODE_1944_length_30132_cov_38.051876:20350	NODE_1944_length_30132_cov_38.051876	20350	20362	138692	159042	1.38438570924648e-07	6.8587428924951	6.31059012761927e-08	29.2656065831749	Modern	0.049552	< 0.25	< 0.25
0.049374	0.049374	NODE_1944_length_30132_cov_38.051876:20352	NODE_1944_length_30132_cov_38.051876	20352	20362	138692	159044	1.60260162295552e-07	6.79517442178451	7.3661840979152e-08	28.9659482978123	Historical	0	< 0.25	= 0.00
0.049374	0.049374	NODE_1944_length_30132_cov_38.051876:20352	NODE_1944_length_30132_cov_38.051876	20352	20362	138692	159044	1.60260162295552e-07	6.79517442178451	7.3661840979152e-08	28.9659482978123	Modern	0.049374	< 0.25	< 0.25
0.016796	0.016796	NODE_1944_length_30132_cov_38.051876:20362	NODE_1944_length_30132_cov_38.051876	20362	20362	138692	159054	0.0442234308561172	1.3543475678613	0.0362018968641719	4.38756898919142	Historical	0	< 0.25	= 0.00
0.016796	0.016796	NODE_1944_length_30132_cov_38.051876:20362	NODE_1944_length_30132_cov_38.051876	20362	20362	138692	159054	0.0442234308561172	1.3543475678613	0.0362018968641719	4.38756898919142	Modern	0.016796	< 0.25	< 0.25
0.044325	0.044325	NODE_1957_length_30034_cov_8.687055:16952	NODE_1957_length_30034_cov_8.687055	16952	16952	173365	190317	4.19860894256969e-06	5.37689457356235	2.16310099842741e-06	22.444445673781	Historical	0	< 0.25	= 0.00
0.044325	0.044325	NODE_1957_length_30034_cov_8.687055:16952	NODE_1957_length_30034_cov_8.687055	16952	16952	173365	190317	4.19860894256969e-06	5.37689457356235	2.16310099842741e-06	22.444445673781	Modern	0.044325	< 0.25	< 0.25
0.103323	0.103323	NODE_1982_length_29947_cov_10.274491:29885	NODE_1982_length_29947_cov_10.274491	29885	29924	208038	237923	6.89859239803063e-40	39.1612395144991	8.38575334233542e-41	178.909420028667	Historical	0	< 0.25	= 0.00
0.103323	0.103323	NODE_1982_length_29947_cov_10.274491:29885	NODE_1982_length_29947_cov_10.274491	29885	29924	208038	237923	6.89859239803063e-40	39.1612395144991	8.38575334233542e-41	178.909420028667	Modern	0.103323	< 0.25	< 0.25
0.018911	0.018911	NODE_1982_length_29947_cov_10.274491:29891	NODE_1982_length_29947_cov_10.274491	29891	29924	208038	237929	1.72028242387916e-05	4.76440024782303	9.36924947858213e-06	19.6358928693975	Historical	0	< 0.25	= 0.00
0.018911	0.018911	NODE_1982_length_29947_cov_10.274491:29891	NODE_1982_length_29947_cov_10.274491	29891	29924	208038	237929	1.72028242387916e-05	4.76440024782303	9.36924947858213e-06	19.6358928693975	Modern	0.018911	< 0.25	< 0.25
0.025662	0.025662	NODE_1982_length_29947_cov_10.274491:29893	NODE_1982_length_29947_cov_10.274491	29893	29924	208038	237931	5.77605766005891e-08	7.23836848002976	2.54245273070969e-08	31.0286680838766	Historical	0	< 0.25	= 0.00
0.025662	0.025662	NODE_1982_length_29947_cov_10.274491:29893	NODE_1982_length_29947_cov_10.274491	29893	29924	208038	237931	5.77605766005891e-08	7.23836848002976	2.54245273070969e-08	31.0286680838766	Modern	0.025662	< 0.25	< 0.25
0.05009	0.05009	NODE_1982_length_29947_cov_10.274491:29914	NODE_1982_length_29947_cov_10.274491	29914	29924	208038	237952	4.27782885161939e-16	15.3687765947725	1.14766063683046e-16	68.6978484936295	Historical	0	< 0.25	= 0.00
0.05009	0.05009	NODE_1982_length_29947_cov_10.274491:29914	NODE_1982_length_29947_cov_10.274491	29914	29924	208038	237952	4.27782885161939e-16	15.3687765947725	1.14766063683046e-16	68.6978484936295	Modern	0.05009	< 0.25	< 0.25
0.012971	0.012971	NODE_1982_length_29947_cov_10.274491:29924	NODE_1982_length_29947_cov_10.274491	29924	29924	208038	237962	0.00468185645597394	2.32958190574706	0.00325907006859345	8.65644227411499	Historical	0	< 0.25	= 0.00
0.012971	0.012971	NODE_1982_length_29947_cov_10.274491:29924	NODE_1982_length_29947_cov_10.274491	29924	29924	208038	237962	0.00468185645597394	2.32958190574706	0.00325907006859345	8.65644227411499	Modern	0.012971	< 0.25	< 0.25
0.01388	0.01388	NODE_1991_length_29901_cov_10.539762:153	NODE_1991_length_29901_cov_10.539762	153	462	0	153	0.0184328278918503	1.73440803192074	0.0144241692145154	5.98547358872633	Historical	0	< 0.25	= 0.00
0.01388	0.01388	NODE_1991_length_29901_cov_10.539762:153	NODE_1991_length_29901_cov_10.539762	153	462	0	153	0.0184328278918503	1.73440803192074	0.0144241692145154	5.98547358872633	Modern	0.01388	< 0.25	< 0.25
0.039889	0.039889	NODE_1991_length_29901_cov_10.539762:172	NODE_1991_length_29901_cov_10.539762	172	462	0	172	1.17470685917877e-08	7.93007049537046	4.94202410841591e-09	34.2121184299091	Historical	0	< 0.25	= 0.00
0.039889	0.039889	NODE_1991_length_29901_cov_10.539762:172	NODE_1991_length_29901_cov_10.539762	172	462	0	172	1.17470685917877e-08	7.93007049537046	4.94202410841591e-09	34.2121184299091	Modern	0.039889	< 0.25	< 0.25
0.234289	0.234289	NODE_1991_length_29901_cov_10.539762:189	NODE_1991_length_29901_cov_10.539762	189	462	0	189	9.33030059621143e-76	75.0301043642736	5.09489348795971e-77	345.040626914897	Historical	0	< 0.25	= 0.00
0.234289	0.234289	NODE_1991_length_29901_cov_10.539762:189	NODE_1991_length_29901_cov_10.539762	189	462	0	189	9.33030059621143e-76	75.0301043642736	5.09489348795971e-77	345.040626914897	Modern	0.234289	< 0.25	< 0.25
0.013521	0.013521	NODE_1991_length_29901_cov_10.539762:195	NODE_1991_length_29901_cov_10.539762	195	462	0	195	0.0102619470932215	1.98877022873552	0.00766478764370247	7.11016915907731	Historical	0	< 0.25	= 0.00
0.013521	0.013521	NODE_1991_length_29901_cov_10.539762:195	NODE_1991_length_29901_cov_10.539762	195	462	0	195	0.0102619470932215	1.98877022873552	0.00766478764370247	7.11016915907731	Modern	0.013521	< 0.25	< 0.25
0.111028	0.111028	NODE_1991_length_29901_cov_10.539762:199	NODE_1991_length_29901_cov_10.539762	199	462	0	199	0.681711163106185	0.166399594316458	0.599491488163653	0.275763532770086	Historical	0.5	0.25–0.75	0.25–0.75
0.111028	0.111028	NODE_1991_length_29901_cov_10.539762:199	NODE_1991_length_29901_cov_10.539762	199	462	0	199	0.681711163106185	0.166399594316458	0.599491488163653	0.275763532770086	Modern	0.611028	0.25–0.75	0.25–0.75
0.08451	0.08451	NODE_1991_length_29901_cov_10.539762:204	NODE_1991_length_29901_cov_10.539762	204	462	0	204	0.703926014667996	0.152472984479961	0.619817005521011	0.246124849026634	Historical	0.203467	< 0.25	< 0.25
0.08451	0.08451	NODE_1991_length_29901_cov_10.539762:204	NODE_1991_length_29901_cov_10.539762	204	462	0	204	0.703926014667996	0.152472984479961	0.619817005521011	0.246124849026634	Modern	0.287977	0.25–0.75	0.25–0.75
0.015506	0.015506	NODE_1991_length_29901_cov_10.539762:416	NODE_1991_length_29901_cov_10.539762	416	462	0	416	0.0186705316163186	1.72884331596915	0.0146367747856325	5.95967068607585	Historical	0	< 0.25	= 0.00
0.015506	0.015506	NODE_1991_length_29901_cov_10.539762:416	NODE_1991_length_29901_cov_10.539762	416	462	0	416	0.0186705316163186	1.72884331596915	0.0146367747856325	5.95967068607585	Modern	0.015506	< 0.25	< 0.25
0.030944	0.030944	NODE_1991_length_29901_cov_10.539762:422	NODE_1991_length_29901_cov_10.539762	422	462	0	422	8.18881445923716e-05	4.08677896894534	4.71265105631312e-05	16.5603323830352	Historical	0	< 0.25	= 0.00
0.030944	0.030944	NODE_1991_length_29901_cov_10.539762:422	NODE_1991_length_29901_cov_10.539762	422	462	0	422	8.18881445923716e-05	4.08677896894534	4.71265105631312e-05	16.5603323830352	Modern	0.030944	< 0.25	< 0.25
0.030524	0.030524	NODE_1991_length_29901_cov_10.539762:425	NODE_1991_length_29901_cov_10.539762	425	462	0	425	9.99584054005024e-05	4.00018068062969	5.80954834806339e-05	16.1637441081131	Historical	0	< 0.25	= 0.00
0.030524	0.030524	NODE_1991_length_29901_cov_10.539762:425	NODE_1991_length_29901_cov_10.539762	425	462	0	425	9.99584054005024e-05	4.00018068062969	5.80954834806339e-05	16.1637441081131	Modern	0.030524	< 0.25	< 0.25
0.214248	0.214248	NODE_1991_length_29901_cov_10.539762:432	NODE_1991_length_29901_cov_10.539762	432	462	0	432	0.0370823017043238	1.43083331696382	0.0301095612129125	4.7030259746598	Historical	0.056378	< 0.25	< 0.25
0.214248	0.214248	NODE_1991_length_29901_cov_10.539762:432	NODE_1991_length_29901_cov_10.539762	432	462	0	432	0.0370823017043238	1.43083331696382	0.0301095612129125	4.7030259746598	Modern	0.270626	0.25–0.75	0.25–0.75
0.0624	0.0624	NODE_1991_length_29901_cov_10.539762:433	NODE_1991_length_29901_cov_10.539762	433	462	0	433	3.17930408657054e-10	9.49766793172544	1.17148146779617e-10	41.5120245134977	Historical	0	< 0.25	= 0.00
0.0624	0.0624	NODE_1991_length_29901_cov_10.539762:433	NODE_1991_length_29901_cov_10.539762	433	462	0	433	3.17930408657054e-10	9.49766793172544	1.17148146779617e-10	41.5120245134977	Modern	0.0624	< 0.25	< 0.25
0.047972	0.047972	NODE_1991_length_29901_cov_10.539762:441	NODE_1991_length_29901_cov_10.539762	441	462	0	441	1.89206111482216e-07	6.7230648397094	8.75055805240638e-08	28.6324028883494	Historical	0	< 0.25	= 0.00
0.047972	0.047972	NODE_1991_length_29901_cov_10.539762:441	NODE_1991_length_29901_cov_10.539762	441	462	0	441	1.89206111482216e-07	6.7230648397094	8.75055805240638e-08	28.6324028883494	Modern	0.047972	< 0.25	< 0.25
0	0	NODE_1991_length_29901_cov_10.539762:449	NODE_1991_length_29901_cov_10.539762	449	462	0	449	0.999165688808028	0.000362487981788934	0.979318498494322	0.000672018593322957	Historical	0	< 0.25	= 0.00
0	0	NODE_1991_length_29901_cov_10.539762:449	NODE_1991_length_29901_cov_10.539762	449	462	0	449	0.999165688808028	0.000362487981788934	0.979318498494322	0.000672018593322957	Modern	0	< 0.25	= 0.00
0.057947	0.057947	NODE_1991_length_29901_cov_10.539762:462	NODE_1991_length_29901_cov_10.539762	462	462	0	462	5.50682229939475e-08	7.25909893761668	2.41609867266892e-08	31.127612615147	Historical	0	< 0.25	= 0.00
0.057947	0.057947	NODE_1991_length_29901_cov_10.539762:462	NODE_1991_length_29901_cov_10.539762	462	462	0	462	5.50682229939475e-08	7.25909893761668	2.41609867266892e-08	31.127612615147	Modern	0.057947	< 0.25	< 0.25
0.013734	0.013734	NODE_203_length_63137_cov_13.353945:3903	NODE_203_length_63137_cov_13.353945	3903	4056	27823	31726	0.0160063205458298	1.79570849008537	0.0123885576874181	6.2543946356876	Historical	0	< 0.25	= 0.00
0.013734	0.013734	NODE_203_length_63137_cov_13.353945:3903	NODE_203_length_63137_cov_13.353945	3903	4056	27823	31726	0.0160063205458298	1.79570849008537	0.0123885576874181	6.2543946356876	Modern	0.013734	< 0.25	< 0.25
0.117101	0.117101	NODE_203_length_63137_cov_13.353945:3913	NODE_203_length_63137_cov_13.353945	3913	4056	27823	31736	1.15223680573497e-42	41.9384582562816	1.31856158680973e-43	191.751156377483	Historical	0	< 0.25	= 0.00
0.117101	0.117101	NODE_203_length_63137_cov_13.353945:3913	NODE_203_length_63137_cov_13.353945	3913	4056	27823	31736	1.15223680573497e-42	41.9384582562816	1.31856158680973e-43	191.751156377483	Modern	0.117101	< 0.25	< 0.25
0.014034	0.014034	NODE_203_length_63137_cov_13.353945:3977	NODE_203_length_63137_cov_13.353945	3977	4056	27823	31800	5.46151155363901e-07	6.26268714327443	2.61924343265689e-07	26.5118656714144	Historical	0	< 0.25	= 0.00
0.014034	0.014034	NODE_203_length_63137_cov_13.353945:3977	NODE_203_length_63137_cov_13.353945	3977	4056	27823	31800	5.46151155363901e-07	6.26268714327443	2.61924343265689e-07	26.5118656714144	Modern	0.014034	< 0.25	< 0.25
0.008815	0.008815	NODE_203_length_63137_cov_13.353945:3980	NODE_203_length_63137_cov_13.353945	3980	4056	27823	31803	0.000566921808581811	3.24647683606854	0.000353720444670702	12.7620635868443	Historical	0	< 0.25	= 0.00
0.008815	0.008815	NODE_203_length_63137_cov_13.353945:3980	NODE_203_length_63137_cov_13.353945	3980	4056	27823	31803	0.000566921808581811	3.24647683606854	0.000353720444670702	12.7620635868443	Modern	0.008815	< 0.25	< 0.25
0.011671	0.011671	NODE_203_length_63137_cov_13.353945:4003	NODE_203_length_63137_cov_13.353945	4003	4056	27823	31826	9.30202575801098e-05	4.03142246222866	5.38863790350114e-05	16.3062341545934	Historical	0	< 0.25	= 0.00
0.011671	0.011671	NODE_203_length_63137_cov_13.353945:4003	NODE_203_length_63137_cov_13.353945	4003	4056	27823	31826	9.30202575801098e-05	4.03142246222866	5.38863790350114e-05	16.3062341545934	Modern	0.011671	< 0.25	< 0.25
1e-06	1e-06	NODE_203_length_63137_cov_13.353945:4034	NODE_203_length_63137_cov_13.353945	4034	4056	27823	31857	0.999165688808028	0.000362487981788934	0.985089581609257	0.000349261002843051	Historical	0	< 0.25	= 0.00
1e-06	1e-06	NODE_203_length_63137_cov_13.353945:4034	NODE_203_length_63137_cov_13.353945	4034	4056	27823	31857	0.999165688808028	0.000362487981788934	0.985089581609257	0.000349261002843051	Modern	1e-06	< 0.25	< 0.25
0.027712	0.027712	NODE_203_length_63137_cov_13.353945:4041	NODE_203_length_63137_cov_13.353945	4041	4056	27823	31864	2.74549427898093e-05	4.56137945692987	1.51093441089216e-05	18.7236926581803	Historical	0	< 0.25	= 0.00
0.027712	0.027712	NODE_203_length_63137_cov_13.353945:4041	NODE_203_length_63137_cov_13.353945	4041	4056	27823	31864	2.74549427898093e-05	4.56137945692987	1.51093441089216e-05	18.7236926581803	Modern	0.027712	< 0.25	< 0.25
0.018829	0.018829	NODE_203_length_63137_cov_13.353945:4049	NODE_203_length_63137_cov_13.353945	4049	4056	27823	31872	0.00559545906146258	2.25216427737842	0.00395880057055045	8.30261636504959	Historical	0	< 0.25	= 0.00
0.018829	0.018829	NODE_203_length_63137_cov_13.353945:4049	NODE_203_length_63137_cov_13.353945	4049	4056	27823	31872	0.00559545906146258	2.25216427737842	0.00395880057055045	8.30261636504959	Modern	0.018829	< 0.25	< 0.25
0.022452	0.022452	NODE_203_length_63137_cov_13.353945:4056	NODE_203_length_63137_cov_13.353945	4056	4056	27823	31879	0.00432498068455682	2.36401582776197	0.00299421739700087	8.81098871117155	Historical	0	< 0.25	= 0.00
0.022452	0.022452	NODE_203_length_63137_cov_13.353945:4056	NODE_203_length_63137_cov_13.353945	4056	4056	27823	31879	0.00432498068455682	2.36401582776197	0.00299421739700087	8.81098871117155	Modern	0.022452	< 0.25	< 0.25
0.300211	0.300211	NODE_2051_length_29623_cov_36.753556:6384	NODE_2051_length_29623_cov_36.753556	6384	6384	0	6384	0.0283399810536744	1.54760044443039	0.0227957872293088	5.1839999805032	Historical	0.104607	< 0.25	< 0.25
0.300211	0.300211	NODE_2051_length_29623_cov_36.753556:6384	NODE_2051_length_29623_cov_36.753556	6384	6384	0	6384	0.0283399810536744	1.54760044443039	0.0227957872293088	5.1839999805032	Modern	0.404818	0.25–0.75	0.25–0.75
0.012836	0.012836	NODE_2062_length_29589_cov_7.634215:11	NODE_2062_length_29589_cov_7.634215	11	11	7697	7708	0.00742048211459843	2.12956787734795	0.00540856602369829	7.73749896759084	Historical	0	< 0.25	= 0.00
0.012836	0.012836	NODE_2062_length_29589_cov_7.634215:11	NODE_2062_length_29589_cov_7.634215	11	11	7697	7708	0.00742048211459843	2.12956787734795	0.00540856602369829	7.73749896759084	Modern	0.012836	< 0.25	< 0.25
0.059066	0.059066	NODE_2110_length_29338_cov_10.996683:7701	NODE_2110_length_29338_cov_10.996683	7701	7765	15394	23095	2.61052793097213e-11	10.5832716557564	9.13560819148367e-12	46.5056195438291	Historical	0	< 0.25	= 0.00
0.059066	0.059066	NODE_2110_length_29338_cov_10.996683:7701	NODE_2110_length_29338_cov_10.996683	7701	7765	15394	23095	2.61052793097213e-11	10.5832716557564	9.13560819148367e-12	46.5056195438291	Modern	0.059066	< 0.25	< 0.25
0.077418	0.077418	NODE_2110_length_29338_cov_10.996683:7702	NODE_2110_length_29338_cov_10.996683	7702	7765	15394	23096	3.80629462681076e-16	15.4194975981179	1.01754220080459e-16	68.9351646454815	Historical	0	< 0.25	= 0.00
0.077418	0.077418	NODE_2110_length_29338_cov_10.996683:7702	NODE_2110_length_29338_cov_10.996683	7702	7765	15394	23096	3.80629462681076e-16	15.4194975981179	1.01754220080459e-16	68.9351646454815	Modern	0.077418	< 0.25	< 0.25
0.124541	0.124541	NODE_2110_length_29338_cov_10.996683:7715	NODE_2110_length_29338_cov_10.996683	7715	7765	15394	23109	9.24921798316972e-38	37.0338949850935	1.22093190850958e-38	169.004068834629	Historical	0	< 0.25	= 0.00
0.124541	0.124541	NODE_2110_length_29338_cov_10.996683:7715	NODE_2110_length_29338_cov_10.996683	7715	7765	15394	23109	9.24921798316972e-38	37.0338949850935	1.22093190850958e-38	169.004068834629	Modern	0.124541	< 0.25	< 0.25
0.027037	0.027037	NODE_2110_length_29338_cov_10.996683:7723	NODE_2110_length_29338_cov_10.996683	7723	7765	15394	23117	2.71493922658824e-06	5.56623988756787	1.37293935247696e-06	23.3182106497877	Historical	0	< 0.25	= 0.00
0.027037	0.027037	NODE_2110_length_29338_cov_10.996683:7723	NODE_2110_length_29338_cov_10.996683	7723	7765	15394	23117	2.71493922658824e-06	5.56623988756787	1.37293935247696e-06	23.3182106497877	Modern	0.027037	< 0.25	< 0.25
0.041763	0.041763	NODE_2110_length_29338_cov_10.996683:7733	NODE_2110_length_29338_cov_10.996683	7733	7765	15394	23127	2.32829858803636e-11	10.6329613252158	8.12582840554002e-12	46.7351518367644	Historical	0	< 0.25	= 0.00
0.041763	0.041763	NODE_2110_length_29338_cov_10.996683:7733	NODE_2110_length_29338_cov_10.996683	7733	7765	15394	23127	2.32829858803636e-11	10.6329613252158	8.12582840554002e-12	46.7351518367644	Modern	0.041763	< 0.25	< 0.25
0.087764	0.087764	NODE_2110_length_29338_cov_10.996683:7735	NODE_2110_length_29338_cov_10.996683	7735	7765	15394	23129	9.70308674822991e-30	29.0130900858913	1.60796641744171e-30	131.856973918098	Historical	0	< 0.25	= 0.00
0.087764	0.087764	NODE_2110_length_29338_cov_10.996683:7735	NODE_2110_length_29338_cov_10.996683	7735	7765	15394	23129	9.70308674822991e-30	29.0130900858913	1.60796641744171e-30	131.856973918098	Modern	0.087764	< 0.25	< 0.25
0.04078	0.04078	NODE_2110_length_29338_cov_10.996683:7750	NODE_2110_length_29338_cov_10.996683	7750	7765	15394	23144	8.47811800734394e-12	11.0717005427594	2.86629630637649e-12	48.7780508909491	Historical	0	< 0.25	= 0.00
0.04078	0.04078	NODE_2110_length_29338_cov_10.996683:7750	NODE_2110_length_29338_cov_10.996683	7750	7765	15394	23144	8.47811800734394e-12	11.0717005427594	2.86629630637649e-12	48.7780508909491	Modern	0.04078	< 0.25	< 0.25
0.014131	0.014131	NODE_2110_length_29338_cov_10.996683:7762	NODE_2110_length_29338_cov_10.996683	7762	7765	15394	23156	0.00467638464454343	2.33008977421413	0.00325304060031155	8.6598164663647	Historical	0	< 0.25	= 0.00
0.014131	0.014131	NODE_2110_length_29338_cov_10.996683:7762	NODE_2110_length_29338_cov_10.996683	7762	7765	15394	23156	0.00467638464454343	2.33008977421413	0.00325304060031155	8.6598164663647	Modern	0.014131	< 0.25	< 0.25
0.097668	0.097668	NODE_2110_length_29338_cov_10.996683:7765	NODE_2110_length_29338_cov_10.996683	7765	7765	15394	23159	3.7415868716837e-35	34.4269441669304	5.32989582860926e-36	156.919598606262	Historical	0	< 0.25	= 0.00
0.097668	0.097668	NODE_2110_length_29338_cov_10.996683:7765	NODE_2110_length_29338_cov_10.996683	7765	7765	15394	23159	3.7415868716837e-35	34.4269441669304	5.32989582860926e-36	156.919598606262	Modern	0.097668	< 0.25	< 0.25
0.237186	0.237186	NODE_2118_length_29303_cov_7.974593:29205	NODE_2118_length_29303_cov_7.974593	29205	29205	0	29205	4.02927821811023e-60	59.394772743925	3.29076853520874e-61	272.466765542541	Historical	0	< 0.25	= 0.00
0.237186	0.237186	NODE_2118_length_29303_cov_7.974593:29205	NODE_2118_length_29303_cov_7.974593	29205	29205	0	29205	4.02927821811023e-60	59.394772743925	3.29076853520874e-61	272.466765542541	Modern	0.237186	< 0.25	< 0.25
0.012371	0.012371	NODE_2138_length_29192_cov_26.276493:26536	NODE_2138_length_29192_cov_26.276493	26536	26609	0	26536	0.000162302185180596	3.78967563294342	9.63332058289384e-05	15.207243383288	Historical	0	< 0.25	= 0.00
0.012371	0.012371	NODE_2138_length_29192_cov_26.276493:26536	NODE_2138_length_29192_cov_26.276493	26536	26609	0	26536	0.000162302185180596	3.78967563294342	9.63332058289384e-05	15.207243383288	Modern	0.012371	< 0.25	< 0.25
0.180895	0.180895	NODE_2138_length_29192_cov_26.276493:26578	NODE_2138_length_29192_cov_26.276493	26578	26609	0	26578	1.01837613981101e-75	74.9920917845997	5.609289279111e-77	344.848809294603	Historical	0	< 0.25	= 0.00
0.180895	0.180895	NODE_2138_length_29192_cov_26.276493:26578	NODE_2138_length_29192_cov_26.276493	26578	26609	0	26578	1.01837613981101e-75	74.9920917845997	5.609289279111e-77	344.848809294603	Modern	0.180895	< 0.25	< 0.25
0.291007	0.291007	NODE_2138_length_29192_cov_26.276493:26591	NODE_2138_length_29192_cov_26.276493	26591	26609	0	26591	3.64029858921023e-119	118.438862992634	9.50695263089093e-121	545.963763796595	Historical	0	< 0.25	= 0.00
0.291007	0.291007	NODE_2138_length_29192_cov_26.276493:26591	NODE_2138_length_29192_cov_26.276493	26591	26609	0	26591	3.64029858921023e-119	118.438862992634	9.50695263089093e-121	545.963763796595	Modern	0.291007	0.25–0.75	0.25–0.75
0.042679	0.042679	NODE_2138_length_29192_cov_26.276493:26609	NODE_2138_length_29192_cov_26.276493	26609	26609	0	26609	1.68773610122972e-11	10.7726954598073	5.77003795292213e-12	47.4061836654174	Historical	0	< 0.25	= 0.00
0.042679	0.042679	NODE_2138_length_29192_cov_26.276493:26609	NODE_2138_length_29192_cov_26.276493	26609	26609	0	26609	1.68773610122972e-11	10.7726954598073	5.77003795292213e-12	47.4061836654174	Modern	0.042679	< 0.25	< 0.25
0.012763	0.012763	NODE_2150_length_29113_cov_10.707417:20162	NODE_2150_length_29113_cov_10.707417	20162	20207	24835	44997	0.000194171438642086	3.71181465162868	0.000115986547868825	14.8568423084998	Historical	0	< 0.25	= 0.00
0.012763	0.012763	NODE_2150_length_29113_cov_10.707417:20162	NODE_2150_length_29113_cov_10.707417	20162	20207	24835	44997	0.000194171438642086	3.71181465162868	0.000115986547868825	14.8568423084998	Modern	0.012763	< 0.25	< 0.25
0.037975	0.037975	NODE_2150_length_29113_cov_10.707417:20174	NODE_2150_length_29113_cov_10.707417	20174	20207	24835	45009	1.25668532766215e-17	16.9007734554631	3.1566312361504e-18	75.7889469148389	Historical	0	< 0.25	= 0.00
0.037975	0.037975	NODE_2150_length_29113_cov_10.707417:20174	NODE_2150_length_29113_cov_10.707417	20174	20207	24835	45009	1.25668532766215e-17	16.9007734554631	3.1566312361504e-18	75.7889469148389	Modern	0.037975	< 0.25	< 0.25
4.6e-05	4.6e-05	NODE_2150_length_29113_cov_10.707417:20196	NODE_2150_length_29113_cov_10.707417	20196	20207	24835	45031	0.999165688808028	0.000362487981788934	0.995182072063826	3.64624423149065e-05	Historical	0	< 0.25	= 0.00
4.6e-05	4.6e-05	NODE_2150_length_29113_cov_10.707417:20196	NODE_2150_length_29113_cov_10.707417	20196	20207	24835	45031	0.999165688808028	0.000362487981788934	0.995182072063826	3.64624423149065e-05	Modern	4.6e-05	< 0.25	< 0.25
1e-05	1e-05	NODE_2150_length_29113_cov_10.707417:20207	NODE_2150_length_29113_cov_10.707417	20207	20207	24835	45042	0.999165688808028	0.000362487981788934	0.992028970805225	9.98074879794112e-05	Historical	0	< 0.25	= 0.00
1e-05	1e-05	NODE_2150_length_29113_cov_10.707417:20207	NODE_2150_length_29113_cov_10.707417	20207	20207	24835	45042	0.999165688808028	0.000362487981788934	0.992028970805225	9.98074879794112e-05	Modern	1e-05	< 0.25	< 0.25
0.040461	0.040461	NODE_2155_length_29093_cov_67.849659:22392	NODE_2155_length_29093_cov_67.849659	22392	23328	49670	72062	1.27649711940786e-12	11.8939801609041	4.13376560036162e-13	52.5785640423801	Historical	0	< 0.25	= 0.00
0.040461	0.040461	NODE_2155_length_29093_cov_67.849659:22392	NODE_2155_length_29093_cov_67.849659	22392	23328	49670	72062	1.27649711940786e-12	11.8939801609041	4.13376560036162e-13	52.5785640423801	Modern	0.040461	< 0.25	< 0.25
0.013351	0.013351	NODE_2155_length_29093_cov_67.849659:23326	NODE_2155_length_29093_cov_67.849659	23326	23328	49670	72996	0.0106605383128003	1.97222086469256	0.00799287274259814	7.03507049349961	Historical	0	< 0.25	= 0.00
0.013351	0.013351	NODE_2155_length_29093_cov_67.849659:23326	NODE_2155_length_29093_cov_67.849659	23326	23328	49670	72996	0.0106605383128003	1.97222086469256	0.00799287274259814	7.03507049349961	Modern	0.013351	< 0.25	< 0.25
0.02779	0.02779	NODE_2155_length_29093_cov_67.849659:23328	NODE_2155_length_29093_cov_67.849659	23328	23328	49670	72998	4.8415563446812e-06	5.31501500958336	2.50124088462163e-06	22.1655327277467	Historical	0	< 0.25	= 0.00
0.02779	0.02779	NODE_2155_length_29093_cov_67.849659:23328	NODE_2155_length_29093_cov_67.849659	23328	23328	49670	72998	4.8415563446812e-06	5.31501500958336	2.50124088462163e-06	22.1655327277467	Modern	0.02779	< 0.25	< 0.25
0.063401	0.063401	NODE_2164_length_29041_cov_10.503628:3010	NODE_2164_length_29041_cov_10.503628	3010	3057	74505	77515	8.76596597916858e-15	14.0572002191815	2.55153710599731e-15	62.5852776395936	Historical	0	< 0.25	= 0.00
0.063401	0.063401	NODE_2164_length_29041_cov_10.503628:3010	NODE_2164_length_29041_cov_10.503628	3010	3057	74505	77515	8.76596597916858e-15	14.0572002191815	2.55153710599731e-15	62.5852776395936	Modern	0.063401	< 0.25	< 0.25
0.042119	0.042119	NODE_2164_length_29041_cov_10.503628:3019	NODE_2164_length_29041_cov_10.503628	3019	3057	74505	77524	1.83862510704783e-10	9.73550681374075	6.67876641448998e-11	42.6108565123579	Historical	0	< 0.25	= 0.00
0.042119	0.042119	NODE_2164_length_29041_cov_10.503628:3019	NODE_2164_length_29041_cov_10.503628	3019	3057	74505	77524	1.83862510704783e-10	9.73550681374075	6.67876641448998e-11	42.6108565123579	Modern	0.042119	< 0.25	< 0.25
0.039609	0.039609	NODE_2164_length_29041_cov_10.503628:3024	NODE_2164_length_29041_cov_10.503628	3024	3057	74505	77529	1.07506409449546e-09	8.96856564267312	4.16038574080627e-10	39.0361103001951	Historical	0	< 0.25	= 0.00
0.039609	0.039609	NODE_2164_length_29041_cov_10.503628:3024	NODE_2164_length_29041_cov_10.503628	3024	3057	74505	77529	1.07506409449546e-09	8.96856564267312	4.16038574080627e-10	39.0361103001951	Modern	0.039609	< 0.25	< 0.25
0.174324	0.174324	NODE_2164_length_29041_cov_10.503628:3035	NODE_2164_length_29041_cov_10.503628	3035	3057	74505	77540	2.72892261819282e-53	52.5640087790858	2.4360752717011e-54	240.954008826937	Historical	0	< 0.25	= 0.00
0.174324	0.174324	NODE_2164_length_29041_cov_10.503628:3035	NODE_2164_length_29041_cov_10.503628	3035	3057	74505	77540	2.72892261819282e-53	52.5640087790858	2.4360752717011e-54	240.954008826937	Modern	0.174324	< 0.25	< 0.25
0.038713	-0.038713	NODE_2164_length_29041_cov_10.503628:3036	NODE_2164_length_29041_cov_10.503628	3036	3057	74505	77541	0.949385278720672	0.0225575067865514	0.854717230984992	0.0335266950391848	Historical	0.5	0.25–0.75	0.25–0.75
0.038713	-0.038713	NODE_2164_length_29041_cov_10.503628:3036	NODE_2164_length_29041_cov_10.503628	3036	3057	74505	77541	0.949385278720672	0.0225575067865514	0.854717230984992	0.0335266950391848	Modern	0.461287	0.25–0.75	0.25–0.75
0.013864	0.013864	NODE_2164_length_29041_cov_10.503628:3041	NODE_2164_length_29041_cov_10.503628	3041	3057	74505	77546	0.00618048419931474	2.20897749953042	0.00442259719295694	8.10160940884912	Historical	0	< 0.25	= 0.00
0.013864	0.013864	NODE_2164_length_29041_cov_10.503628:3041	NODE_2164_length_29041_cov_10.503628	3041	3057	74505	77546	0.00618048419931474	2.20897749953042	0.00442259719295694	8.10160940884912	Modern	0.013864	< 0.25	< 0.25
0.062634	0.062634	NODE_2164_length_29041_cov_10.503628:3056	NODE_2164_length_29041_cov_10.503628	3056	3057	74505	77561	1.67846753849323e-13	12.7750870535757	5.08481618973733e-14	56.6967251242976	Historical	0	< 0.25	= 0.00
0.062634	0.062634	NODE_2164_length_29041_cov_10.503628:3056	NODE_2164_length_29041_cov_10.503628	3056	3057	74505	77561	1.67846753849323e-13	12.7750870535757	5.08481618973733e-14	56.6967251242976	Modern	0.062634	< 0.25	< 0.25
0.078408	0.078408	NODE_2164_length_29041_cov_10.503628:3057	NODE_2164_length_29041_cov_10.503628	3057	3057	74505	77562	3.06719248308398e-17	16.5132589688111	7.80633984298678e-18	74.0013557080618	Historical	0	< 0.25	= 0.00
0.078408	0.078408	NODE_2164_length_29041_cov_10.503628:3057	NODE_2164_length_29041_cov_10.503628	3057	3057	74505	77562	3.06719248308398e-17	16.5132589688111	7.80633984298678e-18	74.0013557080618	Modern	0.078408	< 0.25	< 0.25
0.029812	0.029812	NODE_2176_length_28996_cov_11.229055:28904	NODE_2176_length_28996_cov_11.229055	28904	28928	99340	128244	0.000124713107357118	3.90408789973943	7.337110162178e-05	15.7218654348128	Historical	0	< 0.25	= 0.00
0.029812	0.029812	NODE_2176_length_28996_cov_11.229055:28904	NODE_2176_length_28996_cov_11.229055	28904	28928	99340	128244	0.000124713107357118	3.90408789973943	7.337110162178e-05	15.7218654348128	Modern	0.029812	< 0.25	< 0.25
0.01459	0.01459	NODE_2176_length_28996_cov_11.229055:28928	NODE_2176_length_28996_cov_11.229055	28928	28928	99340	128268	0.00630649487566482	2.20021195281778	0.00451875629979972	8.06262921426885	Historical	0	< 0.25	= 0.00
0.01459	0.01459	NODE_2176_length_28996_cov_11.229055:28928	NODE_2176_length_28996_cov_11.229055	28928	28928	99340	128268	0.00630649487566482	2.20021195281778	0.00451875629979972	8.06262921426885	Modern	0.01459	< 0.25	< 0.25
0.016284	0.016284	NODE_2211_length_28802_cov_8.293210:9416	NODE_2211_length_28802_cov_8.293210	9416	9416	124175	133591	0.00499535972362266	2.30143323209082	0.00350339331044191	8.5247995708465	Historical	0	< 0.25	= 0.00
0.016284	0.016284	NODE_2211_length_28802_cov_8.293210:9416	NODE_2211_length_28802_cov_8.293210	9416	9416	124175	133591	0.00499535972362266	2.30143323209082	0.00350339331044191	8.5247995708465	Modern	0.016284	< 0.25	< 0.25
0.232853	-0.232853	NODE_2229_length_28727_cov_8.447394:28626	NODE_2229_length_28727_cov_8.447394	28626	28711	149010	177636	0.318785154467676	0.496501911500801	0.271103614269519	1.21115441070438	Historical	0.499929	0.25–0.75	0.25–0.75
0.232853	-0.232853	NODE_2229_length_28727_cov_8.447394:28626	NODE_2229_length_28727_cov_8.447394	28626	28711	149010	177636	0.318785154467676	0.496501911500801	0.271103614269519	1.21115441070438	Modern	0.267076	0.25–0.75	0.25–0.75
0.012763	0.012763	NODE_2229_length_28727_cov_8.447394:28711	NODE_2229_length_28727_cov_8.447394	28711	28711	149010	177721	0.999165688808028	0.000362487981788934	0.939940913220973	0.00567673742511033	Historical	0.198263	< 0.25	< 0.25
0.012763	0.012763	NODE_2229_length_28727_cov_8.447394:28711	NODE_2229_length_28727_cov_8.447394	28711	28711	149010	177721	0.999165688808028	0.000362487981788934	0.939940913220973	0.00567673742511033	Modern	0.211026	< 0.25	< 0.25
0	0	NODE_2237_length_28690_cov_8.928754:28608	NODE_2237_length_28690_cov_8.928754	28608	28672	173845	202453	0.999165688808028	0.000362487981788934	0.990200328795608	0.000150856742216776	Historical	0	< 0.25	= 0.00
0	0	NODE_2237_length_28690_cov_8.928754:28608	NODE_2237_length_28690_cov_8.928754	28608	28672	173845	202453	0.999165688808028	0.000362487981788934	0.990200328795608	0.000150856742216776	Modern	0	< 0.25	= 0.00
0.07567	0.07567	NODE_2237_length_28690_cov_8.928754:28628	NODE_2237_length_28690_cov_8.928754	28628	28672	173845	202473	4.35586061510408e-64	63.3609260258537	3.22656341859562e-65	290.861977315613	Historical	0	< 0.25	= 0.00
0.07567	0.07567	NODE_2237_length_28690_cov_8.928754:28628	NODE_2237_length_28690_cov_8.928754	28628	28672	173845	202473	4.35586061510408e-64	63.3609260258537	3.22656341859562e-65	290.861977315613	Modern	0.07567	< 0.25	< 0.25
0.265927	0.265927	NODE_2237_length_28690_cov_8.928754:28634	NODE_2237_length_28690_cov_8.928754	28634	28672	173845	202479	0.0188632159181702	1.72438426406669	0.0147967866556587	5.94050402351277	Historical	0.07181	< 0.25	< 0.25
0.265927	0.265927	NODE_2237_length_28690_cov_8.928754:28634	NODE_2237_length_28690_cov_8.928754	28634	28672	173845	202479	0.0188632159181702	1.72438426406669	0.0147967866556587	5.94050402351277	Modern	0.337737	0.25–0.75	0.25–0.75
0.130014	0.130014	NODE_2237_length_28690_cov_8.928754:28672	NODE_2237_length_28690_cov_8.928754	28672	28672	173845	202517	2.03611437924349e-57	56.691197829047	1.72093238131691e-58	259.994276138374	Historical	0	< 0.25	= 0.00
0.130014	0.130014	NODE_2237_length_28690_cov_8.928754:28672	NODE_2237_length_28690_cov_8.928754	28672	28672	173845	202517	2.03611437924349e-57	56.691197829047	1.72093238131691e-58	259.994276138374	Modern	0.130014	< 0.25	< 0.25
0.032375	0.032375	NODE_2242_length_28652_cov_12.485133:7930	NODE_2242_length_28652_cov_12.485133	7930	7968	198680	206610	4.02695705353863e-10	9.39502300200683	1.50293838750302e-10	41.0250071120215	Historical	0	< 0.25	= 0.00
0.032375	0.032375	NODE_2242_length_28652_cov_12.485133:7930	NODE_2242_length_28652_cov_12.485133	7930	7968	198680	206610	4.02695705353863e-10	9.39502300200683	1.50293838750302e-10	41.0250071120215	Modern	0.032375	< 0.25	< 0.25
0.304467	0.304467	NODE_2242_length_28652_cov_12.485133:7936	NODE_2242_length_28652_cov_12.485133	7936	7968	198680	206616	0.0474513393402367	1.32375152486229	0.0389344322791686	4.2637260816823	Historical	0.141761	< 0.25	< 0.25
0.304467	0.304467	NODE_2242_length_28652_cov_12.485133:7936	NODE_2242_length_28652_cov_12.485133	7936	7968	198680	206616	0.0474513393402367	1.32375152486229	0.0389344322791686	4.2637260816823	Modern	0.446228	0.25–0.75	0.25–0.75
0.027054	0.027054	NODE_2242_length_28652_cov_12.485133:7944	NODE_2242_length_28652_cov_12.485133	7944	7968	198680	206624	2.39059404811718e-10	9.62149416609708	8.72918719374222e-11	42.0872186437479	Historical	0	< 0.25	= 0.00
0.027054	0.027054	NODE_2242_length_28652_cov_12.485133:7944	NODE_2242_length_28652_cov_12.485133	7944	7968	198680	206624	2.39059404811718e-10	9.62149416609708	8.72918719374222e-11	42.0872186437479	Modern	0.027054	< 0.25	< 0.25
0.045965	0.045965	NODE_2242_length_28652_cov_12.485133:7949	NODE_2242_length_28652_cov_12.485133	7949	7968	198680	206629	2.65312213738968e-23	22.5762427566617	5.39191013676536e-24	102.058022476244	Historical	0	< 0.25	= 0.00
0.045965	0.045965	NODE_2242_length_28652_cov_12.485133:7949	NODE_2242_length_28652_cov_12.485133	7949	7968	198680	206629	2.65312213738968e-23	22.5762427566617	5.39191013676536e-24	102.058022476244	Modern	0.045965	< 0.25	< 0.25
0.239826	0.239826	NODE_2242_length_28652_cov_12.485133:7950	NODE_2242_length_28652_cov_12.485133	7950	7968	198680	206630	0.0142704330894903	1.8455628464003	0.0109704801385968	6.47009283751902	Historical	0.052376	< 0.25	< 0.25
0.239826	0.239826	NODE_2242_length_28652_cov_12.485133:7950	NODE_2242_length_28652_cov_12.485133	7950	7968	198680	206630	0.0142704330894903	1.8455628464003	0.0109704801385968	6.47009283751902	Modern	0.292202	0.25–0.75	0.25–0.75
0.071775	0.071775	NODE_2242_length_28652_cov_12.485133:7961	NODE_2242_length_28652_cov_12.485133	7961	7968	198680	206641	3.10986522528709e-44	43.5072584319321	3.38157234848406e-45	199.04095845661	Historical	0	< 0.25	= 0.00
0.071775	0.071775	NODE_2242_length_28652_cov_12.485133:7961	NODE_2242_length_28652_cov_12.485133	7961	7968	198680	206641	3.10986522528709e-44	43.5072584319321	3.38157234848406e-45	199.04095845661	Modern	0.071775	< 0.25	< 0.25
0.095178	0.095178	NODE_2242_length_28652_cov_12.485133:7963	NODE_2242_length_28652_cov_12.485133	7963	7968	198680	206643	2.33062193207446e-62	61.6325281709799	1.80385268246979e-63	282.842390042549	Historical	0	< 0.25	= 0.00
0.095178	0.095178	NODE_2242_length_28652_cov_12.485133:7963	NODE_2242_length_28652_cov_12.485133	7963	7968	198680	206643	2.33062193207446e-62	61.6325281709799	1.80385268246979e-63	282.842390042549	Modern	0.095178	< 0.25	< 0.25
0.162023	0.162023	NODE_2242_length_28652_cov_12.485133:7966	NODE_2242_length_28652_cov_12.485133	7966	7968	198680	206646	9.4402084410088e-118	117.025018416318	2.55504217064341e-119	539.393395963968	Historical	0	< 0.25	= 0.00
0.162023	0.162023	NODE_2242_length_28652_cov_12.485133:7966	NODE_2242_length_28652_cov_12.485133	7966	7968	198680	206646	9.4402084410088e-118	117.025018416318	2.55504217064341e-119	539.393395963968	Modern	0.162023	< 0.25	< 0.25
0.053556	0.053556	NODE_2242_length_28652_cov_12.485133:7968	NODE_2242_length_28652_cov_12.485133	7968	7968	198680	206648	3.11031750896642e-30	29.5071952748466	5.06571180235272e-31	134.15010384251	Historical	0	< 0.25	= 0.00
0.053556	0.053556	NODE_2242_length_28652_cov_12.485133:7968	NODE_2242_length_28652_cov_12.485133	7968	7968	198680	206648	3.11031750896642e-30	29.5071952748466	5.06571180235272e-31	134.15010384251	Modern	0.053556	< 0.25	< 0.25
0.230625	0.230625	NODE_2285_length_28429_cov_6.374938:21	NODE_2285_length_28429_cov_6.374938	21	21	223515	223536	1.48557610205281e-110	109.828105095557	4.58511142608893e-112	506.05127847312	Historical	0	< 0.25	= 0.00
0.230625	0.230625	NODE_2285_length_28429_cov_6.374938:21	NODE_2285_length_28429_cov_6.374938	21	21	223515	223536	1.48557610205281e-110	109.828105095557	4.58511142608893e-112	506.05127847312	Modern	0.230625	< 0.25	< 0.25
0.117581	0.117581	NODE_2310_length_28303_cov_15.114097:4445	NODE_2310_length_28303_cov_15.114097	4445	4490	248350	252795	5.57534483141498e-54	53.2537282666207	4.89762010356966e-55	244.149388975345	Historical	6e-06	< 0.25	< 0.25
0.117581	0.117581	NODE_2310_length_28303_cov_15.114097:4445	NODE_2310_length_28303_cov_15.114097	4445	4490	248350	252795	5.57534483141498e-54	53.2537282666207	4.89762010356966e-55	244.149388975345	Modern	0.117587	< 0.25	< 0.25
0.098236	0.098236	NODE_2310_length_28303_cov_15.114097:4448	NODE_2310_length_28303_cov_15.114097	4448	4490	248350	252798	7.2881833860709e-40	39.1373807081321	8.89393699059934e-41	178.79239607389	Historical	0	< 0.25	= 0.00
0.098236	0.098236	NODE_2310_length_28303_cov_15.114097:4448	NODE_2310_length_28303_cov_15.114097	4448	4490	248350	252798	7.2881833860709e-40	39.1373807081321	8.89393699059934e-41	178.79239607389	Modern	0.098236	< 0.25	< 0.25
0.072358	0.072358	NODE_2310_length_28303_cov_15.114097:4450	NODE_2310_length_28303_cov_15.114097	4450	4490	248350	252800	6.33751244165548e-29	28.1980811750611	1.08333546011205e-29	128.070360834418	Historical	0	< 0.25	= 0.00
0.072358	0.072358	NODE_2310_length_28303_cov_15.114097:4450	NODE_2310_length_28303_cov_15.114097	4450	4490	248350	252800	6.33751244165548e-29	28.1980811750611	1.08333546011205e-29	128.070360834418	Modern	0.072358	< 0.25	< 0.25
0.001843	0.001843	NODE_2310_length_28303_cov_15.114097:4451	NODE_2310_length_28303_cov_15.114097	4451	4490	248350	252801	0.612513995626185	0.212883983447054	0.535440772054989	0.384055464455032	Historical	0	< 0.25	= 0.00
0.001843	0.001843	NODE_2310_length_28303_cov_15.114097:4451	NODE_2310_length_28303_cov_15.114097	4451	4490	248350	252801	0.612513995626185	0.212883983447054	0.535440772054989	0.384055464455032	Modern	0.001843	< 0.25	< 0.25
0.059023	0.059023	NODE_2310_length_28303_cov_15.114097:4471	NODE_2310_length_28303_cov_15.114097	4471	4490	248350	252821	0.861835014490151	0.0645758654449712	0.770167852455111	0.0853547455389255	Historical	0.355497	0.25–0.75	0.25–0.75
0.059023	0.059023	NODE_2310_length_28303_cov_15.114097:4471	NODE_2310_length_28303_cov_15.114097	4471	4490	248350	252821	0.861835014490151	0.0645758654449712	0.770167852455111	0.0853547455389255	Modern	0.41452	0.25–0.75	0.25–0.75
0.107382	0.107382	NODE_2310_length_28303_cov_15.114097:4472	NODE_2310_length_28303_cov_15.114097	4472	4490	248350	252822	7.77975762261012e-70	69.1090339331906	4.8023195201297e-71	317.610229280083	Historical	0	< 0.25	= 0.00
0.107382	0.107382	NODE_2310_length_28303_cov_15.114097:4472	NODE_2310_length_28303_cov_15.114097	4472	4490	248350	252822	7.77975762261012e-70	69.1090339331906	4.8023195201297e-71	317.610229280083	Modern	0.107382	< 0.25	< 0.25
0.029106	0.029106	NODE_2310_length_28303_cov_15.114097:4473	NODE_2310_length_28303_cov_15.114097	4473	4490	248350	252823	5.63484276208801e-15	14.2491181982532	1.60536830828718e-15	63.4979127858998	Historical	0	< 0.25	= 0.00
0.029106	0.029106	NODE_2310_length_28303_cov_15.114097:4473	NODE_2310_length_28303_cov_15.114097	4473	4490	248350	252823	5.63484276208801e-15	14.2491181982532	1.60536830828718e-15	63.4979127858998	Modern	0.029106	< 0.25	< 0.25
0.012927	0.012927	NODE_2310_length_28303_cov_15.114097:4479	NODE_2310_length_28303_cov_15.114097	4479	4490	248350	252829	5.76043802121182e-06	5.2395444917569	2.99509954094347e-06	21.8196945605939	Historical	0	< 0.25	= 0.00
0.012927	0.012927	NODE_2310_length_28303_cov_15.114097:4479	NODE_2310_length_28303_cov_15.114097	4479	4490	248350	252829	5.76043802121182e-06	5.2395444917569	2.99509954094347e-06	21.8196945605939	Modern	0.012927	< 0.25	< 0.25
0.012683	0.012683	NODE_2310_length_28303_cov_15.114097:4483	NODE_2310_length_28303_cov_15.114097	4483	4490	248350	252833	5.44429729810665e-06	5.26405816719357	2.82211527064319e-06	21.9338520564704	Historical	0	< 0.25	= 0.00
0.012683	0.012683	NODE_2310_length_28303_cov_15.114097:4483	NODE_2310_length_28303_cov_15.114097	4483	4490	248350	252833	5.44429729810665e-06	5.26405816719357	2.82211527064319e-06	21.9338520564704	Modern	0.012683	< 0.25	< 0.25
0.045262	0.045262	NODE_2310_length_28303_cov_15.114097:4490	NODE_2310_length_28303_cov_15.114097	4490	4490	248350	252840	1.06872570749504e-29	28.9711337438154	1.78120951249174e-30	131.65384834626	Historical	0	< 0.25	= 0.00
0.045262	0.045262	NODE_2310_length_28303_cov_15.114097:4490	NODE_2310_length_28303_cov_15.114097	4490	4490	248350	252840	1.06872570749504e-29	28.9711337438154	1.78120951249174e-30	131.65384834626	Modern	0.045262	< 0.25	< 0.25
0.054851	0.054851	NODE_2338_length_28177_cov_9.889023:14818	NODE_2338_length_28177_cov_9.889023	14818	14849	0	14818	1.13400620421459e-16	15.945384569386	2.95617001953377e-17	71.3734929680358	Historical	0	< 0.25	= 0.00
0.054851	0.054851	NODE_2338_length_28177_cov_9.889023:14818	NODE_2338_length_28177_cov_9.889023	14818	14849	0	14818	1.13400620421459e-16	15.945384569386	2.95617001953377e-17	71.3734929680358	Modern	0.054851	< 0.25	< 0.25
0.086041	0.086041	NODE_2338_length_28177_cov_9.889023:14828	NODE_2338_length_28177_cov_9.889023	14828	14849	0	14828	4.77210433858114e-28	27.3212900693658	8.38403896141986e-29	124.009519901904	Historical	0	< 0.25	= 0.00
0.086041	0.086041	NODE_2338_length_28177_cov_9.889023:14828	NODE_2338_length_28177_cov_9.889023	14828	14849	0	14828	4.77210433858114e-28	27.3212900693658	8.38403896141986e-29	124.009519901904	Modern	0.086041	< 0.25	< 0.25
0	0	NODE_2338_length_28177_cov_9.889023:14842	NODE_2338_length_28177_cov_9.889023	14842	14849	0	14842	0.999165688808028	0.000362487981788934	0.988228934151949	0.000217662175095834	Historical	0	< 0.25	= 0.00
0	0	NODE_2338_length_28177_cov_9.889023:14842	NODE_2338_length_28177_cov_9.889023	14842	14849	0	14842	0.999165688808028	0.000362487981788934	0.988228934151949	0.000217662175095834	Modern	0	< 0.25	= 0.00
0.291825	0.291825	NODE_2338_length_28177_cov_9.889023:14849	NODE_2338_length_28177_cov_9.889023	14849	14849	0	14849	8.82578626626655e-112	111.054246594055	2.55637683875717e-113	511.813617097821	Historical	5e-06	< 0.25	< 0.25
0.291825	0.291825	NODE_2338_length_28177_cov_9.889023:14849	NODE_2338_length_28177_cov_9.889023	14849	14849	0	14849	8.82578626626655e-112	111.054246594055	2.55637683875717e-113	511.813617097821	Modern	0.29183	0.25–0.75	0.25–0.75
0	0	NODE_233_length_61140_cov_12.562491:61044	NODE_233_length_61140_cov_12.562491	61044	61114	273185	334229	0.999165688808028	0.000362487981788934	0.98123995741506	0.000552926695305231	Historical	0	< 0.25	= 0.00
0	0	NODE_233_length_61140_cov_12.562491:61044	NODE_233_length_61140_cov_12.562491	61044	61114	273185	334229	0.999165688808028	0.000362487981788934	0.98123995741506	0.000552926695305231	Modern	0	< 0.25	= 0.00
0.025312	0.025312	NODE_233_length_61140_cov_12.562491:61045	NODE_233_length_61140_cov_12.562491	61045	61114	273185	334230	0.000184448377623618	3.73412516040036	0.000109828236248821	14.9597641679956	Historical	0	< 0.25	= 0.00
0.025312	0.025312	NODE_233_length_61140_cov_12.562491:61045	NODE_233_length_61140_cov_12.562491	61045	61114	273185	334230	0.000184448377623618	3.73412516040036	0.000109828236248821	14.9597641679956	Modern	0.025312	< 0.25	< 0.25
0.011862	0.011862	NODE_233_length_61140_cov_12.562491:61052	NODE_233_length_61140_cov_12.562491	61052	61114	273185	334237	0.0103015138544588	1.98709894904947	0.00769923210205041	7.10213191630507	Historical	0	< 0.25	= 0.00
0.011862	0.011862	NODE_233_length_61140_cov_12.562491:61052	NODE_233_length_61140_cov_12.562491	61052	61114	273185	334237	0.0103015138544588	1.98709894904947	0.00769923210205041	7.10213191630507	Modern	0.011862	< 0.25	< 0.25
0.023374	0.023374	NODE_233_length_61140_cov_12.562491:61062	NODE_233_length_61140_cov_12.562491	61062	61114	273185	334247	1.07313891681599e-06	5.96934405538579	5.24849517721022e-07	25.1702748895338	Historical	0	< 0.25	= 0.00
0.023374	0.023374	NODE_233_length_61140_cov_12.562491:61062	NODE_233_length_61140_cov_12.562491	61062	61114	273185	334247	1.07313891681599e-06	5.96934405538579	5.24849517721022e-07	25.1702748895338	Modern	0.023374	< 0.25	< 0.25
0	0	NODE_233_length_61140_cov_12.562491:61065	NODE_233_length_61140_cov_12.562491	61065	61114	273185	334250	0.999165688808028	0.000362487981788934	0.988424818003256	0.000210477658004446	Historical	0	< 0.25	= 0.00
0	0	NODE_233_length_61140_cov_12.562491:61065	NODE_233_length_61140_cov_12.562491	61065	61114	273185	334250	0.999165688808028	0.000362487981788934	0.988424818003256	0.000210477658004446	Modern	0	< 0.25	= 0.00
0.038317	0.038317	NODE_233_length_61140_cov_12.562491:61114	NODE_233_length_61140_cov_12.562491	61114	61114	273185	334299	9.47638483439605e-10	9.02335731096521	3.64926310574321e-10	39.292038223732	Historical	0	< 0.25	= 0.00
0.038317	0.038317	NODE_233_length_61140_cov_12.562491:61114	NODE_233_length_61140_cov_12.562491	61114	61114	273185	334299	9.47638483439605e-10	9.02335731096521	3.64926310574321e-10	39.292038223732	Modern	0.038317	< 0.25	< 0.25
0.010635	0.010635	NODE_2341_length_28164_cov_26.659184:3343	NODE_2341_length_28164_cov_26.659184	3343	3462	71145	74488	0.000308934702030659	3.510133305509	0.000188646736377696	13.9409191525799	Historical	0	< 0.25	= 0.00
0.010635	0.010635	NODE_2341_length_28164_cov_26.659184:3343	NODE_2341_length_28164_cov_26.659184	3343	3462	71145	74488	0.000308934702030659	3.510133305509	0.000188646736377696	13.9409191525799	Modern	0.010635	< 0.25	< 0.25
0.011418	0.011418	NODE_2341_length_28164_cov_26.659184:3353	NODE_2341_length_28164_cov_26.659184	3353	3462	71145	74498	0.000108868211814718	3.96309891040741	6.35839983533252e-05	15.992795266511	Historical	0	< 0.25	= 0.00
0.011418	0.011418	NODE_2341_length_28164_cov_26.659184:3353	NODE_2341_length_28164_cov_26.659184	3353	3462	71145	74498	0.000108868211814718	3.96309891040741	6.35839983533252e-05	15.992795266511	Modern	0.011418	< 0.25	< 0.25
0.02318	0.02318	NODE_2341_length_28164_cov_26.659184:3358	NODE_2341_length_28164_cov_26.659184	3358	3462	71145	74503	2.1821558308388e-11	10.6611142390562	7.59506279204577e-12	46.8675315116036	Historical	0	< 0.25	= 0.00
0.02318	0.02318	NODE_2341_length_28164_cov_26.659184:3358	NODE_2341_length_28164_cov_26.659184	3358	3462	71145	74503	2.1821558308388e-11	10.6611142390562	7.59506279204577e-12	46.8675315116036	Modern	0.02318	< 0.25	< 0.25
0.09167	0.09167	NODE_2341_length_28164_cov_26.659184:3388	NODE_2341_length_28164_cov_26.659184	3388	3462	71145	74533	7.28862491801449e-68	67.1373543985474	4.70680431552693e-69	308.46908820648	Historical	0	< 0.25	= 0.00
0.09167	0.09167	NODE_2341_length_28164_cov_26.659184:3388	NODE_2341_length_28164_cov_26.659184	3388	3462	71145	74533	7.28862491801449e-68	67.1373543985474	4.70680431552693e-69	308.46908820648	Modern	0.09167	< 0.25	< 0.25
0.043533	0.043533	NODE_2341_length_28164_cov_26.659184:3392	NODE_2341_length_28164_cov_26.659184	3392	3462	71145	74537	8.20850327211813e-28	27.0857360243566	1.46162807551961e-28	122.906701015559	Historical	0	< 0.25	= 0.00
0.043533	0.043533	NODE_2341_length_28164_cov_26.659184:3392	NODE_2341_length_28164_cov_26.659184	3392	3462	71145	74537	8.20850327211813e-28	27.0857360243566	1.46162807551961e-28	122.906701015559	Modern	0.043533	< 0.25	< 0.25
0.018648	0.018648	NODE_2341_length_28164_cov_26.659184:3396	NODE_2341_length_28164_cov_26.659184	3396	3462	71145	74541	6.79811964449349e-10	9.16761119625692	2.56946972317987e-10	39.977181715031	Historical	0	< 0.25	= 0.00
0.018648	0.018648	NODE_2341_length_28164_cov_26.659184:3396	NODE_2341_length_28164_cov_26.659184	3396	3462	71145	74541	6.79811964449349e-10	9.16761119625692	2.56946972317987e-10	39.977181715031	Modern	0.018648	< 0.25	< 0.25
0.063462	0.063462	NODE_2341_length_28164_cov_26.659184:3462	NODE_2341_length_28164_cov_26.659184	3462	3462	71145	74607	7.32393542795377e-19	18.1352554933445	1.74578137931282e-19	81.5077217018693	Historical	0	< 0.25	= 0.00
0.063462	0.063462	NODE_2341_length_28164_cov_26.659184:3462	NODE_2341_length_28164_cov_26.659184	3462	3462	71145	74607	7.32393542795377e-19	18.1352554933445	1.74578137931282e-19	81.5077217018693	Modern	0.063462	< 0.25	< 0.25
0.163219	-0.163219	NODE_2349_length_28134_cov_14.305975:27786	NODE_2349_length_28134_cov_14.305975	27786	27786	142290	170076	0.50914032075313	0.29316250817345	0.439514293983471	0.597550124981132	Historical	0.463039	0.25–0.75	0.25–0.75
0.163219	-0.163219	NODE_2349_length_28134_cov_14.305975:27786	NODE_2349_length_28134_cov_14.305975	27786	27786	142290	170076	0.50914032075313	0.29316250817345	0.439514293983471	0.597550124981132	Modern	0.29982	0.25–0.75	0.25–0.75
0.040701	0.040701	NODE_2353_length_28107_cov_61.481862:768	NODE_2353_length_28107_cov_61.481862	768	28093	213435	214203	1.6156807732211e-05	4.79164444314297	8.74585033937349e-06	19.7674719637888	Historical	0	< 0.25	= 0.00
0.040701	0.040701	NODE_2353_length_28107_cov_61.481862:768	NODE_2353_length_28107_cov_61.481862	768	28093	213435	214203	1.6156807732211e-05	4.79164444314297	8.74585033937349e-06	19.7674719637888	Modern	0.040701	< 0.25	< 0.25
0.161556	-0.161556	NODE_2353_length_28107_cov_61.481862:802	NODE_2353_length_28107_cov_61.481862	802	28093	213435	214237	0.487265536687547	0.31223430430866	0.419936822928727	0.650492024382032	Historical	0.34132	0.25–0.75	0.25–0.75
0.161556	-0.161556	NODE_2353_length_28107_cov_61.481862:802	NODE_2353_length_28107_cov_61.481862	802	28093	213435	214237	0.487265536687547	0.31223430430866	0.419936822928727	0.650492024382032	Modern	0.179764	< 0.25	< 0.25
0.025049	0.025049	NODE_2353_length_28107_cov_61.481862:808	NODE_2353_length_28107_cov_61.481862	808	28093	213435	214243	1.93495010573183e-07	6.71333022913846	8.95810234135108e-08	28.5870122296394	Historical	0	< 0.25	= 0.00
0.025049	0.025049	NODE_2353_length_28107_cov_61.481862:808	NODE_2353_length_28107_cov_61.481862	808	28093	213435	214243	1.93495010573183e-07	6.71333022913846	8.95810234135108e-08	28.5870122296394	Modern	0.025049	< 0.25	< 0.25
0.03918	0.03918	NODE_2353_length_28107_cov_61.481862:812	NODE_2353_length_28107_cov_61.481862	812	28093	213435	214247	1.14467877260238e-15	14.941316370843	3.11987471734932e-16	66.7260338944382	Historical	0	< 0.25	= 0.00
0.03918	0.03918	NODE_2353_length_28107_cov_61.481862:812	NODE_2353_length_28107_cov_61.481862	812	28093	213435	214247	1.14467877260238e-15	14.941316370843	3.11987471734932e-16	66.7260338944382	Modern	0.03918	< 0.25	< 0.25
0.039432	0.039432	NODE_2353_length_28107_cov_61.481862:24020	NODE_2353_length_28107_cov_61.481862	24020	28093	213435	237455	5.35185816957637e-08	7.27149540439317	2.34556746938224e-08	31.1851232288748	Historical	0	< 0.25	= 0.00
0.039432	0.039432	NODE_2353_length_28107_cov_61.481862:24020	NODE_2353_length_28107_cov_61.481862	24020	28093	213435	237455	5.35185816957637e-08	7.27149540439317	2.34556746938224e-08	31.1851232288748	Modern	0.039432	< 0.25	< 0.25
0.085884	-0.085884	NODE_2353_length_28107_cov_61.481862:24026	NODE_2353_length_28107_cov_61.481862	24026	28093	213435	237461	0.772643899115246	0.11202062028919	0.68496018976646	0.164595639673852	Historical	0.5	0.25–0.75	0.25–0.75
0.085884	-0.085884	NODE_2353_length_28107_cov_61.481862:24026	NODE_2353_length_28107_cov_61.481862	24026	28093	213435	237461	0.772643899115246	0.11202062028919	0.68496018976646	0.164595639673852	Modern	0.414116	0.25–0.75	0.25–0.75
0.048646	-0.048646	NODE_2353_length_28107_cov_61.481862:24055	NODE_2353_length_28107_cov_61.481862	24055	28093	213435	237490	0.911741227499389	0.0401284066453152	0.818229306730221	0.052818614229643	Historical	0.5	0.25–0.75	0.25–0.75
0.048646	-0.048646	NODE_2353_length_28107_cov_61.481862:24055	NODE_2353_length_28107_cov_61.481862	24055	28093	213435	237490	0.911741227499389	0.0401284066453152	0.818229306730221	0.052818614229643	Modern	0.451354	0.25–0.75	0.25–0.75
0.04342	0.04342	NODE_2353_length_28107_cov_61.481862:24063	NODE_2353_length_28107_cov_61.481862	24063	28093	213435	237498	3.75762070068597e-09	8.42508706029529	1.51304005421733e-09	36.5174708385799	Historical	0	< 0.25	= 0.00
0.04342	0.04342	NODE_2353_length_28107_cov_61.481862:24063	NODE_2353_length_28107_cov_61.481862	24063	28093	213435	237498	3.75762070068597e-09	8.42508706029529	1.51304005421733e-09	36.5174708385799	Modern	0.04342	< 0.25	< 0.25
0.013821	0.013821	NODE_2353_length_28107_cov_61.481862:24067	NODE_2353_length_28107_cov_61.481862	24067	28093	213435	237502	0.00547561048491741	2.26156745357452	0.00387140741312537	8.34316607864296	Historical	0	< 0.25	= 0.00
0.013821	0.013821	NODE_2353_length_28107_cov_61.481862:24067	NODE_2353_length_28107_cov_61.481862	24067	28093	213435	237502	0.00547561048491741	2.26156745357452	0.00387140741312537	8.34316607864296	Modern	0.013821	< 0.25	< 0.25
0.073189	0.073189	NODE_2353_length_28107_cov_61.481862:24079	NODE_2353_length_28107_cov_61.481862	24079	28093	213435	237514	1.86451664074308e-14	13.729433736223	5.49793368424241e-15	61.0736409757024	Historical	0	< 0.25	= 0.00
0.073189	0.073189	NODE_2353_length_28107_cov_61.481862:24079	NODE_2353_length_28107_cov_61.481862	24079	28093	213435	237514	1.86451664074308e-14	13.729433736223	5.49793368424241e-15	61.0736409757024	Modern	0.073189	< 0.25	< 0.25
1e-06	1e-06	NODE_2353_length_28107_cov_61.481862:24094	NODE_2353_length_28107_cov_61.481862	24094	28093	213435	237529	0.999165688808028	0.000362487981788934	0.987681148900213	0.000238393713747954	Historical	0	< 0.25	= 0.00
1e-06	1e-06	NODE_2353_length_28107_cov_61.481862:24094	NODE_2353_length_28107_cov_61.481862	24094	28093	213435	237529	0.999165688808028	0.000362487981788934	0.987681148900213	0.000238393713747954	Modern	1e-06	< 0.25	< 0.25
0.060933	0.060933	NODE_2353_length_28107_cov_61.481862:24101	NODE_2353_length_28107_cov_61.481862	24101	28093	213435	237536	6.57890287378434e-12	11.1818465251685	2.20546316661526e-12	49.2921229264084	Historical	0	< 0.25	= 0.00
0.060933	0.060933	NODE_2353_length_28107_cov_61.481862:24101	NODE_2353_length_28107_cov_61.481862	24101	28093	213435	237536	6.57890287378434e-12	11.1818465251685	2.20546316661526e-12	49.2921229264084	Modern	0.060933	< 0.25	< 0.25
0.012474	0.012474	NODE_2353_length_28107_cov_61.481862:24150	NODE_2353_length_28107_cov_61.481862	24150	28093	213435	237585	0.000156105742075763	3.80658112188343	9.24329821312802e-05	15.2853010741943	Historical	0	< 0.25	= 0.00
0.012474	0.012474	NODE_2353_length_28107_cov_61.481862:24150	NODE_2353_length_28107_cov_61.481862	24150	28093	213435	237585	0.000156105742075763	3.80658112188343	9.24329821312802e-05	15.2853010741943	Modern	0.012474	< 0.25	< 0.25
0.010149	0.010149	NODE_2353_length_28107_cov_61.481862:24163	NODE_2353_length_28107_cov_61.481862	24163	28093	213435	237598	0.000649266089072186	3.18757727957514	0.000407563993235247	12.4971926893895	Historical	0	< 0.25	= 0.00
0.010149	0.010149	NODE_2353_length_28107_cov_61.481862:24163	NODE_2353_length_28107_cov_61.481862	24163	28093	213435	237598	0.000649266089072186	3.18757727957514	0.000407563993235247	12.4971926893895	Modern	0.010149	< 0.25	< 0.25
0.024162	0.024162	NODE_2353_length_28107_cov_61.481862:24171	NODE_2353_length_28107_cov_61.481862	24171	28093	213435	237606	4.01978148804725e-10	9.39579755415796	1.49835159929587e-10	41.0309809618437	Historical	0	< 0.25	= 0.00
0.024162	0.024162	NODE_2353_length_28107_cov_61.481862:24171	NODE_2353_length_28107_cov_61.481862	24171	28093	213435	237606	4.01978148804725e-10	9.39579755415796	1.49835159929587e-10	41.0309809618437	Modern	0.024162	< 0.25	< 0.25
0.023662	0.023662	NODE_2353_length_28107_cov_61.481862:24178	NODE_2353_length_28107_cov_61.481862	24178	28093	213435	237613	5.39602014833338e-10	9.26792643737418	2.02671032161999e-10	40.4407369561879	Historical	0	< 0.25	= 0.00
0.023662	0.023662	NODE_2353_length_28107_cov_61.481862:24178	NODE_2353_length_28107_cov_61.481862	24178	28093	213435	237613	5.39602014833338e-10	9.26792643737418	2.02671032161999e-10	40.4407369561879	Modern	0.023662	< 0.25	< 0.25
0.012047	0.012047	NODE_2353_length_28107_cov_61.481862:24190	NODE_2353_length_28107_cov_61.481862	24190	28093	213435	237625	6.998744806278e-05	4.15497984178389	3.98124229720847e-05	16.8803107850061	Historical	0	< 0.25	= 0.00
0.012047	0.012047	NODE_2353_length_28107_cov_61.481862:24190	NODE_2353_length_28107_cov_61.481862	24190	28093	213435	237625	6.998744806278e-05	4.15497984178389	3.98124229720847e-05	16.8803107850061	Modern	0.012047	< 0.25	< 0.25
0.032185	0.032185	NODE_2353_length_28107_cov_61.481862:24198	NODE_2353_length_28107_cov_61.481862	24198	28093	213435	237633	1.80656547070414e-13	12.7431462947933	5.48145933418777e-14	56.5490237500898	Historical	0	< 0.25	= 0.00
0.032185	0.032185	NODE_2353_length_28107_cov_61.481862:24198	NODE_2353_length_28107_cov_61.481862	24198	28093	213435	237633	1.80656547070414e-13	12.7431462947933	5.48145933418777e-14	56.5490237500898	Modern	0.032185	< 0.25	< 0.25
0.012288	0.012288	NODE_2353_length_28107_cov_61.481862:24200	NODE_2353_length_28107_cov_61.481862	24200	28093	213435	237635	0.00011364937948011	3.94443293115854	6.65383119178424e-05	15.9068259189987	Historical	0	< 0.25	= 0.00
0.012288	0.012288	NODE_2353_length_28107_cov_61.481862:24200	NODE_2353_length_28107_cov_61.481862	24200	28093	213435	237635	0.00011364937948011	3.94443293115854	6.65383119178424e-05	15.9068259189987	Modern	0.012288	< 0.25	< 0.25
0.012315	0.012315	NODE_2353_length_28107_cov_61.481862:24203	NODE_2353_length_28107_cov_61.481862	24203	28093	213435	237638	0.00013662173921459	3.86448019033417	8.05717949214251e-05	15.5448273899728	Historical	0	< 0.25	= 0.00
0.012315	0.012315	NODE_2353_length_28107_cov_61.481862:24203	NODE_2353_length_28107_cov_61.481862	24203	28093	213435	237638	0.00013662173921459	3.86448019033417	8.05717949214251e-05	15.5448273899728	Modern	0.012315	< 0.25	< 0.25
0	0	NODE_2353_length_28107_cov_61.481862:24222	NODE_2353_length_28107_cov_61.481862	24222	28093	213435	237657	0.999165688808028	0.000362487981788934	0.989060994361444	0.000187976163408169	Historical	0	< 0.25	= 0.00
0	0	NODE_2353_length_28107_cov_61.481862:24222	NODE_2353_length_28107_cov_61.481862	24222	28093	213435	237657	0.999165688808028	0.000362487981788934	0.989060994361444	0.000187976163408169	Modern	0	< 0.25	= 0.00
0.035351	0.035351	NODE_2353_length_28107_cov_61.481862:24227	NODE_2353_length_28107_cov_61.481862	24227	28093	213435	237662	2.62411633553409e-09	8.58101691519556	1.03976738658535e-09	37.2488415714891	Historical	0	< 0.25	= 0.00
0.035351	0.035351	NODE_2353_length_28107_cov_61.481862:24227	NODE_2353_length_28107_cov_61.481862	24227	28093	213435	237662	2.62411633553409e-09	8.58101691519556	1.03976738658535e-09	37.2488415714891	Modern	0.035351	< 0.25	< 0.25
0.014019	0.014019	NODE_2353_length_28107_cov_61.481862:24232	NODE_2353_length_28107_cov_61.481862	24232	28093	213435	237667	0.00293741416276725	2.5320348155053	0.00198756656312599	9.56098292074219	Historical	0	< 0.25	= 0.00
0.014019	0.014019	NODE_2353_length_28107_cov_61.481862:24232	NODE_2353_length_28107_cov_61.481862	24232	28093	213435	237667	0.00293741416276725	2.5320348155053	0.00198756656312599	9.56098292074219	Modern	0.014019	< 0.25	< 0.25
0.013883	0.013883	NODE_2353_length_28107_cov_61.481862:28089	NODE_2353_length_28107_cov_61.481862	28089	28093	213435	241524	0.00598660645617753	2.22281929029729	0.00426964999866032	8.16542363537648	Historical	0	< 0.25	= 0.00
0.013883	0.013883	NODE_2353_length_28107_cov_61.481862:28089	NODE_2353_length_28107_cov_61.481862	28089	28093	213435	241524	0.00598660645617753	2.22281929029729	0.00426964999866032	8.16542363537648	Modern	0.013883	< 0.25	< 0.25
0.015	0.015	NODE_2353_length_28107_cov_61.481862:28093	NODE_2353_length_28107_cov_61.481862	28093	28093	213435	241528	0.00701577014742434	2.15392464788325	0.00507693908104212	7.85182646237042	Historical	0	< 0.25	= 0.00
0.015	0.015	NODE_2353_length_28107_cov_61.481862:28093	NODE_2353_length_28107_cov_61.481862	28093	28093	213435	241528	0.00701577014742434	2.15392464788325	0.00507693908104212	7.85182646237042	Modern	0.015	< 0.25	< 0.25
0.013876	0.013876	NODE_2360_length_28081_cov_8.690051:27055	NODE_2360_length_28081_cov_8.690051	27055	27111	284580	311635	0.0046145947637422	2.33586643106231	0.00320348411424079	8.68779232632192	Historical	0	< 0.25	= 0.00
0.013876	0.013876	NODE_2360_length_28081_cov_8.690051:27055	NODE_2360_length_28081_cov_8.690051	27055	27111	284580	311635	0.0046145947637422	2.33586643106231	0.00320348411424079	8.68779232632192	Modern	0.013876	< 0.25	< 0.25
0.012427	0.012427	NODE_2360_length_28081_cov_8.690051:27077	NODE_2360_length_28081_cov_8.690051	27077	27111	284580	311657	0.00229677302091743	2.63888192192896	0.00152900084298492	10.0433356459661	Historical	0	< 0.25	= 0.00
0.012427	0.012427	NODE_2360_length_28081_cov_8.690051:27077	NODE_2360_length_28081_cov_8.690051	27077	27111	284580	311657	0.00229677302091743	2.63888192192896	0.00152900084298492	10.0433356459661	Modern	0.012427	< 0.25	< 0.25
0.028549	0.028549	NODE_2360_length_28081_cov_8.690051:27081	NODE_2360_length_28081_cov_8.690051	27081	27111	284580	311661	1.53005957796048e-08	7.81529165815252	6.48059422384019e-09	33.6847744210565	Historical	0	< 0.25	= 0.00
0.028549	0.028549	NODE_2360_length_28081_cov_8.690051:27081	NODE_2360_length_28081_cov_8.690051	27081	27111	284580	311661	1.53005957796048e-08	7.81529165815252	6.48059422384019e-09	33.6847744210565	Modern	0.028549	< 0.25	< 0.25
0	0	NODE_2360_length_28081_cov_8.690051:27085	NODE_2360_length_28081_cov_8.690051	27085	27111	284580	311665	0.999165688808028	0.000362487981788934	0.98738370440056	0.000250045927841425	Historical	0	< 0.25	= 0.00
0	0	NODE_2360_length_28081_cov_8.690051:27085	NODE_2360_length_28081_cov_8.690051	27085	27111	284580	311665	0.999165688808028	0.000362487981788934	0.98738370440056	0.000250045927841425	Modern	0	< 0.25	= 0.00
0.012415	0.012415	NODE_2360_length_28081_cov_8.690051:27094	NODE_2360_length_28081_cov_8.690051	27094	27111	284580	311674	0.00143149023371487	2.84421161058909	0.000928497464033481	10.9649840439718	Historical	0	< 0.25	= 0.00
0.012415	0.012415	NODE_2360_length_28081_cov_8.690051:27094	NODE_2360_length_28081_cov_8.690051	27094	27111	284580	311674	0.00143149023371487	2.84421161058909	0.000928497464033481	10.9649840439718	Modern	0.012415	< 0.25	< 0.25
0.014493	0.014493	NODE_2360_length_28081_cov_8.690051:27111	NODE_2360_length_28081_cov_8.690051	27111	27111	284580	311691	0.000535742937342056	3.27104354551915	0.00033324940546918	12.8736029532341	Historical	0	< 0.25	= 0.00
0.014493	0.014493	NODE_2360_length_28081_cov_8.690051:27111	NODE_2360_length_28081_cov_8.690051	27111	27111	284580	311691	0.000535742937342056	3.27104354551915	0.00033324940546918	12.8736029532341	Modern	0.014493	< 0.25	< 0.25
0.022291	0.022291	NODE_2432_length_27777_cov_16.119084:16707	NODE_2432_length_27777_cov_16.119084	16707	16728	355725	372432	2.82430112296684e-10	9.54908900129196	1.03749448655966e-10	41.749487386521	Historical	0	< 0.25	= 0.00
0.022291	0.022291	NODE_2432_length_27777_cov_16.119084:16707	NODE_2432_length_27777_cov_16.119084	16707	16728	355725	372432	2.82430112296684e-10	9.54908900129196	1.03749448655966e-10	41.749487386521	Modern	0.022291	< 0.25	< 0.25
0.056752	0.056752	NODE_2432_length_27777_cov_16.119084:16710	NODE_2432_length_27777_cov_16.119084	16710	16728	355725	372435	3.02968343662082e-28	27.5186027473759	5.30841969664331e-29	124.916417216416	Historical	0	< 0.25	= 0.00
0.056752	0.056752	NODE_2432_length_27777_cov_16.119084:16710	NODE_2432_length_27777_cov_16.119084	16710	16728	355725	372435	3.02968343662082e-28	27.5186027473759	5.30841969664331e-29	124.916417216416	Modern	0.056752	< 0.25	< 0.25
0.05786	0.05786	NODE_2432_length_27777_cov_16.119084:16728	NODE_2432_length_27777_cov_16.119084	16728	16728	355725	372453	1.03598239150555e-22	21.9846476261902	2.16444564227181e-23	99.3051491534471	Historical	0	< 0.25	= 0.00
0.05786	0.05786	NODE_2432_length_27777_cov_16.119084:16728	NODE_2432_length_27777_cov_16.119084	16728	16728	355725	372453	1.03598239150555e-22	21.9846476261902	2.16444564227181e-23	99.3051491534471	Modern	0.05786	< 0.25	< 0.25
0.011347	0.011347	NODE_2460_length_27664_cov_7.084854:27	NODE_2460_length_27664_cov_7.084854	27	110	426870	426897	0.000398328803261883	3.39975828850552	0.00024588197732215	13.4433057327625	Historical	0	< 0.25	= 0.00
0.011347	0.011347	NODE_2460_length_27664_cov_7.084854:27	NODE_2460_length_27664_cov_7.084854	27	110	426870	426897	0.000398328803261883	3.39975828850552	0.00024588197732215	13.4433057327625	Modern	0.011347	< 0.25	< 0.25
0.011388	0.011388	NODE_2460_length_27664_cov_7.084854:29	NODE_2460_length_27664_cov_7.084854	29	110	426870	426899	0.000227479307542884	3.64305810242955	0.000137286894533241	14.5390131621527	Historical	0	< 0.25	= 0.00
0.011388	0.011388	NODE_2460_length_27664_cov_7.084854:29	NODE_2460_length_27664_cov_7.084854	29	110	426870	426899	0.000227479307542884	3.64305810242955	0.000137286894533241	14.5390131621527	Modern	0.011388	< 0.25	< 0.25
0.046727	0.046727	NODE_2460_length_27664_cov_7.084854:30	NODE_2460_length_27664_cov_7.084854	30	110	426870	426900	1.6246488957247e-28	27.7892404803003	2.82346389285488e-29	126.169250244511	Historical	0	< 0.25	= 0.00
0.046727	0.046727	NODE_2460_length_27664_cov_7.084854:30	NODE_2460_length_27664_cov_7.084854	30	110	426870	426900	1.6246488957247e-28	27.7892404803003	2.82346389285488e-29	126.169250244511	Modern	0.046727	< 0.25	< 0.25
0.010479	0.010479	NODE_2460_length_27664_cov_7.084854:53	NODE_2460_length_27664_cov_7.084854	53	110	426870	426923	4.09629412580253e-05	4.38760886730885	2.28155413559657e-05	17.9385281036344	Historical	0	< 0.25	= 0.00
0.010479	0.010479	NODE_2460_length_27664_cov_7.084854:53	NODE_2460_length_27664_cov_7.084854	53	110	426870	426923	4.09629412580253e-05	4.38760886730885	2.28155413559657e-05	17.9385281036344	Modern	0.010479	< 0.25	< 0.25
0	0	NODE_2460_length_27664_cov_7.084854:60	NODE_2460_length_27664_cov_7.084854	60	110	426870	426930	0.999165688808028	0.000362487981788934	0.990986840791645	0.000127612270463176	Historical	0	< 0.25	= 0.00
0	0	NODE_2460_length_27664_cov_7.084854:60	NODE_2460_length_27664_cov_7.084854	60	110	426870	426930	0.999165688808028	0.000362487981788934	0.990986840791645	0.000127612270463176	Modern	0	< 0.25	= 0.00
0.100394	0.100394	NODE_2460_length_27664_cov_7.084854:61	NODE_2460_length_27664_cov_7.084854	61	110	426870	426931	1.54357395688705e-91	90.8114725574365	6.44988168119946e-93	418.060738571232	Historical	0	< 0.25	= 0.00
0.100394	0.100394	NODE_2460_length_27664_cov_7.084854:61	NODE_2460_length_27664_cov_7.084854	61	110	426870	426931	1.54357395688705e-91	90.8114725574365	6.44988168119946e-93	418.060738571232	Modern	0.100394	< 0.25	< 0.25
0	0	NODE_2460_length_27664_cov_7.084854:66	NODE_2460_length_27664_cov_7.084854	66	110	426870	426936	0.999165688808028	0.000362487981788934	0.990798167320816	0.000133011072797346	Historical	0	< 0.25	= 0.00
0	0	NODE_2460_length_27664_cov_7.084854:66	NODE_2460_length_27664_cov_7.084854	66	110	426870	426936	0.999165688808028	0.000362487981788934	0.990798167320816	0.000133011072797346	Modern	0	< 0.25	= 0.00
0.030993	0.030993	NODE_2460_length_27664_cov_7.084854:74	NODE_2460_length_27664_cov_7.084854	74	110	426870	426944	4.88555874481576e-19	18.311085760315	1.15759440344875e-19	82.3197531907309	Historical	0	< 0.25	= 0.00
0.030993	0.030993	NODE_2460_length_27664_cov_7.084854:74	NODE_2460_length_27664_cov_7.084854	74	110	426870	426944	4.88555874481576e-19	18.311085760315	1.15759440344875e-19	82.3197531907309	Modern	0.030993	< 0.25	< 0.25
0.028294	0.028294	NODE_2460_length_27664_cov_7.084854:75	NODE_2460_length_27664_cov_7.084854	75	110	426870	426945	1.00083206880576e-16	15.9996387873652	2.60425438606626e-17	71.6235829748359	Historical	0	< 0.25	= 0.00
0.028294	0.028294	NODE_2460_length_27664_cov_7.084854:75	NODE_2460_length_27664_cov_7.084854	75	110	426870	426945	1.00083206880576e-16	15.9996387873652	2.60425438606626e-17	71.6235829748359	Modern	0.028294	< 0.25	< 0.25
0.010448	0.010448	NODE_2460_length_27664_cov_7.084854:77	NODE_2460_length_27664_cov_7.084854	77	110	426870	426947	0.000210563370176102	3.67661717690176	0.000126178049934587	14.6980328377289	Historical	0	< 0.25	= 0.00
0.010448	0.010448	NODE_2460_length_27664_cov_7.084854:77	NODE_2460_length_27664_cov_7.084854	77	110	426870	426947	0.000210563370176102	3.67661717690176	0.000126178049934587	14.6980328377289	Modern	0.010448	< 0.25	< 0.25
0.011801	-0.011801	NODE_2460_length_27664_cov_7.084854:84	NODE_2460_length_27664_cov_7.084854	84	110	426870	426954	0.999165688808028	0.000362487981788934	0.954294787057787	0.00328493506690183	Historical	0.39117	0.25–0.75	0.25–0.75
0.011801	-0.011801	NODE_2460_length_27664_cov_7.084854:84	NODE_2460_length_27664_cov_7.084854	84	110	426870	426954	0.999165688808028	0.000362487981788934	0.954294787057787	0.00328493506690183	Modern	0.379369	0.25–0.75	0.25–0.75
0	0	NODE_2460_length_27664_cov_7.084854:95	NODE_2460_length_27664_cov_7.084854	95	110	426870	426965	0.999165688808028	0.000362487981788934	0.98809748846266	0.000222550880224227	Historical	0	< 0.25	= 0.00
0	0	NODE_2460_length_27664_cov_7.084854:95	NODE_2460_length_27664_cov_7.084854	95	110	426870	426965	0.999165688808028	0.000362487981788934	0.98809748846266	0.000222550880224227	Modern	0	< 0.25	= 0.00
0	0	NODE_2460_length_27664_cov_7.084854:96	NODE_2460_length_27664_cov_7.084854	96	110	426870	426966	0.999165688808028	0.000362487981788934	0.988005368639037	0.000226009349253016	Historical	0	< 0.25	= 0.00
0	0	NODE_2460_length_27664_cov_7.084854:96	NODE_2460_length_27664_cov_7.084854	96	110	426870	426966	0.999165688808028	0.000362487981788934	0.988005368639037	0.000226009349253016	Modern	0	< 0.25	= 0.00
0	0	NODE_2460_length_27664_cov_7.084854:99	NODE_2460_length_27664_cov_7.084854	99	110	426870	426969	0.999165688808028	0.000362487981788934	0.987569449869288	0.000242736851750382	Historical	0	< 0.25	= 0.00
0	0	NODE_2460_length_27664_cov_7.084854:99	NODE_2460_length_27664_cov_7.084854	99	110	426870	426969	0.999165688808028	0.000362487981788934	0.987569449869288	0.000242736851750382	Modern	0	< 0.25	= 0.00
0.812638	0.812638	NODE_2460_length_27664_cov_7.084854:100	NODE_2460_length_27664_cov_7.084854	100	110	426870	426970	0	Inf	0	3495.41502890931	Historical	0	< 0.25	= 0.00
0.812638	0.812638	NODE_2460_length_27664_cov_7.084854:100	NODE_2460_length_27664_cov_7.084854	100	110	426870	426970	0	Inf	0	3495.41502890931	Modern	0.812638	> 0.75	> 0.75
0.011687	0.011687	NODE_2460_length_27664_cov_7.084854:110	NODE_2460_length_27664_cov_7.084854	110	110	426870	426980	0.00122793640220554	2.91082412577339	0.00079122017938885	11.2617163646422	Historical	0	< 0.25	= 0.00
0.011687	0.011687	NODE_2460_length_27664_cov_7.084854:110	NODE_2460_length_27664_cov_7.084854	110	110	426870	426980	0.00122793640220554	2.91082412577339	0.00079122017938885	11.2617163646422	Modern	0.011687	< 0.25	< 0.25
0.033426	0.033426	NODE_2461_length_27662_cov_15.922831:15539	NODE_2461_length_27662_cov_15.922831	15539	15620	498015	513554	2.68827691071758e-18	17.5705259980429	6.57389652905771e-19	78.8878153933385	Historical	0	< 0.25	= 0.00
0.033426	0.033426	NODE_2461_length_27662_cov_15.922831:15539	NODE_2461_length_27662_cov_15.922831	15539	15620	498015	513554	2.68827691071758e-18	17.5705259980429	6.57389652905771e-19	78.8878153933385	Modern	0.033426	< 0.25	< 0.25
0.096748	0.096748	NODE_2461_length_27662_cov_15.922831:15559	NODE_2461_length_27662_cov_15.922831	15559	15620	498015	513574	2.16996872035743e-52	51.6635465263699	1.97831906129452e-53	236.782441156402	Historical	0	< 0.25	= 0.00
0.096748	0.096748	NODE_2461_length_27662_cov_15.922831:15559	NODE_2461_length_27662_cov_15.922831	15559	15620	498015	513574	2.16996872035743e-52	51.6635465263699	1.97831906129452e-53	236.782441156402	Modern	0.096748	< 0.25	< 0.25
0.250052	0.250052	NODE_2461_length_27662_cov_15.922831:15579	NODE_2461_length_27662_cov_15.922831	15579	15620	498015	513594	2.08436090116351e-107	106.681027082007	6.82910266762972e-109	491.468134950096	Historical	0	< 0.25	= 0.00
0.250052	0.250052	NODE_2461_length_27662_cov_15.922831:15579	NODE_2461_length_27662_cov_15.922831	15579	15620	498015	513594	2.08436090116351e-107	106.681027082007	6.82910266762972e-109	491.468134950096	Modern	0.250052	0.25–0.75	0.25–0.75
0.00662699999999999	-0.00662699999999999	NODE_2461_length_27662_cov_15.922831:15587	NODE_2461_length_27662_cov_15.922831	15587	15620	498015	513602	0.999165688808028	0.000362487981788934	0.974986318460076	0.00098314466115261	Historical	0.499823	0.25–0.75	0.25–0.75
0.00662699999999999	-0.00662699999999999	NODE_2461_length_27662_cov_15.922831:15587	NODE_2461_length_27662_cov_15.922831	15587	15620	498015	513602	0.999165688808028	0.000362487981788934	0.974986318460076	0.00098314466115261	Modern	0.493196	0.25–0.75	0.25–0.75
0.128903	-0.128903	NODE_2461_length_27662_cov_15.922831:15613	NODE_2461_length_27662_cov_15.922831	15613	15620	498015	513628	0.620146150504235	0.207505947795891	0.542407031922508	0.371096786115406	Historical	0.5	0.25–0.75	0.25–0.75
0.128903	-0.128903	NODE_2461_length_27662_cov_15.922831:15613	NODE_2461_length_27662_cov_15.922831	15613	15620	498015	513628	0.620146150504235	0.207505947795891	0.542407031922508	0.371096786115406	Modern	0.371097	0.25–0.75	0.25–0.75
0.160699	0.160699	NODE_2461_length_27662_cov_15.922831:15620	NODE_2461_length_27662_cov_15.922831	15620	15620	498015	513635	3.82456064805875e-33	32.4174184478523	5.75681730975605e-34	147.61549660589	Historical	0	< 0.25	= 0.00
0.160699	0.160699	NODE_2461_length_27662_cov_15.922831:15620	NODE_2461_length_27662_cov_15.922831	15620	15620	498015	513635	3.82456064805875e-33	32.4174184478523	5.75681730975605e-34	147.61549660589	Modern	0.160699	< 0.25	< 0.25
0.480486	-0.480486	NODE_2470_length_27622_cov_28.836101:3465	NODE_2470_length_27622_cov_28.836101	3465	3610	569160	572625	0.0272631190832787	1.56442445946371	0.0219166479620089	5.25239001316173	Historical	0.563693	0.25–0.75	0.25–0.75
0.480486	-0.480486	NODE_2470_length_27622_cov_28.836101:3465	NODE_2470_length_27622_cov_28.836101	3465	3610	569160	572625	0.0272631190832787	1.56442445946371	0.0219166479620089	5.25239001316173	Modern	0.083207	< 0.25	< 0.25
0.035478	0.035478	NODE_2470_length_27622_cov_28.836101:3472	NODE_2470_length_27622_cov_28.836101	3472	3610	569160	572632	7.6493959170713e-12	11.1163728603028	2.57885617337161e-12	48.9853182110619	Historical	0	< 0.25	= 0.00
0.035478	0.035478	NODE_2470_length_27622_cov_28.836101:3472	NODE_2470_length_27622_cov_28.836101	3472	3610	569160	572632	7.6493959170713e-12	11.1163728603028	2.57885617337161e-12	48.9853182110619	Modern	0.035478	< 0.25	< 0.25
0.011391	0.011391	NODE_2470_length_27622_cov_28.836101:3477	NODE_2470_length_27622_cov_28.836101	3477	3610	569160	572637	0.000698921492942713	3.15557160407776	0.000440393552295812	12.3525117872794	Historical	0	< 0.25	= 0.00
0.011391	0.011391	NODE_2470_length_27622_cov_28.836101:3477	NODE_2470_length_27622_cov_28.836101	3477	3610	569160	572637	0.000698921492942713	3.15557160407776	0.000440393552295812	12.3525117872794	Modern	0.011391	< 0.25	< 0.25
0.022953	0.022953	NODE_2470_length_27622_cov_28.836101:3479	NODE_2470_length_27622_cov_28.836101	3479	3610	569160	572639	9.61292070776779e-10	9.0171446399537	3.70640627478986e-10	39.2617005604903	Historical	0	< 0.25	= 0.00
0.022953	0.022953	NODE_2470_length_27622_cov_28.836101:3479	NODE_2470_length_27622_cov_28.836101	3479	3610	569160	572639	9.61292070776779e-10	9.0171446399537	3.70640627478986e-10	39.2617005604903	Modern	0.022953	< 0.25	< 0.25
0.022966	0.022966	NODE_2470_length_27622_cov_28.836101:3480	NODE_2470_length_27622_cov_28.836101	3480	3610	569160	572640	3.22503147885591e-10	9.49146604195067	1.19139339532284e-10	41.479075453154	Historical	0	< 0.25	= 0.00
0.022966	0.022966	NODE_2470_length_27622_cov_28.836101:3480	NODE_2470_length_27622_cov_28.836101	3480	3610	569160	572640	3.22503147885591e-10	9.49146604195067	1.19139339532284e-10	41.479075453154	Modern	0.022966	< 0.25	< 0.25
0.03368	0.03368	NODE_2470_length_27622_cov_28.836101:3481	NODE_2470_length_27622_cov_28.836101	3481	3610	569160	572641	3.59621837084949e-17	16.4441539447543	9.20399668512762e-18	73.6762435941522	Historical	0	< 0.25	= 0.00
0.03368	0.03368	NODE_2470_length_27622_cov_28.836101:3481	NODE_2470_length_27622_cov_28.836101	3481	3610	569160	572641	3.59621837084949e-17	16.4441539447543	9.20399668512762e-18	73.6762435941522	Modern	0.03368	< 0.25	< 0.25
0.018189	0.018189	NODE_2470_length_27622_cov_28.836101:3486	NODE_2470_length_27622_cov_28.836101	3486	3610	569160	572646	5.63843357603537e-09	8.24884153143716	2.29446228616444e-09	35.7060848984025	Historical	0	< 0.25	= 0.00
0.018189	0.018189	NODE_2470_length_27622_cov_28.836101:3486	NODE_2470_length_27622_cov_28.836101	3486	3610	569160	572646	5.63843357603537e-09	8.24884153143716	2.29446228616444e-09	35.7060848984025	Modern	0.018189	< 0.25	< 0.25
0.088387	0.088387	NODE_2470_length_27622_cov_28.836101:3488	NODE_2470_length_27622_cov_28.836101	3488	3610	569160	572648	2.90503196928926e-67	66.5368490839244	1.91737627602662e-68	305.669081048741	Historical	0	< 0.25	= 0.00
0.088387	0.088387	NODE_2470_length_27622_cov_28.836101:3488	NODE_2470_length_27622_cov_28.836101	3488	3610	569160	572648	2.90503196928926e-67	66.5368490839244	1.91737627602662e-68	305.669081048741	Modern	0.088387	< 0.25	< 0.25
0.028934	0.028934	NODE_2470_length_27622_cov_28.836101:3489	NODE_2470_length_27622_cov_28.836101	3489	3610	569160	572649	1.75988624837108e-17	16.7545154022434	4.44567656283673e-18	75.112831464674	Historical	0	< 0.25	= 0.00
0.028934	0.028934	NODE_2470_length_27622_cov_28.836101:3489	NODE_2470_length_27622_cov_28.836101	3489	3610	569160	572649	1.75988624837108e-17	16.7545154022434	4.44567656283673e-18	75.112831464674	Modern	0.028934	< 0.25	< 0.25
0.013942	0.013942	NODE_2470_length_27622_cov_28.836101:3491	NODE_2470_length_27622_cov_28.836101	3491	3610	569160	572651	4.40701977175196e-07	6.35585500105724	2.10097238881242e-07	26.9379099978157	Historical	0	< 0.25	= 0.00
0.013942	0.013942	NODE_2470_length_27622_cov_28.836101:3491	NODE_2470_length_27622_cov_28.836101	3491	3610	569160	572651	4.40701977175196e-07	6.35585500105724	2.10097238881242e-07	26.9379099978157	Modern	0.013942	< 0.25	< 0.25
0.030131	0.030131	NODE_2470_length_27622_cov_28.836101:3492	NODE_2470_length_27622_cov_28.836101	3492	3610	569160	572652	1.05335838406681e-19	18.9774238436842	2.42082363669674e-20	85.4133363324213	Historical	0	< 0.25	= 0.00
0.030131	0.030131	NODE_2470_length_27622_cov_28.836101:3492	NODE_2470_length_27622_cov_28.836101	3492	3610	569160	572652	1.05335838406681e-19	18.9774238436842	2.42082363669674e-20	85.4133363324213	Modern	0.030131	< 0.25	< 0.25
0	0	NODE_2470_length_27622_cov_28.836101:3494	NODE_2470_length_27622_cov_28.836101	3494	3610	569160	572654	0.999165688808028	0.000362487981788934	0.99170572553742	0.00010806680851769	Historical	0	< 0.25	= 0.00
0	0	NODE_2470_length_27622_cov_28.836101:3494	NODE_2470_length_27622_cov_28.836101	3494	3610	569160	572654	0.999165688808028	0.000362487981788934	0.99170572553742	0.00010806680851769	Modern	0	< 0.25	= 0.00
0	0	NODE_2470_length_27622_cov_28.836101:3502	NODE_2470_length_27622_cov_28.836101	3502	3610	569160	572662	0.999165688808028	0.000362487981788934	0.992317088604594	9.2722460829676e-05	Historical	0	< 0.25	= 0.00
0	0	NODE_2470_length_27622_cov_28.836101:3502	NODE_2470_length_27622_cov_28.836101	3502	3610	569160	572662	0.999165688808028	0.000362487981788934	0.992317088604594	9.2722460829676e-05	Modern	0	< 0.25	= 0.00
0.006615	0.006615	NODE_2470_length_27622_cov_28.836101:3508	NODE_2470_length_27622_cov_28.836101	3508	3610	569160	572668	0.00147881430299438	2.83008635761104	0.000961299516049052	10.9006609791738	Historical	0	< 0.25	= 0.00
0.006615	0.006615	NODE_2470_length_27622_cov_28.836101:3508	NODE_2470_length_27622_cov_28.836101	3508	3610	569160	572668	0.00147881430299438	2.83008635761104	0.000961299516049052	10.9006609791738	Modern	0.006615	< 0.25	< 0.25
0.009429	0.009429	NODE_2470_length_27622_cov_28.836101:3509	NODE_2470_length_27622_cov_28.836101	3509	3610	569160	572669	1.4227264093399e-05	4.84687860682907	7.63381216787318e-06	20.0274575632018	Historical	0	< 0.25	= 0.00
0.009429	0.009429	NODE_2470_length_27622_cov_28.836101:3509	NODE_2470_length_27622_cov_28.836101	3509	3610	569160	572669	1.4227264093399e-05	4.84687860682907	7.63381216787318e-06	20.0274575632018	Modern	0.009429	< 0.25	< 0.25
0	0	NODE_2470_length_27622_cov_28.836101:3524	NODE_2470_length_27622_cov_28.836101	3524	3610	569160	572684	0.999165688808028	0.000362487981788934	0.993143163070541	7.38547123146434e-05	Historical	0	< 0.25	= 0.00
0	0	NODE_2470_length_27622_cov_28.836101:3524	NODE_2470_length_27622_cov_28.836101	3524	3610	569160	572684	0.999165688808028	0.000362487981788934	0.993143163070541	7.38547123146434e-05	Modern	0	< 0.25	= 0.00
0.005473	0.005473	NODE_2470_length_27622_cov_28.836101:3540	NODE_2470_length_27622_cov_28.836101	3540	3610	569160	572700	0.00251558406990332	2.59936116413231	0.00168900089023898	9.86011999680349	Historical	0	< 0.25	= 0.00
0.005473	0.005473	NODE_2470_length_27622_cov_28.836101:3540	NODE_2470_length_27622_cov_28.836101	3540	3610	569160	572700	0.00251558406990332	2.59936116413231	0.00168900089023898	9.86011999680349	Modern	0.005473	< 0.25	< 0.25
0.018812	0.018812	NODE_2470_length_27622_cov_28.836101:3557	NODE_2470_length_27622_cov_28.836101	3557	3610	569160	572717	1.69440855349216e-15	14.7709818648823	4.65037105374391e-16	65.9392535168835	Historical	0	< 0.25	= 0.00
0.018812	0.018812	NODE_2470_length_27622_cov_28.836101:3557	NODE_2470_length_27622_cov_28.836101	3557	3610	569160	572717	1.69440855349216e-15	14.7709818648823	4.65037105374391e-16	65.9392535168835	Modern	0.018812	< 0.25	< 0.25
0	0	NODE_2470_length_27622_cov_28.836101:3563	NODE_2470_length_27622_cov_28.836101	3563	3610	569160	572723	0.999165688808028	0.000362487981788934	0.99307274558021	7.53794676660475e-05	Historical	0	< 0.25	= 0.00
0	0	NODE_2470_length_27622_cov_28.836101:3563	NODE_2470_length_27622_cov_28.836101	3563	3610	569160	572723	0.999165688808028	0.000362487981788934	0.99307274558021	7.53794676660475e-05	Modern	0	< 0.25	= 0.00
0.010435	0.010435	NODE_2470_length_27622_cov_28.836101:3584	NODE_2470_length_27622_cov_28.836101	3584	3610	569160	572744	7.42841894908769e-05	4.12910361083612	4.24682640774054e-05	16.7577581262965	Historical	0	< 0.25	= 0.00
0.010435	0.010435	NODE_2470_length_27622_cov_28.836101:3584	NODE_2470_length_27622_cov_28.836101	3584	3610	569160	572744	7.42841894908769e-05	4.12910361083612	4.24682640774054e-05	16.7577581262965	Modern	0.010435	< 0.25	< 0.25
0.035341	0.035341	NODE_2470_length_27622_cov_28.836101:3586	NODE_2470_length_27622_cov_28.836101	3586	3610	569160	572746	1.24106026370782e-19	18.9062071294116	2.85809225022932e-20	85.0850091903287	Historical	0	< 0.25	= 0.00
0.035341	0.035341	NODE_2470_length_27622_cov_28.836101:3586	NODE_2470_length_27622_cov_28.836101	3586	3610	569160	572746	1.24106026370782e-19	18.9062071294116	2.85809225022932e-20	85.0850091903287	Modern	0.035341	< 0.25	< 0.25
0.074157	0.074157	NODE_2470_length_27622_cov_28.836101:3596	NODE_2470_length_27622_cov_28.836101	3596	3610	569160	572756	9.83173877671499e-33	32.007369668907	1.48923298659643e-33	145.727277667544	Historical	0	< 0.25	= 0.00
0.074157	0.074157	NODE_2470_length_27622_cov_28.836101:3596	NODE_2470_length_27622_cov_28.836101	3596	3610	569160	572756	9.83173877671499e-33	32.007369668907	1.48923298659643e-33	145.727277667544	Modern	0.074157	< 0.25	< 0.25
0.024822	0.024822	NODE_2470_length_27622_cov_28.836101:3600	NODE_2470_length_27622_cov_28.836101	3600	3610	569160	572760	8.45672659719822e-08	7.07279770975963	3.76256069400509e-08	30.2681384865151	Historical	0	< 0.25	= 0.00
0.024822	0.024822	NODE_2470_length_27622_cov_28.836101:3600	NODE_2470_length_27622_cov_28.836101	3600	3610	569160	572760	8.45672659719822e-08	7.07279770975963	3.76256069400509e-08	30.2681384865151	Modern	0.024822	< 0.25	< 0.25
0.412873	0.412873	NODE_2470_length_27622_cov_28.836101:3610	NODE_2470_length_27622_cov_28.836101	3610	3610	569160	572770	3.77289326786144e-10	9.42332548046941	1.39915937426391e-10	41.164853547275	Historical	0.021793	< 0.25	< 0.25
0.412873	0.412873	NODE_2470_length_27622_cov_28.836101:3610	NODE_2470_length_27622_cov_28.836101	3610	3610	569160	572770	3.77289326786144e-10	9.42332548046941	1.39915937426391e-10	41.164853547275	Modern	0.434666	0.25–0.75	0.25–0.75
0.020635	0.020635	NODE_2473_length_27609_cov_7.727953:27567	NODE_2473_length_27609_cov_7.727953	27567	27570	640305	667872	4.42757693828493e-09	8.35383388330959	1.7933158254307e-09	36.1862480776194	Historical	0	< 0.25	= 0.00
0.020635	0.020635	NODE_2473_length_27609_cov_7.727953:27567	NODE_2473_length_27609_cov_7.727953	27567	27570	640305	667872	4.42757693828493e-09	8.35383388330959	1.7933158254307e-09	36.1862480776194	Modern	0.020635	< 0.25	< 0.25
0.300694	0.300694	NODE_2473_length_27609_cov_7.727953:27568	NODE_2473_length_27609_cov_7.727953	27568	27570	640305	667873	0.00907947625077861	2.04193920301605	0.00671691547897107	7.34714996232084	Historical	0.074268	< 0.25	< 0.25
0.300694	0.300694	NODE_2473_length_27609_cov_7.727953:27568	NODE_2473_length_27609_cov_7.727953	27568	27570	640305	667873	0.00907947625077861	2.04193920301605	0.00671691547897107	7.34714996232084	Modern	0.374962	0.25–0.75	0.25–0.75
0.298453	0.298453	NODE_2473_length_27609_cov_7.727953:27570	NODE_2473_length_27609_cov_7.727953	27570	27570	640305	667875	7.5391741975234e-234	233.122676221915	6.44373863036188e-236	1075.65981881978	Historical	0	< 0.25	= 0.00
0.298453	0.298453	NODE_2473_length_27609_cov_7.727953:27570	NODE_2473_length_27609_cov_7.727953	27570	27570	640305	667875	7.5391741975234e-234	233.122676221915	6.44373863036188e-236	1075.65981881978	Modern	0.298453	0.25–0.75	0.25–0.75
0.014677	0.014677	NODE_2477_length_27599_cov_17.219927:23078	NODE_2477_length_27599_cov_17.219927	23078	23266	711450	734528	0.189259653704979	0.722941958888	0.15996305014001	1.97457535538135	Historical	0	< 0.25	= 0.00
0.014677	0.014677	NODE_2477_length_27599_cov_17.219927:23078	NODE_2477_length_27599_cov_17.219927	23078	23266	711450	734528	0.189259653704979	0.722941958888	0.15996305014001	1.97457535538135	Modern	0.014677	< 0.25	< 0.25
0.057459	0.057459	NODE_2477_length_27599_cov_17.219927:23082	NODE_2477_length_27599_cov_17.219927	23082	23266	711450	734532	0.751393290548855	0.124132687221288	0.664694064716295	0.187871524539367	Historical	0.110454	< 0.25	< 0.25
0.057459	0.057459	NODE_2477_length_27599_cov_17.219927:23082	NODE_2477_length_27599_cov_17.219927	23082	23266	711450	734532	0.751393290548855	0.124132687221288	0.664694064716295	0.187871524539367	Modern	0.167913	< 0.25	< 0.25
0.010973	0.010973	NODE_2477_length_27599_cov_17.219927:23107	NODE_2477_length_27599_cov_17.219927	23107	23266	711450	734557	0.158841917879125	0.799034877845295	0.133575041103481	2.25045593706642	Historical	0	< 0.25	= 0.00
0.010973	0.010973	NODE_2477_length_27599_cov_17.219927:23107	NODE_2477_length_27599_cov_17.219927	23107	23266	711450	734557	0.158841917879125	0.799034877845295	0.133575041103481	2.25045593706642	Modern	0.010973	< 0.25	< 0.25
0.110031	-0.110031	NODE_2477_length_27599_cov_17.219927:23151	NODE_2477_length_27599_cov_17.219927	23151	23266	711450	734601	0.683550804736236	0.165229201071839	0.601433827719014	0.272838769110489	Historical	0.472689	0.25–0.75	0.25–0.75
0.110031	-0.110031	NODE_2477_length_27599_cov_17.219927:23151	NODE_2477_length_27599_cov_17.219927	23151	23266	711450	734601	0.683550804736236	0.165229201071839	0.601433827719014	0.272838769110489	Modern	0.362658	0.25–0.75	0.25–0.75
0.019061	0.019061	NODE_2477_length_27599_cov_17.219927:23163	NODE_2477_length_27599_cov_17.219927	23163	23266	711450	734613	5.92514922854436e-06	5.22730070720525	3.08636690584671e-06	21.7621028377785	Historical	0	< 0.25	= 0.00
0.019061	0.019061	NODE_2477_length_27599_cov_17.219927:23163	NODE_2477_length_27599_cov_17.219927	23163	23266	711450	734613	5.92514922854436e-06	5.22730070720525	3.08636690584671e-06	21.7621028377785	Modern	0.019061	< 0.25	< 0.25
0.011273	0.011273	NODE_2477_length_27599_cov_17.219927:23265	NODE_2477_length_27599_cov_17.219927	23265	23266	711450	734715	0.0161077222995845	1.79296586632545	0.0124823375085099	6.24103689283846	Historical	0	< 0.25	= 0.00
0.011273	0.011273	NODE_2477_length_27599_cov_17.219927:23265	NODE_2477_length_27599_cov_17.219927	23265	23266	711450	734715	0.0161077222995845	1.79296586632545	0.0124823375085099	6.24103689283846	Modern	0.011273	< 0.25	< 0.25
0.348995	0.348995	NODE_2477_length_27599_cov_17.219927:23266	NODE_2477_length_27599_cov_17.219927	23266	23266	711450	734716	4.36121885381083e-157	156.360392119101	7.04090413245814e-159	721.283208537111	Historical	0	< 0.25	= 0.00
0.348995	0.348995	NODE_2477_length_27599_cov_17.219927:23266	NODE_2477_length_27599_cov_17.219927	23266	23266	711450	734716	4.36121885381083e-157	156.360392119101	7.04090413245814e-159	721.283208537111	Modern	0.348995	0.25–0.75	0.25–0.75
0.163725	0.163725	NODE_2498_length_27484_cov_9.981340:56	NODE_2498_length_27484_cov_9.981340	56	81	782595	782651	7.84067139248468e-28	27.1056467473198	1.39240793009937e-28	123.002963080434	Historical	0	< 0.25	= 0.00
0.163725	0.163725	NODE_2498_length_27484_cov_9.981340:56	NODE_2498_length_27484_cov_9.981340	56	81	782595	782651	7.84067139248468e-28	27.1056467473198	1.39240793009937e-28	123.002963080434	Modern	0.163725	< 0.25	< 0.25
0.061857	0.061857	NODE_2498_length_27484_cov_9.981340:57	NODE_2498_length_27484_cov_9.981340	57	81	782595	782652	2.09768660741099e-09	8.67825939452117	8.25727539194546e-10	37.6983883513149	Historical	0	< 0.25	= 0.00
0.061857	0.061857	NODE_2498_length_27484_cov_9.981340:57	NODE_2498_length_27484_cov_9.981340	57	81	782595	782652	2.09768660741099e-09	8.67825939452117	8.25727539194546e-10	37.6983883513149	Modern	0.061857	< 0.25	< 0.25
0.030654	0.030654	NODE_2498_length_27484_cov_9.981340:59	NODE_2498_length_27484_cov_9.981340	59	81	782595	782654	0.000219950050744149	3.65767593349207	0.000132220685774973	14.6098634883409	Historical	0	< 0.25	= 0.00
0.030654	0.030654	NODE_2498_length_27484_cov_9.981340:59	NODE_2498_length_27484_cov_9.981340	59	81	782595	782654	0.000219950050744149	3.65767593349207	0.000132220685774973	14.6098634883409	Modern	0.030654	< 0.25	< 0.25
0.046351	0.046351	NODE_2498_length_27484_cov_9.981340:63	NODE_2498_length_27484_cov_9.981340	63	81	782595	782658	7.36273320373546e-07	6.13296093634861	3.57298828785263e-07	25.9122269424686	Historical	0	< 0.25	= 0.00
0.046351	0.046351	NODE_2498_length_27484_cov_9.981340:63	NODE_2498_length_27484_cov_9.981340	63	81	782595	782658	7.36273320373546e-07	6.13296093634861	3.57298828785263e-07	25.9122269424686	Modern	0.046351	< 0.25	< 0.25
0.11374	0.11374	NODE_2498_length_27484_cov_9.981340:67	NODE_2498_length_27484_cov_9.981340	67	81	782595	782662	8.62246294870433e-19	18.0643686631488	2.06758964344525e-19	81.1733742731466	Historical	0	< 0.25	= 0.00
0.11374	0.11374	NODE_2498_length_27484_cov_9.981340:67	NODE_2498_length_27484_cov_9.981340	67	81	782595	782662	8.62246294870433e-19	18.0643686631488	2.06758964344525e-19	81.1733742731466	Modern	0.11374	< 0.25	< 0.25
0	0	NODE_2498_length_27484_cov_9.981340:72	NODE_2498_length_27484_cov_9.981340	72	81	782595	782667	0.999165688808028	0.000362487981788934	0.975877160171973	0.000914342906662702	Historical	0	< 0.25	= 0.00
0	0	NODE_2498_length_27484_cov_9.981340:72	NODE_2498_length_27484_cov_9.981340	72	81	782595	782667	0.999165688808028	0.000362487981788934	0.975877160171973	0.000914342906662702	Modern	0	< 0.25	= 0.00
0.015384	0.015384	NODE_2498_length_27484_cov_9.981340:74	NODE_2498_length_27484_cov_9.981340	74	81	782595	782669	0.0390570436175152	1.40830063327529	0.0318057121576631	4.60893867200474	Historical	0	< 0.25	= 0.00
0.015384	0.015384	NODE_2498_length_27484_cov_9.981340:74	NODE_2498_length_27484_cov_9.981340	74	81	782595	782669	0.0390570436175152	1.40830063327529	0.0318057121576631	4.60893867200474	Modern	0.015384	< 0.25	< 0.25
0.016136	0.016136	NODE_2498_length_27484_cov_9.981340:80	NODE_2498_length_27484_cov_9.981340	80	81	782595	782675	0.0473325551609611	1.3248400503101	0.0388073570566507	4.26928059558893	Historical	0	< 0.25	= 0.00
0.016136	0.016136	NODE_2498_length_27484_cov_9.981340:80	NODE_2498_length_27484_cov_9.981340	80	81	782595	782675	0.0473325551609611	1.3248400503101	0.0388073570566507	4.26928059558893	Modern	0.016136	< 0.25	< 0.25
0.015688	0.015688	NODE_2498_length_27484_cov_9.981340:81	NODE_2498_length_27484_cov_9.981340	81	81	782595	782676	0.0580315233976742	1.23633602853043	0.0478636069049193	3.91476850470898	Historical	0	< 0.25	= 0.00
0.015688	0.015688	NODE_2498_length_27484_cov_9.981340:81	NODE_2498_length_27484_cov_9.981340	81	81	782595	782676	0.0580315233976742	1.23633602853043	0.0478636069049193	3.91476850470898	Modern	0.015688	< 0.25	< 0.25
0.036685	0.036685	NODE_2500_length_27481_cov_6.632569:5284	NODE_2500_length_27481_cov_6.632569	5284	5284	853740	859024	8.26768817800523e-14	13.0826159114745	2.47324005324943e-14	58.1142835756214	Historical	0	< 0.25	= 0.00
0.036685	0.036685	NODE_2500_length_27481_cov_6.632569:5284	NODE_2500_length_27481_cov_6.632569	5284	5284	853740	859024	8.26768817800523e-14	13.0826159114745	2.47324005324943e-14	58.1142835756214	Modern	0.036685	< 0.25	< 0.25
0	0	NODE_2503_length_27474_cov_15.234849:1901	NODE_2503_length_27474_cov_15.234849	1901	2063	924885	926786	0.999165688808028	0.000362487981788934	0.987018061292175	0.000264750818630404	Historical	0	< 0.25	= 0.00
0	0	NODE_2503_length_27474_cov_15.234849:1901	NODE_2503_length_27474_cov_15.234849	1901	2063	924885	926786	0.999165688808028	0.000362487981788934	0.987018061292175	0.000264750818630404	Modern	0	< 0.25	= 0.00
0.076462	0.076462	NODE_2503_length_27474_cov_15.234849:1902	NODE_2503_length_27474_cov_15.234849	1902	2063	924885	926787	6.96775189576059e-30	29.1569073218667	1.14474936179163e-30	132.531514831435	Historical	0	< 0.25	= 0.00
0.076462	0.076462	NODE_2503_length_27474_cov_15.234849:1902	NODE_2503_length_27474_cov_15.234849	1902	2063	924885	926787	6.96775189576059e-30	29.1569073218667	1.14474936179163e-30	132.531514831435	Modern	0.076462	< 0.25	< 0.25
0.019336	0.019336	NODE_2503_length_27474_cov_15.234849:1926	NODE_2503_length_27474_cov_15.234849	1926	2063	924885	926811	1.03300158716181e-09	8.98589901120537	3.99270319064443e-10	39.1164273178462	Historical	0	< 0.25	= 0.00
0.019336	0.019336	NODE_2503_length_27474_cov_15.234849:1926	NODE_2503_length_27474_cov_15.234849	1926	2063	924885	926811	1.03300158716181e-09	8.98589901120537	3.99270319064443e-10	39.1164273178462	Modern	0.019336	< 0.25	< 0.25
0	0	NODE_2503_length_27474_cov_15.234849:1933	NODE_2503_length_27474_cov_15.234849	1933	2063	924885	926818	0.999165688808028	0.000362487981788934	0.991518955752184	0.000112988668757537	Historical	0	< 0.25	= 0.00
0	0	NODE_2503_length_27474_cov_15.234849:1933	NODE_2503_length_27474_cov_15.234849	1933	2063	924885	926818	0.999165688808028	0.000362487981788934	0.991518955752184	0.000112988668757537	Modern	0	< 0.25	= 0.00
0	0	NODE_2503_length_27474_cov_15.234849:1952	NODE_2503_length_27474_cov_15.234849	1952	2063	924885	926837	0.999165688808028	0.000362487981788934	0.99183749189116	0.00010466037331758	Historical	0	< 0.25	= 0.00
0	0	NODE_2503_length_27474_cov_15.234849:1952	NODE_2503_length_27474_cov_15.234849	1952	2063	924885	926837	0.999165688808028	0.000362487981788934	0.99183749189116	0.00010466037331758	Modern	0	< 0.25	= 0.00
0.097511	0.097511	NODE_2503_length_27474_cov_15.234849:2007	NODE_2503_length_27474_cov_15.234849	2007	2063	924885	926892	3.0417210917224e-30	29.5168806107561	4.93954707202783e-31	134.200178048826	Historical	0	< 0.25	= 0.00
0.097511	0.097511	NODE_2503_length_27474_cov_15.234849:2007	NODE_2503_length_27474_cov_15.234849	2007	2063	924885	926892	3.0417210917224e-30	29.5168806107561	4.93954707202783e-31	134.200178048826	Modern	0.097511	< 0.25	< 0.25
0.047755	0.047755	NODE_2503_length_27474_cov_15.234849:2008	NODE_2503_length_27474_cov_15.234849	2008	2063	924885	926893	1.85105358795346e-13	12.7325810082511	5.62523407545211e-14	56.4981127004108	Historical	0	< 0.25	= 0.00
0.047755	0.047755	NODE_2503_length_27474_cov_15.234849:2008	NODE_2503_length_27474_cov_15.234849	2008	2063	924885	926893	1.85105358795346e-13	12.7325810082511	5.62523407545211e-14	56.4981127004108	Modern	0.047755	< 0.25	< 0.25
0.012834	0.012834	NODE_2503_length_27474_cov_15.234849:2009	NODE_2503_length_27474_cov_15.234849	2009	2063	924885	926894	0.00375175887440533	2.42576508150841	0.00257421252303689	9.08708207047787	Historical	0	< 0.25	= 0.00
0.012834	0.012834	NODE_2503_length_27474_cov_15.234849:2009	NODE_2503_length_27474_cov_15.234849	2009	2063	924885	926894	0.00375175887440533	2.42576508150841	0.00257421252303689	9.08708207047787	Modern	0.012834	< 0.25	< 0.25
0.029956	0.029956	NODE_2503_length_27474_cov_15.234849:2010	NODE_2503_length_27474_cov_15.234849	2010	2063	924885	926895	2.10352906551373e-07	6.67705148274134	9.7885018243279e-08	28.415371413565	Historical	0	< 0.25	= 0.00
0.029956	0.029956	NODE_2503_length_27474_cov_15.234849:2010	NODE_2503_length_27474_cov_15.234849	2010	2063	924885	926895	2.10352906551373e-07	6.67705148274134	9.7885018243279e-08	28.415371413565	Modern	0.029956	< 0.25	< 0.25
0.04293	0.04293	NODE_2503_length_27474_cov_15.234849:2011	NODE_2503_length_27474_cov_15.234849	2011	2063	924885	926896	7.71117120955718e-11	10.1128796542165	2.75346664272887e-11	44.3447697666069	Historical	0	< 0.25	= 0.00
0.04293	0.04293	NODE_2503_length_27474_cov_15.234849:2011	NODE_2503_length_27474_cov_15.234849	2011	2063	924885	926896	7.71117120955718e-11	10.1128796542165	2.75346664272887e-11	44.3447697666069	Modern	0.04293	< 0.25	< 0.25
0.028037	0.028037	NODE_2503_length_27474_cov_15.234849:2013	NODE_2503_length_27474_cov_15.234849	2013	2063	924885	926898	2.80988093275322e-06	5.55131208270838	1.42495386333354e-06	23.2466913031555	Historical	0	< 0.25	= 0.00
0.028037	0.028037	NODE_2503_length_27474_cov_15.234849:2013	NODE_2503_length_27474_cov_15.234849	2013	2063	924885	926898	2.80988093275322e-06	5.55131208270838	1.42495386333354e-06	23.2466913031555	Modern	0.028037	< 0.25	< 0.25
0.079868	0.079868	NODE_2503_length_27474_cov_15.234849:2041	NODE_2503_length_27474_cov_15.234849	2041	2063	924885	926926	3.10042198547558e-16	15.5085791921363	8.22951514663272e-17	69.3537704100177	Historical	0	< 0.25	= 0.00
0.079868	0.079868	NODE_2503_length_27474_cov_15.234849:2041	NODE_2503_length_27474_cov_15.234849	2041	2063	924885	926926	3.10042198547558e-16	15.5085791921363	8.22951514663272e-17	69.3537704100177	Modern	0.079868	< 0.25	< 0.25
0.015158	0.015158	NODE_2503_length_27474_cov_15.234849:2056	NODE_2503_length_27474_cov_15.234849	2056	2063	924885	926941	0.00560455086009677	2.25145918535219	0.00396789426989757	8.29844938688857	Historical	0	< 0.25	= 0.00
0.015158	0.015158	NODE_2503_length_27474_cov_15.234849:2056	NODE_2503_length_27474_cov_15.234849	2056	2063	924885	926941	0.00560455086009677	2.25145918535219	0.00396789426989757	8.29844938688857	Modern	0.015158	< 0.25	< 0.25
0.015326	0.015326	NODE_2503_length_27474_cov_15.234849:2063	NODE_2503_length_27474_cov_15.234849	2063	2063	924885	926948	0.00387613773454077	2.41160079914237	0.00267059632137638	9.01987516189145	Historical	0	< 0.25	= 0.00
0.015326	0.015326	NODE_2503_length_27474_cov_15.234849:2063	NODE_2503_length_27474_cov_15.234849	2063	2063	924885	926948	0.00387613773454077	2.41160079914237	0.00267059632137638	9.01987516189145	Modern	0.015326	< 0.25	< 0.25
0.008681	0.008681	NODE_2513_length_27425_cov_6.951951:123	NODE_2513_length_27425_cov_6.951951	123	131	996030	996153	1.16845009360998e-08	7.93238983229414	4.90460533120236e-09	34.2269091185707	Historical	0	< 0.25	= 0.00
0.008681	0.008681	NODE_2513_length_27425_cov_6.951951:123	NODE_2513_length_27425_cov_6.951951	123	131	996030	996153	1.16845009360998e-08	7.93238983229414	4.90460533120236e-09	34.2269091185707	Modern	0.008681	< 0.25	< 0.25
0	0	NODE_2513_length_27425_cov_6.951951:131	NODE_2513_length_27425_cov_6.951951	131	131	996030	996161	0.999165688808028	0.000362487981788934	0.992728821125476	8.30503672016307e-05	Historical	0	< 0.25	= 0.00
0	0	NODE_2513_length_27425_cov_6.951951:131	NODE_2513_length_27425_cov_6.951951	131	131	996030	996161	0.999165688808028	0.000362487981788934	0.992728821125476	8.30503672016307e-05	Modern	0	< 0.25	= 0.00
0.211665	0.211665	NODE_2520_length_27392_cov_6.512146:12	NODE_2520_length_27392_cov_6.512146	12	172	1067175	1067187	1.19494162166388e-33	32.9226533114594	1.79297983117657e-34	149.933132466829	Historical	0	< 0.25	= 0.00
0.211665	0.211665	NODE_2520_length_27392_cov_6.512146:12	NODE_2520_length_27392_cov_6.512146	12	172	1067175	1067187	1.19494162166388e-33	32.9226533114594	1.79297983117657e-34	149.933132466829	Modern	0.211665	< 0.25	< 0.25
0.045387	0.045387	NODE_2520_length_27392_cov_6.512146:20	NODE_2520_length_27392_cov_6.512146	20	172	1067175	1067195	1.41157834659834e-09	8.85029501227366	5.48947134788244e-10	38.4949796084188	Historical	0	< 0.25	= 0.00
0.045387	0.045387	NODE_2520_length_27392_cov_6.512146:20	NODE_2520_length_27392_cov_6.512146	20	172	1067175	1067195	1.41157834659834e-09	8.85029501227366	5.48947134788244e-10	38.4949796084188	Modern	0.045387	< 0.25	< 0.25
0.13052	0.13052	NODE_2520_length_27392_cov_6.512146:29	NODE_2520_length_27392_cov_6.512146	29	172	1067175	1067204	0.0364387777277804	1.43843619906959	0.0295697393811856	4.73413352259361	Historical	0.020012	< 0.25	< 0.25
0.13052	0.13052	NODE_2520_length_27392_cov_6.512146:29	NODE_2520_length_27392_cov_6.512146	29	172	1067175	1067204	0.0364387777277804	1.43843619906959	0.0295697393811856	4.73413352259361	Modern	0.150532	< 0.25	< 0.25
0.03775	0.03775	NODE_2520_length_27392_cov_6.512146:153	NODE_2520_length_27392_cov_6.512146	153	172	1067175	1067328	6.85596833552648e-07	6.16393119688093	3.32055446450001e-07	26.0536793821691	Historical	0	< 0.25	= 0.00
0.03775	0.03775	NODE_2520_length_27392_cov_6.512146:153	NODE_2520_length_27392_cov_6.512146	153	172	1067175	1067328	6.85596833552648e-07	6.16393119688093	3.32055446450001e-07	26.0536793821691	Modern	0.03775	< 0.25	< 0.25
0.213219	0.213219	NODE_2520_length_27392_cov_6.512146:154	NODE_2520_length_27392_cov_6.512146	154	172	1067175	1067329	4.80456355386281e-43	42.3183460574768	5.42965871709093e-44	193.516584899135	Historical	0	< 0.25	= 0.00
0.213219	0.213219	NODE_2520_length_27392_cov_6.512146:154	NODE_2520_length_27392_cov_6.512146	154	172	1067175	1067329	4.80456355386281e-43	42.3183460574768	5.42965871709093e-44	193.516584899135	Modern	0.213219	< 0.25	< 0.25
0.036538	0.036538	NODE_2520_length_27392_cov_6.512146:155	NODE_2520_length_27392_cov_6.512146	155	172	1067175	1067330	0.958159733911953	0.0185620840594731	0.863071707137215	0.0297442937554456	Historical	0.5	0.25–0.75	0.25–0.75
0.036538	0.036538	NODE_2520_length_27392_cov_6.512146:155	NODE_2520_length_27392_cov_6.512146	155	172	1067175	1067330	0.958159733911953	0.0185620840594731	0.863071707137215	0.0297442937554456	Modern	0.536538	0.25–0.75	0.25–0.75
0.158704	0.158704	NODE_2520_length_27392_cov_6.512146:168	NODE_2520_length_27392_cov_6.512146	168	172	1067175	1067343	9.16797456185303e-27	26.0377266004009	1.70212633128421e-27	118.036661371545	Historical	0	< 0.25	= 0.00
0.158704	0.158704	NODE_2520_length_27392_cov_6.512146:168	NODE_2520_length_27392_cov_6.512146	168	172	1067175	1067343	9.16797456185303e-27	26.0377266004009	1.70212633128421e-27	118.036661371545	Modern	0.158704	< 0.25	< 0.25
0.058278	0.058278	NODE_2520_length_27392_cov_6.512146:172	NODE_2520_length_27392_cov_6.512146	172	172	1067175	1067347	9.65805420625613e-09	8.01511036143186	4.01731029661936e-09	34.6153254294088	Historical	0	< 0.25	= 0.00
0.058278	0.058278	NODE_2520_length_27392_cov_6.512146:172	NODE_2520_length_27392_cov_6.512146	172	172	1067175	1067347	9.65805420625613e-09	8.01511036143186	4.01731029661936e-09	34.6153254294088	Modern	0.058278	< 0.25	< 0.25
0.013443	0.013443	NODE_253_length_59905_cov_11.416146:208	NODE_253_length_59905_cov_11.416146	208	293	1138320	1138528	0.00697188706757918	2.15664965631885	0.00504187274640223	7.86435790232644	Historical	0	< 0.25	= 0.00
0.013443	0.013443	NODE_253_length_59905_cov_11.416146:208	NODE_253_length_59905_cov_11.416146	208	293	1138320	1138528	0.00697188706757918	2.15664965631885	0.00504187274640223	7.86435790232644	Modern	0.013443	< 0.25	< 0.25
0.054058	0.054058	NODE_253_length_59905_cov_11.416146:235	NODE_253_length_59905_cov_11.416146	235	293	1138320	1138555	8.81367444958329e-13	12.0548429950515	2.81652559571204e-13	53.3321945601055	Historical	0	< 0.25	= 0.00
0.054058	0.054058	NODE_253_length_59905_cov_11.416146:235	NODE_253_length_59905_cov_11.416146	235	293	1138320	1138555	8.81367444958329e-13	12.0548429950515	2.81652559571204e-13	53.3321945601055	Modern	0.054058	< 0.25	< 0.25
0.292686	0.292686	NODE_253_length_59905_cov_11.416146:247	NODE_253_length_59905_cov_11.416146	247	293	1138320	1138567	0.0144174680913902	1.84111100109262	0.0110903600703001	6.45078066883896	Historical	0.079525	< 0.25	< 0.25
0.292686	0.292686	NODE_253_length_59905_cov_11.416146:247	NODE_253_length_59905_cov_11.416146	247	293	1138320	1138567	0.0144174680913902	1.84111100109262	0.0110903600703001	6.45078066883896	Modern	0.372211	0.25–0.75	0.25–0.75
0.017672	0.017672	NODE_253_length_59905_cov_11.416146:249	NODE_253_length_59905_cov_11.416146	249	293	1138320	1138569	0.999165688808028	0.000362487981788934	0.933442440145359	0.00697467343093037	Historical	0.5	0.25–0.75	0.25–0.75
0.017672	0.017672	NODE_253_length_59905_cov_11.416146:249	NODE_253_length_59905_cov_11.416146	249	293	1138320	1138569	0.999165688808028	0.000362487981788934	0.933442440145359	0.00697467343093037	Modern	0.517672	0.25–0.75	0.25–0.75
0.07264	0.07264	NODE_253_length_59905_cov_11.416146:250	NODE_253_length_59905_cov_11.416146	250	293	1138320	1138570	3.7010724190929e-16	15.4316724169571	9.87655602815864e-17	68.9939579009013	Historical	0	< 0.25	= 0.00
0.07264	0.07264	NODE_253_length_59905_cov_11.416146:250	NODE_253_length_59905_cov_11.416146	250	293	1138320	1138570	3.7010724190929e-16	15.4316724169571	9.87655602815864e-17	68.9939579009013	Modern	0.07264	< 0.25	< 0.25
0.174276	0.174276	NODE_253_length_59905_cov_11.416146:253	NODE_253_length_59905_cov_11.416146	253	293	1138320	1138573	2.05702734591148e-43	42.6867599348004	2.29535340118328e-44	195.229837967697	Historical	0	< 0.25	= 0.00
0.174276	0.174276	NODE_253_length_59905_cov_11.416146:253	NODE_253_length_59905_cov_11.416146	253	293	1138320	1138573	2.05702734591148e-43	42.6867599348004	2.29535340118328e-44	195.229837967697	Modern	0.174276	< 0.25	< 0.25
0.013945	0.013945	NODE_253_length_59905_cov_11.416146:255	NODE_253_length_59905_cov_11.416146	255	293	1138320	1138575	0.0163699492371141	1.78595266732449	0.0127088637239703	6.20919183349874	Historical	0	< 0.25	= 0.00
0.013945	0.013945	NODE_253_length_59905_cov_11.416146:255	NODE_253_length_59905_cov_11.416146	255	293	1138320	1138575	0.0163699492371141	1.78595266732449	0.0127088637239703	6.20919183349874	Modern	0.013945	< 0.25	< 0.25
0.013801	0.013801	NODE_253_length_59905_cov_11.416146:257	NODE_253_length_59905_cov_11.416146	257	293	1138320	1138577	0.016550349474217	1.7811928313069	0.0128646353700348	6.1876301124897	Historical	0	< 0.25	= 0.00
0.013801	0.013801	NODE_253_length_59905_cov_11.416146:257	NODE_253_length_59905_cov_11.416146	257	293	1138320	1138577	0.016550349474217	1.7811928313069	0.0128646353700348	6.1876301124897	Modern	0.013801	< 0.25	< 0.25
0.014343	0.014343	NODE_253_length_59905_cov_11.416146:266	NODE_253_length_59905_cov_11.416146	266	293	1138320	1138586	0.0165033849392795	1.78242697035086	0.0128202933336473	6.19374044610164	Historical	0	< 0.25	= 0.00
0.014343	0.014343	NODE_253_length_59905_cov_11.416146:266	NODE_253_length_59905_cov_11.416146	266	293	1138320	1138586	0.0165033849392795	1.78242697035086	0.0128202933336473	6.19374044610164	Modern	0.014343	< 0.25	< 0.25
0.013991	0.013991	NODE_253_length_59905_cov_11.416146:287	NODE_253_length_59905_cov_11.416146	287	293	1138320	1138607	0.0241094016881077	1.61781356717449	0.0191524354340951	5.48754343307472	Historical	0	< 0.25	= 0.00
0.013991	0.013991	NODE_253_length_59905_cov_11.416146:287	NODE_253_length_59905_cov_11.416146	287	293	1138320	1138607	0.0241094016881077	1.61781356717449	0.0191524354340951	5.48754343307472	Modern	0.013991	< 0.25	< 0.25
0.058615	0.058615	NODE_253_length_59905_cov_11.416146:293	NODE_253_length_59905_cov_11.416146	293	293	1138320	1138613	3.52681444995487e-12	11.4526173884982	1.16723156297177e-12	50.5406296776177	Historical	0	< 0.25	= 0.00
0.058615	0.058615	NODE_253_length_59905_cov_11.416146:293	NODE_253_length_59905_cov_11.416146	293	293	1138320	1138613	3.52681444995487e-12	11.4526173884982	1.16723156297177e-12	50.5406296776177	Modern	0.058615	< 0.25	< 0.25
0.1059	0.1059	NODE_2547_length_27266_cov_19.768506:6028	NODE_2547_length_27266_cov_19.768506	6028	6035	1209465	1215493	2.54883216521268e-47	46.5936587608908	2.65049498661717e-48	213.275239773813	Historical	0	< 0.25	= 0.00
0.1059	0.1059	NODE_2547_length_27266_cov_19.768506:6028	NODE_2547_length_27266_cov_19.768506	6028	6035	1209465	1215493	2.54883216521268e-47	46.5936587608908	2.65049498661717e-48	213.275239773813	Modern	0.1059	< 0.25	< 0.25
0.059033	0.059033	NODE_2547_length_27266_cov_19.768506:6029	NODE_2547_length_27266_cov_19.768506	6029	6035	1209465	1215494	4.99972892572014e-24	23.301053541515	9.92348856102098e-25	105.411448602499	Historical	0	< 0.25	= 0.00
0.059033	0.059033	NODE_2547_length_27266_cov_19.768506:6029	NODE_2547_length_27266_cov_19.768506	6029	6035	1209465	1215494	4.99972892572014e-24	23.301053541515	9.92348856102098e-25	105.411448602499	Modern	0.059033	< 0.25	< 0.25
0.023242	0.023242	NODE_2547_length_27266_cov_19.768506:6031	NODE_2547_length_27266_cov_19.768506	6031	6035	1209465	1215496	9.34943706489433e-08	7.02921453746652	4.1908207926212e-08	30.059077964165	Historical	0	< 0.25	= 0.00
0.023242	0.023242	NODE_2547_length_27266_cov_19.768506:6031	NODE_2547_length_27266_cov_19.768506	6031	6035	1209465	1215496	9.34943706489433e-08	7.02921453746652	4.1908207926212e-08	30.059077964165	Modern	0.023242	< 0.25	< 0.25
0.200712	0.200712	NODE_2547_length_27266_cov_19.768506:6035	NODE_2547_length_27266_cov_19.768506	6035	6035	1209465	1215500	6.78708561409111e-114	113.168316672469	1.93364262509718e-115	521.563529990466	Historical	0	< 0.25	= 0.00
0.200712	0.200712	NODE_2547_length_27266_cov_19.768506:6035	NODE_2547_length_27266_cov_19.768506	6035	6035	1209465	1215500	6.78708561409111e-114	113.168316672469	1.93364262509718e-115	521.563529990466	Modern	0.200712	< 0.25	< 0.25
0.036602	0.036602	NODE_2552_length_27263_cov_15.121006:10032	NODE_2552_length_27263_cov_15.121006	10032	10102	1280610	1290642	0.000111139800758032	3.95413038611609	6.49634827792678e-05	15.9521636353682	Historical	0	< 0.25	= 0.00
0.036602	0.036602	NODE_2552_length_27263_cov_15.121006:10032	NODE_2552_length_27263_cov_15.121006	10032	10102	1280610	1290642	0.000111139800758032	3.95413038611609	6.49634827792678e-05	15.9521636353682	Modern	0.036602	< 0.25	< 0.25
0.013663	0.013663	NODE_2552_length_27263_cov_15.121006:10049	NODE_2552_length_27263_cov_15.121006	10049	10102	1280610	1290659	0.00705128981420286	2.15173143507158	0.00510933915312135	7.84032600272379	Historical	0	< 0.25	= 0.00
0.013663	0.013663	NODE_2552_length_27263_cov_15.121006:10049	NODE_2552_length_27263_cov_15.121006	10049	10102	1280610	1290659	0.00705128981420286	2.15173143507158	0.00510933915312135	7.84032600272379	Modern	0.013663	< 0.25	< 0.25
1e-06	1e-06	NODE_2552_length_27263_cov_15.121006:10058	NODE_2552_length_27263_cov_15.121006	10058	10102	1280610	1290668	0.999165688808028	0.000362487981788934	0.986589217786185	0.000282532880113788	Historical	0	< 0.25	= 0.00
1e-06	1e-06	NODE_2552_length_27263_cov_15.121006:10058	NODE_2552_length_27263_cov_15.121006	10058	10102	1280610	1290668	0.999165688808028	0.000362487981788934	0.986589217786185	0.000282532880113788	Modern	1e-06	< 0.25	< 0.25
0.013296	0.013296	NODE_2552_length_27263_cov_15.121006:10067	NODE_2552_length_27263_cov_15.121006	10067	10102	1280610	1290677	0.00219346421476738	2.65886944649078	0.00145397722878218	10.1360458672297	Historical	0	< 0.25	= 0.00
0.013296	0.013296	NODE_2552_length_27263_cov_15.121006:10067	NODE_2552_length_27263_cov_15.121006	10067	10102	1280610	1290677	0.00219346421476738	2.65886944649078	0.00145397722878218	10.1360458672297	Modern	0.013296	< 0.25	< 0.25
0.013515	0.013515	NODE_2552_length_27263_cov_15.121006:10072	NODE_2552_length_27263_cov_15.121006	10072	10102	1280610	1290682	0.00175089558455886	2.75673975248996	0.00114564772816814	10.5760081717296	Historical	0	< 0.25	= 0.00
0.013515	0.013515	NODE_2552_length_27263_cov_15.121006:10072	NODE_2552_length_27263_cov_15.121006	10072	10102	1280610	1290682	0.00175089558455886	2.75673975248996	0.00114564772816814	10.5760081717296	Modern	0.013515	< 0.25	< 0.25
0.012962	0.012962	NODE_2552_length_27263_cov_15.121006:10081	NODE_2552_length_27263_cov_15.121006	10081	10102	1280610	1290691	0.00191830331024582	2.71708272378075	0.00126247311870879	10.3966036059345	Historical	0	< 0.25	= 0.00
0.012962	0.012962	NODE_2552_length_27263_cov_15.121006:10081	NODE_2552_length_27263_cov_15.121006	10081	10102	1280610	1290691	0.00191830331024582	2.71708272378075	0.00126247311870879	10.3966036059345	Modern	0.012962	< 0.25	< 0.25
0.027132	0.027132	NODE_2552_length_27263_cov_15.121006:10091	NODE_2552_length_27263_cov_15.121006	10091	10102	1280610	1290701	3.09588126208408e-07	6.5092157043879	1.4567988275049e-07	27.645908439714	Historical	0	< 0.25	= 0.00
0.027132	0.027132	NODE_2552_length_27263_cov_15.121006:10091	NODE_2552_length_27263_cov_15.121006	10091	10102	1280610	1290701	3.09588126208408e-07	6.5092157043879	1.4567988275049e-07	27.645908439714	Modern	0.027132	< 0.25	< 0.25
0.014373	0.014373	NODE_2552_length_27263_cov_15.121006:10100	NODE_2552_length_27263_cov_15.121006	10100	10102	1280610	1290710	0.00163004179467598	2.78780126003503	0.00106424856015169	10.712313785026	Historical	0	< 0.25	= 0.00
0.014373	0.014373	NODE_2552_length_27263_cov_15.121006:10100	NODE_2552_length_27263_cov_15.121006	10100	10102	1280610	1290710	0.00163004179467598	2.78780126003503	0.00106424856015169	10.712313785026	Modern	0.014373	< 0.25	< 0.25
0.014173	0.014173	NODE_2552_length_27263_cov_15.121006:10102	NODE_2552_length_27263_cov_15.121006	10102	10102	1280610	1290712	0.00223362769963768	2.65098921325589	0.00148378212335855	10.0986471289796	Historical	0	< 0.25	= 0.00
0.014173	0.014173	NODE_2552_length_27263_cov_15.121006:10102	NODE_2552_length_27263_cov_15.121006	10102	10102	1280610	1290712	0.00223362769963768	2.65098921325589	0.00148378212335855	10.0986471289796	Modern	0.014173	< 0.25	< 0.25
0.071514	0.071514	NODE_2583_length_27148_cov_7.373175:21988	NODE_2583_length_27148_cov_7.373175	21988	22027	1351755	1373743	3.63255671416493e-17	16.43978759645	9.31424798503829e-18	73.6527396205288	Historical	0	< 0.25	= 0.00
0.071514	0.071514	NODE_2583_length_27148_cov_7.373175:21988	NODE_2583_length_27148_cov_7.373175	21988	22027	1351755	1373743	3.63255671416493e-17	16.43978759645	9.31424798503829e-18	73.6527396205288	Modern	0.071514	< 0.25	< 0.25
0.030284	0.030284	NODE_2583_length_27148_cov_7.373175:22006	NODE_2583_length_27148_cov_7.373175	22006	22027	1351755	1373761	7.51430616623493e-07	6.12411111382447	3.65011168473805e-07	25.8710038856657	Historical	0	< 0.25	= 0.00
0.030284	0.030284	NODE_2583_length_27148_cov_7.373175:22006	NODE_2583_length_27148_cov_7.373175	22006	22027	1351755	1373761	7.51430616623493e-07	6.12411111382447	3.65011168473805e-07	25.8710038856657	Modern	0.030284	< 0.25	< 0.25
1.3e-05	1.3e-05	NODE_2583_length_27148_cov_7.373175:22009	NODE_2583_length_27148_cov_7.373175	22009	22027	1351755	1373764	0.999165688808028	0.000362487981788934	0.989079482990603	0.000187341242549269	Historical	0	< 0.25	= 0.00
1.3e-05	1.3e-05	NODE_2583_length_27148_cov_7.373175:22009	NODE_2583_length_27148_cov_7.373175	22009	22027	1351755	1373764	0.999165688808028	0.000362487981788934	0.989079482990603	0.000187341242549269	Modern	1.3e-05	< 0.25	< 0.25
0.013727	0.013727	NODE_2583_length_27148_cov_7.373175:22010	NODE_2583_length_27148_cov_7.373175	22010	22027	1351755	1373765	0.00512955191407688	2.28992057051063	0.00360968468027632	8.47041802767759	Historical	0	< 0.25	= 0.00
0.013727	0.013727	NODE_2583_length_27148_cov_7.373175:22010	NODE_2583_length_27148_cov_7.373175	22010	22027	1351755	1373765	0.00512955191407688	2.28992057051063	0.00360968468027632	8.47041802767759	Modern	0.013727	< 0.25	< 0.25
0.01317	0.01317	NODE_2583_length_27148_cov_7.373175:22017	NODE_2583_length_27148_cov_7.373175	22017	22027	1351755	1373772	0.00747047030765627	2.12665205607076	0.0054485481446154	7.72420051763647	Historical	0	< 0.25	= 0.00
0.01317	0.01317	NODE_2583_length_27148_cov_7.373175:22017	NODE_2583_length_27148_cov_7.373175	22017	22027	1351755	1373772	0.00747047030765627	2.12665205607076	0.0054485481446154	7.72420051763647	Modern	0.01317	< 0.25	< 0.25
0.072547	0.072547	NODE_2583_length_27148_cov_7.373175:22027	NODE_2583_length_27148_cov_7.373175	22027	22027	1351755	1373782	3.96614134285632e-15	14.4016318127407	1.11677199255166e-15	64.2128639300514	Historical	0	< 0.25	= 0.00
0.072547	0.072547	NODE_2583_length_27148_cov_7.373175:22027	NODE_2583_length_27148_cov_7.373175	22027	22027	1351755	1373782	3.96614134285632e-15	14.4016318127407	1.11677199255166e-15	64.2128639300514	Modern	0.072547	< 0.25	< 0.25
0.012643	0.012643	NODE_2586_length_27123_cov_39.049253:24107	NODE_2586_length_27123_cov_39.049253	24107	24183	1422900	1447007	0.00870790055269885	2.06008653939906	0.00642548787221938	7.42692977263834	Historical	0	< 0.25	= 0.00
0.012643	0.012643	NODE_2586_length_27123_cov_39.049253:24107	NODE_2586_length_27123_cov_39.049253	24107	24183	1422900	1447007	0.00870790055269885	2.06008653939906	0.00642548787221938	7.42692977263834	Modern	0.012643	< 0.25	< 0.25
0.069536	-0.069536	NODE_2586_length_27123_cov_39.049253:24118	NODE_2586_length_27123_cov_39.049253	24118	24183	1422900	1447018	0.831910039851814	0.0799236344163467	0.741845705053042	0.10851103984249	Historical	0.5	0.25–0.75	0.25–0.75
0.069536	-0.069536	NODE_2586_length_27123_cov_39.049253:24118	NODE_2586_length_27123_cov_39.049253	24118	24183	1422900	1447018	0.831910039851814	0.0799236344163467	0.741845705053042	0.10851103984249	Modern	0.430464	0.25–0.75	0.25–0.75
0.036265	0.036265	NODE_2586_length_27123_cov_39.049253:24119	NODE_2586_length_27123_cov_39.049253	24119	24183	1422900	1447019	1.49630539291208e-13	12.8249797587972	4.51165206314897e-14	56.9319108696687	Historical	0	< 0.25	= 0.00
0.036265	0.036265	NODE_2586_length_27123_cov_39.049253:24119	NODE_2586_length_27123_cov_39.049253	24119	24183	1422900	1447019	1.49630539291208e-13	12.8249797587972	4.51165206314897e-14	56.9319108696687	Modern	0.036265	< 0.25	< 0.25
0.143632	0.143632	NODE_2586_length_27123_cov_39.049253:24126	NODE_2586_length_27123_cov_39.049253	24126	24183	1422900	1447026	2.00026686647893e-91	90.6989120588823	8.45316956869064e-93	417.52106482961	Historical	0	< 0.25	= 0.00
0.143632	0.143632	NODE_2586_length_27123_cov_39.049253:24126	NODE_2586_length_27123_cov_39.049253	24126	24183	1422900	1447026	2.00026686647893e-91	90.6989120588823	8.45316956869064e-93	417.52106482961	Modern	0.143632	< 0.25	< 0.25
0.036129	0.036129	NODE_2586_length_27123_cov_39.049253:24143	NODE_2586_length_27123_cov_39.049253	24143	24183	1422900	1447043	1.12446085461575e-17	16.9490556588769	2.81382179668804e-18	76.0159537375431	Historical	0	< 0.25	= 0.00
0.036129	0.036129	NODE_2586_length_27123_cov_39.049253:24143	NODE_2586_length_27123_cov_39.049253	24143	24183	1422900	1447043	1.12446085461575e-17	16.9490556588769	2.81382179668804e-18	76.0159537375431	Modern	0.036129	< 0.25	< 0.25
0	0	NODE_2586_length_27123_cov_39.049253:24144	NODE_2586_length_27123_cov_39.049253	24144	24183	1422900	1447044	0.999165688808028	0.000362487981788934	0.988102324371224	0.000222370061775572	Historical	0	< 0.25	= 0.00
0	0	NODE_2586_length_27123_cov_39.049253:24144	NODE_2586_length_27123_cov_39.049253	24144	24183	1422900	1447044	0.999165688808028	0.000362487981788934	0.988102324371224	0.000222370061775572	Modern	0	< 0.25	= 0.00
0	0	NODE_2586_length_27123_cov_39.049253:24158	NODE_2586_length_27123_cov_39.049253	24158	24183	1422900	1447058	0.999165688808028	0.000362487981788934	0.988266737347344	0.000216266259839853	Historical	0	< 0.25	= 0.00
0	0	NODE_2586_length_27123_cov_39.049253:24158	NODE_2586_length_27123_cov_39.049253	24158	24183	1422900	1447058	0.999165688808028	0.000362487981788934	0.988266737347344	0.000216266259839853	Modern	0	< 0.25	= 0.00
0.254581	0.254581	NODE_2586_length_27123_cov_39.049253:24161	NODE_2586_length_27123_cov_39.049253	24161	24183	1422900	1447061	2.75217364569077e-194	193.560324168189	3.26706273230149e-196	892.997174250281	Historical	0	< 0.25	= 0.00
0.254581	0.254581	NODE_2586_length_27123_cov_39.049253:24161	NODE_2586_length_27123_cov_39.049253	24161	24183	1422900	1447061	2.75217364569077e-194	193.560324168189	3.26706273230149e-196	892.997174250281	Modern	0.254581	0.25–0.75	0.25–0.75
0.021771	0.021771	NODE_2586_length_27123_cov_39.049253:24183	NODE_2586_length_27123_cov_39.049253	24183	24183	1422900	1447083	1.28244242672752e-07	6.89196212275867	5.82762299324899e-08	29.4198974327356	Historical	0	< 0.25	= 0.00
0.021771	0.021771	NODE_2586_length_27123_cov_39.049253:24183	NODE_2586_length_27123_cov_39.049253	24183	24183	1422900	1447083	1.28244242672752e-07	6.89196212275867	5.82762299324899e-08	29.4198974327356	Modern	0.021771	< 0.25	< 0.25
0.013822	0.013822	NODE_2590_length_27115_cov_11.406944:13889	NODE_2590_length_27115_cov_11.406944	13889	13980	0	13889	0.00327831553265301	2.48434924860103	0.00223224333989763	9.34803781926168	Historical	0	< 0.25	= 0.00
0.013822	0.013822	NODE_2590_length_27115_cov_11.406944:13889	NODE_2590_length_27115_cov_11.406944	13889	13980	0	13889	0.00327831553265301	2.48434924860103	0.00223224333989763	9.34803781926168	Modern	0.013822	< 0.25	< 0.25
0.012799	0.012799	NODE_2590_length_27115_cov_11.406944:13908	NODE_2590_length_27115_cov_11.406944	13908	13980	0	13908	0.000372894886093099	3.42841357254316	0.000229296712958482	13.5743554323389	Historical	0	< 0.25	= 0.00
0.012799	0.012799	NODE_2590_length_27115_cov_11.406944:13908	NODE_2590_length_27115_cov_11.406944	13908	13980	0	13908	0.000372894886093099	3.42841357254316	0.000229296712958482	13.5743554323389	Modern	0.012799	< 0.25	< 0.25
0.012027	0.012027	NODE_2590_length_27115_cov_11.406944:13916	NODE_2590_length_27115_cov_11.406944	13916	13980	0	13916	0.000390004701372491	3.40893015767139	0.000240002893152302	13.4887119010107	Historical	0	< 0.25	= 0.00
0.012027	0.012027	NODE_2590_length_27115_cov_11.406944:13916	NODE_2590_length_27115_cov_11.406944	13916	13980	0	13916	0.000390004701372491	3.40893015767139	0.000240002893152302	13.4887119010107	Modern	0.012027	< 0.25	< 0.25
1e-05	1e-05	NODE_2590_length_27115_cov_11.406944:13935	NODE_2590_length_27115_cov_11.406944	13935	13980	0	13935	0.999165688808028	0.000362487981788934	0.992990868984452	7.71719376319349e-05	Historical	0	< 0.25	= 0.00
1e-05	1e-05	NODE_2590_length_27115_cov_11.406944:13935	NODE_2590_length_27115_cov_11.406944	13935	13980	0	13935	0.999165688808028	0.000362487981788934	0.992990868984452	7.71719376319349e-05	Modern	1e-05	< 0.25	< 0.25
0.086243	0.086243	NODE_2590_length_27115_cov_11.406944:13939	NODE_2590_length_27115_cov_11.406944	13939	13980	0	13939	1.21459439600458e-52	51.9155687269924	1.10155522144765e-53	237.948617710677	Historical	0	< 0.25	= 0.00
0.086243	0.086243	NODE_2590_length_27115_cov_11.406944:13939	NODE_2590_length_27115_cov_11.406944	13939	13980	0	13939	1.21459439600458e-52	51.9155687269924	1.10155522144765e-53	237.948617710677	Modern	0.086243	< 0.25	< 0.25
0.024427	0.024427	NODE_2590_length_27115_cov_11.406944:13962	NODE_2590_length_27115_cov_11.406944	13962	13980	0	13962	7.13962596981038e-09	8.14632453941462	2.94263786410038e-09	35.2214547503834	Historical	0	< 0.25	= 0.00
0.024427	0.024427	NODE_2590_length_27115_cov_11.406944:13962	NODE_2590_length_27115_cov_11.406944	13962	13980	0	13962	7.13962596981038e-09	8.14632453941462	2.94263786410038e-09	35.2214547503834	Modern	0.024427	< 0.25	< 0.25
0.026217	0.026217	NODE_2590_length_27115_cov_11.406944:13969	NODE_2590_length_27115_cov_11.406944	13969	13980	0	13969	1.53005957796048e-08	7.81529165815252	6.47460410368092e-09	33.6865732886986	Historical	0	< 0.25	= 0.00
0.026217	0.026217	NODE_2590_length_27115_cov_11.406944:13969	NODE_2590_length_27115_cov_11.406944	13969	13980	0	13969	1.53005957796048e-08	7.81529165815252	6.47460410368092e-09	33.6865732886986	Modern	0.026217	< 0.25	< 0.25
2e-06	2e-06	NODE_2590_length_27115_cov_11.406944:13978	NODE_2590_length_27115_cov_11.406944	13978	13980	0	13978	0.999165688808028	0.000362487981788934	0.986445342968508	0.000288628176748886	Historical	0	< 0.25	= 0.00
2e-06	2e-06	NODE_2590_length_27115_cov_11.406944:13978	NODE_2590_length_27115_cov_11.406944	13978	13980	0	13978	0.999165688808028	0.000362487981788934	0.986445342968508	0.000288628176748886	Modern	2e-06	< 0.25	< 0.25
0.065849	0.065849	NODE_2590_length_27115_cov_11.406944:13979	NODE_2590_length_27115_cov_11.406944	13979	13980	0	13979	1.95957280029698e-21	20.7078385973658	4.2615590813676e-22	93.4050783514999	Historical	0	< 0.25	= 0.00
0.065849	0.065849	NODE_2590_length_27115_cov_11.406944:13979	NODE_2590_length_27115_cov_11.406944	13979	13980	0	13979	1.95957280029698e-21	20.7078385973658	4.2615590813676e-22	93.4050783514999	Modern	0.065849	< 0.25	< 0.25
0.025615	0.025615	NODE_2590_length_27115_cov_11.406944:13980	NODE_2590_length_27115_cov_11.406944	13980	13980	0	13980	6.13483806603957e-07	6.2121968963361	2.95381092068572e-07	26.2796743045904	Historical	0	< 0.25	= 0.00
0.025615	0.025615	NODE_2590_length_27115_cov_11.406944:13980	NODE_2590_length_27115_cov_11.406944	13980	13980	0	13980	6.13483806603957e-07	6.2121968963361	2.95381092068572e-07	26.2796743045904	Modern	0.025615	< 0.25	< 0.25
0.067024	0.067024	NODE_2605_length_27036_cov_15.337900:12620	NODE_2605_length_27036_cov_15.337900	12620	12743	25773	38393	4.09674375106818e-27	26.3875612000638	7.48929888015789e-28	119.66515691788	Historical	0	< 0.25	= 0.00
0.067024	0.067024	NODE_2605_length_27036_cov_15.337900:12620	NODE_2605_length_27036_cov_15.337900	12620	12743	25773	38393	4.09674375106818e-27	26.3875612000638	7.48929888015789e-28	119.66515691788	Modern	0.067024	< 0.25	< 0.25
0.171708	0.171708	NODE_2605_length_27036_cov_15.337900:12682	NODE_2605_length_27036_cov_15.337900	12682	12743	25773	38455	5.68849524700469e-95	94.2450026004502	2.24190458452701e-96	433.952585795524	Historical	0	< 0.25	= 0.00
0.171708	0.171708	NODE_2605_length_27036_cov_15.337900:12682	NODE_2605_length_27036_cov_15.337900	12682	12743	25773	38455	5.68849524700469e-95	94.2450026004502	2.24190458452701e-96	433.952585795524	Modern	0.171708	< 0.25	< 0.25
0.087486	0.087486	NODE_2605_length_27036_cov_15.337900:12689	NODE_2605_length_27036_cov_15.337900	12689	12743	25773	38462	1.92518798487128e-41	40.715526857425	2.23965363862043e-42	186.115947466673	Historical	0	< 0.25	= 0.00
0.087486	0.087486	NODE_2605_length_27036_cov_15.337900:12689	NODE_2605_length_27036_cov_15.337900	12689	12743	25773	38462	1.92518798487128e-41	40.715526857425	2.23965363862043e-42	186.115947466673	Modern	0.087486	< 0.25	< 0.25
1e-06	1e-06	NODE_2605_length_27036_cov_15.337900:12708	NODE_2605_length_27036_cov_15.337900	12708	12743	25773	38481	0.999165688808028	0.000362487981788934	0.989875021747634	0.000161039119635345	Historical	0	< 0.25	= 0.00
1e-06	1e-06	NODE_2605_length_27036_cov_15.337900:12708	NODE_2605_length_27036_cov_15.337900	12708	12743	25773	38481	0.999165688808028	0.000362487981788934	0.989875021747634	0.000161039119635345	Modern	1e-06	< 0.25	< 0.25
0.048872	0.048872	NODE_2605_length_27036_cov_15.337900:12714	NODE_2605_length_27036_cov_15.337900	12714	12743	25773	38487	1.54714496708344e-22	21.8104689911134	3.24709437536031e-23	98.5019214601563	Historical	0	< 0.25	= 0.00
0.048872	0.048872	NODE_2605_length_27036_cov_15.337900:12714	NODE_2605_length_27036_cov_15.337900	12714	12743	25773	38487	1.54714496708344e-22	21.8104689911134	3.24709437536031e-23	98.5019214601563	Modern	0.048872	< 0.25	< 0.25
0.06695	0.06695	NODE_2605_length_27036_cov_15.337900:12718	NODE_2605_length_27036_cov_15.337900	12718	12743	25773	38491	1.5550060570813e-31	30.8082679149639	2.44400287224079e-32	140.169712432753	Historical	0	< 0.25	= 0.00
0.06695	0.06695	NODE_2605_length_27036_cov_15.337900:12718	NODE_2605_length_27036_cov_15.337900	12718	12743	25773	38491	1.5550060570813e-31	30.8082679149639	2.44400287224079e-32	140.169712432753	Modern	0.06695	< 0.25	< 0.25
0.103997	0.103997	NODE_2605_length_27036_cov_15.337900:12739	NODE_2605_length_27036_cov_15.337900	12739	12743	25773	38512	2.30391960325696e-40	39.6375326799672	2.71306771893507e-41	181.153995495611	Historical	0	< 0.25	= 0.00
0.103997	0.103997	NODE_2605_length_27036_cov_15.337900:12739	NODE_2605_length_27036_cov_15.337900	12739	12743	25773	38512	2.30391960325696e-40	39.6375326799672	2.71306771893507e-41	181.153995495611	Modern	0.103997	< 0.25	< 0.25
0.098393	0.098393	NODE_2605_length_27036_cov_15.337900:12743	NODE_2605_length_27036_cov_15.337900	12743	12743	25773	38516	2.90041758976266e-35	34.5375394697309	4.09033249838324e-36	157.445703666444	Historical	0	< 0.25	= 0.00
0.098393	0.098393	NODE_2605_length_27036_cov_15.337900:12743	NODE_2605_length_27036_cov_15.337900	12743	12743	25773	38516	2.90041758976266e-35	34.5375394697309	4.09033249838324e-36	157.445703666444	Modern	0.098393	< 0.25	< 0.25
0.013327	0.013327	NODE_2626_length_26940_cov_36.254648:1283	NODE_2626_length_26940_cov_36.254648	1283	1397	51546	52829	0.00212172063006112	2.67331180083538	0.00140440577317436	10.2000010036634	Historical	0	< 0.25	= 0.00
0.013327	0.013327	NODE_2626_length_26940_cov_36.254648:1283	NODE_2626_length_26940_cov_36.254648	1283	1397	51546	52829	0.00212172063006112	2.67331180083538	0.00140440577317436	10.2000010036634	Modern	0.013327	< 0.25	< 0.25
0.012759	0.012759	NODE_2626_length_26940_cov_36.254648:1330	NODE_2626_length_26940_cov_36.254648	1330	1397	51546	52876	0.00183567954091162	2.73620313237279	0.00120461022105407	10.4832598575944	Historical	0	< 0.25	= 0.00
0.012759	0.012759	NODE_2626_length_26940_cov_36.254648:1330	NODE_2626_length_26940_cov_36.254648	1330	1397	51546	52876	0.00183567954091162	2.73620313237279	0.00120461022105407	10.4832598575944	Modern	0.012759	< 0.25	< 0.25
0.048606	0.048606	NODE_2626_length_26940_cov_36.254648:1331	NODE_2626_length_26940_cov_36.254648	1331	1397	51546	52877	6.09366908086221e-15	14.2151211340086	1.74476849751183e-15	63.3338861632663	Historical	0	< 0.25	= 0.00
0.048606	0.048606	NODE_2626_length_26940_cov_36.254648:1331	NODE_2626_length_26940_cov_36.254648	1331	1397	51546	52877	6.09366908086221e-15	14.2151211340086	1.74476849751183e-15	63.3338861632663	Modern	0.048606	< 0.25	< 0.25
0	0	NODE_2626_length_26940_cov_36.254648:1333	NODE_2626_length_26940_cov_36.254648	1333	1397	51546	52879	0.999165688808028	0.000362487981788934	0.987333625609903	0.000252035086062173	Historical	0	< 0.25	= 0.00
0	0	NODE_2626_length_26940_cov_36.254648:1333	NODE_2626_length_26940_cov_36.254648	1333	1397	51546	52879	0.999165688808028	0.000362487981788934	0.987333625609903	0.000252035086062173	Modern	0	< 0.25	= 0.00
0.266454	-0.266454	NODE_2626_length_26940_cov_36.254648:1334	NODE_2626_length_26940_cov_36.254648	1334	1397	51546	52880	0.244452745190309	0.611805081270636	0.206960704973562	1.59256040161796	Historical	0.519368	0.25–0.75	0.25–0.75
0.266454	-0.266454	NODE_2626_length_26940_cov_36.254648:1334	NODE_2626_length_26940_cov_36.254648	1334	1397	51546	52880	0.244452745190309	0.611805081270636	0.206960704973562	1.59256040161796	Modern	0.252914	0.25–0.75	0.25–0.75
0.04816	0.04816	NODE_2626_length_26940_cov_36.254648:1338	NODE_2626_length_26940_cov_36.254648	1338	1397	51546	52884	1.71472119896892e-15	14.7658064829637	4.72240406173776e-16	65.9089580942351	Historical	0	< 0.25	= 0.00
0.04816	0.04816	NODE_2626_length_26940_cov_36.254648:1338	NODE_2626_length_26940_cov_36.254648	1338	1397	51546	52884	1.71472119896892e-15	14.7658064829637	4.72240406173776e-16	65.9089580942351	Modern	0.04816	< 0.25	< 0.25
0.071804	0.071804	NODE_2626_length_26940_cov_36.254648:1346	NODE_2626_length_26940_cov_36.254648	1346	1397	51546	52892	9.04020066755563e-25	24.0438219292763	1.75567050001437e-25	108.844083016844	Historical	0	< 0.25	= 0.00
0.071804	0.071804	NODE_2626_length_26940_cov_36.254648:1346	NODE_2626_length_26940_cov_36.254648	1346	1397	51546	52892	9.04020066755563e-25	24.0438219292763	1.75567050001437e-25	108.844083016844	Modern	0.071804	< 0.25	< 0.25
0.120485	0.120485	NODE_2626_length_26940_cov_36.254648:1384	NODE_2626_length_26940_cov_36.254648	1384	1397	51546	52930	2.20137756726471e-41	40.6573054634363	2.57140969395593e-42	185.841143520288	Historical	0	< 0.25	= 0.00
0.120485	0.120485	NODE_2626_length_26940_cov_36.254648:1384	NODE_2626_length_26940_cov_36.254648	1384	1397	51546	52930	2.20137756726471e-41	40.6573054634363	2.57140969395593e-42	185.841143520288	Modern	0.120485	< 0.25	< 0.25
0.022402	0.022402	NODE_2626_length_26940_cov_36.254648:1385	NODE_2626_length_26940_cov_36.254648	1385	1397	51546	52931	3.72133481485051e-06	5.42930125400412	1.91014384371007e-06	22.6833649611449	Historical	0	< 0.25	= 0.00
0.022402	0.022402	NODE_2626_length_26940_cov_36.254648:1385	NODE_2626_length_26940_cov_36.254648	1385	1397	51546	52931	3.72133481485051e-06	5.42930125400412	1.91014384371007e-06	22.6833649611449	Modern	0.022402	< 0.25	< 0.25
0.02099	0.02099	NODE_2626_length_26940_cov_36.254648:1387	NODE_2626_length_26940_cov_36.254648	1387	1397	51546	52933	1.3947650380284e-05	4.85549894743145	7.47053638602107e-06	20.0688038348232	Historical	0	< 0.25	= 0.00
0.02099	0.02099	NODE_2626_length_26940_cov_36.254648:1387	NODE_2626_length_26940_cov_36.254648	1387	1397	51546	52933	1.3947650380284e-05	4.85549894743145	7.47053638602107e-06	20.0688038348232	Modern	0.02099	< 0.25	< 0.25
0.012173	0.012173	NODE_2626_length_26940_cov_36.254648:1397	NODE_2626_length_26940_cov_36.254648	1397	1397	51546	52943	0.00968643912805841	2.01383584640143	0.00720780257222053	7.22044029685836	Historical	0	< 0.25	= 0.00
0.012173	0.012173	NODE_2626_length_26940_cov_36.254648:1397	NODE_2626_length_26940_cov_36.254648	1397	1397	51546	52943	0.00968643912805841	2.01383584640143	0.00720780257222053	7.22044029685836	Modern	0.012173	< 0.25	< 0.25
0.104372	0.104372	NODE_2634_length_26907_cov_11.219300:26751	NODE_2634_length_26907_cov_11.219300	26751	26893	77319	104070	3.07216509808577e-11	10.5125554490373	1.07948821110326e-11	46.1786150767222	Historical	0	< 0.25	= 0.00
0.104372	0.104372	NODE_2634_length_26907_cov_11.219300:26751	NODE_2634_length_26907_cov_11.219300	26751	26893	77319	104070	3.07216509808577e-11	10.5125554490373	1.07948821110326e-11	46.1786150767222	Modern	0.104372	< 0.25	< 0.25
0.039236	0.039236	NODE_2634_length_26907_cov_11.219300:26776	NODE_2634_length_26907_cov_11.219300	26776	26893	77319	104095	7.08784440255806e-05	4.14948582496019	4.04202332738473e-05	16.8515533889358	Historical	0	< 0.25	= 0.00
0.039236	0.039236	NODE_2634_length_26907_cov_11.219300:26776	NODE_2634_length_26907_cov_11.219300	26776	26893	77319	104095	7.08784440255806e-05	4.14948582496019	4.04202332738473e-05	16.8515533889358	Modern	0.039236	< 0.25	< 0.25
0.018803	0.018803	NODE_2634_length_26907_cov_11.219300:26778	NODE_2634_length_26907_cov_11.219300	26778	26893	77319	104097	0.0214524581076559	1.66852293744537	0.0169297176519108	5.70364515861388	Historical	0	< 0.25	= 0.00
0.018803	0.018803	NODE_2634_length_26907_cov_11.219300:26778	NODE_2634_length_26907_cov_11.219300	26778	26893	77319	104097	0.0214524581076559	1.66852293744537	0.0169297176519108	5.70364515861388	Modern	0.018803	< 0.25	< 0.25
0.067456	0.067456	NODE_2634_length_26907_cov_11.219300:26779	NODE_2634_length_26907_cov_11.219300	26779	26893	77319	104098	0.34913387450529	0.457008011979251	0.297410337541543	1.08577002961738	Historical	0.023399	< 0.25	< 0.25
0.067456	0.067456	NODE_2634_length_26907_cov_11.219300:26779	NODE_2634_length_26907_cov_11.219300	26779	26893	77319	104098	0.34913387450529	0.457008011979251	0.297410337541543	1.08577002961738	Modern	0.090855	< 0.25	< 0.25
0.017107	0.017107	NODE_2634_length_26907_cov_11.219300:26785	NODE_2634_length_26907_cov_11.219300	26785	26893	77319	104104	0.0162711554788949	1.78858160500478	0.012616712676655	6.22207550271057	Historical	0	< 0.25	= 0.00
0.017107	0.017107	NODE_2634_length_26907_cov_11.219300:26785	NODE_2634_length_26907_cov_11.219300	26785	26893	77319	104104	0.0162711554788949	1.78858160500478	0.012616712676655	6.22207550271057	Modern	0.017107	< 0.25	< 0.25
0.050601	0.050601	NODE_2634_length_26907_cov_11.219300:26803	NODE_2634_length_26907_cov_11.219300	26803	26893	77319	104122	1.63123842562246e-09	8.78748255682332	6.36694200314179e-10	38.2056004542607	Historical	0	< 0.25	= 0.00
0.050601	0.050601	NODE_2634_length_26907_cov_11.219300:26803	NODE_2634_length_26907_cov_11.219300	26803	26893	77319	104122	1.63123842562246e-09	8.78748255682332	6.36694200314179e-10	38.2056004542607	Modern	0.050601	< 0.25	< 0.25
0.082896	0.082896	NODE_2634_length_26907_cov_11.219300:26808	NODE_2634_length_26907_cov_11.219300	26808	26893	77319	104127	2.65397622591213e-17	16.5761029718263	6.72945538764045e-18	74.2943877283107	Historical	0	< 0.25	= 0.00
0.082896	0.082896	NODE_2634_length_26907_cov_11.219300:26808	NODE_2634_length_26907_cov_11.219300	26808	26893	77319	104127	2.65397622591213e-17	16.5761029718263	6.72945538764045e-18	74.2943877283107	Modern	0.082896	< 0.25	< 0.25
0.035137	0.035137	NODE_2634_length_26907_cov_11.219300:26825	NODE_2634_length_26907_cov_11.219300	26825	26893	77319	104144	6.42263173502229e-10	9.19228697912755	2.42379518325644e-10	40.0911910361745	Historical	0	< 0.25	= 0.00
0.035137	0.035137	NODE_2634_length_26907_cov_11.219300:26825	NODE_2634_length_26907_cov_11.219300	26825	26893	77319	104144	6.42263173502229e-10	9.19228697912755	2.42379518325644e-10	40.0911910361745	Modern	0.035137	< 0.25	< 0.25
0.011501	0.011501	NODE_2634_length_26907_cov_11.219300:26840	NODE_2634_length_26907_cov_11.219300	26840	26893	77319	104159	0.00193240687182639	2.71390142678944	0.00127267252194834	10.3817464833611	Historical	0	< 0.25	= 0.00
0.011501	0.011501	NODE_2634_length_26907_cov_11.219300:26840	NODE_2634_length_26907_cov_11.219300	26840	26893	77319	104159	0.00193240687182639	2.71390142678944	0.00127267252194834	10.3817464833611	Modern	0.011501	< 0.25	< 0.25
0.028661	0.028661	NODE_2634_length_26907_cov_11.219300:26844	NODE_2634_length_26907_cov_11.219300	26844	26893	77319	104163	2.62411633553409e-09	8.58101691519556	1.04042599248384e-09	37.2476067123178	Historical	0	< 0.25	= 0.00
0.028661	0.028661	NODE_2634_length_26907_cov_11.219300:26844	NODE_2634_length_26907_cov_11.219300	26844	26893	77319	104163	2.62411633553409e-09	8.58101691519556	1.04042599248384e-09	37.2476067123178	Modern	0.028661	< 0.25	< 0.25
0.024497	0.024497	NODE_2634_length_26907_cov_11.219300:26861	NODE_2634_length_26907_cov_11.219300	26861	26893	77319	104180	8.0620891141969e-08	7.09355240568804	3.57932256494497e-08	30.36497908576	Historical	0	< 0.25	= 0.00
0.024497	0.024497	NODE_2634_length_26907_cov_11.219300:26861	NODE_2634_length_26907_cov_11.219300	26861	26893	77319	104180	8.0620891141969e-08	7.09355240568804	3.57932256494497e-08	30.36497908576	Modern	0.024497	< 0.25	< 0.25
0.015305	0.015305	NODE_2634_length_26907_cov_11.219300:26891	NODE_2634_length_26907_cov_11.219300	26891	26893	77319	104210	0.00287449804225359	2.54143798280467	0.00194226529635653	9.6033139432268	Historical	0	< 0.25	= 0.00
0.015305	0.015305	NODE_2634_length_26907_cov_11.219300:26891	NODE_2634_length_26907_cov_11.219300	26891	26893	77319	104210	0.00287449804225359	2.54143798280467	0.00194226529635653	9.6033139432268	Modern	0.015305	< 0.25	< 0.25
0.21903	0.21903	NODE_2634_length_26907_cov_11.219300:26893	NODE_2634_length_26907_cov_11.219300	26893	26893	77319	104212	7.92645670983566e-51	50.1009209079232	7.48986175335848e-52	229.545445300477	Historical	0	< 0.25	= 0.00
0.21903	0.21903	NODE_2634_length_26907_cov_11.219300:26893	NODE_2634_length_26907_cov_11.219300	26893	26893	77319	104212	7.92645670983566e-51	50.1009209079232	7.48986175335848e-52	229.545445300477	Modern	0.21903	< 0.25	< 0.25
0.163825	0.163825	NODE_2636_length_26906_cov_10.587421:32	NODE_2636_length_26906_cov_10.587421	32	141	103092	103124	1.13855844378194e-25	24.9436446715394	2.17331668756097e-26	112.985745831265	Historical	0	< 0.25	= 0.00
0.163825	0.163825	NODE_2636_length_26906_cov_10.587421:32	NODE_2636_length_26906_cov_10.587421	32	141	103092	103124	1.13855844378194e-25	24.9436446715394	2.17331668756097e-26	112.985745831265	Modern	0.163825	< 0.25	< 0.25
0.027269	0.027269	NODE_2636_length_26906_cov_10.587421:39	NODE_2636_length_26906_cov_10.587421	39	141	103092	103131	6.99156140379223e-05	4.15542582377859	3.97383618249729e-05	16.8838449749571	Historical	0	< 0.25	= 0.00
0.027269	0.027269	NODE_2636_length_26906_cov_10.587421:39	NODE_2636_length_26906_cov_10.587421	39	141	103092	103131	6.99156140379223e-05	4.15542582377859	3.97383618249729e-05	16.8838449749571	Modern	0.027269	< 0.25	< 0.25
0.013091	0.013091	NODE_2636_length_26906_cov_10.587421:52	NODE_2636_length_26906_cov_10.587421	52	141	103092	103144	0.00918899731809299	2.03673187522723	0.00680666468006888	7.32329127126414	Historical	0	< 0.25	= 0.00
0.013091	0.013091	NODE_2636_length_26906_cov_10.587421:52	NODE_2636_length_26906_cov_10.587421	52	141	103092	103144	0.00918899731809299	2.03673187522723	0.00680666468006888	7.32329127126414	Modern	0.013091	< 0.25	< 0.25
0.026269	0.026269	NODE_2636_length_26906_cov_10.587421:53	NODE_2636_length_26906_cov_10.587421	53	141	103092	103145	1.52684996495128e-05	4.81620363654873	8.24324981077685e-06	19.8806024706626	Historical	0	< 0.25	= 0.00
0.026269	0.026269	NODE_2636_length_26906_cov_10.587421:53	NODE_2636_length_26906_cov_10.587421	53	141	103092	103145	1.52684996495128e-05	4.81620363654873	8.24324981077685e-06	19.8806024706626	Modern	0.026269	< 0.25	< 0.25
0.025503	0.025503	NODE_2636_length_26906_cov_10.587421:59	NODE_2636_length_26906_cov_10.587421	59	141	103092	103151	1.19098356601729e-05	4.92409423115975	6.3281605430833e-06	20.3862879621654	Historical	0	< 0.25	= 0.00
0.025503	0.025503	NODE_2636_length_26906_cov_10.587421:59	NODE_2636_length_26906_cov_10.587421	59	141	103092	103151	1.19098356601729e-05	4.92409423115975	6.3281605430833e-06	20.3862879621654	Modern	0.025503	< 0.25	< 0.25
0.012618	0.012618	NODE_2636_length_26906_cov_10.587421:68	NODE_2636_length_26906_cov_10.587421	68	141	103092	103160	0.00574423958665179	2.24076745438713	0.00408588361861557	8.24524754923284	Historical	0	< 0.25	= 0.00
0.012618	0.012618	NODE_2636_length_26906_cov_10.587421:68	NODE_2636_length_26906_cov_10.587421	68	141	103092	103160	0.00574423958665179	2.24076745438713	0.00408588361861557	8.24524754923284	Modern	0.012618	< 0.25	< 0.25
0.023857	0.023857	NODE_2636_length_26906_cov_10.587421:95	NODE_2636_length_26906_cov_10.587421	95	141	103092	103187	2.78174449891516e-06	5.55568276212508	1.40804351179656e-06	23.269651494291	Historical	0	< 0.25	= 0.00
0.023857	0.023857	NODE_2636_length_26906_cov_10.587421:95	NODE_2636_length_26906_cov_10.587421	95	141	103092	103187	2.78174449891516e-06	5.55568276212508	1.40804351179656e-06	23.269651494291	Modern	0.023857	< 0.25	< 0.25
0.012556	0.012556	NODE_2636_length_26906_cov_10.587421:102	NODE_2636_length_26906_cov_10.587421	102	141	103092	103194	0.00382265435931128	2.41763496869037	0.00262830176271735	9.04905819021978	Historical	0	< 0.25	= 0.00
0.012556	0.012556	NODE_2636_length_26906_cov_10.587421:102	NODE_2636_length_26906_cov_10.587421	102	141	103092	103194	0.00382265435931128	2.41763496869037	0.00262830176271735	9.04905819021978	Modern	0.012556	< 0.25	< 0.25
0.036314	0.036314	NODE_2636_length_26906_cov_10.587421:105	NODE_2636_length_26906_cov_10.587421	105	141	103092	103197	1.83862510704783e-10	9.73550681374075	6.6782947220188e-11	42.6109946634391	Historical	0	< 0.25	= 0.00
0.036314	0.036314	NODE_2636_length_26906_cov_10.587421:105	NODE_2636_length_26906_cov_10.587421	105	141	103092	103197	1.83862510704783e-10	9.73550681374075	6.6782947220188e-11	42.6109946634391	Modern	0.036314	< 0.25	< 0.25
0.012321	0.012321	NODE_2636_length_26906_cov_10.587421:114	NODE_2636_length_26906_cov_10.587421	114	141	103092	103206	0.00384230814920976	2.41540780810138	0.00264363936761868	9.0384205839537	Historical	0	< 0.25	= 0.00
0.012321	0.012321	NODE_2636_length_26906_cov_10.587421:114	NODE_2636_length_26906_cov_10.587421	114	141	103092	103206	0.00384230814920976	2.41540780810138	0.00264363936761868	9.0384205839537	Modern	0.012321	< 0.25	< 0.25
0.024577	0.024577	NODE_2636_length_26906_cov_10.587421:119	NODE_2636_length_26906_cov_10.587421	119	141	103092	103211	9.702191360019e-07	6.01313016386985	4.74052939670444e-07	25.366609631304	Historical	0	< 0.25	= 0.00
0.024577	0.024577	NODE_2636_length_26906_cov_10.587421:119	NODE_2636_length_26906_cov_10.587421	119	141	103092	103211	9.702191360019e-07	6.01313016386985	4.74052939670444e-07	25.366609631304	Modern	0.024577	< 0.25	< 0.25
0.038745	0.038745	NODE_2636_length_26906_cov_10.587421:134	NODE_2636_length_26906_cov_10.587421	134	141	103092	103226	8.18786596707548e-11	10.0868292752225	2.92941614950748e-11	44.2235114788302	Historical	0	< 0.25	= 0.00
0.038745	0.038745	NODE_2636_length_26906_cov_10.587421:134	NODE_2636_length_26906_cov_10.587421	134	141	103092	103226	8.18786596707548e-11	10.0868292752225	2.92941614950748e-11	44.2235114788302	Modern	0.038745	< 0.25	< 0.25
0.026654	0.026654	NODE_2636_length_26906_cov_10.587421:141	NODE_2636_length_26906_cov_10.587421	141	141	103092	103233	1.7630238433362e-06	5.75374181421269	8.75651918390152e-07	24.1838124690106	Historical	0	< 0.25	= 0.00
0.026654	0.026654	NODE_2636_length_26906_cov_10.587421:141	NODE_2636_length_26906_cov_10.587421	141	141	103092	103233	1.7630238433362e-06	5.75374181421269	8.75651918390152e-07	24.1838124690106	Modern	0.026654	< 0.25	< 0.25
0.012103	0.012103	NODE_264_length_58948_cov_9.224626:57333	NODE_264_length_58948_cov_9.224626	57333	57420	128865	186198	0.000202504657254563	3.69356498431747	0.000121156632545465	14.7745978655852	Historical	0	< 0.25	= 0.00
0.012103	0.012103	NODE_264_length_58948_cov_9.224626:57333	NODE_264_length_58948_cov_9.224626	57333	57420	128865	186198	0.000202504657254563	3.69356498431747	0.000121156632545465	14.7745978655852	Modern	0.012103	< 0.25	< 0.25
0.02525	0.02525	NODE_264_length_58948_cov_9.224626:57345	NODE_264_length_58948_cov_9.224626	57345	57420	128865	186210	1.84911559981014e-10	9.73303593752102	6.72565313131323e-11	42.5971726608681	Historical	0	< 0.25	= 0.00
0.02525	0.02525	NODE_264_length_58948_cov_9.224626:57345	NODE_264_length_58948_cov_9.224626	57345	57420	128865	186210	1.84911559981014e-10	9.73303593752102	6.72565313131323e-11	42.5971726608681	Modern	0.02525	< 0.25	< 0.25
0.012036	0.012036	NODE_264_length_58948_cov_9.224626:57355	NODE_264_length_58948_cov_9.224626	57355	57420	128865	186220	0.000223396335854673	3.65092395445741	0.000134556799420383	14.576859676432	Historical	0	< 0.25	= 0.00
0.012036	0.012036	NODE_264_length_58948_cov_9.224626:57355	NODE_264_length_58948_cov_9.224626	57355	57420	128865	186220	0.000223396335854673	3.65092395445741	0.000134556799420383	14.576859676432	Modern	0.012036	< 0.25	< 0.25
0.071551	0.071551	NODE_264_length_58948_cov_9.224626:57370	NODE_264_length_58948_cov_9.224626	57370	57420	128865	186235	4.419739600501e-30	29.3546033173923	7.21932774250875e-31	133.446750520287	Historical	0	< 0.25	= 0.00
0.071551	0.071551	NODE_264_length_58948_cov_9.224626:57370	NODE_264_length_58948_cov_9.224626	57370	57420	128865	186235	4.419739600501e-30	29.3546033173923	7.21932774250875e-31	133.446750520287	Modern	0.071551	< 0.25	< 0.25
0.3153	0.3153	NODE_264_length_58948_cov_9.224626:57377	NODE_264_length_58948_cov_9.224626	57377	57420	128865	186242	1.33587468621472e-157	156.874234279613	2.09325093281509e-159	723.705901044082	Historical	0	< 0.25	= 0.00
0.3153	0.3153	NODE_264_length_58948_cov_9.224626:57377	NODE_264_length_58948_cov_9.224626	57377	57420	128865	186242	1.33587468621472e-157	156.874234279613	2.09325093281509e-159	723.705901044082	Modern	0.3153	0.25–0.75	0.25–0.75
0.024397	0.024397	NODE_264_length_58948_cov_9.224626:57379	NODE_264_length_58948_cov_9.224626	57379	57420	128865	186244	2.07695369285478e-08	7.68257318625827	8.84628424734442e-09	33.0795816553508	Historical	0	< 0.25	= 0.00
0.024397	0.024397	NODE_264_length_58948_cov_9.224626:57379	NODE_264_length_58948_cov_9.224626	57379	57420	128865	186244	2.07695369285478e-08	7.68257318625827	8.84628424734442e-09	33.0795816553508	Modern	0.024397	< 0.25	< 0.25
0.054309	0.054309	NODE_264_length_58948_cov_9.224626:57382	NODE_264_length_58948_cov_9.224626	57382	57420	128865	186247	7.54690659802592e-21	20.1222310248878	1.6663397759174e-21	90.706629728207	Historical	0	< 0.25	= 0.00
0.054309	0.054309	NODE_264_length_58948_cov_9.224626:57382	NODE_264_length_58948_cov_9.224626	57382	57420	128865	186247	7.54690659802592e-21	20.1222310248878	1.6663397759174e-21	90.706629728207	Modern	0.054309	< 0.25	< 0.25
0.027846	0.027846	NODE_264_length_58948_cov_9.224626:57398	NODE_264_length_58948_cov_9.224626	57398	57420	128865	186263	2.63365727559228e-08	7.57944074152433	1.1267451117325e-08	32.609296595124	Historical	0	< 0.25	= 0.00
0.027846	0.027846	NODE_264_length_58948_cov_9.224626:57398	NODE_264_length_58948_cov_9.224626	57398	57420	128865	186263	2.63365727559228e-08	7.57944074152433	1.1267451117325e-08	32.609296595124	Modern	0.027846	< 0.25	< 0.25
0.036937	0.036937	NODE_264_length_58948_cov_9.224626:57407	NODE_264_length_58948_cov_9.224626	57407	57420	128865	186272	1.7803750783118e-10	9.7494884936006	6.45026678419708e-11	42.6789507200019	Historical	0	< 0.25	= 0.00
0.036937	0.036937	NODE_264_length_58948_cov_9.224626:57407	NODE_264_length_58948_cov_9.224626	57407	57420	128865	186272	1.7803750783118e-10	9.7494884936006	6.45026678419708e-11	42.6789507200019	Modern	0.036937	< 0.25	< 0.25
0.085024	0.085024	NODE_264_length_58948_cov_9.224626:57419	NODE_264_length_58948_cov_9.224626	57419	57420	128865	186284	8.23971770117698e-22	21.0840876672982	1.77627342655952e-22	95.1373085003246	Historical	0	< 0.25	= 0.00
0.085024	0.085024	NODE_264_length_58948_cov_9.224626:57419	NODE_264_length_58948_cov_9.224626	57419	57420	128865	186284	8.23971770117698e-22	21.0840876672982	1.77627342655952e-22	95.1373085003246	Modern	0.085024	< 0.25	< 0.25
0	0	NODE_264_length_58948_cov_9.224626:57420	NODE_264_length_58948_cov_9.224626	57420	57420	128865	186285	0.999165688808028	0.000362487981788934	0.982463808337742	0.00048312596791887	Historical	0	< 0.25	= 0.00
0	0	NODE_264_length_58948_cov_9.224626:57420	NODE_264_length_58948_cov_9.224626	57420	57420	128865	186285	0.999165688808028	0.000362487981788934	0.982463808337742	0.00048312596791887	Modern	0	< 0.25	= 0.00
0.061273	0.061273	NODE_2654_length_26841_cov_8.364333:17579	NODE_2654_length_26841_cov_8.364333	17579	17674	180411	197990	2.82430112296684e-10	9.54908900129196	1.03799101100491e-10	41.7485518987092	Historical	0	< 0.25	= 0.00
0.061273	0.061273	NODE_2654_length_26841_cov_8.364333:17579	NODE_2654_length_26841_cov_8.364333	17579	17674	180411	197990	2.82430112296684e-10	9.54908900129196	1.03799101100491e-10	41.7485518987092	Modern	0.061273	< 0.25	< 0.25
0.124051	0.124051	NODE_2654_length_26841_cov_8.364333:17590	NODE_2654_length_26841_cov_8.364333	17590	17674	180411	198001	1.6156462327689e-26	25.7916537277049	3.01495237169125e-27	116.902744964771	Historical	0	< 0.25	= 0.00
0.124051	0.124051	NODE_2654_length_26841_cov_8.364333:17590	NODE_2654_length_26841_cov_8.364333	17590	17674	180411	198001	1.6156462327689e-26	25.7916537277049	3.01495237169125e-27	116.902744964771	Modern	0.124051	< 0.25	< 0.25
0.11644	0.11644	NODE_2654_length_26841_cov_8.364333:17605	NODE_2654_length_26841_cov_8.364333	17605	17674	180411	198016	2.70529437461448e-28	27.567785470552	4.71435439450861e-29	125.151927044868	Historical	0	< 0.25	= 0.00
0.11644	0.11644	NODE_2654_length_26841_cov_8.364333:17605	NODE_2654_length_26841_cov_8.364333	17605	17674	180411	198016	2.70529437461448e-28	27.567785470552	4.71435439450861e-29	125.151927044868	Modern	0.11644	< 0.25	< 0.25
0.115123	0.115123	NODE_2654_length_26841_cov_8.364333:17626	NODE_2654_length_26841_cov_8.364333	17626	17674	180411	198037	5.20345078123138e-32	31.2837085490182	8.00530889420212e-33	142.386470782452	Historical	0	< 0.25	= 0.00
0.115123	0.115123	NODE_2654_length_26841_cov_8.364333:17626	NODE_2654_length_26841_cov_8.364333	17626	17674	180411	198037	5.20345078123138e-32	31.2837085490182	8.00530889420212e-33	142.386470782452	Modern	0.115123	< 0.25	< 0.25
0.1123	0.1123	NODE_2654_length_26841_cov_8.364333:17635	NODE_2654_length_26841_cov_8.364333	17635	17674	180411	198046	1.74927093077631e-30	29.7571429208652	2.82408412376042e-31	135.310237427972	Historical	0	< 0.25	= 0.00
0.1123	0.1123	NODE_2654_length_26841_cov_8.364333:17635	NODE_2654_length_26841_cov_8.364333	17635	17674	180411	198046	1.74927093077631e-30	29.7571429208652	2.82408412376042e-31	135.310237427972	Modern	0.1123	< 0.25	< 0.25
0.014816	0.014816	NODE_2654_length_26841_cov_8.364333:17647	NODE_2654_length_26841_cov_8.364333	17647	17674	180411	198058	0.00495659937208793	2.30481618247127	0.00347262736456057	8.54085363273675	Historical	0	< 0.25	= 0.00
0.014816	0.014816	NODE_2654_length_26841_cov_8.364333:17647	NODE_2654_length_26841_cov_8.364333	17647	17674	180411	198058	0.00495659937208793	2.30481618247127	0.00347262736456057	8.54085363273675	Modern	0.014816	< 0.25	< 0.25
0.039713	0.039713	NODE_2654_length_26841_cov_8.364333:17674	NODE_2654_length_26841_cov_8.364333	17674	17674	180411	198085	2.61974846801355e-06	5.58174040493895	1.32355763056335e-06	23.3886705935192	Historical	0	< 0.25	= 0.00
0.039713	0.039713	NODE_2654_length_26841_cov_8.364333:17674	NODE_2654_length_26841_cov_8.364333	17674	17674	180411	198085	2.61974846801355e-06	5.58174040493895	1.32355763056335e-06	23.3886705935192	Modern	0.039713	< 0.25	< 0.25
0.046348	0.046348	NODE_265_length_58841_cov_10.591638:39252	NODE_265_length_58841_cov_10.591638	39252	39252	154638	193890	8.02166858807993e-05	4.09573528468064	4.61264988611814e-05	16.6010080211636	Historical	0	< 0.25	= 0.00
0.046348	0.046348	NODE_265_length_58841_cov_10.591638:39252	NODE_265_length_58841_cov_10.591638	39252	39252	154638	193890	8.02166858807993e-05	4.09573528468064	4.61264988611814e-05	16.6010080211636	Modern	0.046348	< 0.25	< 0.25
0.238714	0.238714	NODE_2680_length_26729_cov_15.854074:16283	NODE_2680_length_26729_cov_15.854074	16283	16488	206184	222467	3.62939521547687e-67	66.4401657376261	2.42993696762696e-68	305.196802167967	Historical	0	< 0.25	= 0.00
0.238714	0.238714	NODE_2680_length_26729_cov_15.854074:16283	NODE_2680_length_26729_cov_15.854074	16283	16488	206184	222467	3.62939521547687e-67	66.4401657376261	2.42993696762696e-68	305.196802167967	Modern	0.238714	< 0.25	< 0.25
0.03944	0.03944	NODE_2680_length_26729_cov_15.854074:16286	NODE_2680_length_26729_cov_15.854074	16286	16488	206184	222470	1.16490710183131e-09	8.93370870705917	4.51913153939305e-10	38.8746414976493	Historical	0	< 0.25	= 0.00
0.03944	0.03944	NODE_2680_length_26729_cov_15.854074:16286	NODE_2680_length_26729_cov_15.854074	16286	16488	206184	222470	1.16490710183131e-09	8.93370870705917	4.51913153939305e-10	38.8746414976493	Modern	0.03944	< 0.25	< 0.25
0.030062	0.030062	NODE_2680_length_26729_cov_15.854074:16310	NODE_2680_length_26729_cov_15.854074	16310	16488	206184	222494	5.01377468321702e-09	8.29983518693828	2.03550681583597e-09	35.9394004103805	Historical	0	< 0.25	= 0.00
0.030062	0.030062	NODE_2680_length_26729_cov_15.854074:16310	NODE_2680_length_26729_cov_15.854074	16310	16488	206184	222494	5.01377468321702e-09	8.29983518693828	2.03550681583597e-09	35.9394004103805	Modern	0.030062	< 0.25	< 0.25
0.036353	0.036353	NODE_2680_length_26729_cov_15.854074:16312	NODE_2680_length_26729_cov_15.854074	16312	16488	206184	222496	2.1585434912333e-11	10.6658391965735	7.49238030432831e-12	46.8942082254941	Historical	0	< 0.25	= 0.00
0.036353	0.036353	NODE_2680_length_26729_cov_15.854074:16312	NODE_2680_length_26729_cov_15.854074	16312	16488	206184	222496	2.1585434912333e-11	10.6658391965735	7.49238030432831e-12	46.8942082254941	Modern	0.036353	< 0.25	< 0.25
0.147536	0.147536	NODE_2680_length_26729_cov_15.854074:16334	NODE_2680_length_26729_cov_15.854074	16334	16488	206184	222518	4.77424299070072e-64	63.3210954808394	3.55914600921184e-65	290.666439230007	Historical	0	< 0.25	= 0.00
0.147536	0.147536	NODE_2680_length_26729_cov_15.854074:16334	NODE_2680_length_26729_cov_15.854074	16334	16488	206184	222518	4.77424299070072e-64	63.3210954808394	3.55914600921184e-65	290.666439230007	Modern	0.147536	< 0.25	< 0.25
0.142808	0.142808	NODE_2680_length_26729_cov_15.854074:16359	NODE_2680_length_26729_cov_15.854074	16359	16488	206184	222543	4.82744640073988e-74	73.3162825395045	2.7506817098233e-75	337.0862550191	Historical	0	< 0.25	= 0.00
0.142808	0.142808	NODE_2680_length_26729_cov_15.854074:16359	NODE_2680_length_26729_cov_15.854074	16359	16488	206184	222543	4.82744640073988e-74	73.3162825395045	2.7506817098233e-75	337.0862550191	Modern	0.142808	< 0.25	< 0.25
0.119263	0.119263	NODE_2680_length_26729_cov_15.854074:16379	NODE_2680_length_26729_cov_15.854074	16379	16488	206184	222563	1.62111577476437e-68	67.7901859681584	1.02378156715888e-69	311.510351573402	Historical	0	< 0.25	= 0.00
0.119263	0.119263	NODE_2680_length_26729_cov_15.854074:16379	NODE_2680_length_26729_cov_15.854074	16379	16488	206184	222563	1.62111577476437e-68	67.7901859681584	1.02378156715888e-69	311.510351573402	Modern	0.119263	< 0.25	< 0.25
0.03773	0.03773	NODE_2680_length_26729_cov_15.854074:16382	NODE_2680_length_26729_cov_15.854074	16382	16488	206184	222566	2.45613577755771e-18	17.6097476286489	5.98289484276877e-19	79.0739196734695	Historical	0	< 0.25	= 0.00
0.03773	0.03773	NODE_2680_length_26729_cov_15.854074:16382	NODE_2680_length_26729_cov_15.854074	16382	16488	206184	222566	2.45613577755771e-18	17.6097476286489	5.98289484276877e-19	79.0739196734695	Modern	0.03773	< 0.25	< 0.25
0.011925	0.011925	NODE_2680_length_26729_cov_15.854074:16390	NODE_2680_length_26729_cov_15.854074	16390	16488	206184	222574	7.41815423320329e-05	4.12970414135888	4.23743568022011e-05	16.7619584352755	Historical	0	< 0.25	= 0.00
0.011925	0.011925	NODE_2680_length_26729_cov_15.854074:16390	NODE_2680_length_26729_cov_15.854074	16390	16488	206184	222574	7.41815423320329e-05	4.12970414135888	4.23743568022011e-05	16.7619584352755	Modern	0.011925	< 0.25	< 0.25
0.011619	0.011619	NODE_2680_length_26729_cov_15.854074:16393	NODE_2680_length_26729_cov_15.854074	16393	16488	206184	222577	8.96541505390825e-05	4.04742959997246	5.18512608530876e-05	16.3791949811049	Historical	0	< 0.25	= 0.00
0.011619	0.011619	NODE_2680_length_26729_cov_15.854074:16393	NODE_2680_length_26729_cov_15.854074	16393	16488	206184	222577	8.96541505390825e-05	4.04742959997246	5.18512608530876e-05	16.3791949811049	Modern	0.011619	< 0.25	< 0.25
1e-06	1e-06	NODE_2680_length_26729_cov_15.854074:16397	NODE_2680_length_26729_cov_15.854074	16397	16488	206184	222581	0.999165688808028	0.000362487981788934	0.991163824056398	0.00012264965810797	Historical	0	< 0.25	= 0.00
1e-06	1e-06	NODE_2680_length_26729_cov_15.854074:16397	NODE_2680_length_26729_cov_15.854074	16397	16488	206184	222581	0.999165688808028	0.000362487981788934	0.991163824056398	0.00012264965810797	Modern	1e-06	< 0.25	< 0.25
0.023981	0.023981	NODE_2680_length_26729_cov_15.854074:16403	NODE_2680_length_26729_cov_15.854074	16403	16488	206184	222587	9.90874846948521e-12	11.0039811958801	3.3593762617343e-12	48.4667444826997	Historical	0	< 0.25	= 0.00
0.023981	0.023981	NODE_2680_length_26729_cov_15.854074:16403	NODE_2680_length_26729_cov_15.854074	16403	16488	206184	222587	9.90874846948521e-12	11.0039811958801	3.3593762617343e-12	48.4667444826997	Modern	0.023981	< 0.25	< 0.25
0.072599	0.072599	NODE_2680_length_26729_cov_15.854074:16422	NODE_2680_length_26729_cov_15.854074	16422	16488	206184	222606	5.96095930178642e-42	41.2246838432888	6.84972531354375e-43	188.472889615795	Historical	0	< 0.25	= 0.00
0.072599	0.072599	NODE_2680_length_26729_cov_15.854074:16422	NODE_2680_length_26729_cov_15.854074	16422	16488	206184	222606	5.96095930178642e-42	41.2246838432888	6.84972531354375e-43	188.472889615795	Modern	0.072599	< 0.25	< 0.25
0.017131	0.017131	NODE_2680_length_26729_cov_15.854074:16424	NODE_2680_length_26729_cov_15.854074	16424	16488	206184	222608	8.56972904463076e-08	7.0670329092649	3.820976055512e-08	30.238257372268	Historical	0	< 0.25	= 0.00
0.017131	0.017131	NODE_2680_length_26729_cov_15.854074:16424	NODE_2680_length_26729_cov_15.854074	16424	16488	206184	222608	8.56972904463076e-08	7.0670329092649	3.820976055512e-08	30.238257372268	Modern	0.017131	< 0.25	< 0.25
0.056398	0.056398	NODE_2680_length_26729_cov_15.854074:16425	NODE_2680_length_26729_cov_15.854074	16425	16488	206184	222609	2.71656259986956e-31	30.5659802827287	4.29541949552024e-32	139.049799199588	Historical	0	< 0.25	= 0.00
0.056398	0.056398	NODE_2680_length_26729_cov_15.854074:16425	NODE_2680_length_26729_cov_15.854074	16425	16488	206184	222609	2.71656259986956e-31	30.5659802827287	4.29541949552024e-32	139.049799199588	Modern	0.056398	< 0.25	< 0.25
0.011691	0.011691	NODE_2680_length_26729_cov_15.854074:16438	NODE_2680_length_26729_cov_15.854074	16438	16488	206184	222622	8.79275234440794e-05	4.05587515895514	5.07274173715843e-05	16.4207300525491	Historical	0	< 0.25	= 0.00
0.011691	0.011691	NODE_2680_length_26729_cov_15.854074:16438	NODE_2680_length_26729_cov_15.854074	16438	16488	206184	222622	8.79275234440794e-05	4.05587515895514	5.07274173715843e-05	16.4207300525491	Modern	0.011691	< 0.25	< 0.25
0.071797	0.071797	NODE_2680_length_26729_cov_15.854074:16444	NODE_2680_length_26729_cov_15.854074	16444	16488	206184	222628	5.8175015804002e-38	37.2352634900595	7.56882921666503e-39	169.954845419345	Historical	0	< 0.25	= 0.00
0.071797	0.071797	NODE_2680_length_26729_cov_15.854074:16444	NODE_2680_length_26729_cov_15.854074	16444	16488	206184	222628	5.8175015804002e-38	37.2352634900595	7.56882921666503e-39	169.954845419345	Modern	0.071797	< 0.25	< 0.25
0.109249	0.109249	NODE_2680_length_26729_cov_15.854074:16448	NODE_2680_length_26729_cov_15.854074	16448	16488	206184	222632	1.3061038554678e-59	58.8840222885561	1.07291532286766e-60	270.111696766765	Historical	0	< 0.25	= 0.00
0.109249	0.109249	NODE_2680_length_26729_cov_15.854074:16448	NODE_2680_length_26729_cov_15.854074	16448	16488	206184	222632	1.3061038554678e-59	58.8840222885561	1.07291532286766e-60	270.111696766765	Modern	0.109249	< 0.25	< 0.25
0.048079	0.048079	NODE_2680_length_26729_cov_15.854074:16449	NODE_2680_length_26729_cov_15.854074	16449	16488	206184	222633	2.74360921340493e-23	22.5616777473924	5.61488875108036e-24	101.977750463549	Historical	0	< 0.25	= 0.00
0.048079	0.048079	NODE_2680_length_26729_cov_15.854074:16449	NODE_2680_length_26729_cov_15.854074	16449	16488	206184	222633	2.74360921340493e-23	22.5616777473924	5.61488875108036e-24	101.977750463549	Modern	0.048079	< 0.25	< 0.25
0.147714	0.147714	NODE_2680_length_26729_cov_15.854074:16451	NODE_2680_length_26729_cov_15.854074	16451	16488	206184	222635	2.71570670458787e-80	79.5661171355171	1.4055651984809e-81	365.978321294689	Historical	0	< 0.25	= 0.00
0.147714	0.147714	NODE_2680_length_26729_cov_15.854074:16451	NODE_2680_length_26729_cov_15.854074	16451	16488	206184	222635	2.71570670458787e-80	79.5661171355171	1.4055651984809e-81	365.978321294689	Modern	0.147714	< 0.25	< 0.25
0.164383	0.164383	NODE_2680_length_26729_cov_15.854074:16464	NODE_2680_length_26729_cov_15.854074	16464	16488	206184	222648	1.75068361503965e-73	72.7567923328758	1.00585335906836e-74	334.500764285495	Historical	0	< 0.25	= 0.00
0.164383	0.164383	NODE_2680_length_26729_cov_15.854074:16464	NODE_2680_length_26729_cov_15.854074	16464	16488	206184	222648	1.75068361503965e-73	72.7567923328758	1.00585335906836e-74	334.500764285495	Modern	0.164383	< 0.25	< 0.25
0.051304	0.051304	NODE_2680_length_26729_cov_15.854074:16466	NODE_2680_length_26729_cov_15.854074	16466	16488	206184	222650	4.69463765465933e-19	18.3283979221742	1.10789881973679e-19	82.4064819199571	Historical	0	< 0.25	= 0.00
0.051304	0.051304	NODE_2680_length_26729_cov_15.854074:16466	NODE_2680_length_26729_cov_15.854074	16466	16488	206184	222650	4.69463765465933e-19	18.3283979221742	1.10789881973679e-19	82.4064819199571	Modern	0.051304	< 0.25	< 0.25
0.126273	0.126273	NODE_2680_length_26729_cov_15.854074:16476	NODE_2680_length_26729_cov_15.854074	16476	16488	206184	222660	0.603645576611929	0.21921797743884	0.52682838072779	0.400505364991069	Historical	0.334669	0.25–0.75	0.25–0.75
0.126273	0.126273	NODE_2680_length_26729_cov_15.854074:16476	NODE_2680_length_26729_cov_15.854074	16476	16488	206184	222660	0.603645576611929	0.21921797743884	0.52682838072779	0.400505364991069	Modern	0.460942	0.25–0.75	0.25–0.75
0.26097	0.26097	NODE_2680_length_26729_cov_15.854074:16480	NODE_2680_length_26729_cov_15.854074	16480	16488	206184	222664	8.6565991754469e-84	83.0626526910563	4.15155041177653e-85	382.189802831714	Historical	0	< 0.25	= 0.00
0.26097	0.26097	NODE_2680_length_26729_cov_15.854074:16480	NODE_2680_length_26729_cov_15.854074	16480	16488	206184	222664	8.6565991754469e-84	83.0626526910563	4.15155041177653e-85	382.189802831714	Modern	0.26097	0.25–0.75	0.25–0.75
0.05445	0.05445	NODE_2680_length_26729_cov_15.854074:16486	NODE_2680_length_26729_cov_15.854074	16486	16488	206184	222670	3.91806598718495e-13	12.4069282539898	1.22230263702778e-13	54.9724651435149	Historical	0	< 0.25	= 0.00
0.05445	0.05445	NODE_2680_length_26729_cov_15.854074:16486	NODE_2680_length_26729_cov_15.854074	16486	16488	206184	222670	3.91806598718495e-13	12.4069282539898	1.22230263702778e-13	54.9724651435149	Modern	0.05445	< 0.25	< 0.25
0.030286	0.030286	NODE_2680_length_26729_cov_15.854074:16488	NODE_2680_length_26729_cov_15.854074	16488	16488	206184	222672	1.30336267799822e-06	5.88493471925533	6.41160367714225e-07	24.7843467949545	Historical	0	< 0.25	= 0.00
0.030286	0.030286	NODE_2680_length_26729_cov_15.854074:16488	NODE_2680_length_26729_cov_15.854074	16488	16488	206184	222672	1.30336267799822e-06	5.88493471925533	6.41160367714225e-07	24.7843467949545	Modern	0.030286	< 0.25	< 0.25
0.072032	0.072032	NODE_2699_length_26643_cov_19.777615:1813	NODE_2699_length_26643_cov_19.777615	1813	1993	231957	233770	5.67506572178969e-24	23.2460291046291	1.13447420174428e-24	105.146222445678	Historical	0	< 0.25	= 0.00
0.072032	0.072032	NODE_2699_length_26643_cov_19.777615:1813	NODE_2699_length_26643_cov_19.777615	1813	1993	231957	233770	5.67506572178969e-24	23.2460291046291	1.13447420174428e-24	105.146222445678	Modern	0.072032	< 0.25	< 0.25
0.000178	0.000178	NODE_2699_length_26643_cov_19.777615:1814	NODE_2699_length_26643_cov_19.777615	1814	1993	231957	233771	0.999165688808028	0.000362487981788934	0.980518390826863	0.000596287696238315	Historical	0	< 0.25	= 0.00
0.000178	0.000178	NODE_2699_length_26643_cov_19.777615:1814	NODE_2699_length_26643_cov_19.777615	1814	1993	231957	233771	0.999165688808028	0.000362487981788934	0.980518390826863	0.000596287696238315	Modern	0.000178	< 0.25	< 0.25
0.206662	-0.206662	NODE_2699_length_26643_cov_19.777615:1815	NODE_2699_length_26643_cov_19.777615	1815	1993	231957	233772	0.37499141150211	0.425978678885494	0.319971304116473	0.989063773518359	Historical	0.411462	0.25–0.75	0.25–0.75
0.206662	-0.206662	NODE_2699_length_26643_cov_19.777615:1815	NODE_2699_length_26643_cov_19.777615	1815	1993	231957	233772	0.37499141150211	0.425978678885494	0.319971304116473	0.989063773518359	Modern	0.2048	< 0.25	< 0.25
0.168287	0.168287	NODE_2699_length_26643_cov_19.777615:1816	NODE_2699_length_26643_cov_19.777615	1816	1993	231957	233773	0.409357461983523	0.387897288653606	0.350655679685791	0.871082939224484	Historical	0.239328	< 0.25	< 0.25
0.168287	0.168287	NODE_2699_length_26643_cov_19.777615:1816	NODE_2699_length_26643_cov_19.777615	1816	1993	231957	233773	0.409357461983523	0.387897288653606	0.350655679685791	0.871082939224484	Modern	0.407615	0.25–0.75	0.25–0.75
0.031786	-0.031786	NODE_2699_length_26643_cov_19.777615:1987	NODE_2699_length_26643_cov_19.777615	1987	1993	231957	233944	0.911516336036668	0.0402355435893604	0.817594662285501	0.053194707170481	Historical	0.12123	< 0.25	< 0.25
0.031786	-0.031786	NODE_2699_length_26643_cov_19.777615:1987	NODE_2699_length_26643_cov_19.777615	1987	1993	231957	233944	0.911516336036668	0.0402355435893604	0.817594662285501	0.053194707170481	Modern	0.089444	< 0.25	< 0.25
0.019722	0.019722	NODE_2699_length_26643_cov_19.777615:1993	NODE_2699_length_26643_cov_19.777615	1993	1993	231957	233950	1.73753751335577e-05	4.76006581023855	9.47147704336381e-06	19.615158292797	Historical	0	< 0.25	= 0.00
0.019722	0.019722	NODE_2699_length_26643_cov_19.777615:1993	NODE_2699_length_26643_cov_19.777615	1993	1993	231957	233950	1.73753751335577e-05	4.76006581023855	9.47147704336381e-06	19.615158292797	Modern	0.019722	< 0.25	< 0.25
0.022443	0.022443	NODE_2702_length_26634_cov_8.340117:26499	NODE_2702_length_26634_cov_8.340117	26499	26583	0	26499	0.00968643912805841	2.01383584640143	0.00721193568508812	7.21941128465502	Historical	0	< 0.25	= 0.00
0.022443	0.022443	NODE_2702_length_26634_cov_8.340117:26499	NODE_2702_length_26634_cov_8.340117	26499	26583	0	26499	0.00968643912805841	2.01383584640143	0.00721193568508812	7.21941128465502	Modern	0.022443	< 0.25	< 0.25
0.020705	0.020705	NODE_2702_length_26634_cov_8.340117:26572	NODE_2702_length_26634_cov_8.340117	26572	26583	0	26572	0.0736927699424793	1.13257511903529	0.0612006907072157	3.50454402172426	Historical	0	< 0.25	= 0.00
0.020705	0.020705	NODE_2702_length_26634_cov_8.340117:26572	NODE_2702_length_26634_cov_8.340117	26572	26583	0	26572	0.0736927699424793	1.13257511903529	0.0612006907072157	3.50454402172426	Modern	0.020705	< 0.25	< 0.25
0.020638	0.020638	NODE_2702_length_26634_cov_8.340117:26579	NODE_2702_length_26634_cov_8.340117	26579	26583	0	26579	0.0992339103494055	1.00333989477061	0.0828834037533733	3.00743398119169	Historical	0	< 0.25	= 0.00
0.020638	0.020638	NODE_2702_length_26634_cov_8.340117:26579	NODE_2702_length_26634_cov_8.340117	26579	26583	0	26579	0.0992339103494055	1.00333989477061	0.0828834037533733	3.00743398119169	Modern	0.020638	< 0.25	< 0.25
0.02275	0.02275	NODE_2702_length_26634_cov_8.340117:26583	NODE_2702_length_26634_cov_8.340117	26583	26583	0	26583	0.0936495851148821	1.02849414228999	0.0781302569073352	3.10337307730789	Historical	0	< 0.25	= 0.00
0.02275	0.02275	NODE_2702_length_26634_cov_8.340117:26583	NODE_2702_length_26634_cov_8.340117	26583	26583	0	26583	0.0936495851148821	1.02849414228999	0.0781302569073352	3.10337307730789	Modern	0.02275	< 0.25	< 0.25
0.025503	0.025503	NODE_2722_length_26556_cov_14.709604:15896	NODE_2722_length_26556_cov_14.709604	15896	15973	4963	20859	4.05959047149303e-07	6.39151777552169	1.92763080317808e-07	27.1043561888117	Historical	0	< 0.25	= 0.00
0.025503	0.025503	NODE_2722_length_26556_cov_14.709604:15896	NODE_2722_length_26556_cov_14.709604	15896	15973	4963	20859	4.05959047149303e-07	6.39151777552169	1.92763080317808e-07	27.1043561888117	Modern	0.025503	< 0.25	< 0.25
0.058141	0.058141	NODE_2722_length_26556_cov_14.709604:15903	NODE_2722_length_26556_cov_14.709604	15903	15973	4963	20866	4.11734691511341e-22	21.3853825391303	8.81730037377089e-23	96.5239002716645	Historical	0	< 0.25	= 0.00
0.058141	0.058141	NODE_2722_length_26556_cov_14.709604:15903	NODE_2722_length_26556_cov_14.709604	15903	15973	4963	20866	4.11734691511341e-22	21.3853825391303	8.81730037377089e-23	96.5239002716645	Modern	0.058141	< 0.25	< 0.25
0.012176	0.012176	NODE_2722_length_26556_cov_14.709604:15904	NODE_2722_length_26556_cov_14.709604	15904	15973	4963	20867	0.00301977066625559	2.52002603789105	0.00204472600668588	9.50894577820003	Historical	0	< 0.25	= 0.00
0.012176	0.012176	NODE_2722_length_26556_cov_14.709604:15904	NODE_2722_length_26556_cov_14.709604	15904	15973	4963	20867	0.00301977066625559	2.52002603789105	0.00204472600668588	9.50894577820003	Modern	0.012176	< 0.25	< 0.25
0.012102	0.012102	NODE_2722_length_26556_cov_14.709604:15912	NODE_2722_length_26556_cov_14.709604	15912	15973	4963	20875	0.00131283875675153	2.88178861081322	0.000849043868326489	11.1308344498584	Historical	0	< 0.25	= 0.00
0.012102	0.012102	NODE_2722_length_26556_cov_14.709604:15912	NODE_2722_length_26556_cov_14.709604	15912	15973	4963	20875	0.00131283875675153	2.88178861081322	0.000849043868326489	11.1308344498584	Modern	0.012102	< 0.25	< 0.25
0.037599	0.037599	NODE_2722_length_26556_cov_14.709604:15925	NODE_2722_length_26556_cov_14.709604	15925	15973	4963	20888	1.42876871299376e-16	15.84503806848	3.74492084317452e-17	70.9068676682479	Historical	0	< 0.25	= 0.00
0.037599	0.037599	NODE_2722_length_26556_cov_14.709604:15925	NODE_2722_length_26556_cov_14.709604	15925	15973	4963	20888	1.42876871299376e-16	15.84503806848	3.74492084317452e-17	70.9068676682479	Modern	0.037599	< 0.25	< 0.25
0.028293	0.028293	NODE_2722_length_26556_cov_14.709604:15941	NODE_2722_length_26556_cov_14.709604	15941	15973	4963	20904	2.72993056564864e-12	11.563848398871	8.99606748604064e-13	51.0517932281913	Historical	0	< 0.25	= 0.00
0.028293	0.028293	NODE_2722_length_26556_cov_14.709604:15941	NODE_2722_length_26556_cov_14.709604	15941	15973	4963	20904	2.72993056564864e-12	11.563848398871	8.99606748604064e-13	51.0517932281913	Modern	0.028293	< 0.25	< 0.25
0.048485	0.048485	NODE_2722_length_26556_cov_14.709604:15971	NODE_2722_length_26556_cov_14.709604	15971	15973	4963	20934	1.48035166899431e-18	17.8296351023338	3.58489720411727e-19	80.0858542015903	Historical	0	< 0.25	= 0.00
0.048485	0.048485	NODE_2722_length_26556_cov_14.709604:15971	NODE_2722_length_26556_cov_14.709604	15971	15973	4963	20934	1.48035166899431e-18	17.8296351023338	3.58489720411727e-19	80.0858542015903	Modern	0.048485	< 0.25	< 0.25
0.025841	0.025841	NODE_2722_length_26556_cov_14.709604:15972	NODE_2722_length_26556_cov_14.709604	15972	15973	4963	20935	5.22981532380923e-08	7.28151364674777	2.28711296924421e-08	31.234115008431	Historical	0	< 0.25	= 0.00
0.025841	0.025841	NODE_2722_length_26556_cov_14.709604:15972	NODE_2722_length_26556_cov_14.709604	15972	15973	4963	20935	5.22981532380923e-08	7.28151364674777	2.28711296924421e-08	31.234115008431	Modern	0.025841	< 0.25	< 0.25
0.02516	0.02516	NODE_2722_length_26556_cov_14.709604:15973	NODE_2722_length_26556_cov_14.709604	15973	15973	4963	20936	1.10459445387286e-07	6.9567971416831	4.99322849044143e-08	29.7194126655375	Historical	0	< 0.25	= 0.00
0.02516	0.02516	NODE_2722_length_26556_cov_14.709604:15973	NODE_2722_length_26556_cov_14.709604	15973	15973	4963	20936	1.10459445387286e-07	6.9567971416831	4.99322849044143e-08	29.7194126655375	Modern	0.02516	< 0.25	< 0.25
0.475025	-0.475025	NODE_2764_length_26400_cov_7.576366:26000	NODE_2764_length_26400_cov_7.576366	26000	26003	9926	35926	0.030681686707598	1.51312076898424	0.0247667936386119	5.04011864884074	Historical	0.5	0.25–0.75	0.25–0.75
0.475025	-0.475025	NODE_2764_length_26400_cov_7.576366:26000	NODE_2764_length_26400_cov_7.576366	26000	26003	9926	35926	0.030681686707598	1.51312076898424	0.0247667936386119	5.04011864884074	Modern	0.024975	< 0.25	< 0.25
0.403937	-0.403937	NODE_2764_length_26400_cov_7.576366:26003	NODE_2764_length_26400_cov_7.576366	26003	26003	9926	35929	0.0679603345250866	1.16774449204488	0.056286562500387	3.64355691424504	Historical	0.500006	0.25–0.75	0.25–0.75
0.403937	-0.403937	NODE_2764_length_26400_cov_7.576366:26003	NODE_2764_length_26400_cov_7.576366	26003	26003	9926	35929	0.0679603345250866	1.16774449204488	0.056286562500387	3.64355691424504	Modern	0.096069	< 0.25	< 0.25
0.05806	0.05806	NODE_2784_length_26355_cov_9.213970:14	NODE_2784_length_26355_cov_9.213970	14	117	14889	14903	1.9605028035386e-12	11.7076325323179	6.41399065355222e-13	51.7159397596445	Historical	0	< 0.25	= 0.00
0.05806	0.05806	NODE_2784_length_26355_cov_9.213970:14	NODE_2784_length_26355_cov_9.213970	14	117	14889	14903	1.9605028035386e-12	11.7076325323179	6.41399065355222e-13	51.7159397596445	Modern	0.05806	< 0.25	< 0.25
0.049971	0.049971	NODE_2784_length_26355_cov_9.213970:23	NODE_2784_length_26355_cov_9.213970	23	117	14889	14912	3.48513968964e-13	12.4577798100411	1.08393470879117e-13	55.2085995854222	Historical	0	< 0.25	= 0.00
0.049971	0.049971	NODE_2784_length_26355_cov_9.213970:23	NODE_2784_length_26355_cov_9.213970	23	117	14889	14912	3.48513968964e-13	12.4577798100411	1.08393470879117e-13	55.2085995854222	Modern	0.049971	< 0.25	< 0.25
0.013287	0.013287	NODE_2784_length_26355_cov_9.213970:44	NODE_2784_length_26355_cov_9.213970	44	117	14889	14933	0.00028460991904287	3.54574996823446	0.000173117429389324	14.10245780349	Historical	0	< 0.25	= 0.00
0.013287	0.013287	NODE_2784_length_26355_cov_9.213970:44	NODE_2784_length_26355_cov_9.213970	44	117	14889	14933	0.00028460991904287	3.54574996823446	0.000173117429389324	14.10245780349	Modern	0.013287	< 0.25	< 0.25
0.026184	0.026184	NODE_2784_length_26355_cov_9.213970:59	NODE_2784_length_26355_cov_9.213970	59	117	14889	14948	6.89256832508964e-09	8.16161892009889	2.83099316296417e-09	35.2967828400378	Historical	0	< 0.25	= 0.00
0.026184	0.026184	NODE_2784_length_26355_cov_9.213970:59	NODE_2784_length_26355_cov_9.213970	59	117	14889	14948	6.89256832508964e-09	8.16161892009889	2.83099316296417e-09	35.2967828400378	Modern	0.026184	< 0.25	< 0.25
0.013204	0.013204	NODE_2784_length_26355_cov_9.213970:82	NODE_2784_length_26355_cov_9.213970	82	117	14889	14971	0.00119402793568396	2.92298551225902	0.000768237347033128	11.3164430309548	Historical	0	< 0.25	= 0.00
0.013204	0.013204	NODE_2784_length_26355_cov_9.213970:82	NODE_2784_length_26355_cov_9.213970	82	117	14889	14971	0.00119402793568396	2.92298551225902	0.000768237347033128	11.3164430309548	Modern	0.013204	< 0.25	< 0.25
0.04119	0.04119	NODE_2784_length_26355_cov_9.213970:98	NODE_2784_length_26355_cov_9.213970	98	117	14889	14987	3.51248813365577e-09	8.45438513427449	1.41099950668223e-09	36.6535758883862	Historical	0	< 0.25	= 0.00
0.04119	0.04119	NODE_2784_length_26355_cov_9.213970:98	NODE_2784_length_26355_cov_9.213970	98	117	14889	14987	3.51248813365577e-09	8.45438513427449	1.41099950668223e-09	36.6535758883862	Modern	0.04119	< 0.25	< 0.25
0.179692	0.179692	NODE_2784_length_26355_cov_9.213970:100	NODE_2784_length_26355_cov_9.213970	100	117	14889	14989	1.97507248441318e-43	42.7044169613018	2.19452498268131e-44	195.31922718817	Historical	0	< 0.25	= 0.00
0.179692	0.179692	NODE_2784_length_26355_cov_9.213970:100	NODE_2784_length_26355_cov_9.213970	100	117	14889	14989	1.97507248441318e-43	42.7044169613018	2.19452498268131e-44	195.31922718817	Modern	0.179692	< 0.25	< 0.25
0.050101	0.050101	NODE_2784_length_26355_cov_9.213970:115	NODE_2784_length_26355_cov_9.213970	115	117	14889	15004	4.51343352692066e-10	9.34549294937221	1.68878709364363e-10	40.797155727584	Historical	0	< 0.25	= 0.00
0.050101	0.050101	NODE_2784_length_26355_cov_9.213970:115	NODE_2784_length_26355_cov_9.213970	115	117	14889	15004	4.51343352692066e-10	9.34549294937221	1.68878709364363e-10	40.797155727584	Modern	0.050101	< 0.25	< 0.25
0.029987	0.029987	NODE_2784_length_26355_cov_9.213970:116	NODE_2784_length_26355_cov_9.213970	116	117	14889	15005	1.40580190382339e-05	4.8520758728707	7.53632644547296e-06	20.0520357438005	Historical	0	< 0.25	= 0.00
0.029987	0.029987	NODE_2784_length_26355_cov_9.213970:116	NODE_2784_length_26355_cov_9.213970	116	117	14889	15005	1.40580190382339e-05	4.8520758728707	7.53632644547296e-06	20.0520357438005	Modern	0.029987	< 0.25	< 0.25
0.047439	0.047439	NODE_2784_length_26355_cov_9.213970:117	NODE_2784_length_26355_cov_9.213970	117	117	14889	15006	8.55456001886308e-09	8.06780232233489	3.54205903914938e-09	34.8604358213304	Historical	0	< 0.25	= 0.00
0.047439	0.047439	NODE_2784_length_26355_cov_9.213970:117	NODE_2784_length_26355_cov_9.213970	117	117	14889	15006	8.55456001886308e-09	8.06780232233489	3.54205903914938e-09	34.8604358213304	Modern	0.047439	< 0.25	< 0.25
0.018683	0.018683	NODE_2789_length_26345_cov_8.074183:18	NODE_2789_length_26345_cov_8.074183	18	70	19852	19870	0.00855637312563052	2.06771028500875	0.00630555132525098	7.46084179607599	Historical	0	< 0.25	= 0.00
0.018683	0.018683	NODE_2789_length_26345_cov_8.074183:18	NODE_2789_length_26345_cov_8.074183	18	70	19852	19870	0.00855637312563052	2.06771028500875	0.00630555132525098	7.46084179607599	Modern	0.018683	< 0.25	< 0.25
0.017867	0.017867	NODE_2789_length_26345_cov_8.074183:46	NODE_2789_length_26345_cov_8.074183	46	70	19852	19898	0.00376866754013217	2.42381217293895	0.00258805304340783	9.07727573102151	Historical	0	< 0.25	= 0.00
0.017867	0.017867	NODE_2789_length_26345_cov_8.074183:46	NODE_2789_length_26345_cov_8.074183	46	70	19852	19898	0.00376866754013217	2.42381217293895	0.00258805304340783	9.07727573102151	Modern	0.017867	< 0.25	< 0.25
0.035688	0.035688	NODE_2789_length_26345_cov_8.074183:49	NODE_2789_length_26345_cov_8.074183	49	70	19852	19901	1.82987818291156e-06	5.73757782078882	9.11463539351484e-07	24.106621343093	Historical	0	< 0.25	= 0.00
0.035688	0.035688	NODE_2789_length_26345_cov_8.074183:49	NODE_2789_length_26345_cov_8.074183	49	70	19852	19901	1.82987818291156e-06	5.73757782078882	9.11463539351484e-07	24.106621343093	Modern	0.035688	< 0.25	< 0.25
0.04133	0.04133	NODE_2789_length_26345_cov_8.074183:65	NODE_2789_length_26345_cov_8.074183	65	70	19852	19917	1.56195843230104e-07	6.80633052798912	7.14970526466383e-08	29.0237311502011	Historical	0	< 0.25	= 0.00
0.04133	0.04133	NODE_2789_length_26345_cov_8.074183:65	NODE_2789_length_26345_cov_8.074183	65	70	19852	19917	1.56195843230104e-07	6.80633052798912	7.14970526466383e-08	29.0237311502011	Modern	0.04133	< 0.25	< 0.25
0.01756	0.01756	NODE_2789_length_26345_cov_8.074183:67	NODE_2789_length_26345_cov_8.074183	67	70	19852	19919	0.00488193209407083	2.31140826575771	0.00340761641893833	8.57525814257713	Historical	0	< 0.25	= 0.00
0.01756	0.01756	NODE_2789_length_26345_cov_8.074183:67	NODE_2789_length_26345_cov_8.074183	67	70	19852	19919	0.00488193209407083	2.31140826575771	0.00340761641893833	8.57525814257713	Modern	0.01756	< 0.25	< 0.25
0.018543	0.018543	NODE_2789_length_26345_cov_8.074183:70	NODE_2789_length_26345_cov_8.074183	70	70	19852	19922	0.00495659937208793	2.30481618247127	0.00347385597018129	8.54020976334729	Historical	0	< 0.25	= 0.00
0.018543	0.018543	NODE_2789_length_26345_cov_8.074183:70	NODE_2789_length_26345_cov_8.074183	70	70	19852	19922	0.00495659937208793	2.30481618247127	0.00347385597018129	8.54020976334729	Modern	0.018543	< 0.25	< 0.25
0.055749	0.055749	NODE_281_length_57631_cov_10.236025:57466	NODE_281_length_57631_cov_10.236025	57466	57529	0	57466	6.19618113169575e-07	6.2078758950855	2.98628862709933e-07	26.258555871547	Historical	3e-06	< 0.25	< 0.25
0.055749	0.055749	NODE_281_length_57631_cov_10.236025:57466	NODE_281_length_57631_cov_10.236025	57466	57529	0	57466	6.19618113169575e-07	6.2078758950855	2.98628862709933e-07	26.258555871547	Modern	0.055752	< 0.25	< 0.25
0.026826	0.026826	NODE_281_length_57631_cov_10.236025:57468	NODE_281_length_57631_cov_10.236025	57468	57529	0	57468	0.0413318816523486	1.38371482281822	0.033756332593561	4.50700330603663	Historical	0	< 0.25	= 0.00
0.026826	0.026826	NODE_281_length_57631_cov_10.236025:57468	NODE_281_length_57631_cov_10.236025	57468	57529	0	57468	0.0413318816523486	1.38371482281822	0.033756332593561	4.50700330603663	Modern	0.026826	< 0.25	< 0.25
0.082937	0.082937	NODE_281_length_57631_cov_10.236025:57472	NODE_281_length_57631_cov_10.236025	57472	57529	0	57472	0.187565678683282	0.726846627162234	0.158353170322353	1.98988245438872	Historical	0.018517	< 0.25	< 0.25
0.082937	0.082937	NODE_281_length_57631_cov_10.236025:57472	NODE_281_length_57631_cov_10.236025	57472	57529	0	57472	0.187565678683282	0.726846627162234	0.158353170322353	1.98988245438872	Modern	0.101454	< 0.25	< 0.25
0.05381	0.05381	NODE_281_length_57631_cov_10.236025:57477	NODE_281_length_57631_cov_10.236025	57477	57529	0	57477	0.000317345528928296	3.49846761606894	0.000193933378789514	13.8889688423709	Historical	0	< 0.25	= 0.00
0.05381	0.05381	NODE_281_length_57631_cov_10.236025:57477	NODE_281_length_57631_cov_10.236025	57477	57529	0	57477	0.000317345528928296	3.49846761606894	0.000193933378789514	13.8889688423709	Modern	0.05381	< 0.25	< 0.25
0.00974900000000001	-0.00974900000000001	NODE_281_length_57631_cov_10.236025:57482	NODE_281_length_57631_cov_10.236025	57482	57529	0	57482	0.999165688808028	0.000362487981788934	0.944339078587127	0.0048744551656476	Historical	0.122503	< 0.25	< 0.25
0.00974900000000001	-0.00974900000000001	NODE_281_length_57631_cov_10.236025:57482	NODE_281_length_57631_cov_10.236025	57482	57529	0	57482	0.999165688808028	0.000362487981788934	0.944339078587127	0.0048744551656476	Modern	0.112754	< 0.25	< 0.25
0.052785	-0.052785	NODE_281_length_57631_cov_10.236025:57489	NODE_281_length_57631_cov_10.236025	57489	57529	0	57489	0.836854246229053	0.0773501759022736	0.746652007912816	0.104365882175434	Historical	0.179756	< 0.25	< 0.25
0.052785	-0.052785	NODE_281_length_57631_cov_10.236025:57489	NODE_281_length_57631_cov_10.236025	57489	57529	0	57489	0.836854246229053	0.0773501759022736	0.746652007912816	0.104365882175434	Modern	0.126971	< 0.25	< 0.25
0.072673	0.072673	NODE_281_length_57631_cov_10.236025:57507	NODE_281_length_57631_cov_10.236025	57507	57529	0	57507	0.605481960057987	0.217898791850381	0.529006080962344	0.396300429162007	Historical	0.078866	< 0.25	< 0.25
0.072673	0.072673	NODE_281_length_57631_cov_10.236025:57507	NODE_281_length_57631_cov_10.236025	57507	57529	0	57507	0.605481960057987	0.217898791850381	0.529006080962344	0.396300429162007	Modern	0.151539	< 0.25	< 0.25
0.024528	0.024528	NODE_281_length_57631_cov_10.236025:57511	NODE_281_length_57631_cov_10.236025	57511	57529	0	57511	0.0572015684032047	1.24259206317343	0.0471247488981767	3.94092891370429	Historical	0	< 0.25	= 0.00
0.024528	0.024528	NODE_281_length_57631_cov_10.236025:57511	NODE_281_length_57631_cov_10.236025	57511	57529	0	57511	0.0572015684032047	1.24259206317343	0.0471247488981767	3.94092891370429	Modern	0.024528	< 0.25	< 0.25
0.027412	0.027412	NODE_281_length_57631_cov_10.236025:57525	NODE_281_length_57631_cov_10.236025	57525	57529	0	57525	0.041027220742392	1.38692790192475	0.0334685494945059	4.52164946261545	Historical	0	< 0.25	= 0.00
0.027412	0.027412	NODE_281_length_57631_cov_10.236025:57525	NODE_281_length_57631_cov_10.236025	57525	57529	0	57525	0.041027220742392	1.38692790192475	0.0334685494945059	4.52164946261545	Modern	0.027412	< 0.25	< 0.25
0.027366	0.027366	NODE_281_length_57631_cov_10.236025:57529	NODE_281_length_57631_cov_10.236025	57529	57529	0	57529	0.0412852824581561	1.3842047397807	0.0336986707243924	4.50992741647958	Historical	0	< 0.25	= 0.00
0.027366	0.027366	NODE_281_length_57631_cov_10.236025:57529	NODE_281_length_57631_cov_10.236025	57529	57529	0	57529	0.0412852824581561	1.3842047397807	0.0336986707243924	4.50992741647958	Modern	0.027366	< 0.25	< 0.25
0.030205	0.030205	NODE_283_length_57298_cov_11.615745:55901	NODE_283_length_57298_cov_11.615745	55901	56069	116	56017	4.41268216387215e-07	6.3552973527358	2.10576712948315e-07	26.9335041081011	Historical	0	< 0.25	= 0.00
0.030205	0.030205	NODE_283_length_57298_cov_11.615745:55901	NODE_283_length_57298_cov_11.615745	55901	56069	116	56017	4.41268216387215e-07	6.3552973527358	2.10576712948315e-07	26.9335041081011	Modern	0.030205	< 0.25	< 0.25
0.012662	0.012662	NODE_283_length_57298_cov_11.615745:55921	NODE_283_length_57298_cov_11.615745	55921	56069	116	56037	0.000339749163411009	3.46884160398893	0.000208269786307508	13.7549633135922	Historical	0	< 0.25	= 0.00
0.012662	0.012662	NODE_283_length_57298_cov_11.615745:55921	NODE_283_length_57298_cov_11.615745	55921	56069	116	56037	0.000339749163411009	3.46884160398893	0.000208269786307508	13.7549633135922	Modern	0.012662	< 0.25	< 0.25
0.111311	0.111311	NODE_283_length_57298_cov_11.615745:55922	NODE_283_length_57298_cov_11.615745	55922	56069	116	56038	8.86242075364411e-66	65.0524476351837	6.14393841420722e-67	298.757615941199	Historical	0	< 0.25	= 0.00
0.111311	0.111311	NODE_283_length_57298_cov_11.615745:55922	NODE_283_length_57298_cov_11.615745	55922	56069	116	56038	8.86242075364411e-66	65.0524476351837	6.14393841420722e-67	298.757615941199	Modern	0.111311	< 0.25	< 0.25
0.139288	0.139288	NODE_283_length_57298_cov_11.615745:55923	NODE_283_length_57298_cov_11.615745	55923	56069	116	56039	2.89680026694374e-86	85.5380814481703	1.33423374118491e-87	393.641020894611	Historical	0	< 0.25	= 0.00
0.139288	0.139288	NODE_283_length_57298_cov_11.615745:55923	NODE_283_length_57298_cov_11.615745	55923	56069	116	56039	2.89680026694374e-86	85.5380814481703	1.33423374118491e-87	393.641020894611	Modern	0.139288	< 0.25	< 0.25
0.133506	0.133506	NODE_283_length_57298_cov_11.615745:55924	NODE_283_length_57298_cov_11.615745	55924	56069	116	56040	2.13184221744528e-83	82.6712449415913	1.03251617369145e-84	380.372340991801	Historical	0	< 0.25	= 0.00
0.133506	0.133506	NODE_283_length_57298_cov_11.615745:55924	NODE_283_length_57298_cov_11.615745	55924	56069	116	56040	2.13184221744528e-83	82.6712449415913	1.03251617369145e-84	380.372340991801	Modern	0.133506	< 0.25	< 0.25
0.038114	0.038114	NODE_283_length_57298_cov_11.615745:55928	NODE_283_length_57298_cov_11.615745	55928	56069	116	56044	1.23806566982696e-20	19.9072563187351	2.7512570440599e-21	89.7145391319481	Historical	0	< 0.25	= 0.00
0.038114	0.038114	NODE_283_length_57298_cov_11.615745:55928	NODE_283_length_57298_cov_11.615745	55928	56069	116	56044	1.23806566982696e-20	19.9072563187351	2.7512570440599e-21	89.7145391319481	Modern	0.038114	< 0.25	< 0.25
0.012545	0.012545	NODE_283_length_57298_cov_11.615745:55935	NODE_283_length_57298_cov_11.615745	55935	56069	116	56051	1.37322214916094e-05	4.86225920030834	7.34210892666293e-06	20.101967959435	Historical	0	< 0.25	= 0.00
0.012545	0.012545	NODE_283_length_57298_cov_11.615745:55935	NODE_283_length_57298_cov_11.615745	55935	56069	116	56051	1.37322214916094e-05	4.86225920030834	7.34210892666293e-06	20.101967959435	Modern	0.012545	< 0.25	< 0.25
0.154346	0.154346	NODE_283_length_57298_cov_11.615745:56012	NODE_283_length_57298_cov_11.615745	56012	56069	116	56128	8.19705684374919e-195	194.086342053221	9.3413753205119e-197	895.49842929078	Historical	0	< 0.25	= 0.00
0.154346	0.154346	NODE_283_length_57298_cov_11.615745:56012	NODE_283_length_57298_cov_11.615745	56012	56069	116	56128	8.19705684374919e-195	194.086342053221	9.3413753205119e-197	895.49842929078	Modern	0.154346	< 0.25	< 0.25
0.050009	0.050009	NODE_283_length_57298_cov_11.615745:56013	NODE_283_length_57298_cov_11.615745	56013	56069	116	56129	2.30302664638406e-48	47.6377010371506	2.29646531690719e-49	218.144789695104	Historical	0	< 0.25	= 0.00
0.050009	0.050009	NODE_283_length_57298_cov_11.615745:56013	NODE_283_length_57298_cov_11.615745	56013	56069	116	56129	2.30302664638406e-48	47.6377010371506	2.29646531690719e-49	218.144789695104	Modern	0.050009	< 0.25	< 0.25
0.045607	0.045607	NODE_283_length_57298_cov_11.615745:56015	NODE_283_length_57298_cov_11.615745	56015	56069	116	56131	2.93708488010245e-43	42.5320835024294	3.29132018852886e-44	194.512677434852	Historical	0	< 0.25	= 0.00
0.045607	0.045607	NODE_283_length_57298_cov_11.615745:56015	NODE_283_length_57298_cov_11.615745	56015	56069	116	56131	2.93708488010245e-43	42.5320835024294	3.29132018852886e-44	194.512677434852	Modern	0.045607	< 0.25	< 0.25
0.042068	0.042068	NODE_283_length_57298_cov_11.615745:56016	NODE_283_length_57298_cov_11.615745	56016	56069	116	56132	2.76369260262917e-39	38.558510263905	3.46445796340978e-40	176.087927845795	Historical	0	< 0.25	= 0.00
0.042068	0.042068	NODE_283_length_57298_cov_11.615745:56016	NODE_283_length_57298_cov_11.615745	56016	56069	116	56132	2.76369260262917e-39	38.558510263905	3.46445796340978e-40	176.087927845795	Modern	0.042068	< 0.25	< 0.25
0.051762	0.051762	NODE_283_length_57298_cov_11.615745:56021	NODE_283_length_57298_cov_11.615745	56021	56069	116	56137	2.7485661974222e-49	48.5608937988733	2.66242879522379e-50	222.43492193726	Historical	0	< 0.25	= 0.00
0.051762	0.051762	NODE_283_length_57298_cov_11.615745:56021	NODE_283_length_57298_cov_11.615745	56021	56069	116	56137	2.7485661974222e-49	48.5608937988733	2.66242879522379e-50	222.43492193726	Modern	0.051762	< 0.25	< 0.25
0.014388	0.014388	NODE_283_length_57298_cov_11.615745:56069	NODE_283_length_57298_cov_11.615745	56069	56069	116	56185	5.57709331833283e-05	4.2535920886449	3.14075625619313e-05	17.3306763488925	Historical	0	< 0.25	= 0.00
0.014388	0.014388	NODE_283_length_57298_cov_11.615745:56069	NODE_283_length_57298_cov_11.615745	56069	56069	116	56185	5.57709331833283e-05	4.2535920886449	3.14075625619313e-05	17.3306763488925	Modern	0.014388	< 0.25	< 0.25
0.014331	0.014331	NODE_2852_length_26054_cov_10.423233:320	NODE_2852_length_26054_cov_10.423233	320	320	232	552	0.0317777989319107	1.4978761872051	0.0256817729259791	4.97731762592033	Historical	0	< 0.25	= 0.00
0.014331	0.014331	NODE_2852_length_26054_cov_10.423233:320	NODE_2852_length_26054_cov_10.423233	320	320	232	552	0.0317777989319107	1.4978761872051	0.0256817729259791	4.97731762592033	Modern	0.014331	< 0.25	< 0.25
0.042288	0.042288	NODE_2862_length_26020_cov_7.456078:16026	NODE_2862_length_26020_cov_7.456078	16026	16067	348	16374	6.06188934205427e-08	7.21739199580968	2.67690270090716e-08	30.9286532672492	Historical	0	< 0.25	= 0.00
0.042288	0.042288	NODE_2862_length_26020_cov_7.456078:16026	NODE_2862_length_26020_cov_7.456078	16026	16067	348	16374	6.06188934205427e-08	7.21739199580968	2.67690270090716e-08	30.9286532672492	Modern	0.042288	< 0.25	< 0.25
0.04483	0.04483	NODE_2862_length_26020_cov_7.456078:16031	NODE_2862_length_26020_cov_7.456078	16031	16067	348	16379	3.16336254043975e-09	8.4998510324631	1.26474418758322e-09	36.8669091134452	Historical	0	< 0.25	= 0.00
0.04483	0.04483	NODE_2862_length_26020_cov_7.456078:16031	NODE_2862_length_26020_cov_7.456078	16031	16067	348	16379	3.16336254043975e-09	8.4998510324631	1.26474418758322e-09	36.8669091134452	Modern	0.04483	< 0.25	< 0.25
0	0	NODE_2862_length_26020_cov_7.456078:16036	NODE_2862_length_26020_cov_7.456078	16036	16067	348	16384	0.999165688808028	0.000362487981788934	0.978935937005114	0.000697116047201615	Historical	0	< 0.25	= 0.00
0	0	NODE_2862_length_26020_cov_7.456078:16036	NODE_2862_length_26020_cov_7.456078	16036	16067	348	16384	0.999165688808028	0.000362487981788934	0.978935937005114	0.000697116047201615	Modern	0	< 0.25	= 0.00
0.01364	0.01364	NODE_2862_length_26020_cov_7.456078:16055	NODE_2862_length_26020_cov_7.456078	16055	16067	348	16403	0.0106056176635648	1.97446403341178	0.0079416234831157	7.04659137449676	Historical	0	< 0.25	= 0.00
0.01364	0.01364	NODE_2862_length_26020_cov_7.456078:16055	NODE_2862_length_26020_cov_7.456078	16055	16067	348	16403	0.0106056176635648	1.97446403341178	0.0079416234831157	7.04659137449676	Modern	0.01364	< 0.25	< 0.25
0.014881	0.014881	NODE_2862_length_26020_cov_7.456078:16061	NODE_2862_length_26020_cov_7.456078	16061	16067	348	16409	0.0065644993174286	2.18279839249455	0.00471920796134231	7.98401824763494	Historical	0	< 0.25	= 0.00
0.014881	0.014881	NODE_2862_length_26020_cov_7.456078:16061	NODE_2862_length_26020_cov_7.456078	16061	16067	348	16409	0.0065644993174286	2.18279839249455	0.00471920796134231	7.98401824763494	Modern	0.014881	< 0.25	< 0.25
0.014741	0.014741	NODE_2862_length_26020_cov_7.456078:16067	NODE_2862_length_26020_cov_7.456078	16067	16067	348	16415	0.00971953553537424	2.01235448808232	0.00724580759284785	7.21100090440135	Historical	0	< 0.25	= 0.00
0.014741	0.014741	NODE_2862_length_26020_cov_7.456078:16067	NODE_2862_length_26020_cov_7.456078	16067	16067	348	16415	0.00971953553537424	2.01235448808232	0.00724580759284785	7.21100090440135	Modern	0.014741	< 0.25	< 0.25
0.043193	0.043193	NODE_2876_length_25980_cov_82.342297:4447	NODE_2876_length_25980_cov_82.342297	4447	4756	464	4911	3.24059304787012e-09	8.48937550403759	1.29716046503063e-09	36.817568454154	Historical	0	< 0.25	= 0.00
0.043193	0.043193	NODE_2876_length_25980_cov_82.342297:4447	NODE_2876_length_25980_cov_82.342297	4447	4756	464	4911	3.24059304787012e-09	8.48937550403759	1.29716046503063e-09	36.817568454154	Modern	0.043193	< 0.25	< 0.25
0.014342	0.014342	NODE_2876_length_25980_cov_82.342297:4459	NODE_2876_length_25980_cov_82.342297	4459	4756	464	4923	0.0018644629611017	2.72944623978936	0.001224383796393	10.4531816576571	Historical	0	< 0.25	= 0.00
0.014342	0.014342	NODE_2876_length_25980_cov_82.342297:4459	NODE_2876_length_25980_cov_82.342297	4459	4756	464	4923	0.0018644629611017	2.72944623978936	0.001224383796393	10.4531816576571	Modern	0.014342	< 0.25	< 0.25
0.148475	-0.148475	NODE_2876_length_25980_cov_82.342297:4708	NODE_2876_length_25980_cov_82.342297	4708	4756	464	5172	0.377771908293848	0.42277034002606	0.322702594026891	0.977961514775528	Historical	0.148476	< 0.25	< 0.25
0.148475	-0.148475	NODE_2876_length_25980_cov_82.342297:4708	NODE_2876_length_25980_cov_82.342297	4708	4756	464	5172	0.377771908293848	0.42277034002606	0.322702594026891	0.977961514775528	Modern	1e-06	< 0.25	< 0.25
0.033921	0.033921	NODE_2876_length_25980_cov_82.342297:4756	NODE_2876_length_25980_cov_82.342297	4756	4756	464	5220	7.07500173973934e-05	4.15027344901087	4.0313400226435e-05	16.8565763688333	Historical	0	< 0.25	= 0.00
0.033921	0.033921	NODE_2876_length_25980_cov_82.342297:4756	NODE_2876_length_25980_cov_82.342297	4756	4756	464	5220	7.07500173973934e-05	4.15027344901087	4.0313400226435e-05	16.8565763688333	Modern	0.033921	< 0.25	< 0.25
0.491343	0.491343	NODE_289_length_56837_cov_8.634319:162	NODE_289_length_56837_cov_8.634319	162	171	580	742	0.0247512843612908	1.60640226030419	0.0197093560654723	5.4374559686336	Historical	0.500005	0.25–0.75	0.25–0.75
0.491343	0.491343	NODE_289_length_56837_cov_8.634319:162	NODE_289_length_56837_cov_8.634319	162	171	580	742	0.0247512843612908	1.60640226030419	0.0197093560654723	5.4374559686336	Modern	0.991348	> 0.75	> 0.75
0	0	NODE_289_length_56837_cov_8.634319:163	NODE_289_length_56837_cov_8.634319	163	171	580	743	0.999165688808028	0.000362487981788934	0.99351107441791	6.61416521560606e-05	Historical	1	> 0.75	= 1.00
0	0	NODE_289_length_56837_cov_8.634319:163	NODE_289_length_56837_cov_8.634319	163	171	580	743	0.999165688808028	0.000362487981788934	0.99351107441791	6.61416521560606e-05	Modern	1	> 0.75	= 1.00
0.022637	0.022637	NODE_289_length_56837_cov_8.634319:171	NODE_289_length_56837_cov_8.634319	171	171	580	751	1.59768347754152e-34	33.7965092560439	2.33659312005123e-35	153.982363771891	Historical	0	< 0.25	= 0.00
0.022637	0.022637	NODE_289_length_56837_cov_8.634319:171	NODE_289_length_56837_cov_8.634319	171	171	580	751	1.59768347754152e-34	33.7965092560439	2.33659312005123e-35	153.982363771891	Modern	0.022637	< 0.25	< 0.25
0.068435	0.068435	NODE_2905_length_25868_cov_9.979394:1223	NODE_2905_length_25868_cov_9.979394	1223	1223	812	2035	3.35370277261594e-20	19.474475430082	7.58006894475397e-21	87.7097274002286	Historical	0	< 0.25	= 0.00
0.068435	0.068435	NODE_2905_length_25868_cov_9.979394:1223	NODE_2905_length_25868_cov_9.979394	1223	1223	812	2035	3.35370277261594e-20	19.474475430082	7.58006894475397e-21	87.7097274002286	Modern	0.068435	< 0.25	< 0.25
0.07013	0.07013	NODE_2909_length_25857_cov_9.810700:5248	NODE_2909_length_25857_cov_9.810700	5248	5397	928	6176	5.41788481935149e-06	5.2661702320182	2.80412842027214e-06	21.9461227816679	Historical	0	< 0.25	= 0.00
0.07013	0.07013	NODE_2909_length_25857_cov_9.810700:5248	NODE_2909_length_25857_cov_9.810700	5248	5397	928	6176	5.41788481935149e-06	5.2661702320182	2.80412842027214e-06	21.9461227816679	Modern	0.07013	< 0.25	< 0.25
0.073292	-0.073292	NODE_2909_length_25857_cov_9.810700:5263	NODE_2909_length_25857_cov_9.810700	5263	5397	928	6191	0.783696004916972	0.105852367149312	0.695502294961928	0.153193215764317	Historical	0.264446	0.25–0.75	0.25–0.75
0.073292	-0.073292	NODE_2909_length_25857_cov_9.810700:5263	NODE_2909_length_25857_cov_9.810700	5263	5397	928	6191	0.783696004916972	0.105852367149312	0.695502294961928	0.153193215764317	Modern	0.191154	< 0.25	< 0.25
0.039936	0.039936	NODE_2909_length_25857_cov_9.810700:5272	NODE_2909_length_25857_cov_9.810700	5272	5397	928	6200	0.00270752727079468	2.56742716037356	0.00181916006086157	9.72360840371816	Historical	0	< 0.25	= 0.00
0.039936	0.039936	NODE_2909_length_25857_cov_9.810700:5272	NODE_2909_length_25857_cov_9.810700	5272	5397	928	6200	0.00270752727079468	2.56742716037356	0.00181916006086157	9.72360840371816	Modern	0.039936	< 0.25	< 0.25
0.116205	0.116205	NODE_2909_length_25857_cov_9.810700:5280	NODE_2909_length_25857_cov_9.810700	5280	5397	928	6208	0.52139901980668	0.282829789609865	0.450344167629796	0.569785494773415	Historical	0.154885	< 0.25	< 0.25
0.116205	0.116205	NODE_2909_length_25857_cov_9.810700:5280	NODE_2909_length_25857_cov_9.810700	5280	5397	928	6208	0.52139901980668	0.282829789609865	0.450344167629796	0.569785494773415	Modern	0.27109	0.25–0.75	0.25–0.75
0.183893	-0.183893	NODE_2909_length_25857_cov_9.810700:5327	NODE_2909_length_25857_cov_9.810700	5327	5397	928	6255	0.444525732725812	0.352103093507374	0.38204728216226	0.764103832899963	Historical	0.437629	0.25–0.75	0.25–0.75
0.183893	-0.183893	NODE_2909_length_25857_cov_9.810700:5327	NODE_2909_length_25857_cov_9.810700	5327	5397	928	6255	0.444525732725812	0.352103093507374	0.38204728216226	0.764103832899963	Modern	0.253736	0.25–0.75	0.25–0.75
0.079954	0.079954	NODE_2909_length_25857_cov_9.810700:5329	NODE_2909_length_25857_cov_9.810700	5329	5397	928	6257	2.08493425252672e-09	8.6809076357574	8.19717740309649e-10	37.712637846185	Historical	0	< 0.25	= 0.00
0.079954	0.079954	NODE_2909_length_25857_cov_9.810700:5329	NODE_2909_length_25857_cov_9.810700	5329	5397	928	6257	2.08493425252672e-09	8.6809076357574	8.19717740309649e-10	37.712637846185	Modern	0.079954	< 0.25	< 0.25
0.017238	0.017238	NODE_2909_length_25857_cov_9.810700:5350	NODE_2909_length_25857_cov_9.810700	5350	5397	928	6278	0.122266451692777	0.912692691315378	0.102527328437533	2.66578345460637	Historical	0	< 0.25	= 0.00
0.017238	0.017238	NODE_2909_length_25857_cov_9.810700:5350	NODE_2909_length_25857_cov_9.810700	5350	5397	928	6278	0.122266451692777	0.912692691315378	0.102527328437533	2.66578345460637	Modern	0.017238	< 0.25	< 0.25
0.00833400000000001	0.00833400000000001	NODE_2909_length_25857_cov_9.810700:5353	NODE_2909_length_25857_cov_9.810700	5353	5397	928	6281	0.999165688808028	0.000362487981788934	0.936067940952448	0.00643410721929434	Historical	0.063938	< 0.25	< 0.25
0.00833400000000001	0.00833400000000001	NODE_2909_length_25857_cov_9.810700:5353	NODE_2909_length_25857_cov_9.810700	5353	5397	928	6281	0.999165688808028	0.000362487981788934	0.936067940952448	0.00643410721929434	Modern	0.072272	< 0.25	< 0.25
0.109761	0.109761	NODE_2909_length_25857_cov_9.810700:5385	NODE_2909_length_25857_cov_9.810700	5385	5397	928	6313	2.71253554985024e-11	10.5666245613452	9.5183464925894e-12	46.4251999792989	Historical	0	< 0.25	= 0.00
0.109761	0.109761	NODE_2909_length_25857_cov_9.810700:5385	NODE_2909_length_25857_cov_9.810700	5385	5397	928	6313	2.71253554985024e-11	10.5666245613452	9.5183464925894e-12	46.4251999792989	Modern	0.109761	< 0.25	< 0.25
0.00416799999999999	-0.00416799999999999	NODE_2909_length_25857_cov_9.810700:5397	NODE_2909_length_25857_cov_9.810700	5397	5397	928	6325	0.999165688808028	0.000362487981788934	0.971205452136373	0.00130295377849149	Historical	0.080121	< 0.25	< 0.25
0.00416799999999999	-0.00416799999999999	NODE_2909_length_25857_cov_9.810700:5397	NODE_2909_length_25857_cov_9.810700	5397	5397	928	6325	0.999165688808028	0.000362487981788934	0.971205452136373	0.00130295377849149	Modern	0.075953	< 0.25	< 0.25
0.05906	0.05906	NODE_2910_length_25854_cov_9.928130:3111	NODE_2910_length_25854_cov_9.928130	3111	3120	1044	4155	4.00702192475688e-10	9.39717828128208	1.49169287227417e-10	41.0396859706013	Historical	0	< 0.25	= 0.00
0.05906	0.05906	NODE_2910_length_25854_cov_9.928130:3111	NODE_2910_length_25854_cov_9.928130	3111	3120	1044	4155	4.00702192475688e-10	9.39717828128208	1.49169287227417e-10	41.0396859706013	Modern	0.05906	< 0.25	< 0.25
0.125082	0.125082	NODE_2910_length_25854_cov_9.928130:3119	NODE_2910_length_25854_cov_9.928130	3119	3120	1044	4163	1.61283083820763e-28	27.7924111812072	2.7952671222497e-29	126.189168373913	Historical	0	< 0.25	= 0.00
0.125082	0.125082	NODE_2910_length_25854_cov_9.928130:3119	NODE_2910_length_25854_cov_9.928130	3119	3120	1044	4163	1.61283083820763e-28	27.7924111812072	2.7952671222497e-29	126.189168373913	Modern	0.125082	< 0.25	< 0.25
0.213181	0.213181	NODE_2910_length_25854_cov_9.928130:3120	NODE_2910_length_25854_cov_9.928130	3120	3120	1044	4164	2.25469287155204e-60	59.6469126082314	1.83073352818328e-61	273.635325511166	Historical	1e-06	< 0.25	< 0.25
0.213181	0.213181	NODE_2910_length_25854_cov_9.928130:3120	NODE_2910_length_25854_cov_9.928130	3120	3120	1044	4164	2.25469287155204e-60	59.6469126082314	1.83073352818328e-61	273.635325511166	Modern	0.213182	< 0.25	< 0.25
0	0	NODE_2914_length_25837_cov_14.880877:19465	NODE_2914_length_25837_cov_14.880877	19465	19587	0	19465	0.999165688808028	0.000362487981788934	0.979307784142857	0.000672715227820202	Historical	0	< 0.25	= 0.00
0	0	NODE_2914_length_25837_cov_14.880877:19465	NODE_2914_length_25837_cov_14.880877	19465	19587	0	19465	0.999165688808028	0.000362487981788934	0.979307784142857	0.000672715227820202	Modern	0	< 0.25	= 0.00
0.143065	0.143065	NODE_2914_length_25837_cov_14.880877:19471	NODE_2914_length_25837_cov_14.880877	19471	19587	0	19471	1.04620324211249e-43	42.9803839384575	1.15251259340028e-44	196.600794710314	Historical	0	< 0.25	= 0.00
0.143065	0.143065	NODE_2914_length_25837_cov_14.880877:19471	NODE_2914_length_25837_cov_14.880877	19471	19587	0	19471	1.04620324211249e-43	42.9803839384575	1.15251259340028e-44	196.600794710314	Modern	0.143065	< 0.25	< 0.25
0.02873	0.02873	NODE_2914_length_25837_cov_14.880877:19472	NODE_2914_length_25837_cov_14.880877	19472	19587	0	19472	2.95854949563589e-06	5.52892116071121	1.50456149564389e-06	23.1421502418085	Historical	0	< 0.25	= 0.00
0.02873	0.02873	NODE_2914_length_25837_cov_14.880877:19472	NODE_2914_length_25837_cov_14.880877	19472	19587	0	19472	2.95854949563589e-06	5.52892116071121	1.50456149564389e-06	23.1421502418085	Modern	0.02873	< 0.25	< 0.25
0.013125	0.013125	NODE_2914_length_25837_cov_14.880877:19486	NODE_2914_length_25837_cov_14.880877	19486	19587	0	19486	0.00158222535042599	2.80073166149785	0.00103002419536279	10.7728027302111	Historical	0	< 0.25	= 0.00
0.013125	0.013125	NODE_2914_length_25837_cov_14.880877:19486	NODE_2914_length_25837_cov_14.880877	19486	19587	0	19486	0.00158222535042599	2.80073166149785	0.00103002419536279	10.7728027302111	Modern	0.013125	< 0.25	< 0.25
0.002063	0.002063	NODE_2914_length_25837_cov_14.880877:19526	NODE_2914_length_25837_cov_14.880877	19526	19587	0	19526	0.430638324864163	0.365887322546969	0.36949831577851	0.805350975561341	Historical	0	< 0.25	= 0.00
0.002063	0.002063	NODE_2914_length_25837_cov_14.880877:19526	NODE_2914_length_25837_cov_14.880877	19526	19587	0	19526	0.430638324864163	0.365887322546969	0.36949831577851	0.805350975561341	Modern	0.002063	< 0.25	< 0.25
0.015823	0.015823	NODE_2914_length_25837_cov_14.880877:19569	NODE_2914_length_25837_cov_14.880877	19569	19587	0	19569	7.25271986909251e-06	5.13949909651548	3.8019956008918e-06	21.3621701163509	Historical	0	< 0.25	= 0.00
0.015823	0.015823	NODE_2914_length_25837_cov_14.880877:19569	NODE_2914_length_25837_cov_14.880877	19569	19587	0	19569	7.25271986909251e-06	5.13949909651548	3.8019956008918e-06	21.3621701163509	Modern	0.015823	< 0.25	< 0.25
0.022958	0.022958	NODE_2914_length_25837_cov_14.880877:19571	NODE_2914_length_25837_cov_14.880877	19571	19587	0	19571	5.89823604278642e-09	8.22927785131145	2.40298505446854e-09	35.6160579654833	Historical	0	< 0.25	= 0.00
0.022958	0.022958	NODE_2914_length_25837_cov_14.880877:19571	NODE_2914_length_25837_cov_14.880877	19571	19587	0	19571	5.89823604278642e-09	8.22927785131145	2.40298505446854e-09	35.6160579654833	Modern	0.022958	< 0.25	< 0.25
0.29046	0.29046	NODE_2914_length_25837_cov_14.880877:19575	NODE_2914_length_25837_cov_14.880877	19575	19587	0	19575	0.00445847364858756	2.35081379587349	0.00309298670493183	8.75178789494055	Historical	0.056765	< 0.25	< 0.25
0.29046	0.29046	NODE_2914_length_25837_cov_14.880877:19575	NODE_2914_length_25837_cov_14.880877	19575	19587	0	19575	0.00445847364858756	2.35081379587349	0.00309298670493183	8.75178789494055	Modern	0.347225	0.25–0.75	0.25–0.75
0.124873	-0.124873	NODE_2914_length_25837_cov_14.880877:19581	NODE_2914_length_25837_cov_14.880877	19581	19587	0	19581	0.632075595358335	0.199230977597909	0.553441309516035	0.351188162521746	Historical	0.532802	0.25–0.75	0.25–0.75
0.124873	-0.124873	NODE_2914_length_25837_cov_14.880877:19581	NODE_2914_length_25837_cov_14.880877	19581	19587	0	19581	0.632075595358335	0.199230977597909	0.553441309516035	0.351188162521746	Modern	0.407929	0.25–0.75	0.25–0.75
0.065057	0.065057	NODE_2914_length_25837_cov_14.880877:19587	NODE_2914_length_25837_cov_14.880877	19587	19587	0	19587	1.16134121865553e-24	23.9350401595836	2.26643514182063e-25	108.337947143133	Historical	0	< 0.25	= 0.00
0.065057	0.065057	NODE_2914_length_25837_cov_14.880877:19587	NODE_2914_length_25837_cov_14.880877	19587	19587	0	19587	1.16134121865553e-24	23.9350401595836	2.26643514182063e-25	108.337947143133	Modern	0.065057	< 0.25	< 0.25
0.144925	0.144925	NODE_2920_length_25806_cov_6.982456:25711	NODE_2920_length_25806_cov_6.982456	25711	25736	72033	97744	3.04444996580719e-49	48.5164911589891	2.96349593062903e-50	222.221611250676	Historical	0	< 0.25	= 0.00
0.144925	0.144925	NODE_2920_length_25806_cov_6.982456:25711	NODE_2920_length_25806_cov_6.982456	25711	25736	72033	97744	3.04444996580719e-49	48.5164911589891	2.96349593062903e-50	222.221611250676	Modern	0.144925	< 0.25	< 0.25
0.052387	-0.052387	NODE_2920_length_25806_cov_6.982456:25715	NODE_2920_length_25806_cov_6.982456	25715	25736	72033	97748	0.897546662267269	0.0469429637653542	0.804212037843465	0.0614542447186507	Historical	0.5	0.25–0.75	0.25–0.75
0.052387	-0.052387	NODE_2920_length_25806_cov_6.982456:25715	NODE_2920_length_25806_cov_6.982456	25715	25736	72033	97748	0.897546662267269	0.0469429637653542	0.804212037843465	0.0614542447186507	Modern	0.447613	0.25–0.75	0.25–0.75
0.025867	0.025867	NODE_2920_length_25806_cov_6.982456:25725	NODE_2920_length_25806_cov_6.982456	25725	25736	72033	97758	2.52574301667244e-07	6.59761083910082	1.18011924425721e-07	28.0534273294724	Historical	0	< 0.25	= 0.00
0.025867	0.025867	NODE_2920_length_25806_cov_6.982456:25725	NODE_2920_length_25806_cov_6.982456	25725	25736	72033	97758	2.52574301667244e-07	6.59761083910082	1.18011924425721e-07	28.0534273294724	Modern	0.025867	< 0.25	< 0.25
0.214299	0.214299	NODE_2920_length_25806_cov_6.982456:25726	NODE_2920_length_25806_cov_6.982456	25726	25736	72033	97759	1.10912701526913e-80	79.955018716365	5.63516574709385e-82	367.801375129982	Historical	0	< 0.25	= 0.00
0.214299	0.214299	NODE_2920_length_25806_cov_6.982456:25726	NODE_2920_length_25806_cov_6.982456	25726	25736	72033	97759	1.10912701526913e-80	79.955018716365	5.63516574709385e-82	367.801375129982	Modern	0.214299	< 0.25	< 0.25
0.135558	0.135558	NODE_2920_length_25806_cov_6.982456:25731	NODE_2920_length_25806_cov_6.982456	25731	25736	72033	97764	5.91510093208116e-48	47.2280378404068	5.98250948971171e-49	216.238549484255	Historical	0	< 0.25	= 0.00
0.135558	0.135558	NODE_2920_length_25806_cov_6.982456:25731	NODE_2920_length_25806_cov_6.982456	25731	25736	72033	97764	5.91510093208116e-48	47.2280378404068	5.98250948971171e-49	216.238549484255	Modern	0.135558	< 0.25	< 0.25
0.026011	0.026011	NODE_2920_length_25806_cov_6.982456:25732	NODE_2920_length_25806_cov_6.982456	25732	25736	72033	97765	1.56928918011307e-07	6.80429701960286	7.19071252995779e-08	29.0126520227403	Historical	0	< 0.25	= 0.00
0.026011	0.026011	NODE_2920_length_25806_cov_6.982456:25732	NODE_2920_length_25806_cov_6.982456	25732	25736	72033	97765	1.56928918011307e-07	6.80429701960286	7.19071252995779e-08	29.0126520227403	Modern	0.026011	< 0.25	< 0.25
0.037845	0.037845	NODE_2920_length_25806_cov_6.982456:25735	NODE_2920_length_25806_cov_6.982456	25735	25736	72033	97768	1.25595114640949e-11	10.9010272533197	4.27595903122318e-12	47.9936768994419	Historical	0	< 0.25	= 0.00
0.037845	0.037845	NODE_2920_length_25806_cov_6.982456:25735	NODE_2920_length_25806_cov_6.982456	25735	25736	72033	97768	1.25595114640949e-11	10.9010272533197	4.27595903122318e-12	47.9936768994419	Modern	0.037845	< 0.25	< 0.25
0.026671	0.026671	NODE_2920_length_25806_cov_6.982456:25736	NODE_2920_length_25806_cov_6.982456	25736	25736	72033	97769	6.69832884191543e-08	7.17403353539818	2.96431266888185e-08	30.7307418181615	Historical	0	< 0.25	= 0.00
0.026671	0.026671	NODE_2920_length_25806_cov_6.982456:25736	NODE_2920_length_25806_cov_6.982456	25736	25736	72033	97769	6.69832884191543e-08	7.17403353539818	2.96431266888185e-08	30.7307418181615	Modern	0.026671	< 0.25	< 0.25
0.077568	-0.077568	NODE_2930_length_25773_cov_9.479980:129	NODE_2930_length_25773_cov_9.479980	129	129	144066	144195	0.633998073579907	0.197912061731654	0.555425662751628	0.347686524939443	Historical	0.106765	< 0.25	< 0.25
0.077568	-0.077568	NODE_2930_length_25773_cov_9.479980:129	NODE_2930_length_25773_cov_9.479980	129	129	144066	144195	0.633998073579907	0.197912061731654	0.555425662751628	0.347686524939443	Modern	0.029197	< 0.25	< 0.25
0.013126	0.013126	NODE_2953_length_25685_cov_14.703392:5238	NODE_2953_length_25685_cov_14.703392	5238	5403	216099	221337	0.00324986717148045	2.48813438913557	0.00221132937166737	9.3652905973716	Historical	0	< 0.25	= 0.00
0.013126	0.013126	NODE_2953_length_25685_cov_14.703392:5238	NODE_2953_length_25685_cov_14.703392	5238	5403	216099	221337	0.00324986717148045	2.48813438913557	0.00221132937166737	9.3652905973716	Modern	0.013126	< 0.25	< 0.25
0.013651	0.013651	NODE_2953_length_25685_cov_14.703392:5259	NODE_2953_length_25685_cov_14.703392	5259	5403	216099	221358	0.00571968807398059	2.24262765502565	0.00406298829946579	8.25544783630315	Historical	0	< 0.25	= 0.00
0.013651	0.013651	NODE_2953_length_25685_cov_14.703392:5259	NODE_2953_length_25685_cov_14.703392	5259	5403	216099	221358	0.00571968807398059	2.24262765502565	0.00406298829946579	8.25544783630315	Modern	0.013651	< 0.25	< 0.25
0.024502	0.024502	NODE_2953_length_25685_cov_14.703392:5316	NODE_2953_length_25685_cov_14.703392	5316	5403	216099	221415	5.38119641571413e-09	8.26912115575057	2.18722893250299e-09	35.7993318512818	Historical	0	< 0.25	= 0.00
0.024502	0.024502	NODE_2953_length_25685_cov_14.703392:5316	NODE_2953_length_25685_cov_14.703392	5316	5403	216099	221415	5.38119641571413e-09	8.26912115575057	2.18722893250299e-09	35.7993318512818	Modern	0.024502	< 0.25	< 0.25
0.011922	0.011922	NODE_2953_length_25685_cov_14.703392:5319	NODE_2953_length_25685_cov_14.703392	5319	5403	216099	221418	0.000641807349568104	3.19259531394884	0.000402577164662614	12.5201936370366	Historical	0	< 0.25	= 0.00
0.011922	0.011922	NODE_2953_length_25685_cov_14.703392:5319	NODE_2953_length_25685_cov_14.703392	5319	5403	216099	221418	0.000641807349568104	3.19259531394884	0.000402577164662614	12.5201936370366	Modern	0.011922	< 0.25	< 0.25
0.074664	0.074664	NODE_2953_length_25685_cov_14.703392:5360	NODE_2953_length_25685_cov_14.703392	5360	5403	216099	221459	9.09486794771463e-43	42.0412036022624	1.03213363699136e-43	192.238470556743	Historical	0	< 0.25	= 0.00
0.074664	0.074664	NODE_2953_length_25685_cov_14.703392:5360	NODE_2953_length_25685_cov_14.703392	5360	5403	216099	221459	9.09486794771463e-43	42.0412036022624	1.03213363699136e-43	192.238470556743	Modern	0.074664	< 0.25	< 0.25
0.127917	0.127917	NODE_2953_length_25685_cov_14.703392:5403	NODE_2953_length_25685_cov_14.703392	5403	5403	216099	221502	0.466323752980661	0.331312462465947	0.40122442564148	0.704653587025955	Historical	0.153583	< 0.25	< 0.25
0.127917	0.127917	NODE_2953_length_25685_cov_14.703392:5403	NODE_2953_length_25685_cov_14.703392	5403	5403	216099	221502	0.466323752980661	0.331312462465947	0.40122442564148	0.704653587025955	Modern	0.2815	0.25–0.75	0.25–0.75
0.011649	0.011649	NODE_2963_length_25656_cov_80.075713:4856	NODE_2963_length_25656_cov_80.075713	4856	9347	288132	292988	0.000393430132932321	3.4051323803977	0.000242297664963543	13.4708565994412	Historical	0	< 0.25	= 0.00
0.011649	0.011649	NODE_2963_length_25656_cov_80.075713:4856	NODE_2963_length_25656_cov_80.075713	4856	9347	288132	292988	0.000393430132932321	3.4051323803977	0.000242297664963543	13.4708565994412	Modern	0.011649	< 0.25	< 0.25
0.011765	0.011765	NODE_2963_length_25656_cov_80.075713:4860	NODE_2963_length_25656_cov_80.075713	4860	9347	288132	292992	0.000227479307542884	3.64305810242955	0.000137211166487869	14.5400527025347	Historical	0	< 0.25	= 0.00
0.011765	0.011765	NODE_2963_length_25656_cov_80.075713:4860	NODE_2963_length_25656_cov_80.075713	4860	9347	288132	292992	0.000227479307542884	3.64305810242955	0.000137211166487869	14.5400527025347	Modern	0.011765	< 0.25	< 0.25
0	0	NODE_2963_length_25656_cov_80.075713:4880	NODE_2963_length_25656_cov_80.075713	4880	9347	288132	293012	0.999165688808028	0.000362487981788934	0.989612058543561	0.000169513153439409	Historical	0	< 0.25	= 0.00
0	0	NODE_2963_length_25656_cov_80.075713:4880	NODE_2963_length_25656_cov_80.075713	4880	9347	288132	293012	0.999165688808028	0.000362487981788934	0.989612058543561	0.000169513153439409	Modern	0	< 0.25	= 0.00
0.271797	0.271797	NODE_2963_length_25656_cov_80.075713:9138	NODE_2963_length_25656_cov_80.075713	9138	9347	288132	297270	2.65019028798592e-77	76.5767229418914	1.39682394096124e-78	352.213413805174	Historical	0	< 0.25	= 0.00
0.271797	0.271797	NODE_2963_length_25656_cov_80.075713:9138	NODE_2963_length_25656_cov_80.075713	9138	9347	288132	297270	2.65019028798592e-77	76.5767229418914	1.39682394096124e-78	352.213413805174	Modern	0.271797	0.25–0.75	0.25–0.75
0.350055	-0.350055	NODE_2963_length_25656_cov_80.075713:9139	NODE_2963_length_25656_cov_80.075713	9139	9347	288132	297271	0.10688069621247	0.971100725899132	0.0893209996837357	2.88656824871346	Historical	0.612762	0.25–0.75	0.25–0.75
0.350055	-0.350055	NODE_2963_length_25656_cov_80.075713:9139	NODE_2963_length_25656_cov_80.075713	9139	9347	288132	297271	0.10688069621247	0.971100725899132	0.0893209996837357	2.88656824871346	Modern	0.262707	0.25–0.75	0.25–0.75
0.08919	0.08919	NODE_2963_length_25656_cov_80.075713:9323	NODE_2963_length_25656_cov_80.075713	9323	9347	288132	297455	4.73719155524681e-61	60.3244790535865	3.80145001346966e-62	276.767862426903	Historical	0	< 0.25	= 0.00
0.08919	0.08919	NODE_2963_length_25656_cov_80.075713:9323	NODE_2963_length_25656_cov_80.075713	9323	9347	288132	297455	4.73719155524681e-61	60.3244790535865	3.80145001346966e-62	276.767862426903	Modern	0.08919	< 0.25	< 0.25
1e-06	1e-06	NODE_2963_length_25656_cov_80.075713:9338	NODE_2963_length_25656_cov_80.075713	9338	9347	288132	297470	0.999165688808028	0.000362487981788934	0.987058768641058	0.000263092922880385	Historical	0	< 0.25	= 0.00
1e-06	1e-06	NODE_2963_length_25656_cov_80.075713:9338	NODE_2963_length_25656_cov_80.075713	9338	9347	288132	297470	0.999165688808028	0.000362487981788934	0.987058768641058	0.000263092922880385	Modern	1e-06	< 0.25	< 0.25
0	0	NODE_2963_length_25656_cov_80.075713:9343	NODE_2963_length_25656_cov_80.075713	9343	9347	288132	297475	0.999165688808028	0.000362487981788934	0.985447052172987	0.000332713165191732	Historical	0	< 0.25	= 0.00
0	0	NODE_2963_length_25656_cov_80.075713:9343	NODE_2963_length_25656_cov_80.075713	9343	9347	288132	297475	0.999165688808028	0.000362487981788934	0.985447052172987	0.000332713165191732	Modern	0	< 0.25	= 0.00
0.18796	0.18796	NODE_2963_length_25656_cov_80.075713:9344	NODE_2963_length_25656_cov_80.075713	9344	9347	288132	297476	5.68509982901554e-93	92.2452619048004	2.29455596137854e-94	424.717230867844	Historical	0	< 0.25	= 0.00
0.18796	0.18796	NODE_2963_length_25656_cov_80.075713:9344	NODE_2963_length_25656_cov_80.075713	9344	9347	288132	297476	5.68509982901554e-93	92.2452619048004	2.29455596137854e-94	424.717230867844	Modern	0.18796	< 0.25	< 0.25
0.096742	-0.096742	NODE_2963_length_25656_cov_80.075713:9347	NODE_2963_length_25656_cov_80.075713	9347	9347	288132	297479	0.732497060276517	0.135194113920268	0.646934725600342	0.209786587946452	Historical	0.5	0.25–0.75	0.25–0.75
0.096742	-0.096742	NODE_2963_length_25656_cov_80.075713:9347	NODE_2963_length_25656_cov_80.075713	9347	9347	288132	297479	0.732497060276517	0.135194113920268	0.646934725600342	0.209786587946452	Modern	0.403258	0.25–0.75	0.25–0.75
0.010876	0.010876	NODE_2970_length_25636_cov_21.339860:1188	NODE_2970_length_25636_cov_21.339860	1188	1295	360165	361353	0.00352790221956113	2.4524834604148	0.00241559116837947	9.20345246004551	Historical	0	< 0.25	= 0.00
0.010876	0.010876	NODE_2970_length_25636_cov_21.339860:1188	NODE_2970_length_25636_cov_21.339860	1188	1295	360165	361353	0.00352790221956113	2.4524834604148	0.00241559116837947	9.20345246004551	Modern	0.010876	< 0.25	< 0.25
0.0214	0.0214	NODE_2970_length_25636_cov_21.339860:1199	NODE_2970_length_25636_cov_21.339860	1199	1295	360165	361364	1.67784451785778e-08	7.77524828675225	7.12247387922534e-09	33.5010715943939	Historical	0	< 0.25	= 0.00
0.0214	0.0214	NODE_2970_length_25636_cov_21.339860:1199	NODE_2970_length_25636_cov_21.339860	1199	1295	360165	361364	1.67784451785778e-08	7.77524828675225	7.12247387922534e-09	33.5010715943939	Modern	0.0214	< 0.25	< 0.25
0.03064	0.03064	NODE_2970_length_25636_cov_21.339860:1207	NODE_2970_length_25636_cov_21.339860	1207	1295	360165	361372	8.27107515670838e-15	14.0824380328567	2.39963291583515e-15	62.7061655087013	Historical	0	< 0.25	= 0.00
0.03064	0.03064	NODE_2970_length_25636_cov_21.339860:1207	NODE_2970_length_25636_cov_21.339860	1207	1295	360165	361372	8.27107515670838e-15	14.0824380328567	2.39963291583515e-15	62.7061655087013	Modern	0.03064	< 0.25	< 0.25
0.020252	0.020252	NODE_2970_length_25636_cov_21.339860:1212	NODE_2970_length_25636_cov_21.339860	1212	1295	360165	361377	5.61332396710921e-08	7.25077989220618	2.46815669209076e-08	31.08623357996	Historical	0	< 0.25	= 0.00
0.020252	0.020252	NODE_2970_length_25636_cov_21.339860:1212	NODE_2970_length_25636_cov_21.339860	1212	1295	360165	361377	5.61332396710921e-08	7.25077989220618	2.46815669209076e-08	31.08623357996	Modern	0.020252	< 0.25	< 0.25
0.010451	0.010451	NODE_2970_length_25636_cov_21.339860:1237	NODE_2970_length_25636_cov_21.339860	1237	1295	360165	361402	0.00705092030082748	2.15175419428714	0.0051057233897255	7.8416057340905	Historical	0	< 0.25	= 0.00
0.010451	0.010451	NODE_2970_length_25636_cov_21.339860:1237	NODE_2970_length_25636_cov_21.339860	1237	1295	360165	361402	0.00705092030082748	2.15175419428714	0.0051057233897255	7.8416057340905	Modern	0.010451	< 0.25	< 0.25
1e-06	1e-06	NODE_2970_length_25636_cov_21.339860:1264	NODE_2970_length_25636_cov_21.339860	1264	1295	360165	361429	0.999165688808028	0.000362487981788934	0.98257986380726	0.000476751407390292	Historical	0	< 0.25	= 0.00
1e-06	1e-06	NODE_2970_length_25636_cov_21.339860:1264	NODE_2970_length_25636_cov_21.339860	1264	1295	360165	361429	0.999165688808028	0.000362487981788934	0.98257986380726	0.000476751407390292	Modern	1e-06	< 0.25	< 0.25
0.157058	0.157058	NODE_2970_length_25636_cov_21.339860:1285	NODE_2970_length_25636_cov_21.339860	1285	1295	360165	361450	4.4960312325491e-68	67.347170680518	2.88207130291609e-69	309.446943259671	Historical	0	< 0.25	= 0.00
0.157058	0.157058	NODE_2970_length_25636_cov_21.339860:1285	NODE_2970_length_25636_cov_21.339860	1285	1295	360165	361450	4.4960312325491e-68	67.347170680518	2.88207130291609e-69	309.446943259671	Modern	0.157058	< 0.25	< 0.25
0.011768	0.011768	NODE_2970_length_25636_cov_21.339860:1287	NODE_2970_length_25636_cov_21.339860	1287	1295	360165	361452	0.0319859823492361	1.49504030674723	0.0258652079490736	4.96500716476553	Historical	0	< 0.25	= 0.00
0.011768	0.011768	NODE_2970_length_25636_cov_21.339860:1287	NODE_2970_length_25636_cov_21.339860	1287	1295	360165	361452	0.0319859823492361	1.49504030674723	0.0258652079490736	4.96500716476553	Modern	0.011768	< 0.25	< 0.25
0.01274	0.01274	NODE_2970_length_25636_cov_21.339860:1293	NODE_2970_length_25636_cov_21.339860	1293	1295	360165	361458	0.0340245341783599	1.46820781190428	0.0275459785252154	4.85626053726461	Historical	0	< 0.25	= 0.00
0.01274	0.01274	NODE_2970_length_25636_cov_21.339860:1293	NODE_2970_length_25636_cov_21.339860	1293	1295	360165	361458	0.0340245341783599	1.46820781190428	0.0275459785252154	4.85626053726461	Modern	0.01274	< 0.25	< 0.25
0.044013	0.044013	NODE_2970_length_25636_cov_21.339860:1294	NODE_2970_length_25636_cov_21.339860	1294	1295	360165	361459	8.15703615890584e-10	9.08846761252691	3.10633570723765e-10	39.606588376399	Historical	0	< 0.25	= 0.00
0.044013	0.044013	NODE_2970_length_25636_cov_21.339860:1294	NODE_2970_length_25636_cov_21.339860	1294	1295	360165	361459	8.15703615890584e-10	9.08846761252691	3.10633570723765e-10	39.606588376399	Modern	0.044013	< 0.25	< 0.25
0.137164	0.137164	NODE_2970_length_25636_cov_21.339860:1295	NODE_2970_length_25636_cov_21.339860	1295	1295	360165	361460	3.40970755497021e-44	43.4672828681363	3.72380217304439e-45	198.84910446845	Historical	0	< 0.25	= 0.00
0.137164	0.137164	NODE_2970_length_25636_cov_21.339860:1295	NODE_2970_length_25636_cov_21.339860	1295	1295	360165	361460	3.40970755497021e-44	43.4672828681363	3.72380217304439e-45	198.84910446845	Modern	0.137164	< 0.25	< 0.25
0.041367	-0.041367	NODE_2983_length_25578_cov_38.112642:8623	NODE_2983_length_25578_cov_38.112642	8623	8623	432198	440821	0.922906225491227	0.0348424244569276	0.829125630878158	0.0465796163405656	Historical	0.287976	0.25–0.75	0.25–0.75
0.041367	-0.041367	NODE_2983_length_25578_cov_38.112642:8623	NODE_2983_length_25578_cov_38.112642	8623	8623	432198	440821	0.922906225491227	0.0348424244569276	0.829125630878158	0.0465796163405656	Modern	0.246609	< 0.25	< 0.25
0.131945	0.131945	NODE_2994_length_25532_cov_6.957221:14088	NODE_2994_length_25532_cov_6.957221	14088	14110	20894	34982	1.00405759482451e-33	32.9982413744449	1.49226033798704e-34	150.297907788056	Historical	0	< 0.25	= 0.00
0.131945	0.131945	NODE_2994_length_25532_cov_6.957221:14088	NODE_2994_length_25532_cov_6.957221	14088	14110	20894	34982	1.00405759482451e-33	32.9982413744449	1.49226033798704e-34	150.297907788056	Modern	0.131945	< 0.25	< 0.25
0.188196	0.188196	NODE_2994_length_25532_cov_6.957221:14109	NODE_2994_length_25532_cov_6.957221	14109	14110	20894	35003	5.4386277745061e-52	51.2645106637459	5.03576645787602e-53	234.921628980931	Historical	0	< 0.25	= 0.00
0.188196	0.188196	NODE_2994_length_25532_cov_6.957221:14109	NODE_2994_length_25532_cov_6.957221	14109	14110	20894	35003	5.4386277745061e-52	51.2645106637459	5.03576645787602e-53	234.921628980931	Modern	0.188196	< 0.25	< 0.25
0.118166	0.118166	NODE_2994_length_25532_cov_6.957221:14110	NODE_2994_length_25532_cov_6.957221	14110	14110	20894	35004	0.656863842401697	0.182524643563216	0.576393343190093	0.312101715762042	Historical	0.5	0.25–0.75	0.25–0.75
0.118166	0.118166	NODE_2994_length_25532_cov_6.957221:14110	NODE_2994_length_25532_cov_6.957221	14110	14110	20894	35004	0.656863842401697	0.182524643563216	0.576393343190093	0.312101715762042	Modern	0.618166	0.25–0.75	0.25–0.75
0.154221	0.154221	NODE_299_length_56443_cov_11.001384:8067	NODE_299_length_56443_cov_11.001384	8067	8085	0	8067	1.06277796678729e-48	47.973557457839	1.04965725114794e-49	219.703548068291	Historical	0	< 0.25	= 0.00
0.154221	0.154221	NODE_299_length_56443_cov_11.001384:8067	NODE_299_length_56443_cov_11.001384	8067	8085	0	8067	1.06277796678729e-48	47.973557457839	1.04965725114794e-49	219.703548068291	Modern	0.154221	< 0.25	< 0.25
0.012765	0.012765	NODE_299_length_56443_cov_11.001384:8075	NODE_299_length_56443_cov_11.001384	8075	8085	0	8075	0.00280380526262878	2.55225215343815	0.00188917363137238	9.65421736147142	Historical	0	< 0.25	= 0.00
0.012765	0.012765	NODE_299_length_56443_cov_11.001384:8075	NODE_299_length_56443_cov_11.001384	8075	8085	0	8075	0.00280380526262878	2.55225215343815	0.00188917363137238	9.65421736147142	Modern	0.012765	< 0.25	< 0.25
0.047886	0.047886	NODE_299_length_56443_cov_11.001384:8084	NODE_299_length_56443_cov_11.001384	8084	8085	0	8084	2.09635781695988e-13	12.6785345877816	6.39060645056145e-14	56.2472835312016	Historical	0	< 0.25	= 0.00
0.047886	0.047886	NODE_299_length_56443_cov_11.001384:8084	NODE_299_length_56443_cov_11.001384	8084	8085	0	8084	2.09635781695988e-13	12.6785345877816	6.39060645056145e-14	56.2472835312016	Modern	0.047886	< 0.25	< 0.25
0.198432	0.198432	NODE_299_length_56443_cov_11.001384:8085	NODE_299_length_56443_cov_11.001384	8085	8085	0	8085	1.29294505333075e-65	64.8884199310688	9.0862235466738e-67	297.977626099827	Historical	0	< 0.25	= 0.00
0.198432	0.198432	NODE_299_length_56443_cov_11.001384:8085	NODE_299_length_56443_cov_11.001384	8085	8085	0	8085	1.29294505333075e-65	64.8884199310688	9.0862235466738e-67	297.977626099827	Modern	0.198432	< 0.25	< 0.25
1e-06	1e-06	NODE_29_length_99217_cov_8.798896:76	NODE_29_length_99217_cov_8.798896	76	126	696	772	0.999165688808028	0.000362487981788934	0.983995096558213	0.000402424348011266	Historical	0	< 0.25	= 0.00
1e-06	1e-06	NODE_29_length_99217_cov_8.798896:76	NODE_29_length_99217_cov_8.798896	76	126	696	772	0.999165688808028	0.000362487981788934	0.983995096558213	0.000402424348011266	Modern	1e-06	< 0.25	< 0.25
0.052458	0.052458	NODE_29_length_99217_cov_8.798896:81	NODE_29_length_99217_cov_8.798896	81	126	696	777	3.69103368470454e-08	7.43285199137586	1.60014898107087e-08	31.9277485019536	Historical	0	< 0.25	= 0.00
0.052458	0.052458	NODE_29_length_99217_cov_8.798896:81	NODE_29_length_99217_cov_8.798896	81	126	696	777	3.69103368470454e-08	7.43285199137586	1.60014898107087e-08	31.9277485019536	Modern	0.052458	< 0.25	< 0.25
0.147614	-0.147614	NODE_29_length_99217_cov_8.798896:92	NODE_29_length_99217_cov_8.798896	92	126	696	788	0.561287190269199	0.250814869162624	0.486662112740531	0.483897678352582	Historical	0.479372	0.25–0.75	0.25–0.75
0.147614	-0.147614	NODE_29_length_99217_cov_8.798896:92	NODE_29_length_99217_cov_8.798896	92	126	696	788	0.561287190269199	0.250814869162624	0.486662112740531	0.483897678352582	Modern	0.331758	0.25–0.75	0.25–0.75
0.023842	0.023842	NODE_29_length_99217_cov_8.798896:126	NODE_29_length_99217_cov_8.798896	126	126	696	822	0.0159550485836831	1.79710186902651	0.0123412982634472	6.26116555907692	Historical	0	< 0.25	= 0.00
0.023842	0.023842	NODE_29_length_99217_cov_8.798896:126	NODE_29_length_99217_cov_8.798896	126	126	696	822	0.0159550485836831	1.79710186902651	0.0123412982634472	6.26116555907692	Modern	0.023842	< 0.25	< 0.25
0.012966	0.012966	NODE_302_length_56160_cov_10.227645:56027	NODE_302_length_56160_cov_10.227645	56027	56141	41788	97815	0.00493681514290798	2.30655313446126	0.00345061343321963	8.55242978376288	Historical	0	< 0.25	= 0.00
0.012966	0.012966	NODE_302_length_56160_cov_10.227645:56027	NODE_302_length_56160_cov_10.227645	56027	56141	41788	97815	0.00493681514290798	2.30655313446126	0.00345061343321963	8.55242978376288	Modern	0.012966	< 0.25	< 0.25
0.265549	-0.265549	NODE_302_length_56160_cov_10.227645:56061	NODE_302_length_56160_cov_10.227645	56061	56141	41788	97849	0.24694013320321	0.607408321926028	0.209183854527316	1.5770657552129	Historical	0.499987	0.25–0.75	0.25–0.75
0.265549	-0.265549	NODE_302_length_56160_cov_10.227645:56061	NODE_302_length_56160_cov_10.227645	56061	56141	41788	97849	0.24694013320321	0.607408321926028	0.209183854527316	1.5770657552129	Modern	0.234438	< 0.25	< 0.25
0.012892	0.012892	NODE_302_length_56160_cov_10.227645:56077	NODE_302_length_56160_cov_10.227645	56077	56141	41788	97865	0.00609336536854129	2.21514278005968	0.00435447050315985	8.12975191252582	Historical	0	< 0.25	= 0.00
0.012892	0.012892	NODE_302_length_56160_cov_10.227645:56077	NODE_302_length_56160_cov_10.227645	56077	56141	41788	97865	0.00609336536854129	2.21514278005968	0.00435447050315985	8.12975191252582	Modern	0.012892	< 0.25	< 0.25
0	0	NODE_302_length_56160_cov_10.227645:56089	NODE_302_length_56160_cov_10.227645	56089	56141	41788	97877	0.999165688808028	0.000362487981788934	0.984570612924677	0.00037399979680395	Historical	0	< 0.25	= 0.00
0	0	NODE_302_length_56160_cov_10.227645:56089	NODE_302_length_56160_cov_10.227645	56089	56141	41788	97877	0.999165688808028	0.000362487981788934	0.984570612924677	0.00037399979680395	Modern	0	< 0.25	= 0.00
0.025356	0.025356	NODE_302_length_56160_cov_10.227645:56090	NODE_302_length_56160_cov_10.227645	56090	56141	41788	97878	1.11530566532014e-06	5.95260609174645	5.4653155109705e-07	25.0922115434288	Historical	0	< 0.25	= 0.00
0.025356	0.025356	NODE_302_length_56160_cov_10.227645:56090	NODE_302_length_56160_cov_10.227645	56090	56141	41788	97878	1.11530566532014e-06	5.95260609174645	5.4653155109705e-07	25.0922115434288	Modern	0.025356	< 0.25	< 0.25
0.024675	0.024675	NODE_302_length_56160_cov_10.227645:56094	NODE_302_length_56160_cov_10.227645	56094	56141	41788	97882	2.02205845050883e-06	5.69420629465671	1.01198936696881e-06	23.9051829601027	Historical	0	< 0.25	= 0.00
0.024675	0.024675	NODE_302_length_56160_cov_10.227645:56094	NODE_302_length_56160_cov_10.227645	56094	56141	41788	97882	2.02205845050883e-06	5.69420629465671	1.01198936696881e-06	23.9051829601027	Modern	0.024675	< 0.25	< 0.25
0.056927	0.056927	NODE_302_length_56160_cov_10.227645:56100	NODE_302_length_56160_cov_10.227645	56100	56141	41788	97888	1.04946871662397e-17	16.9790305026748	2.6211801754236e-18	76.1559965569557	Historical	0	< 0.25	= 0.00
0.056927	0.056927	NODE_302_length_56160_cov_10.227645:56100	NODE_302_length_56160_cov_10.227645	56100	56141	41788	97888	1.04946871662397e-17	16.9790305026748	2.6211801754236e-18	76.1559965569557	Modern	0.056927	< 0.25	< 0.25
0.026138	0.026138	NODE_302_length_56160_cov_10.227645:56123	NODE_302_length_56160_cov_10.227645	56123	56141	41788	97911	2.2241127361028e-06	5.65284320295937	1.11733678765278e-06	23.7145658464187	Historical	0	< 0.25	= 0.00
0.026138	0.026138	NODE_302_length_56160_cov_10.227645:56123	NODE_302_length_56160_cov_10.227645	56123	56141	41788	97911	2.2241127361028e-06	5.65284320295937	1.11733678765278e-06	23.7145658464187	Modern	0.026138	< 0.25	< 0.25
0.016418	0.016418	NODE_302_length_56160_cov_10.227645:56137	NODE_302_length_56160_cov_10.227645	56137	56141	41788	97925	0.00226661708490121	2.64462184200872	0.00150784925733456	10.0689990608784	Historical	0	< 0.25	= 0.00
0.016418	0.016418	NODE_302_length_56160_cov_10.227645:56137	NODE_302_length_56160_cov_10.227645	56137	56141	41788	97925	0.00226661708490121	2.64462184200872	0.00150784925733456	10.0689990608784	Modern	0.016418	< 0.25	< 0.25
0.060472	0.060472	NODE_302_length_56160_cov_10.227645:56138	NODE_302_length_56160_cov_10.227645	56138	56141	41788	97926	1.20805026511341e-14	13.9179149950135	3.53925457537975e-15	61.9408784935601	Historical	0	< 0.25	= 0.00
0.060472	0.060472	NODE_302_length_56160_cov_10.227645:56138	NODE_302_length_56160_cov_10.227645	56138	56141	41788	97926	1.20805026511341e-14	13.9179149950135	3.53925457537975e-15	61.9408784935601	Modern	0.060472	< 0.25	< 0.25
0.024606	0.024606	NODE_302_length_56160_cov_10.227645:56139	NODE_302_length_56160_cov_10.227645	56139	56141	41788	97927	4.40342869936606e-05	4.35620903139129	2.45889465833546e-05	17.7960788597814	Historical	0	< 0.25	= 0.00
0.024606	0.024606	NODE_302_length_56160_cov_10.227645:56139	NODE_302_length_56160_cov_10.227645	56139	56141	41788	97927	4.40342869936606e-05	4.35620903139129	2.45889465833546e-05	17.7960788597814	Modern	0.024606	< 0.25	< 0.25
0.028102	0.028102	NODE_302_length_56160_cov_10.227645:56141	NODE_302_length_56160_cov_10.227645	56141	56141	41788	97929	8.06755546903953e-06	5.09325803989183	4.23680738307584e-06	21.1546105605445	Historical	0	< 0.25	= 0.00
0.028102	0.028102	NODE_302_length_56160_cov_10.227645:56141	NODE_302_length_56160_cov_10.227645	56141	56141	41788	97929	8.06755546903953e-06	5.09325803989183	4.23680738307584e-06	21.1546105605445	Modern	0.028102	< 0.25	< 0.25
0.02933	0.02933	NODE_305_length_56079_cov_8.244069:8947	NODE_305_length_56079_cov_8.244069	8947	8948	62682	71629	0.000244383142881508	3.6119287542643	0.000147836716064122	14.3995617001429	Historical	0	< 0.25	= 0.00
0.02933	0.02933	NODE_305_length_56079_cov_8.244069:8947	NODE_305_length_56079_cov_8.244069	8947	8948	62682	71629	0.000244383142881508	3.6119287542643	0.000147836716064122	14.3995617001429	Modern	0.02933	< 0.25	< 0.25
0.102256	-0.102256	NODE_305_length_56079_cov_8.244069:8948	NODE_305_length_56079_cov_8.244069	8948	8948	62682	71630	0.714345812993956	0.146091496463086	0.629594406317806	0.232611172738579	Historical	0.500001	0.25–0.75	0.25–0.75
0.102256	-0.102256	NODE_305_length_56079_cov_8.244069:8948	NODE_305_length_56079_cov_8.244069	8948	8948	62682	71630	0.714345812993956	0.146091496463086	0.629594406317806	0.232611172738579	Modern	0.397745	0.25–0.75	0.25–0.75
0.346223	0.346223	NODE_307_length_56078_cov_44.759517:31960	NODE_307_length_56078_cov_44.759517	31960	31961	83576	115536	1.37197975126834e-163	162.862652298234	2.01953334707115e-165	751.371212224407	Historical	0	< 0.25	= 0.00
0.346223	0.346223	NODE_307_length_56078_cov_44.759517:31960	NODE_307_length_56078_cov_44.759517	31960	31961	83576	115536	1.37197975126834e-163	162.862652298234	2.01953334707115e-165	751.371212224407	Modern	0.346223	0.25–0.75	0.25–0.75
0.04904	0.04904	NODE_307_length_56078_cov_44.759517:31961	NODE_307_length_56078_cov_44.759517	31961	31961	83576	115537	3.31253552039747e-17	16.4798394560801	8.4464937058568e-18	73.8457764633966	Historical	0	< 0.25	= 0.00
0.04904	0.04904	NODE_307_length_56078_cov_44.759517:31961	NODE_307_length_56078_cov_44.759517	31961	31961	83576	115537	3.31253552039747e-17	16.4798394560801	8.4464937058568e-18	73.8457764633966	Modern	0.04904	< 0.25	< 0.25
0.014969	0.014969	NODE_3112_length_25041_cov_9.656724:23559	NODE_3112_length_25041_cov_9.656724	23559	24817	104470	128029	0.0127928878100141	1.89303140873566	0.0097860124700535	6.67344003330464	Historical	0	< 0.25	= 0.00
0.014969	0.014969	NODE_3112_length_25041_cov_9.656724:23559	NODE_3112_length_25041_cov_9.656724	23559	24817	104470	128029	0.0127928878100141	1.89303140873566	0.0097860124700535	6.67344003330464	Modern	0.014969	< 0.25	< 0.25
0.016112	0.016112	NODE_3112_length_25041_cov_9.656724:23569	NODE_3112_length_25041_cov_9.656724	23569	24817	104470	128039	0.0191884440838309	1.71696023908432	0.0150610152281921	5.90931640283283	Historical	0	< 0.25	= 0.00
0.016112	0.016112	NODE_3112_length_25041_cov_9.656724:23569	NODE_3112_length_25041_cov_9.656724	23569	24817	104470	128039	0.0191884440838309	1.71696023908432	0.0150610152281921	5.90931640283283	Modern	0.016112	< 0.25	< 0.25
0.260789	0.260789	NODE_3112_length_25041_cov_9.656724:23571	NODE_3112_length_25041_cov_9.656724	23571	24817	104470	128041	8.29053587670325e-41	40.0814173969801	9.72346800354085e-42	183.195156206373	Historical	0	< 0.25	= 0.00
0.260789	0.260789	NODE_3112_length_25041_cov_9.656724:23571	NODE_3112_length_25041_cov_9.656724	23571	24817	104470	128041	8.29053587670325e-41	40.0814173969801	9.72346800354085e-42	183.195156206373	Modern	0.260789	0.25–0.75	0.25–0.75
0.017313	0.017313	NODE_3112_length_25041_cov_9.656724:23572	NODE_3112_length_25041_cov_9.656724	23572	24817	104470	128042	0.0148550399738547	1.82812617520322	0.0114410611764446	6.39549053412609	Historical	0	< 0.25	= 0.00
0.017313	0.017313	NODE_3112_length_25041_cov_9.656724:23572	NODE_3112_length_25041_cov_9.656724	23572	24817	104470	128042	0.0148550399738547	1.82812617520322	0.0114410611764446	6.39549053412609	Modern	0.017313	< 0.25	< 0.25
0.053229	0.053229	NODE_3112_length_25041_cov_9.656724:23576	NODE_3112_length_25041_cov_9.656724	23576	24817	104470	128046	8.99812844255391e-08	7.04584781184902	4.02480389025916e-08	30.1374641986851	Historical	0	< 0.25	= 0.00
0.053229	0.053229	NODE_3112_length_25041_cov_9.656724:23576	NODE_3112_length_25041_cov_9.656724	23576	24817	104470	128046	8.99812844255391e-08	7.04584781184902	4.02480389025916e-08	30.1374641986851	Modern	0.053229	< 0.25	< 0.25
0.147201	0.147201	NODE_3112_length_25041_cov_9.656724:24816	NODE_3112_length_25041_cov_9.656724	24816	24817	104470	129286	5.66145506972103e-90	89.2470719349713	2.44630774617575e-91	410.80678234967	Historical	0	< 0.25	= 0.00
0.147201	0.147201	NODE_3112_length_25041_cov_9.656724:24816	NODE_3112_length_25041_cov_9.656724	24816	24817	104470	129286	5.66145506972103e-90	89.2470719349713	2.44630774617575e-91	410.80678234967	Modern	0.147201	< 0.25	< 0.25
0.320776	0.320776	NODE_3112_length_25041_cov_9.656724:24817	NODE_3112_length_25041_cov_9.656724	24817	24817	104470	129287	0.000156905869734797	3.80436080946756	9.2981256139139e-05	15.2741300585794	Historical	0.038912	< 0.25	< 0.25
0.320776	0.320776	NODE_3112_length_25041_cov_9.656724:24817	NODE_3112_length_25041_cov_9.656724	24817	24817	104470	129287	0.000156905869734797	3.80436080946756	9.2981256139139e-05	15.2741300585794	Modern	0.359688	0.25–0.75	0.25–0.75
0.151223	0.151223	NODE_3120_length_25024_cov_27.733641:978	NODE_3120_length_25024_cov_27.733641	978	1101	125364	126342	1.0061267699566e-29	28.9973472955982	1.6721005198709e-30	131.779333605373	Historical	0	< 0.25	= 0.00
0.151223	0.151223	NODE_3120_length_25024_cov_27.733641:978	NODE_3120_length_25024_cov_27.733641	978	1101	125364	126342	1.0061267699566e-29	28.9973472955982	1.6721005198709e-30	131.779333605373	Modern	0.151223	< 0.25	< 0.25
0.061525	0.061525	NODE_3120_length_25024_cov_27.733641:987	NODE_3120_length_25024_cov_27.733641	987	1101	125364	126351	1.62428622611739e-13	12.7893374384752	4.91296451109581e-14	56.7643347860981	Historical	0	< 0.25	= 0.00
0.061525	0.061525	NODE_3120_length_25024_cov_27.733641:987	NODE_3120_length_25024_cov_27.733641	987	1101	125364	126351	1.62428622611739e-13	12.7893374384752	4.91296451109581e-14	56.7643347860981	Modern	0.061525	< 0.25	< 0.25
0.014506	0.014506	NODE_3120_length_25024_cov_27.733641:988	NODE_3120_length_25024_cov_27.733641	988	1101	125364	126352	0.00689902724299531	2.16121214010063	0.00497607900385084	7.88811170724393	Historical	0	< 0.25	= 0.00
0.014506	0.014506	NODE_3120_length_25024_cov_27.733641:988	NODE_3120_length_25024_cov_27.733641	988	1101	125364	126352	0.00689902724299531	2.16121214010063	0.00497607900385084	7.88811170724393	Modern	0.014506	< 0.25	< 0.25
8e-06	8e-06	NODE_3120_length_25024_cov_27.733641:1012	NODE_3120_length_25024_cov_27.733641	1012	1101	125364	126376	0.999165688808028	0.000362487981788934	0.98612986993951	0.000302221038853501	Historical	0	< 0.25	= 0.00
8e-06	8e-06	NODE_3120_length_25024_cov_27.733641:1012	NODE_3120_length_25024_cov_27.733641	1012	1101	125364	126376	0.999165688808028	0.000362487981788934	0.98612986993951	0.000302221038853501	Modern	8e-06	< 0.25	< 0.25
0.026496	0.026496	NODE_3120_length_25024_cov_27.733641:1051	NODE_3120_length_25024_cov_27.733641	1051	1101	125364	126415	3.46221508779752e-08	7.4606459553682	1.49601886509769e-08	32.0584639398696	Historical	0	< 0.25	= 0.00
0.026496	0.026496	NODE_3120_length_25024_cov_27.733641:1051	NODE_3120_length_25024_cov_27.733641	1051	1101	125364	126415	3.46221508779752e-08	7.4606459553682	1.49601886509769e-08	32.0584639398696	Modern	0.026496	< 0.25	< 0.25
0.06489	-0.06489	NODE_3120_length_25024_cov_27.733641:1057	NODE_3120_length_25024_cov_27.733641	1057	1101	125364	126421	0.849179852337712	0.0710003184654778	0.758052289836134	0.0948883224146945	Historical	0.465106	0.25–0.75	0.25–0.75
0.06489	-0.06489	NODE_3120_length_25024_cov_27.733641:1057	NODE_3120_length_25024_cov_27.733641	1057	1101	125364	126421	0.849179852337712	0.0710003184654778	0.758052289836134	0.0948883224146945	Modern	0.400216	0.25–0.75	0.25–0.75
0.010553	0.010553	NODE_3120_length_25024_cov_27.733641:1087	NODE_3120_length_25024_cov_27.733641	1087	1101	125364	126451	0.000818806550654266	3.08681869153271	0.000518655241487555	12.0473692443401	Historical	0	< 0.25	= 0.00
0.010553	0.010553	NODE_3120_length_25024_cov_27.733641:1087	NODE_3120_length_25024_cov_27.733641	1087	1101	125364	126451	0.000818806550654266	3.08681869153271	0.000518655241487555	12.0473692443401	Modern	0.010553	< 0.25	< 0.25
0.032883	0.032883	NODE_3120_length_25024_cov_27.733641:1090	NODE_3120_length_25024_cov_27.733641	1090	1101	125364	126454	5.21432064634423e-16	15.282802266099	1.40385555863114e-16	68.3004975797361	Historical	0	< 0.25	= 0.00
0.032883	0.032883	NODE_3120_length_25024_cov_27.733641:1090	NODE_3120_length_25024_cov_27.733641	1090	1101	125364	126454	5.21432064634423e-16	15.282802266099	1.40385555863114e-16	68.3004975797361	Modern	0.032883	< 0.25	< 0.25
0.064613	0.064613	NODE_3120_length_25024_cov_27.733641:1091	NODE_3120_length_25024_cov_27.733641	1091	1101	125364	126455	3.67398803337417e-37	36.4348622625779	4.90213977862366e-38	166.240251716035	Historical	0	< 0.25	= 0.00
0.064613	0.064613	NODE_3120_length_25024_cov_27.733641:1091	NODE_3120_length_25024_cov_27.733641	1091	1101	125364	126455	3.67398803337417e-37	36.4348622625779	4.90213977862366e-38	166.240251716035	Modern	0.064613	< 0.25	< 0.25
0.164072	0.164072	NODE_3120_length_25024_cov_27.733641:1101	NODE_3120_length_25024_cov_27.733641	1101	1101	125364	126465	2.81464472744825e-119	118.550576415252	7.21703776268783e-121	546.513917883753	Historical	0	< 0.25	= 0.00
0.164072	0.164072	NODE_3120_length_25024_cov_27.733641:1101	NODE_3120_length_25024_cov_27.733641	1101	1101	125364	126465	2.81464472744825e-119	118.550576415252	7.21703776268783e-121	546.513917883753	Modern	0.164072	< 0.25	< 0.25
0.012611	0.012611	NODE_3135_length_24977_cov_31.117614:5388	NODE_3135_length_24977_cov_31.117614	5388	5508	146258	151646	0.0066418565798441	2.17771050652366	0.00478428130656386	7.95922811679354	Historical	0	< 0.25	= 0.00
0.012611	0.012611	NODE_3135_length_24977_cov_31.117614:5388	NODE_3135_length_24977_cov_31.117614	5388	5508	146258	151646	0.0066418565798441	2.17771050652366	0.00478428130656386	7.95922811679354	Modern	0.012611	< 0.25	< 0.25
0.025138	0.025138	NODE_3135_length_24977_cov_31.117614:5394	NODE_3135_length_24977_cov_31.117614	5394	5508	146258	151652	1.81212966914176e-08	7.74181072907761	7.70112086363663e-09	33.3491566621685	Historical	0	< 0.25	= 0.00
0.025138	0.025138	NODE_3135_length_24977_cov_31.117614:5394	NODE_3135_length_24977_cov_31.117614	5394	5508	146258	151652	1.81212966914176e-08	7.74181072907761	7.70112086363663e-09	33.3491566621685	Modern	0.025138	< 0.25	< 0.25
0.078449	0.078449	NODE_3135_length_24977_cov_31.117614:5397	NODE_3135_length_24977_cov_31.117614	5397	5508	146258	151655	5.67332544359998e-39	38.2461623029317	7.16573868944727e-40	174.642568530812	Historical	0	< 0.25	= 0.00
0.078449	0.078449	NODE_3135_length_24977_cov_31.117614:5397	NODE_3135_length_24977_cov_31.117614	5397	5508	146258	151655	5.67332544359998e-39	38.2461623029317	7.16573868944727e-40	174.642568530812	Modern	0.078449	< 0.25	< 0.25
0.062309	0.062309	NODE_3135_length_24977_cov_31.117614:5400	NODE_3135_length_24977_cov_31.117614	5400	5508	146258	151658	5.52348412537843e-32	31.2577868898261	8.52389525521362e-33	142.261797877742	Historical	0	< 0.25	= 0.00
0.062309	0.062309	NODE_3135_length_24977_cov_31.117614:5400	NODE_3135_length_24977_cov_31.117614	5400	5508	146258	151658	5.52348412537843e-32	31.2577868898261	8.52389525521362e-33	142.261797877742	Modern	0.062309	< 0.25	< 0.25
0.013204	0.013204	NODE_3135_length_24977_cov_31.117614:5408	NODE_3135_length_24977_cov_31.117614	5408	5508	146258	151666	1.64202403028867e-05	4.7846204914642	8.91183982250687e-06	19.7315390223117	Historical	0	< 0.25	= 0.00
0.013204	0.013204	NODE_3135_length_24977_cov_31.117614:5408	NODE_3135_length_24977_cov_31.117614	5408	5508	146258	151666	1.64202403028867e-05	4.7846204914642	8.91183982250687e-06	19.7315390223117	Modern	0.013204	< 0.25	< 0.25
0.054498	0.054498	NODE_3135_length_24977_cov_31.117614:5417	NODE_3135_length_24977_cov_31.117614	5417	5508	146258	151675	6.77330054553341e-40	39.1691996534102	8.20128983433532e-41	178.953661059983	Historical	0	< 0.25	= 0.00
0.054498	0.054498	NODE_3135_length_24977_cov_31.117614:5417	NODE_3135_length_24977_cov_31.117614	5417	5508	146258	151675	6.77330054553341e-40	39.1691996534102	8.20128983433532e-41	178.953661059983	Modern	0.054498	< 0.25	< 0.25
0.011414	0.011414	NODE_3135_length_24977_cov_31.117614:5421	NODE_3135_length_24977_cov_31.117614	5421	5508	146258	151679	1.61119288881222e-05	4.79285246359559	8.71390645943552e-06	19.7744655937567	Historical	0	< 0.25	= 0.00
0.011414	0.011414	NODE_3135_length_24977_cov_31.117614:5421	NODE_3135_length_24977_cov_31.117614	5421	5508	146258	151679	1.61119288881222e-05	4.79285246359559	8.71390645943552e-06	19.7744655937567	Modern	0.011414	< 0.25	< 0.25
0.217653	0.217653	NODE_3135_length_24977_cov_31.117614:5433	NODE_3135_length_24977_cov_31.117614	5433	5508	146258	151691	9.25763041872914e-232	231.033500161025	8.35208822202534e-234	1065.9397336613	Historical	0	< 0.25	= 0.00
0.217653	0.217653	NODE_3135_length_24977_cov_31.117614:5433	NODE_3135_length_24977_cov_31.117614	5433	5508	146258	151691	9.25763041872914e-232	231.033500161025	8.35208822202534e-234	1065.9397336613	Modern	0.217653	< 0.25	< 0.25
0.137871	0.137871	NODE_3135_length_24977_cov_31.117614:5439	NODE_3135_length_24977_cov_31.117614	5439	5508	146258	151697	3.67322660994215e-131	130.434952278186	8.54644367935259e-133	601.34254461965	Historical	0	< 0.25	= 0.00
0.137871	0.137871	NODE_3135_length_24977_cov_31.117614:5439	NODE_3135_length_24977_cov_31.117614	5439	5508	146258	151697	3.67322660994215e-131	130.434952278186	8.54644367935259e-133	601.34254461965	Modern	0.137871	< 0.25	< 0.25
0.042576	0.042576	NODE_3135_length_24977_cov_31.117614:5440	NODE_3135_length_24977_cov_31.117614	5440	5508	146258	151698	6.45853476951331e-32	31.1898659980563	1.00282092575064e-32	141.938981480851	Historical	0	< 0.25	= 0.00
0.042576	0.042576	NODE_3135_length_24977_cov_31.117614:5440	NODE_3135_length_24977_cov_31.117614	5440	5508	146258	151698	6.45853476951331e-32	31.1898659980563	1.00282092575064e-32	141.938981480851	Modern	0.042576	< 0.25	< 0.25
0.032558	0.032558	NODE_3135_length_24977_cov_31.117614:5453	NODE_3135_length_24977_cov_31.117614	5453	5508	146258	151711	5.4832033632537e-22	21.2609656465292	1.17683187093574e-22	95.9523312931309	Historical	0	< 0.25	= 0.00
0.032558	0.032558	NODE_3135_length_24977_cov_31.117614:5453	NODE_3135_length_24977_cov_31.117614	5453	5508	146258	151711	5.4832033632537e-22	21.2609656465292	1.17683187093574e-22	95.9523312931309	Modern	0.032558	< 0.25	< 0.25
0.06104	0.06104	NODE_3135_length_24977_cov_31.117614:5500	NODE_3135_length_24977_cov_31.117614	5500	5508	146258	151758	4.29169977465923e-29	28.3673706666617	7.27510360661607e-30	128.860644758637	Historical	0	< 0.25	= 0.00
0.06104	0.06104	NODE_3135_length_24977_cov_31.117614:5500	NODE_3135_length_24977_cov_31.117614	5500	5508	146258	151758	4.29169977465923e-29	28.3673706666617	7.27510360661607e-30	128.860644758637	Modern	0.06104	< 0.25	< 0.25
0.024608	0.024608	NODE_3135_length_24977_cov_31.117614:5508	NODE_3135_length_24977_cov_31.117614	5508	5508	146258	151766	1.6646698344411e-08	7.77867189026522	7.0586427452797e-09	33.5185810822391	Historical	0	< 0.25	= 0.00
0.024608	0.024608	NODE_3135_length_24977_cov_31.117614:5508	NODE_3135_length_24977_cov_31.117614	5508	5508	146258	151766	1.6646698344411e-08	7.77867189026522	7.0586427452797e-09	33.5185810822391	Modern	0.024608	< 0.25	< 0.25
0.109433	0.109433	NODE_3137_length_24973_cov_11.043017:2589	NODE_3137_length_24973_cov_11.043017	2589	2741	167152	169741	9.07953409818957e-19	18.0419364360358	2.18150249462674e-19	81.0673896910566	Historical	0	< 0.25	= 0.00
0.109433	0.109433	NODE_3137_length_24973_cov_11.043017:2589	NODE_3137_length_24973_cov_11.043017	2589	2741	167152	169741	9.07953409818957e-19	18.0419364360358	2.18150249462674e-19	81.0673896910566	Modern	0.109433	< 0.25	< 0.25
0.017695	0.017695	NODE_3137_length_24973_cov_11.043017:2592	NODE_3137_length_24973_cov_11.043017	2592	2741	167152	169744	0.00968807178600738	2.01376265184773	0.0072177514872961	7.21796435697958	Historical	0	< 0.25	= 0.00
0.017695	0.017695	NODE_3137_length_24973_cov_11.043017:2592	NODE_3137_length_24973_cov_11.043017	2592	2741	167152	169744	0.00968807178600738	2.01376265184773	0.0072177514872961	7.21796435697958	Modern	0.017695	< 0.25	< 0.25
0.25169	0.25169	NODE_3137_length_24973_cov_11.043017:2601	NODE_3137_length_24973_cov_11.043017	2601	2741	167152	169753	6.51892012880475e-05	4.18582433999553	3.69591198185797e-05	17.0214910063715	Historical	0.019808	< 0.25	< 0.25
0.25169	0.25169	NODE_3137_length_24973_cov_11.043017:2601	NODE_3137_length_24973_cov_11.043017	2601	2741	167152	169753	6.51892012880475e-05	4.18582433999553	3.69591198185797e-05	17.0214910063715	Modern	0.271498	0.25–0.75	0.25–0.75
0.301005	0.301005	NODE_3137_length_24973_cov_11.043017:2603	NODE_3137_length_24973_cov_11.043017	2603	2741	167152	169755	2.06586877279362e-06	5.68489726900307	1.03489627506993e-06	23.8620942264389	Historical	0.019972	< 0.25	< 0.25
0.301005	0.301005	NODE_3137_length_24973_cov_11.043017:2603	NODE_3137_length_24973_cov_11.043017	2603	2741	167152	169755	2.06586877279362e-06	5.68489726900307	1.03489627506993e-06	23.8620942264389	Modern	0.320977	0.25–0.75	0.25–0.75
0.043761	0.043761	NODE_3137_length_24973_cov_11.043017:2607	NODE_3137_length_24973_cov_11.043017	2607	2741	167152	169759	3.25250079405401e-07	6.48778258873925	1.53204215940246e-07	27.5484990243997	Historical	0	< 0.25	= 0.00
0.043761	0.043761	NODE_3137_length_24973_cov_11.043017:2607	NODE_3137_length_24973_cov_11.043017	2607	2741	167152	169759	3.25250079405401e-07	6.48778258873925	1.53204215940246e-07	27.5484990243997	Modern	0.043761	< 0.25	< 0.25
0.253383	0.253383	NODE_3137_length_24973_cov_11.043017:2612	NODE_3137_length_24973_cov_11.043017	2612	2741	167152	169764	0.118250405494511	0.927197361340876	0.0990473481919838	2.7208163252859	Historical	0.154398	< 0.25	< 0.25
0.253383	0.253383	NODE_3137_length_24973_cov_11.043017:2612	NODE_3137_length_24973_cov_11.043017	2612	2741	167152	169764	0.118250405494511	0.927197361340876	0.0990473481919838	2.7208163252859	Modern	0.407781	0.25–0.75	0.25–0.75
0.017677	0.017677	NODE_3137_length_24973_cov_11.043017:2621	NODE_3137_length_24973_cov_11.043017	2621	2741	167152	169773	0.00660232010188892	2.18030342349042	0.00475266727182507	7.97122851011844	Historical	0	< 0.25	= 0.00
0.017677	0.017677	NODE_3137_length_24973_cov_11.043017:2621	NODE_3137_length_24973_cov_11.043017	2621	2741	167152	169773	0.00660232010188892	2.18030342349042	0.00475266727182507	7.97122851011844	Modern	0.017677	< 0.25	< 0.25
0.020175	0.020175	NODE_3137_length_24973_cov_11.043017:2634	NODE_3137_length_24973_cov_11.043017	2634	2741	167152	169786	0.00341038445043909	2.46719666051102	0.00233026743788312	9.2693000131393	Historical	0	< 0.25	= 0.00
0.020175	0.020175	NODE_3137_length_24973_cov_11.043017:2634	NODE_3137_length_24973_cov_11.043017	2634	2741	167152	169786	0.00341038445043909	2.46719666051102	0.00233026743788312	9.2693000131393	Modern	0.020175	< 0.25	< 0.25
0.108618	0.108618	NODE_3137_length_24973_cov_11.043017:2641	NODE_3137_length_24973_cov_11.043017	2641	2741	167152	169793	1.00399706405541e-20	19.9982675571775	2.22633726929667e-21	90.1333799817062	Historical	0	< 0.25	= 0.00
0.108618	0.108618	NODE_3137_length_24973_cov_11.043017:2641	NODE_3137_length_24973_cov_11.043017	2641	2741	167152	169793	1.00399706405541e-20	19.9982675571775	2.22633726929667e-21	90.1333799817062	Modern	0.108618	< 0.25	< 0.25
0.072188	0.072188	NODE_3137_length_24973_cov_11.043017:2645	NODE_3137_length_24973_cov_11.043017	2645	2741	167152	169797	5.04509921506455e-13	12.2971302886676	1.58587639144004e-13	54.460702541277	Historical	0	< 0.25	= 0.00
0.072188	0.072188	NODE_3137_length_24973_cov_11.043017:2645	NODE_3137_length_24973_cov_11.043017	2645	2741	167152	169797	5.04509921506455e-13	12.2971302886676	1.58587639144004e-13	54.460702541277	Modern	0.072188	< 0.25	< 0.25
0.064365	0.064365	NODE_3137_length_24973_cov_11.043017:2655	NODE_3137_length_24973_cov_11.043017	2655	2741	167152	169807	4.42997823820698e-12	11.3535984071968	1.47455590929872e-12	50.0819710742632	Historical	0	< 0.25	= 0.00
0.064365	0.064365	NODE_3137_length_24973_cov_11.043017:2655	NODE_3137_length_24973_cov_11.043017	2655	2741	167152	169807	4.42997823820698e-12	11.3535984071968	1.47455590929872e-12	50.0819710742632	Modern	0.064365	< 0.25	< 0.25
0.015656	0.015656	NODE_3137_length_24973_cov_11.043017:2661	NODE_3137_length_24973_cov_11.043017	2661	2741	167152	169813	0.00838332533361097	2.07658367974962	0.00617006375455698	7.49995200338357	Historical	0	< 0.25	= 0.00
0.015656	0.015656	NODE_3137_length_24973_cov_11.043017:2661	NODE_3137_length_24973_cov_11.043017	2661	2741	167152	169813	0.00838332533361097	2.07658367974962	0.00617006375455698	7.49995200338357	Modern	0.015656	< 0.25	< 0.25
0.031114	0.031114	NODE_3137_length_24973_cov_11.043017:2663	NODE_3137_length_24973_cov_11.043017	2663	2741	167152	169815	1.440648545027e-05	4.84144195504445	7.73681626033019e-06	20.0018280997118	Historical	0	< 0.25	= 0.00
0.031114	0.031114	NODE_3137_length_24973_cov_11.043017:2663	NODE_3137_length_24973_cov_11.043017	2663	2741	167152	169815	1.440648545027e-05	4.84144195504445	7.73681626033019e-06	20.0018280997118	Modern	0.031114	< 0.25	< 0.25
0.049828	0.049828	NODE_3137_length_24973_cov_11.043017:2674	NODE_3137_length_24973_cov_11.043017	2674	2741	167152	169826	2.08960071084207e-08	7.67993669266634	8.91007330643961e-09	33.065611782031	Historical	0	< 0.25	= 0.00
0.049828	0.049828	NODE_3137_length_24973_cov_11.043017:2674	NODE_3137_length_24973_cov_11.043017	2674	2741	167152	169826	2.08960071084207e-08	7.67993669266634	8.91007330643961e-09	33.065611782031	Modern	0.049828	< 0.25	< 0.25
0.083252	0.083252	NODE_3137_length_24973_cov_11.043017:2675	NODE_3137_length_24973_cov_11.043017	2675	2741	167152	169827	1.16961472484097e-14	13.9319571728102	3.4155415753903e-15	62.0109419730072	Historical	0	< 0.25	= 0.00
0.083252	0.083252	NODE_3137_length_24973_cov_11.043017:2675	NODE_3137_length_24973_cov_11.043017	2675	2741	167152	169827	1.16961472484097e-14	13.9319571728102	3.4155415753903e-15	62.0109419730072	Modern	0.083252	< 0.25	< 0.25
0.066094	0.066094	NODE_3137_length_24973_cov_11.043017:2676	NODE_3137_length_24973_cov_11.043017	2676	2741	167152	169828	2.1821558308388e-11	10.6611142390562	7.59229716621105e-12	46.8682452740633	Historical	0	< 0.25	= 0.00
0.066094	0.066094	NODE_3137_length_24973_cov_11.043017:2676	NODE_3137_length_24973_cov_11.043017	2676	2741	167152	169828	2.1821558308388e-11	10.6611142390562	7.59229716621105e-12	46.8682452740633	Modern	0.066094	< 0.25	< 0.25
0.034358	0.034358	NODE_3137_length_24973_cov_11.043017:2683	NODE_3137_length_24973_cov_11.043017	2683	2741	167152	169835	9.0129068603809e-06	5.04513511692105	4.75039250475916e-06	20.9353805660985	Historical	0	< 0.25	= 0.00
0.034358	0.034358	NODE_3137_length_24973_cov_11.043017:2683	NODE_3137_length_24973_cov_11.043017	2683	2741	167152	169835	9.0129068603809e-06	5.04513511692105	4.75039250475916e-06	20.9353805660985	Modern	0.034358	< 0.25	< 0.25
0.05208	0.05208	NODE_3137_length_24973_cov_11.043017:2697	NODE_3137_length_24973_cov_11.043017	2697	2741	167152	169849	2.47639318416119e-09	8.60618039997704	9.79504046726625e-10	37.3652807951004	Historical	0	< 0.25	= 0.00
0.05208	0.05208	NODE_3137_length_24973_cov_11.043017:2697	NODE_3137_length_24973_cov_11.043017	2697	2741	167152	169849	2.47639318416119e-09	8.60618039997704	9.79504046726625e-10	37.3652807951004	Modern	0.05208	< 0.25	< 0.25
0.05259	0.05259	NODE_3137_length_24973_cov_11.043017:2713	NODE_3137_length_24973_cov_11.043017	2713	2741	167152	169865	3.03017465864182e-09	8.51853233813194	1.21005550233513e-09	36.9530935615166	Historical	0	< 0.25	= 0.00
0.05259	0.05259	NODE_3137_length_24973_cov_11.043017:2713	NODE_3137_length_24973_cov_11.043017	2713	2741	167152	169865	3.03017465864182e-09	8.51853233813194	1.21005550233513e-09	36.9530935615166	Modern	0.05259	< 0.25	< 0.25
0.012171	0.012171	NODE_3137_length_24973_cov_11.043017:2741	NODE_3137_length_24973_cov_11.043017	2741	2741	167152	169893	0.0510760936499531	1.29178232540908	0.0419813476296623	4.13595603146761	Historical	0	< 0.25	= 0.00
0.012171	0.012171	NODE_3137_length_24973_cov_11.043017:2741	NODE_3137_length_24973_cov_11.043017	2741	2741	167152	169893	0.0510760936499531	1.29178232540908	0.0419813476296623	4.13595603146761	Modern	0.012171	< 0.25	< 0.25
0.040993	0.040993	NODE_3139_length_24973_cov_7.522634:24873	NODE_3139_length_24973_cov_7.522634	24873	24948	188046	212919	1.13640168281271e-07	6.94446813183424	5.14240647540606e-08	29.6623459407905	Historical	0	< 0.25	= 0.00
0.040993	0.040993	NODE_3139_length_24973_cov_7.522634:24873	NODE_3139_length_24973_cov_7.522634	24873	24948	188046	212919	1.13640168281271e-07	6.94446813183424	5.14240647540606e-08	29.6623459407905	Modern	0.040993	< 0.25	< 0.25
0.846577	0.846577	NODE_3139_length_24973_cov_7.522634:24874	NODE_3139_length_24973_cov_7.522634	24874	24948	188046	212920	5.5720872463203e-296	295.253982092123	3.17497848793179e-298	1362.36009181264	Historical	0	< 0.25	= 0.00
0.846577	0.846577	NODE_3139_length_24973_cov_7.522634:24874	NODE_3139_length_24973_cov_7.522634	24874	24948	188046	212920	5.5720872463203e-296	295.253982092123	3.17497848793179e-298	1362.36009181264	Modern	0.846577	> 0.75	> 0.75
0.167506	0.167506	NODE_3139_length_24973_cov_7.522634:24875	NODE_3139_length_24973_cov_7.522634	24875	24948	188046	212921	1.48308857379856e-36	35.8288329110328	2.02111310864286e-37	163.424012932843	Historical	0	< 0.25	= 0.00
0.167506	0.167506	NODE_3139_length_24973_cov_7.522634:24875	NODE_3139_length_24973_cov_7.522634	24875	24948	188046	212921	1.48308857379856e-36	35.8288329110328	2.02111310864286e-37	163.424012932843	Modern	0.167506	< 0.25	< 0.25
0.013554	0.013554	NODE_3139_length_24973_cov_7.522634:24882	NODE_3139_length_24973_cov_7.522634	24882	24948	188046	212928	0.00583054923338213	2.23429053309825	0.00415281284428926	8.21575956986228	Historical	0	< 0.25	= 0.00
0.013554	0.013554	NODE_3139_length_24973_cov_7.522634:24882	NODE_3139_length_24973_cov_7.522634	24882	24948	188046	212928	0.00583054923338213	2.23429053309825	0.00415281284428926	8.21575956986228	Modern	0.013554	< 0.25	< 0.25
0.073644	0.073644	NODE_3139_length_24973_cov_7.522634:24896	NODE_3139_length_24973_cov_7.522634	24896	24948	188046	212942	5.80590903835615e-20	19.2361297725776	1.32328411130624e-20	86.6077374676409	Historical	0	< 0.25	= 0.00
0.073644	0.073644	NODE_3139_length_24973_cov_7.522634:24896	NODE_3139_length_24973_cov_7.522634	24896	24948	188046	212942	5.80590903835615e-20	19.2361297725776	1.32328411130624e-20	86.6077374676409	Modern	0.073644	< 0.25	< 0.25
0.012728	0.012728	NODE_3139_length_24973_cov_7.522634:24904	NODE_3139_length_24973_cov_7.522634	24904	24948	188046	212950	0.00232307659308952	2.63393647104016	0.0015512778676678	10.0166926021582	Historical	0	< 0.25	= 0.00
0.012728	0.012728	NODE_3139_length_24973_cov_7.522634:24904	NODE_3139_length_24973_cov_7.522634	24904	24948	188046	212950	0.00232307659308952	2.63393647104016	0.0015512778676678	10.0166926021582	Modern	0.012728	< 0.25	< 0.25
0.090223	0.090223	NODE_3139_length_24973_cov_7.522634:24917	NODE_3139_length_24973_cov_7.522634	24917	24948	188046	212963	5.24600183086186e-27	26.2801715621763	9.66499862475973e-28	119.159253808631	Historical	0	< 0.25	= 0.00
0.090223	0.090223	NODE_3139_length_24973_cov_7.522634:24917	NODE_3139_length_24973_cov_7.522634	24917	24948	188046	212963	5.24600183086186e-27	26.2801715621763	9.66499862475973e-28	119.159253808631	Modern	0.090223	< 0.25	< 0.25
0.047017	0.047017	NODE_3139_length_24973_cov_7.522634:24946	NODE_3139_length_24973_cov_7.522634	24946	24948	188046	212992	2.65801719785624e-08	7.57544221341966	1.13842901826511e-08	32.5892462493656	Historical	0	< 0.25	= 0.00
0.047017	0.047017	NODE_3139_length_24973_cov_7.522634:24946	NODE_3139_length_24973_cov_7.522634	24946	24948	188046	212992	2.65801719785624e-08	7.57544221341966	1.13842901826511e-08	32.5892462493656	Modern	0.047017	< 0.25	< 0.25
0.030938	0.030938	NODE_3139_length_24973_cov_7.522634:24948	NODE_3139_length_24973_cov_7.522634	24948	24948	188046	212994	4.61798556753704e-05	4.33554742870529	2.58747529425152e-05	17.6991107856426	Historical	0	< 0.25	= 0.00
0.030938	0.030938	NODE_3139_length_24973_cov_7.522634:24948	NODE_3139_length_24973_cov_7.522634	24948	24948	188046	212994	4.61798556753704e-05	4.33554742870529	2.58747529425152e-05	17.6991107856426	Modern	0.030938	< 0.25	< 0.25
0.060881	0.060881	NODE_3173_length_24871_cov_51.906144:6956	NODE_3173_length_24871_cov_51.906144	6956	7003	208940	215896	1.3009696430751e-08	7.88573283718076	5.49174744868834e-09	34.0068824494947	Historical	0	< 0.25	= 0.00
0.060881	0.060881	NODE_3173_length_24871_cov_51.906144:6956	NODE_3173_length_24871_cov_51.906144	6956	7003	208940	215896	1.3009696430751e-08	7.88573283718076	5.49174744868834e-09	34.0068824494947	Modern	0.060881	< 0.25	< 0.25
0.015354	0.015354	NODE_3173_length_24871_cov_51.906144:6963	NODE_3173_length_24871_cov_51.906144	6963	7003	208940	215903	0.0136955056830206	1.86342192753627	0.0105154951041996	6.54541238795745	Historical	0	< 0.25	= 0.00
0.015354	0.015354	NODE_3173_length_24871_cov_51.906144:6963	NODE_3173_length_24871_cov_51.906144	6963	7003	208940	215903	0.0136955056830206	1.86342192753627	0.0105154951041996	6.54541238795745	Modern	0.015354	< 0.25	< 0.25
0.016538	0.016538	NODE_3173_length_24871_cov_51.906144:6985	NODE_3173_length_24871_cov_51.906144	6985	7003	208940	215925	0.00810436356349861	2.09128108466658	0.00594691984770012	7.56631651043843	Historical	0	< 0.25	= 0.00
0.016538	0.016538	NODE_3173_length_24871_cov_51.906144:6985	NODE_3173_length_24871_cov_51.906144	6985	7003	208940	215925	0.00810436356349861	2.09128108466658	0.00594691984770012	7.56631651043843	Modern	0.016538	< 0.25	< 0.25
0.094847	0.094847	NODE_3173_length_24871_cov_51.906144:6992	NODE_3173_length_24871_cov_51.906144	6992	7003	208940	215932	1.96761125002765e-15	14.7060607029805	5.42821527191864e-16	65.6344290525681	Historical	0	< 0.25	= 0.00
0.094847	0.094847	NODE_3173_length_24871_cov_51.906144:6992	NODE_3173_length_24871_cov_51.906144	6992	7003	208940	215932	1.96761125002765e-15	14.7060607029805	5.42821527191864e-16	65.6344290525681	Modern	0.094847	< 0.25	< 0.25
0.014929	0.014929	NODE_3173_length_24871_cov_51.906144:7003	NODE_3173_length_24871_cov_51.906144	7003	7003	208940	215943	0.0185887175413449	1.73075057170898	0.0145556581211014	5.9694696222731	Historical	0	< 0.25	= 0.00
0.014929	0.014929	NODE_3173_length_24871_cov_51.906144:7003	NODE_3173_length_24871_cov_51.906144	7003	7003	208940	215943	0.0185887175413449	1.73075057170898	0.0145556581211014	5.9694696222731	Modern	0.014929	< 0.25	< 0.25
0	0	NODE_3193_length_24820_cov_7.337244:41	NODE_3193_length_24820_cov_7.337244	41	82	229834	229875	0.999165688808028	0.000362487981788934	0.984908942939119	0.00035777582479925	Historical	0	< 0.25	= 0.00
0	0	NODE_3193_length_24820_cov_7.337244:41	NODE_3193_length_24820_cov_7.337244	41	82	229834	229875	0.999165688808028	0.000362487981788934	0.984908942939119	0.00035777582479925	Modern	0	< 0.25	= 0.00
0.010887	0.010887	NODE_3193_length_24820_cov_7.337244:48	NODE_3193_length_24820_cov_7.337244	48	82	229834	229882	0.00390300386996665	2.40860101810017	0.0026909599331394	9.00599129933434	Historical	0	< 0.25	= 0.00
0.010887	0.010887	NODE_3193_length_24820_cov_7.337244:48	NODE_3193_length_24820_cov_7.337244	48	82	229834	229882	0.00390300386996665	2.40860101810017	0.0026909599331394	9.00599129933434	Modern	0.010887	< 0.25	< 0.25
0.019447	0.019447	NODE_3193_length_24820_cov_7.337244:70	NODE_3193_length_24820_cov_7.337244	70	82	229834	229904	1.80887329510717e-06	5.7425918527991	9.00142076577546e-07	24.1306907725553	Historical	0	< 0.25	= 0.00
0.019447	0.019447	NODE_3193_length_24820_cov_7.337244:70	NODE_3193_length_24820_cov_7.337244	70	82	229834	229904	1.80887329510717e-06	5.7425918527991	9.00142076577546e-07	24.1306907725553	Modern	0.019447	< 0.25	< 0.25
0.015388	0.015388	NODE_3193_length_24820_cov_7.337244:71	NODE_3193_length_24820_cov_7.337244	71	82	229834	229905	0.000118095648329163	3.92776610527769	6.92536209337682e-05	15.8311323075836	Historical	0	< 0.25	= 0.00
0.015388	0.015388	NODE_3193_length_24820_cov_7.337244:71	NODE_3193_length_24820_cov_7.337244	71	82	229834	229905	0.000118095648329163	3.92776610527769	6.92536209337682e-05	15.8311323075836	Modern	0.015388	< 0.25	< 0.25
0.052475	0.052475	NODE_3193_length_24820_cov_7.337244:80	NODE_3193_length_24820_cov_7.337244	80	82	229834	229914	2.5461101650444e-23	22.5941228092308	5.1623411228583e-24	102.14421313624	Historical	0	< 0.25	= 0.00
0.052475	0.052475	NODE_3193_length_24820_cov_7.337244:80	NODE_3193_length_24820_cov_7.337244	80	82	229834	229914	2.5461101650444e-23	22.5941228092308	5.1623411228583e-24	102.14421313624	Modern	0.052475	< 0.25	< 0.25
0.022412	0.022412	NODE_3193_length_24820_cov_7.337244:82	NODE_3193_length_24820_cov_7.337244	82	82	229834	229916	3.08184231450191e-06	5.51118958615415	1.5687250527759e-06	23.0618518050289	Historical	0	< 0.25	= 0.00
0.022412	0.022412	NODE_3193_length_24820_cov_7.337244:82	NODE_3193_length_24820_cov_7.337244	82	82	229834	229916	3.08184231450191e-06	5.51118958615415	1.5687250527759e-06	23.0618518050289	Modern	0.022412	< 0.25	< 0.25
0	0	NODE_3203_length_24774_cov_9.551165:3	NODE_3203_length_24774_cov_9.551165	3	90	250728	250731	0.999165688808028	0.000362487981788934	0.971214975038565	0.00130209172393799	Historical	0	< 0.25	= 0.00
0	0	NODE_3203_length_24774_cov_9.551165:3	NODE_3203_length_24774_cov_9.551165	3	90	250728	250731	0.999165688808028	0.000362487981788934	0.971214975038565	0.00130209172393799	Modern	0	< 0.25	= 0.00
8e-06	8e-06	NODE_3203_length_24774_cov_9.551165:4	NODE_3203_length_24774_cov_9.551165	4	90	250728	250732	0.999165688808028	0.000362487981788934	0.977248801201122	0.000813291394908369	Historical	0	< 0.25	= 0.00
8e-06	8e-06	NODE_3203_length_24774_cov_9.551165:4	NODE_3203_length_24774_cov_9.551165	4	90	250728	250732	0.999165688808028	0.000362487981788934	0.977248801201122	0.000813291394908369	Modern	8e-06	< 0.25	< 0.25
0.028683	-0.028683	NODE_3203_length_24774_cov_9.551165:7	NODE_3203_length_24774_cov_9.551165	7	90	250728	250735	0.986372072322559	0.00595923264905257	0.891762785233691	0.0185161321281259	Historical	0.484111	0.25–0.75	0.25–0.75
0.028683	-0.028683	NODE_3203_length_24774_cov_9.551165:7	NODE_3203_length_24774_cov_9.551165	7	90	250728	250735	0.986372072322559	0.00595923264905257	0.891762785233691	0.0185161321281259	Modern	0.455428	0.25–0.75	0.25–0.75
0.475496	0.475496	NODE_3203_length_24774_cov_9.551165:60	NODE_3203_length_24774_cov_9.551165	60	90	250728	250788	0	Inf	0	10698.2959730022	Historical	0	< 0.25	= 0.00
0.475496	0.475496	NODE_3203_length_24774_cov_9.551165:60	NODE_3203_length_24774_cov_9.551165	60	90	250728	250788	0	Inf	0	10698.2959730022	Modern	0.475496	0.25–0.75	0.25–0.75
0	0	NODE_3203_length_24774_cov_9.551165:67	NODE_3203_length_24774_cov_9.551165	67	90	250728	250795	0.999165688808028	0.000362487981788934	0.990952931819795	0.000128574314162356	Historical	0	< 0.25	= 0.00
0	0	NODE_3203_length_24774_cov_9.551165:67	NODE_3203_length_24774_cov_9.551165	67	90	250728	250795	0.999165688808028	0.000362487981788934	0.990952931819795	0.000128574314162356	Modern	0	< 0.25	= 0.00
0	0	NODE_3203_length_24774_cov_9.551165:71	NODE_3203_length_24774_cov_9.551165	71	90	250728	250799	0.999165688808028	0.000362487981788934	0.990571541245668	0.000139643750185776	Historical	0	< 0.25	= 0.00
0	0	NODE_3203_length_24774_cov_9.551165:71	NODE_3203_length_24774_cov_9.551165	71	90	250728	250799	0.999165688808028	0.000362487981788934	0.990571541245668	0.000139643750185776	Modern	0	< 0.25	= 0.00
0.010399	0.010399	NODE_3203_length_24774_cov_9.551165:78	NODE_3203_length_24774_cov_9.551165	78	90	250728	250806	7.4990368911855e-05	4.12499450990191	4.29432027102075e-05	16.7366569692669	Historical	0	< 0.25	= 0.00
0.010399	0.010399	NODE_3203_length_24774_cov_9.551165:78	NODE_3203_length_24774_cov_9.551165	78	90	250728	250806	7.4990368911855e-05	4.12499450990191	4.29432027102075e-05	16.7366569692669	Modern	0.010399	< 0.25	< 0.25
0	0	NODE_3203_length_24774_cov_9.551165:83	NODE_3203_length_24774_cov_9.551165	83	90	250728	250811	0.999165688808028	0.000362487981788934	0.98848506499548	0.000208292202324824	Historical	0	< 0.25	= 0.00
0	0	NODE_3203_length_24774_cov_9.551165:83	NODE_3203_length_24774_cov_9.551165	83	90	250728	250811	0.999165688808028	0.000362487981788934	0.98848506499548	0.000208292202324824	Modern	0	< 0.25	= 0.00
0.011575	0.011575	NODE_3203_length_24774_cov_9.551165:86	NODE_3203_length_24774_cov_9.551165	86	90	250728	250814	0.000319831135463639	3.4950792600962	0.000195604227197136	13.8728462332865	Historical	0	< 0.25	= 0.00
0.011575	0.011575	NODE_3203_length_24774_cov_9.551165:86	NODE_3203_length_24774_cov_9.551165	86	90	250728	250814	0.000319831135463639	3.4950792600962	0.000195604227197136	13.8728462332865	Modern	0.011575	< 0.25	< 0.25
1e-06	1e-06	NODE_3203_length_24774_cov_9.551165:87	NODE_3203_length_24774_cov_9.551165	87	90	250728	250815	0.999165688808028	0.000362487981788934	0.987601895120126	0.000241471258053479	Historical	0	< 0.25	= 0.00
1e-06	1e-06	NODE_3203_length_24774_cov_9.551165:87	NODE_3203_length_24774_cov_9.551165	87	90	250728	250815	0.999165688808028	0.000362487981788934	0.987601895120126	0.000241471258053479	Modern	1e-06	< 0.25	< 0.25
0.065982	0.065982	NODE_3203_length_24774_cov_9.551165:89	NODE_3203_length_24774_cov_9.551165	89	90	250728	250817	0.822208762710648	0.0850178990265986	0.732413883592201	0.116906755220232	Historical	0.297718	0.25–0.75	0.25–0.75
0.065982	0.065982	NODE_3203_length_24774_cov_9.551165:89	NODE_3203_length_24774_cov_9.551165	89	90	250728	250817	0.822208762710648	0.0850178990265986	0.732413883592201	0.116906755220232	Modern	0.3637	0.25–0.75	0.25–0.75
0.00136	0.00136	NODE_3203_length_24774_cov_9.551165:90	NODE_3203_length_24774_cov_9.551165	90	90	250728	250818	0.770902558222774	0.113000513130054	0.683050414835564	0.166712254497659	Historical	0	< 0.25	= 0.00
0.00136	0.00136	NODE_3203_length_24774_cov_9.551165:90	NODE_3203_length_24774_cov_9.551165	90	90	250728	250818	0.770902558222774	0.113000513130054	0.683050414835564	0.166712254497659	Modern	0.00136	< 0.25	< 0.25
0.114477	0.114477	NODE_3215_length_24744_cov_26.280706:2533	NODE_3215_length_24744_cov_26.280706	2533	2533	271622	274155	0.672805345970431	0.172110566383398	0.591020840477349	0.288752855291681	Historical	0.5	0.25–0.75	0.25–0.75
0.114477	0.114477	NODE_3215_length_24744_cov_26.280706:2533	NODE_3215_length_24744_cov_26.280706	2533	2533	271622	274155	0.672805345970431	0.172110566383398	0.591020840477349	0.288752855291681	Modern	0.614477	0.25–0.75	0.25–0.75
0.068849	0.068849	NODE_3231_length_24695_cov_34.928200:9172	NODE_3231_length_24695_cov_34.928200	9172	17033	292516	301688	8.27006104044776e-20	19.0824912849539	1.88884110183066e-20	85.9040231931056	Historical	0	< 0.25	= 0.00
0.068849	0.068849	NODE_3231_length_24695_cov_34.928200:9172	NODE_3231_length_24695_cov_34.928200	9172	17033	292516	301688	8.27006104044776e-20	19.0824912849539	1.88884110183066e-20	85.9040231931056	Modern	0.068849	< 0.25	< 0.25
0.013764	0.013764	NODE_3231_length_24695_cov_34.928200:9195	NODE_3231_length_24695_cov_34.928200	9195	17033	292516	301711	0.00118377029679954	2.92673256155786	0.000761075489965136	11.3338353882537	Historical	0	< 0.25	= 0.00
0.013764	0.013764	NODE_3231_length_24695_cov_34.928200:9195	NODE_3231_length_24695_cov_34.928200	9195	17033	292516	301711	0.00118377029679954	2.92673256155786	0.000761075489965136	11.3338353882537	Modern	0.013764	< 0.25	< 0.25
0.013678	0.013678	NODE_3231_length_24695_cov_34.928200:9210	NODE_3231_length_24695_cov_34.928200	9210	17033	292516	301726	0.00125587876410276	2.90105228306895	0.000810417493074857	11.2172212664966	Historical	0	< 0.25	= 0.00
0.013678	0.013678	NODE_3231_length_24695_cov_34.928200:9210	NODE_3231_length_24695_cov_34.928200	9210	17033	292516	301726	0.00125587876410276	2.90105228306895	0.000810417493074857	11.2172212664966	Modern	0.013678	< 0.25	< 0.25
0.013407	0.013407	NODE_3231_length_24695_cov_34.928200:9220	NODE_3231_length_24695_cov_34.928200	9220	17033	292516	301736	0.00230520691253098	2.63729008678739	0.00153680460835399	10.0339579598583	Historical	0	< 0.25	= 0.00
0.013407	0.013407	NODE_3231_length_24695_cov_34.928200:9220	NODE_3231_length_24695_cov_34.928200	9220	17033	292516	301736	0.00230520691253098	2.63729008678739	0.00153680460835399	10.0339579598583	Modern	0.013407	< 0.25	< 0.25
0.04263	0.04263	NODE_3231_length_24695_cov_34.928200:9231	NODE_3231_length_24695_cov_34.928200	9231	17033	292516	301747	2.56947490253058e-11	10.5901556199503	8.97974134977449e-12	46.5393403452886	Historical	0	< 0.25	= 0.00
0.04263	0.04263	NODE_3231_length_24695_cov_34.928200:9231	NODE_3231_length_24695_cov_34.928200	9231	17033	292516	301747	2.56947490253058e-11	10.5901556199503	8.97974134977449e-12	46.5393403452886	Modern	0.04263	< 0.25	< 0.25
0.043466	0.043466	NODE_3231_length_24695_cov_34.928200:9244	NODE_3231_length_24695_cov_34.928200	9244	17033	292516	301760	2.82508107241968e-10	9.54896908455276	1.03961910309841e-10	41.7454875953905	Historical	0	< 0.25	= 0.00
0.043466	0.043466	NODE_3231_length_24695_cov_34.928200:9244	NODE_3231_length_24695_cov_34.928200	9244	17033	292516	301760	2.82508107241968e-10	9.54896908455276	1.03961910309841e-10	41.7454875953905	Modern	0.043466	< 0.25	< 0.25
0.014249	0.014249	NODE_3231_length_24695_cov_34.928200:9250	NODE_3231_length_24695_cov_34.928200	9250	17033	292516	301766	0.00575143349748817	2.2402238974915	0.00409373162997852	8.2417644964559	Historical	0	< 0.25	= 0.00
0.014249	0.014249	NODE_3231_length_24695_cov_34.928200:9250	NODE_3231_length_24695_cov_34.928200	9250	17033	292516	301766	0.00575143349748817	2.2402238974915	0.00409373162997852	8.2417644964559	Modern	0.014249	< 0.25	< 0.25
0.27366	0.27366	NODE_3231_length_24695_cov_34.928200:16818	NODE_3231_length_24695_cov_34.928200	16818	17033	292516	309334	1.75281838152894e-191	190.756263081046	2.16397331052956e-193	880.020160064221	Historical	0	< 0.25	= 0.00
0.27366	0.27366	NODE_3231_length_24695_cov_34.928200:16818	NODE_3231_length_24695_cov_34.928200	16818	17033	292516	309334	1.75281838152894e-191	190.756263081046	2.16397331052956e-193	880.020160064221	Modern	0.27366	0.25–0.75	0.25–0.75
0.057779	0.057779	NODE_3231_length_24695_cov_34.928200:16841	NODE_3231_length_24695_cov_34.928200	16841	17033	292516	309357	1.27748230116277e-20	19.8936451080704	2.84491547599876e-21	89.6483111069364	Historical	0	< 0.25	= 0.00
0.057779	0.057779	NODE_3231_length_24695_cov_34.928200:16841	NODE_3231_length_24695_cov_34.928200	16841	17033	292516	309357	1.27748230116277e-20	19.8936451080704	2.84491547599876e-21	89.6483111069364	Modern	0.057779	< 0.25	< 0.25
0.034243	0.034243	NODE_3231_length_24695_cov_34.928200:16853	NODE_3231_length_24695_cov_34.928200	16853	17033	292516	309369	4.1142998400588e-15	14.3857040611737	1.16239715329297e-15	64.1339736122427	Historical	0	< 0.25	= 0.00
0.034243	0.034243	NODE_3231_length_24695_cov_34.928200:16853	NODE_3231_length_24695_cov_34.928200	16853	17033	292516	309369	4.1142998400588e-15	14.3857040611737	1.16239715329297e-15	64.1339736122427	Modern	0.034243	< 0.25	< 0.25
0.318536	0.318536	NODE_3231_length_24695_cov_34.928200:17033	NODE_3231_length_24695_cov_34.928200	17033	17033	292516	309549	1.86449474650168e-273	272.729438835992	1.32798771118354e-275	1258.26381437604	Historical	0	< 0.25	= 0.00
0.318536	0.318536	NODE_3231_length_24695_cov_34.928200:17033	NODE_3231_length_24695_cov_34.928200	17033	17033	292516	309549	1.86449474650168e-273	272.729438835992	1.32798771118354e-275	1258.26381437604	Modern	0.318536	0.25–0.75	0.25–0.75
0.012614	0.012614	NODE_3240_length_24668_cov_20.697383:15608	NODE_3240_length_24668_cov_20.697383	15608	15616	334304	349912	0.00462653962480165	2.33474371389012	0.00321397315815993	8.68183448202709	Historical	0	< 0.25	= 0.00
0.012614	0.012614	NODE_3240_length_24668_cov_20.697383:15608	NODE_3240_length_24668_cov_20.697383	15608	15616	334304	349912	0.00462653962480165	2.33474371389012	0.00321397315815993	8.68183448202709	Modern	0.012614	< 0.25	< 0.25
0.035899	0.035899	NODE_3240_length_24668_cov_20.697383:15614	NODE_3240_length_24668_cov_20.697383	15614	15616	334304	349918	3.14121828512967e-12	11.5029018831706	1.03812342186622e-12	50.7706919415313	Historical	0	< 0.25	= 0.00
0.035899	0.035899	NODE_3240_length_24668_cov_20.697383:15614	NODE_3240_length_24668_cov_20.697383	15614	15616	334304	349918	3.14121828512967e-12	11.5029018831706	1.03812342186622e-12	50.7706919415313	Modern	0.035899	< 0.25	< 0.25
0.012671	0.012671	NODE_3240_length_24668_cov_20.697383:15616	NODE_3240_length_24668_cov_20.697383	15616	15616	334304	349920	0.00387168718907446	2.41209973853997	0.00266569155942923	9.02323527838668	Historical	0	< 0.25	= 0.00
0.012671	0.012671	NODE_3240_length_24668_cov_20.697383:15616	NODE_3240_length_24668_cov_20.697383	15616	15616	334304	349920	0.00387168718907446	2.41209973853997	0.00266569155942923	9.02323527838668	Modern	0.012671	< 0.25	< 0.25
0.129496	0.129496	NODE_3245_length_24653_cov_8.975198:18235	NODE_3245_length_24653_cov_8.975198	18235	18253	355198	373433	1.89909546269039e-32	31.7214532038372	2.88561513799109e-33	144.413260978141	Historical	0	< 0.25	= 0.00
0.129496	0.129496	NODE_3245_length_24653_cov_8.975198:18235	NODE_3245_length_24653_cov_8.975198	18235	18253	355198	373433	1.89909546269039e-32	31.7214532038372	2.88561513799109e-33	144.413260978141	Modern	0.129496	< 0.25	< 0.25
0.084497	0.084497	NODE_3245_length_24653_cov_8.975198:18244	NODE_3245_length_24653_cov_8.975198	18244	18253	355198	373442	4.69463765465933e-19	18.3283979221742	1.10618671756808e-19	82.4095387856863	Historical	0	< 0.25	= 0.00
0.084497	0.084497	NODE_3245_length_24653_cov_8.975198:18244	NODE_3245_length_24653_cov_8.975198	18244	18253	355198	373442	4.69463765465933e-19	18.3283979221742	1.10618671756808e-19	82.4095387856863	Modern	0.084497	< 0.25	< 0.25
0.216306	0.216306	NODE_3245_length_24653_cov_8.975198:18245	NODE_3245_length_24653_cov_8.975198	18245	18253	355198	373443	2.15134943714281e-54	53.6672890427518	1.87962154052364e-55	246.057026082999	Historical	0	< 0.25	= 0.00
0.216306	0.216306	NODE_3245_length_24653_cov_8.975198:18245	NODE_3245_length_24653_cov_8.975198	18245	18253	355198	373443	2.15134943714281e-54	53.6672890427518	1.87962154052364e-55	246.057026082999	Modern	0.216306	< 0.25	< 0.25
0.011242	0.011242	NODE_3245_length_24653_cov_8.975198:18253	NODE_3245_length_24653_cov_8.975198	18253	18253	355198	373451	0.0237497015510308	1.62434184353616	0.0188441364158463	5.51592213906732	Historical	0	< 0.25	= 0.00
0.011242	0.011242	NODE_3245_length_24653_cov_8.975198:18253	NODE_3245_length_24653_cov_8.975198	18253	18253	355198	373451	0.0237497015510308	1.62434184353616	0.0188441364158463	5.51592213906732	Modern	0.011242	< 0.25	< 0.25
0.036474	0.036474	NODE_3247_length_24645_cov_8.272020:22879	NODE_3247_length_24645_cov_8.272020	22879	22879	376092	398971	5.26765424895729e-10	9.27838273839852	1.97599565844077e-10	40.4902505632876	Historical	0	< 0.25	= 0.00
0.036474	0.036474	NODE_3247_length_24645_cov_8.272020:22879	NODE_3247_length_24645_cov_8.272020	22879	22879	376092	398971	5.26765424895729e-10	9.27838273839852	1.97599565844077e-10	40.4902505632876	Modern	0.036474	< 0.25	< 0.25
0.000307	0.000307	NODE_324_length_55178_cov_10.537936:181	NODE_324_length_55178_cov_10.537936	181	205	313410	313591	0.999165688808028	0.000362487981788934	0.980083539406122	0.000623210002096075	Historical	0	< 0.25	= 0.00
0.000307	0.000307	NODE_324_length_55178_cov_10.537936:181	NODE_324_length_55178_cov_10.537936	181	205	313410	313591	0.999165688808028	0.000362487981788934	0.980083539406122	0.000623210002096075	Modern	0.000307	< 0.25	< 0.25
0.176843	-0.176843	NODE_324_length_55178_cov_10.537936:199	NODE_324_length_55178_cov_10.537936	199	205	313410	313609	0.470039336488989	0.327865795457386	0.404644500025896	0.694480691505962	Historical	0.499975	0.25–0.75	0.25–0.75
0.176843	-0.176843	NODE_324_length_55178_cov_10.537936:199	NODE_324_length_55178_cov_10.537936	199	205	313410	313609	0.470039336488989	0.327865795457386	0.404644500025896	0.694480691505962	Modern	0.323132	0.25–0.75	0.25–0.75
0.208248	0.208248	NODE_324_length_55178_cov_10.537936:200	NODE_324_length_55178_cov_10.537936	200	205	313410	313610	3.65634322556345e-29	28.4369530432523	6.18071314482711e-30	129.184223072254	Historical	0	< 0.25	= 0.00
0.208248	0.208248	NODE_324_length_55178_cov_10.537936:200	NODE_324_length_55178_cov_10.537936	200	205	313410	313610	3.65634322556345e-29	28.4369530432523	6.18071314482711e-30	129.184223072254	Modern	0.208248	< 0.25	< 0.25
0.01835	0.01835	NODE_324_length_55178_cov_10.537936:201	NODE_324_length_55178_cov_10.537936	201	205	313410	313611	0.0541530658370704	1.26637695107133	0.0445875670282431	4.03417135646982	Historical	0	< 0.25	= 0.00
0.01835	0.01835	NODE_324_length_55178_cov_10.537936:201	NODE_324_length_55178_cov_10.537936	201	205	313410	313611	0.0541530658370704	1.26637695107133	0.0445875670282431	4.03417135646982	Modern	0.01835	< 0.25	< 0.25
0.145475	-0.145475	NODE_324_length_55178_cov_10.537936:205	NODE_324_length_55178_cov_10.537936	205	205	313410	313615	0.568026996454421	0.245631023210512	0.493314993596931	0.469287806097294	Historical	0.499997	0.25–0.75	0.25–0.75
0.145475	-0.145475	NODE_324_length_55178_cov_10.537936:205	NODE_324_length_55178_cov_10.537936	205	205	313410	313615	0.568026996454421	0.245631023210512	0.493314993596931	0.469287806097294	Modern	0.354522	0.25–0.75	0.25–0.75
0.086458	0.086458	NODE_3256_length_24610_cov_12.215046:24492	NODE_3256_length_24610_cov_12.215046	24492	24586	396986	421478	7.74654657972449e-31	30.110891863381	1.23591626343183e-31	136.951097633673	Historical	0	< 0.25	= 0.00
0.086458	0.086458	NODE_3256_length_24610_cov_12.215046:24492	NODE_3256_length_24610_cov_12.215046	24492	24586	396986	421478	7.74654657972449e-31	30.110891863381	1.23591626343183e-31	136.951097633673	Modern	0.086458	< 0.25	< 0.25
0.077829	-0.077829	NODE_3256_length_24610_cov_12.215046:24509	NODE_3256_length_24610_cov_12.215046	24509	24586	396986	421495	0.801266547101758	0.0962229886858794	0.712617399203035	0.135676658833942	Historical	0.5	0.25–0.75	0.25–0.75
0.077829	-0.077829	NODE_3256_length_24610_cov_12.215046:24509	NODE_3256_length_24610_cov_12.215046	24509	24586	396986	421495	0.801266547101758	0.0962229886858794	0.712617399203035	0.135676658833942	Modern	0.422171	0.25–0.75	0.25–0.75
0.019999	0.019999	NODE_3256_length_24610_cov_12.215046:24511	NODE_3256_length_24610_cov_12.215046	24511	24586	396986	421497	1.45346082941619e-05	4.83759666791669	7.81252449619717e-06	19.9832078633085	Historical	0	< 0.25	= 0.00
0.019999	0.019999	NODE_3256_length_24610_cov_12.215046:24511	NODE_3256_length_24610_cov_12.215046	24511	24586	396986	421497	1.45346082941619e-05	4.83759666791669	7.81252449619717e-06	19.9832078633085	Modern	0.019999	< 0.25	< 0.25
0.16895	0.16895	NODE_3256_length_24610_cov_12.215046:24517	NODE_3256_length_24610_cov_12.215046	24517	24586	396986	421503	3.49624109228685e-83	82.4563986271133	1.70993747628464e-84	379.366060054058	Historical	0	< 0.25	= 0.00
0.16895	0.16895	NODE_3256_length_24610_cov_12.215046:24517	NODE_3256_length_24610_cov_12.215046	24517	24586	396986	421503	3.49624109228685e-83	82.4563986271133	1.70993747628464e-84	379.366060054058	Modern	0.16895	< 0.25	< 0.25
0.020887	0.020887	NODE_3256_length_24610_cov_12.215046:24586	NODE_3256_length_24610_cov_12.215046	24586	24586	396986	421572	1.93249720523963e-06	5.71388112548202	9.64413372605343e-07	23.9978898941337	Historical	0	< 0.25	= 0.00
0.020887	0.020887	NODE_3256_length_24610_cov_12.215046:24586	NODE_3256_length_24610_cov_12.215046	24586	24586	396986	421572	1.93249720523963e-06	5.71388112548202	9.64413372605343e-07	23.9978898941337	Modern	0.020887	< 0.25	< 0.25
0.293301	0.293301	NODE_3279_length_24549_cov_50.766258:1045	NODE_3279_length_24549_cov_50.766258	1045	1286	417880	418925	2.18582623217832e-218	217.66038436636	2.17959880701542e-220	1004.21362982883	Historical	0	< 0.25	= 0.00
0.293301	0.293301	NODE_3279_length_24549_cov_50.766258:1045	NODE_3279_length_24549_cov_50.766258	1045	1286	417880	418925	2.18582623217832e-218	217.66038436636	2.17959880701542e-220	1004.21362982883	Modern	0.293301	0.25–0.75	0.25–0.75
0.404893	0.404893	NODE_3279_length_24549_cov_50.766258:1076	NODE_3279_length_24549_cov_50.766258	1076	1286	417880	418956	0	Inf	0	2738.75633809627	Historical	0	< 0.25	= 0.00
0.404893	0.404893	NODE_3279_length_24549_cov_50.766258:1076	NODE_3279_length_24549_cov_50.766258	1076	1286	417880	418956	0	Inf	0	2738.75633809627	Modern	0.404893	0.25–0.75	0.25–0.75
0.007508	0.007508	NODE_3279_length_24549_cov_50.766258:1246	NODE_3279_length_24549_cov_50.766258	1246	1286	417880	419126	0.00285601760747073	2.54423911944355	0.00192706601149853	9.61774124402054	Historical	0	< 0.25	= 0.00
0.007508	0.007508	NODE_3279_length_24549_cov_50.766258:1246	NODE_3279_length_24549_cov_50.766258	1246	1286	417880	419126	0.00285601760747073	2.54423911944355	0.00192706601149853	9.61774124402054	Modern	0.007508	< 0.25	< 0.25
0.039966	0.039966	NODE_3279_length_24549_cov_50.766258:1248	NODE_3279_length_24549_cov_50.766258	1248	1286	417880	419128	5.68261994313872e-38	37.2454513888465	7.36635918555019e-39	170.008761488964	Historical	0	< 0.25	= 0.00
0.039966	0.039966	NODE_3279_length_24549_cov_50.766258:1248	NODE_3279_length_24549_cov_50.766258	1248	1286	417880	419128	5.68261994313872e-38	37.2454513888465	7.36635918555019e-39	170.008761488964	Modern	0.039966	< 0.25	< 0.25
0.021382	0.021382	NODE_3279_length_24549_cov_50.766258:1257	NODE_3279_length_24549_cov_50.766258	1257	1286	417880	419137	1.63856355823801e-12	11.7855367081072	5.34517172131772e-13	52.0738619201883	Historical	0	< 0.25	= 0.00
0.021382	0.021382	NODE_3279_length_24549_cov_50.766258:1257	NODE_3279_length_24549_cov_50.766258	1257	1286	417880	419137	1.63856355823801e-12	11.7855367081072	5.34517172131772e-13	52.0738619201883	Modern	0.021382	< 0.25	< 0.25
0.051917	0.051917	NODE_3279_length_24549_cov_50.766258:1258	NODE_3279_length_24549_cov_50.766258	1258	1286	417880	419138	1.46433517909616e-48	47.8343595040352	1.45321012550379e-49	219.055851536347	Historical	0	< 0.25	= 0.00
0.051917	0.051917	NODE_3279_length_24549_cov_50.766258:1258	NODE_3279_length_24549_cov_50.766258	1258	1286	417880	419138	1.46433517909616e-48	47.8343595040352	1.45321012550379e-49	219.055851536347	Modern	0.051917	< 0.25	< 0.25
0.036541	0.036541	NODE_3279_length_24549_cov_50.766258:1260	NODE_3279_length_24549_cov_50.766258	1260	1286	417880	419140	3.30225915505081e-27	26.4811888471265	6.02121327416672e-28	120.097977191893	Historical	0	< 0.25	= 0.00
0.036541	0.036541	NODE_3279_length_24549_cov_50.766258:1260	NODE_3279_length_24549_cov_50.766258	1260	1286	417880	419140	3.30225915505081e-27	26.4811888471265	6.02121327416672e-28	120.097977191893	Modern	0.036541	< 0.25	< 0.25
0.035296	0.035296	NODE_3279_length_24549_cov_50.766258:1265	NODE_3279_length_24549_cov_50.766258	1265	1286	417880	419145	3.16579781420934e-23	22.499516825095	6.49394423427557e-24	101.689630144427	Historical	0	< 0.25	= 0.00
0.035296	0.035296	NODE_3279_length_24549_cov_50.766258:1265	NODE_3279_length_24549_cov_50.766258	1265	1286	417880	419145	3.16579781420934e-23	22.499516825095	6.49394423427557e-24	101.689630144427	Modern	0.035296	< 0.25	< 0.25
0.019855	0.019855	NODE_3279_length_24549_cov_50.766258:1278	NODE_3279_length_24549_cov_50.766258	1278	1286	417880	419158	2.12293534271255e-06	5.67306323274439	1.06449179577609e-06	23.8078187523037	Historical	0	< 0.25	= 0.00
0.019855	0.019855	NODE_3279_length_24549_cov_50.766258:1278	NODE_3279_length_24549_cov_50.766258	1278	1286	417880	419158	2.12293534271255e-06	5.67306323274439	1.06449179577609e-06	23.8078187523037	Modern	0.019855	< 0.25	< 0.25
0.205375	0.205375	NODE_3279_length_24549_cov_50.766258:1281	NODE_3279_length_24549_cov_50.766258	1281	1286	417880	419161	0.377771908293848	0.42277034002606	0.322569102749031	0.978501253848244	Historical	0.411412	0.25–0.75	0.25–0.75
0.205375	0.205375	NODE_3279_length_24549_cov_50.766258:1281	NODE_3279_length_24549_cov_50.766258	1281	1286	417880	419161	0.377771908293848	0.42277034002606	0.322569102749031	0.978501253848244	Modern	0.616787	0.25–0.75	0.25–0.75
0.091531	0.091531	NODE_3279_length_24549_cov_50.766258:1286	NODE_3279_length_24549_cov_50.766258	1286	1286	417880	419166	2.75643949693815e-52	51.5596515357203	2.52608178019498e-53	236.295638388511	Historical	0	< 0.25	= 0.00
0.091531	0.091531	NODE_3279_length_24549_cov_50.766258:1286	NODE_3279_length_24549_cov_50.766258	1286	1286	417880	419166	2.75643949693815e-52	51.5596515357203	2.52608178019498e-53	236.295638388511	Modern	0.091531	< 0.25	< 0.25
0.00722699999999998	-0.00722699999999998	NODE_3284_length_24523_cov_22.353382:21377	NODE_3284_length_24523_cov_22.353382	21377	21389	438774	460151	0.999165688808028	0.000362487981788934	0.970910562624438	0.00132978983811537	Historical	0.326628	0.25–0.75	0.25–0.75
0.00722699999999998	-0.00722699999999998	NODE_3284_length_24523_cov_22.353382:21377	NODE_3284_length_24523_cov_22.353382	21377	21389	438774	460151	0.999165688808028	0.000362487981788934	0.970910562624438	0.00132978983811537	Modern	0.319401	0.25–0.75	0.25–0.75
0.028725	0.028725	NODE_3284_length_24523_cov_22.353382:21379	NODE_3284_length_24523_cov_22.353382	21379	21389	438774	460153	1.38840829277058e-05	4.85748280101204	7.42989622959376e-06	20.0792361329714	Historical	0	< 0.25	= 0.00
0.028725	0.028725	NODE_3284_length_24523_cov_22.353382:21379	NODE_3284_length_24523_cov_22.353382	21379	21389	438774	460153	1.38840829277058e-05	4.85748280101204	7.42989622959376e-06	20.0792361329714	Modern	0.028725	< 0.25	< 0.25
0.057239	0.057239	NODE_3284_length_24523_cov_22.353382:21389	NODE_3284_length_24523_cov_22.353382	21389	21389	438774	460163	3.76028343817423e-11	10.4247794181054	1.32841922032366e-11	45.7721034001466	Historical	0	< 0.25	= 0.00
0.057239	0.057239	NODE_3284_length_24523_cov_22.353382:21389	NODE_3284_length_24523_cov_22.353382	21389	21389	438774	460163	3.76028343817423e-11	10.4247794181054	1.32841922032366e-11	45.7721034001466	Modern	0.057239	< 0.25	< 0.25
0.013661	0.013661	NODE_3297_length_24489_cov_58.398237:20460	NODE_3297_length_24489_cov_58.398237	20460	22777	0	20460	0.00719151417626564	2.14317965910764	0.00522460431609042	7.80000661400623	Historical	0	< 0.25	= 0.00
0.013661	0.013661	NODE_3297_length_24489_cov_58.398237:20460	NODE_3297_length_24489_cov_58.398237	20460	22777	0	20460	0.00719151417626564	2.14317965910764	0.00522460431609042	7.80000661400623	Modern	0.013661	< 0.25	< 0.25
0	0	NODE_3297_length_24489_cov_58.398237:20498	NODE_3297_length_24489_cov_58.398237	20498	22777	0	20498	0.999165688808028	0.000362487981788934	0.989159605085058	0.000184602172709033	Historical	0	< 0.25	= 0.00
0	0	NODE_3297_length_24489_cov_58.398237:20498	NODE_3297_length_24489_cov_58.398237	20498	22777	0	20498	0.999165688808028	0.000362487981788934	0.989159605085058	0.000184602172709033	Modern	0	< 0.25	= 0.00
0.012964	0.012964	NODE_3297_length_24489_cov_58.398237:20503	NODE_3297_length_24489_cov_58.398237	20503	22777	0	20503	0.000706492613143118	3.15089237463347	0.000445499615505252	12.3309919286128	Historical	0	< 0.25	= 0.00
0.012964	0.012964	NODE_3297_length_24489_cov_58.398237:20503	NODE_3297_length_24489_cov_58.398237	20503	22777	0	20503	0.000706492613143118	3.15089237463347	0.000445499615505252	12.3309919286128	Modern	0.012964	< 0.25	< 0.25
0	0	NODE_3297_length_24489_cov_58.398237:20510	NODE_3297_length_24489_cov_58.398237	20510	22777	0	20510	0.999165688808028	0.000362487981788934	0.988835480754687	0.000195807028153724	Historical	0	< 0.25	= 0.00
0	0	NODE_3297_length_24489_cov_58.398237:20510	NODE_3297_length_24489_cov_58.398237	20510	22777	0	20510	0.999165688808028	0.000362487981788934	0.988835480754687	0.000195807028153724	Modern	0	< 0.25	= 0.00
0	0	NODE_3297_length_24489_cov_58.398237:20511	NODE_3297_length_24489_cov_58.398237	20511	22777	0	20511	0.999165688808028	0.000362487981788934	0.988785261085706	0.000197572644562677	Historical	0	< 0.25	= 0.00
0	0	NODE_3297_length_24489_cov_58.398237:20511	NODE_3297_length_24489_cov_58.398237	20511	22777	0	20511	0.999165688808028	0.000362487981788934	0.988785261085706	0.000197572644562677	Modern	0	< 0.25	= 0.00
0.011676	0.011676	NODE_3297_length_24489_cov_58.398237:22777	NODE_3297_length_24489_cov_58.398237	22777	22777	0	22777	0.00810436356349861	2.09128108466658	0.00594935710786745	7.56557801460422	Historical	0	< 0.25	= 0.00
0.011676	0.011676	NODE_3297_length_24489_cov_58.398237:22777	NODE_3297_length_24489_cov_58.398237	22777	22777	0	22777	0.00810436356349861	2.09128108466658	0.00594935710786745	7.56557801460422	Modern	0.011676	< 0.25	< 0.25
0.040925	0.040925	NODE_3300_length_24484_cov_38.545089:4309	NODE_3300_length_24484_cov_38.545089	4309	5331	0	4309	8.52936066772664e-08	7.0690835208705	3.79892702104824e-08	30.2494819609018	Historical	0	< 0.25	= 0.00
0.040925	0.040925	NODE_3300_length_24484_cov_38.545089:4309	NODE_3300_length_24484_cov_38.545089	4309	5331	0	4309	8.52936066772664e-08	7.0690835208705	3.79892702104824e-08	30.2494819609018	Modern	0.040925	< 0.25	< 0.25
0.061311	0.061311	NODE_3300_length_24484_cov_38.545089:4314	NODE_3300_length_24484_cov_38.545089	4314	5331	0	4314	1.59394222143293e-11	10.7975274253286	5.44180653946001e-12	47.5209925080298	Historical	0	< 0.25	= 0.00
0.061311	0.061311	NODE_3300_length_24484_cov_38.545089:4314	NODE_3300_length_24484_cov_38.545089	4314	5331	0	4314	1.59394222143293e-11	10.7975274253286	5.44180653946001e-12	47.5209925080298	Modern	0.061311	< 0.25	< 0.25
0.17957	0.17957	NODE_3300_length_24484_cov_38.545089:4315	NODE_3300_length_24484_cov_38.545089	4315	5331	0	4315	5.24080649906737e-37	36.2806018750119	7.0673743862067e-38	165.512950500007	Historical	0	< 0.25	= 0.00
0.17957	0.17957	NODE_3300_length_24484_cov_38.545089:4315	NODE_3300_length_24484_cov_38.545089	4315	5331	0	4315	5.24080649906737e-37	36.2806018750119	7.0673743862067e-38	165.512950500007	Modern	0.17957	< 0.25	< 0.25
0.028118	0.028118	NODE_3300_length_24484_cov_38.545089:4318	NODE_3300_length_24484_cov_38.545089	4318	5331	0	4318	7.01540253597684e-05	4.15394740458745	3.99404921207798e-05	16.874214906035	Historical	0	< 0.25	= 0.00
0.028118	0.028118	NODE_3300_length_24484_cov_38.545089:4318	NODE_3300_length_24484_cov_38.545089	4318	5331	0	4318	7.01540253597684e-05	4.15394740458745	3.99404921207798e-05	16.874214906035	Modern	0.028118	< 0.25	< 0.25
0.025464	0.025464	NODE_3300_length_24484_cov_38.545089:4326	NODE_3300_length_24484_cov_38.545089	4326	5331	0	4326	0.000156026480030689	3.80680168911168	9.23119630191064e-05	15.2877758056999	Historical	0	< 0.25	= 0.00
0.025464	0.025464	NODE_3300_length_24484_cov_38.545089:4326	NODE_3300_length_24484_cov_38.545089	4326	5331	0	4326	0.000156026480030689	3.80680168911168	9.23119630191064e-05	15.2877758056999	Modern	0.025464	< 0.25	< 0.25
0.027867	0.027867	NODE_3300_length_24484_cov_38.545089:4327	NODE_3300_length_24484_cov_38.545089	4327	5331	0	4327	6.16728599759614e-05	4.20990591142486	3.4877671524867e-05	17.1315727699944	Historical	0	< 0.25	= 0.00
0.027867	0.027867	NODE_3300_length_24484_cov_38.545089:4327	NODE_3300_length_24484_cov_38.545089	4327	5331	0	4327	6.16728599759614e-05	4.20990591142486	3.4877671524867e-05	17.1315727699944	Modern	0.027867	< 0.25	< 0.25
0	0	NODE_3300_length_24484_cov_38.545089:4334	NODE_3300_length_24484_cov_38.545089	4334	5331	0	4334	0.999165688808028	0.000362487981788934	0.982503391718935	0.000480947018356408	Historical	0	< 0.25	= 0.00
0	0	NODE_3300_length_24484_cov_38.545089:4334	NODE_3300_length_24484_cov_38.545089	4334	5331	0	4334	0.999165688808028	0.000362487981788934	0.982503391718935	0.000480947018356408	Modern	0	< 0.25	= 0.00
0	0	NODE_3300_length_24484_cov_38.545089:4342	NODE_3300_length_24484_cov_38.545089	4342	5331	0	4342	0.999165688808028	0.000362487981788934	0.981260619300535	0.000551709180288145	Historical	0	< 0.25	= 0.00
0	0	NODE_3300_length_24484_cov_38.545089:4342	NODE_3300_length_24484_cov_38.545089	4342	5331	0	4342	0.999165688808028	0.000362487981788934	0.981260619300535	0.000551709180288145	Modern	0	< 0.25	= 0.00
0.030691	0.030691	NODE_3300_length_24484_cov_38.545089:4344	NODE_3300_length_24484_cov_38.545089	4344	5331	0	4344	0.000101641787153957	3.99292770741271	5.91221221574539e-05	16.1305653592887	Historical	0	< 0.25	= 0.00
0.030691	0.030691	NODE_3300_length_24484_cov_38.545089:4344	NODE_3300_length_24484_cov_38.545089	4344	5331	0	4344	0.000101641787153957	3.99292770741271	5.91221221574539e-05	16.1305653592887	Modern	0.030691	< 0.25	< 0.25
0	0	NODE_3300_length_24484_cov_38.545089:5256	NODE_3300_length_24484_cov_38.545089	5256	5331	0	5256	0.999165688808028	0.000362487981788934	0.989278416577431	0.000180577599809288	Historical	0	< 0.25	= 0.00
0	0	NODE_3300_length_24484_cov_38.545089:5256	NODE_3300_length_24484_cov_38.545089	5256	5331	0	5256	0.999165688808028	0.000362487981788934	0.989278416577431	0.000180577599809288	Modern	0	< 0.25	= 0.00
0	0	NODE_3300_length_24484_cov_38.545089:5263	NODE_3300_length_24484_cov_38.545089	5263	5331	0	5263	0.999165688808028	0.000362487981788934	0.989912052112397	0.00015986326533621	Historical	0	< 0.25	= 0.00
0	0	NODE_3300_length_24484_cov_38.545089:5263	NODE_3300_length_24484_cov_38.545089	5263	5331	0	5263	0.999165688808028	0.000362487981788934	0.989912052112397	0.00015986326533621	Modern	0	< 0.25	= 0.00
0.104797	0.104797	NODE_3300_length_24484_cov_38.545089:5330	NODE_3300_length_24484_cov_38.545089	5330	5331	0	5330	5.46800728809346e-52	51.2621709152497	5.08893365843456e-53	234.900712138637	Historical	0	< 0.25	= 0.00
0.104797	0.104797	NODE_3300_length_24484_cov_38.545089:5330	NODE_3300_length_24484_cov_38.545089	5330	5331	0	5330	5.46800728809346e-52	51.2621709152497	5.08893365843456e-53	234.900712138637	Modern	0.104797	< 0.25	< 0.25
0.034168	0.034168	NODE_3300_length_24484_cov_38.545089:5331	NODE_3300_length_24484_cov_38.545089	5331	5331	0	5331	5.03212915930202e-13	12.2982482204141	1.57940995930609e-13	54.4687317924498	Historical	0	< 0.25	= 0.00
0.034168	0.034168	NODE_3300_length_24484_cov_38.545089:5331	NODE_3300_length_24484_cov_38.545089	5331	5331	0	5331	5.03212915930202e-13	12.2982482204141	1.57940995930609e-13	54.4687317924498	Modern	0.034168	< 0.25	< 0.25
0.018577	0.018577	NODE_3312_length_24438_cov_9.201035:24333	NODE_3312_length_24438_cov_9.201035	24333	24419	4533	28866	0.0208843824800403	1.6801783616474	0.0164516574237355	5.75394654393822	Historical	0	< 0.25	= 0.00
0.018577	0.018577	NODE_3312_length_24438_cov_9.201035:24333	NODE_3312_length_24438_cov_9.201035	24333	24419	4533	28866	0.0208843824800403	1.6801783616474	0.0164516574237355	5.75394654393822	Modern	0.018577	< 0.25	< 0.25
0.16977	-0.16977	NODE_3312_length_24438_cov_9.201035:24339	NODE_3312_length_24438_cov_9.201035	24339	24419	4533	28872	0.491092518297075	0.308836682213431	0.423468192415711	0.640670254721915	Historical	0.480961	0.25–0.75	0.25–0.75
0.16977	-0.16977	NODE_3312_length_24438_cov_9.201035:24339	NODE_3312_length_24438_cov_9.201035	24339	24419	4533	28872	0.491092518297075	0.308836682213431	0.423468192415711	0.640670254721915	Modern	0.311191	0.25–0.75	0.25–0.75
0.04029	0.04029	NODE_3312_length_24438_cov_9.201035:24419	NODE_3312_length_24438_cov_9.201035	24419	24419	4533	28952	0.000211537850085012	3.67461191380972	0.000126862442857251	14.6878356760297	Historical	0	< 0.25	= 0.00
0.04029	0.04029	NODE_3312_length_24438_cov_9.201035:24419	NODE_3312_length_24438_cov_9.201035	24419	24419	4533	28952	0.000211537850085012	3.67461191380972	0.000126862442857251	14.6878356760297	Modern	0.04029	< 0.25	< 0.25
0.053406	0.053406	NODE_3325_length_24400_cov_8.277396:92	NODE_3325_length_24400_cov_8.277396	92	118	9066	9158	1.20551072661332e-11	10.9188289209246	4.09850750358563e-12	48.0767833468949	Historical	0	< 0.25	= 0.00
0.053406	0.053406	NODE_3325_length_24400_cov_8.277396:92	NODE_3325_length_24400_cov_8.277396	92	118	9066	9158	1.20551072661332e-11	10.9188289209246	4.09850750358563e-12	48.0767833468949	Modern	0.053406	< 0.25	< 0.25
0.023054	0.023054	NODE_3325_length_24400_cov_8.277396:100	NODE_3325_length_24400_cov_8.277396	100	118	9066	9166	0.871856909342673	0.0595547863772467	0.77953777791655	0.0783560124661014	Historical	0.03921	< 0.25	< 0.25
0.023054	0.023054	NODE_3325_length_24400_cov_8.277396:100	NODE_3325_length_24400_cov_8.277396	100	118	9066	9166	0.871856909342673	0.0595547863772467	0.77953777791655	0.0783560124661014	Modern	0.062264	< 0.25	< 0.25
1e-06	1e-06	NODE_3325_length_24400_cov_8.277396:118	NODE_3325_length_24400_cov_8.277396	118	118	9066	9184	0.999165688808028	0.000362487981788934	0.984875839991994	0.000359347330893554	Historical	0	< 0.25	= 0.00
1e-06	1e-06	NODE_3325_length_24400_cov_8.277396:118	NODE_3325_length_24400_cov_8.277396	118	118	9066	9184	0.999165688808028	0.000362487981788934	0.984875839991994	0.000359347330893554	Modern	1e-06	< 0.25	< 0.25
0.040547	-0.040547	NODE_3331_length_24386_cov_29.495697:17857	NODE_3331_length_24386_cov_29.495697	17857	18078	13599	31456	0.766613249773383	0.115423678880598	0.678885902577094	0.171382664052226	Historical	0.0569	< 0.25	< 0.25
0.040547	-0.040547	NODE_3331_length_24386_cov_29.495697:17857	NODE_3331_length_24386_cov_29.495697	17857	18078	13599	31456	0.766613249773383	0.115423678880598	0.678885902577094	0.171382664052226	Modern	0.016353	< 0.25	< 0.25
0.019085	0.019085	NODE_3331_length_24386_cov_29.495697:18069	NODE_3331_length_24386_cov_29.495697	18069	18078	13599	31668	3.97727283772518e-08	7.40041461573914	1.72801740100595e-08	31.7784239297808	Historical	0	< 0.25	= 0.00
0.019085	0.019085	NODE_3331_length_24386_cov_29.495697:18069	NODE_3331_length_24386_cov_29.495697	18069	18078	13599	31668	3.97727283772518e-08	7.40041461573914	1.72801740100595e-08	31.7784239297808	Modern	0.019085	< 0.25	< 0.25
0.012652	0.012652	NODE_3331_length_24386_cov_29.495697:18076	NODE_3331_length_24386_cov_29.495697	18076	18078	13599	31675	0.000176488398464432	3.75328383785961	0.000105004730900253	15.0445192500807	Historical	0	< 0.25	= 0.00
0.012652	0.012652	NODE_3331_length_24386_cov_29.495697:18076	NODE_3331_length_24386_cov_29.495697	18076	18078	13599	31675	0.000176488398464432	3.75328383785961	0.000105004730900253	15.0445192500807	Modern	0.012652	< 0.25	< 0.25
0.011705	0.011705	NODE_3331_length_24386_cov_29.495697:18078	NODE_3331_length_24386_cov_29.495697	18078	18078	13599	31677	0.000619406681449707	3.20802411428261	0.000387643877564442	12.5908303951131	Historical	0	< 0.25	= 0.00
0.011705	0.011705	NODE_3331_length_24386_cov_29.495697:18078	NODE_3331_length_24386_cov_29.495697	18078	18078	13599	31677	0.000619406681449707	3.20802411428261	0.000387643877564442	12.5908303951131	Modern	0.011705	< 0.25	< 0.25
0.008398	0.008398	NODE_3336_length_24366_cov_7.893229:24297	NODE_3336_length_24366_cov_7.893229	24297	24329	18132	42429	0.0645414506546708	1.19016127747816	0.0534167846586378	3.73083185526524	Historical	0	< 0.25	= 0.00
0.008398	0.008398	NODE_3336_length_24366_cov_7.893229:24297	NODE_3336_length_24366_cov_7.893229	24297	24329	18132	42429	0.0645414506546708	1.19016127747816	0.0534167846586378	3.73083185526524	Modern	0.008398	< 0.25	< 0.25
0.069007	0.069007	NODE_3336_length_24366_cov_7.893229:24303	NODE_3336_length_24366_cov_7.893229	24303	24329	18132	42435	1.12328579063277e-13	12.94950973483	3.37625786073382e-14	57.5020582889005	Historical	0	< 0.25	= 0.00
0.069007	0.069007	NODE_3336_length_24366_cov_7.893229:24303	NODE_3336_length_24366_cov_7.893229	24303	24329	18132	42435	1.12328579063277e-13	12.94950973483	3.37625786073382e-14	57.5020582889005	Modern	0.069007	< 0.25	< 0.25
0.164737	0.164737	NODE_3336_length_24366_cov_7.893229:24304	NODE_3336_length_24366_cov_7.893229	24304	24329	18132	42436	5.38368271616884e-35	34.2689205428921	7.79688142655031e-36	156.163583990857	Historical	0	< 0.25	= 0.00
0.164737	0.164737	NODE_3336_length_24366_cov_7.893229:24304	NODE_3336_length_24366_cov_7.893229	24304	24329	18132	42436	5.38368271616884e-35	34.2689205428921	7.79688142655031e-36	156.163583990857	Modern	0.164737	< 0.25	< 0.25
0.028171	0.028171	NODE_3336_length_24366_cov_7.893229:24305	NODE_3336_length_24366_cov_7.893229	24305	24329	18132	42437	1.27744115580931e-05	4.89365909612155	6.805740630665e-06	20.2470758509195	Historical	0	< 0.25	= 0.00
0.028171	0.028171	NODE_3336_length_24366_cov_7.893229:24305	NODE_3336_length_24366_cov_7.893229	24305	24329	18132	42437	1.27744115580931e-05	4.89365909612155	6.805740630665e-06	20.2470758509195	Modern	0.028171	< 0.25	< 0.25
0.029356	0.029356	NODE_3336_length_24366_cov_7.893229:24309	NODE_3336_length_24366_cov_7.893229	24309	24329	18132	42441	5.56691723907034e-06	5.25438523511164	2.88919304003033e-06	21.8887731131492	Historical	0	< 0.25	= 0.00
0.029356	0.029356	NODE_3336_length_24366_cov_7.893229:24309	NODE_3336_length_24366_cov_7.893229	24309	24329	18132	42441	5.56691723907034e-06	5.25438523511164	2.88919304003033e-06	21.8887731131492	Modern	0.029356	< 0.25	< 0.25
0.086025	0.086025	NODE_3336_length_24366_cov_7.893229:24313	NODE_3336_length_24366_cov_7.893229	24313	24329	18132	42445	6.78098633099371e-19	18.1687071310661	1.60992078133754e-19	81.6678391113032	Historical	0	< 0.25	= 0.00
0.086025	0.086025	NODE_3336_length_24366_cov_7.893229:24313	NODE_3336_length_24366_cov_7.893229	24313	24329	18132	42445	6.78098633099371e-19	18.1687071310661	1.60992078133754e-19	81.6678391113032	Modern	0.086025	< 0.25	< 0.25
0.014455	0.014455	NODE_3336_length_24366_cov_7.893229:24328	NODE_3336_length_24366_cov_7.893229	24328	24329	18132	42460	0.00495659937208793	2.30481618247127	0.00347311249344236	8.54059936593114	Historical	0	< 0.25	= 0.00
0.014455	0.014455	NODE_3336_length_24366_cov_7.893229:24328	NODE_3336_length_24366_cov_7.893229	24328	24329	18132	42460	0.00495659937208793	2.30481618247127	0.00347311249344236	8.54059936593114	Modern	0.014455	< 0.25	< 0.25
0.057094	0.057094	NODE_3336_length_24366_cov_7.893229:24329	NODE_3336_length_24366_cov_7.893229	24329	24329	18132	42461	1.73812410627544e-11	10.7599192171012	5.96706423949261e-12	47.3403669224179	Historical	0	< 0.25	= 0.00
0.057094	0.057094	NODE_3336_length_24366_cov_7.893229:24329	NODE_3336_length_24366_cov_7.893229	24329	24329	18132	42461	1.73812410627544e-11	10.7599192171012	5.96706423949261e-12	47.3403669224179	Modern	0.057094	< 0.25	< 0.25
0.090206	0.090206	NODE_334_length_54832_cov_9.236914:447	NODE_334_length_54832_cov_9.236914	447	482	22665	23112	1.03995052332433e-36	35.9829873221997	1.41227848846514e-37	164.136601730396	Historical	0	< 0.25	= 0.00
0.090206	0.090206	NODE_334_length_54832_cov_9.236914:447	NODE_334_length_54832_cov_9.236914	447	482	22665	23112	1.03995052332433e-36	35.9829873221997	1.41227848846514e-37	164.136601730396	Modern	0.090206	< 0.25	< 0.25
0.053381	0.053381	NODE_334_length_54832_cov_9.236914:448	NODE_334_length_54832_cov_9.236914	448	482	22665	23113	3.10066032378093e-20	19.5085458079606	6.99341715952488e-21	87.8690576455525	Historical	0	< 0.25	= 0.00
0.053381	0.053381	NODE_334_length_54832_cov_9.236914:448	NODE_334_length_54832_cov_9.236914	448	482	22665	23113	3.10066032378093e-20	19.5085458079606	6.99341715952488e-21	87.8690576455525	Modern	0.053381	< 0.25	< 0.25
0.146636	-0.146636	NODE_334_length_54832_cov_9.236914:449	NODE_334_length_54832_cov_9.236914	449	482	22665	23114	0.303228028795255	0.518230657299535	0.257585443264346	1.28168785339942	Historical	0.895353	> 0.75	> 0.75
0.146636	-0.146636	NODE_334_length_54832_cov_9.236914:449	NODE_334_length_54832_cov_9.236914	449	482	22665	23114	0.303228028795255	0.518230657299535	0.257585443264346	1.28168785339942	Modern	0.748717	0.25–0.75	0.25–0.75
0.026413	0.026413	NODE_334_length_54832_cov_9.236914:456	NODE_334_length_54832_cov_9.236914	456	482	22665	23121	3.88342498843247e-10	9.41078507918576	1.44383749569925e-10	41.1034162658208	Historical	0	< 0.25	= 0.00
0.026413	0.026413	NODE_334_length_54832_cov_9.236914:456	NODE_334_length_54832_cov_9.236914	456	482	22665	23121	3.88342498843247e-10	9.41078507918576	1.44383749569925e-10	41.1034162658208	Modern	0.026413	< 0.25	< 0.25
0.007492	0.007492	NODE_334_length_54832_cov_9.236914:459	NODE_334_length_54832_cov_9.236914	459	482	22665	23124	0.0116367524758931	1.93416820341312	0.00882426101804427	6.85805379914282	Historical	0	< 0.25	= 0.00
0.007492	0.007492	NODE_334_length_54832_cov_9.236914:459	NODE_334_length_54832_cov_9.236914	459	482	22665	23124	0.0116367524758931	1.93416820341312	0.00882426101804427	6.85805379914282	Modern	0.007492	< 0.25	< 0.25
0.039025	0.039025	NODE_334_length_54832_cov_9.236914:465	NODE_334_length_54832_cov_9.236914	465	482	22665	23130	3.4972359256069e-16	15.4562750689395	9.31599883316939e-17	69.1091954933107	Historical	0	< 0.25	= 0.00
0.039025	0.039025	NODE_334_length_54832_cov_9.236914:465	NODE_334_length_54832_cov_9.236914	465	482	22665	23130	3.4972359256069e-16	15.4562750689395	9.31599883316939e-17	69.1091954933107	Modern	0.039025	< 0.25	< 0.25
0.0114	0.0114	NODE_334_length_54832_cov_9.236914:467	NODE_334_length_54832_cov_9.236914	467	482	22665	23132	0.000531961347385861	3.2741199226427	0.000330391947949053	12.8897194804869	Historical	0	< 0.25	= 0.00
0.0114	0.0114	NODE_334_length_54832_cov_9.236914:467	NODE_334_length_54832_cov_9.236914	467	482	22665	23132	0.000531961347385861	3.2741199226427	0.000330391947949053	12.8897194804869	Modern	0.0114	< 0.25	< 0.25
0.069285	0.069285	NODE_334_length_54832_cov_9.236914:482	NODE_334_length_54832_cov_9.236914	482	482	22665	23147	9.26229710166406e-29	28.0332812924909	1.58769670166226e-29	127.311733003937	Historical	0	< 0.25	= 0.00
0.069285	0.069285	NODE_334_length_54832_cov_9.236914:482	NODE_334_length_54832_cov_9.236914	482	482	22665	23147	9.26229710166406e-29	28.0332812924909	1.58769670166226e-29	127.311733003937	Modern	0.069285	< 0.25	< 0.25
0.031424	0.031424	NODE_3367_length_24267_cov_8.551970:8120	NODE_3367_length_24267_cov_8.551970	8120	8140	27198	35318	5.98766715770415e-05	4.22274234920908	3.38050154345215e-05	17.1909094156594	Historical	0	< 0.25	= 0.00
0.031424	0.031424	NODE_3367_length_24267_cov_8.551970:8120	NODE_3367_length_24267_cov_8.551970	8120	8140	27198	35318	5.98766715770415e-05	4.22274234920908	3.38050154345215e-05	17.1909094156594	Modern	0.031424	< 0.25	< 0.25
0.029073	0.029073	NODE_3367_length_24267_cov_8.551970:8122	NODE_3367_length_24267_cov_8.551970	8122	8140	27198	35320	0.000152016240545836	3.81811001203769	8.98671507500312e-05	15.3384816207827	Historical	0	< 0.25	= 0.00
0.029073	0.029073	NODE_3367_length_24267_cov_8.551970:8122	NODE_3367_length_24267_cov_8.551970	8122	8140	27198	35320	0.000152016240545836	3.81811001203769	8.98671507500312e-05	15.3384816207827	Modern	0.029073	< 0.25	< 0.25
0.014557	0.014557	NODE_3367_length_24267_cov_8.551970:8125	NODE_3367_length_24267_cov_8.551970	8125	8140	27198	35323	0.0284904014611696	1.54530143102931	0.0229303088683203	5.17377691855759	Historical	0	< 0.25	= 0.00
0.014557	0.014557	NODE_3367_length_24267_cov_8.551970:8125	NODE_3367_length_24267_cov_8.551970	8125	8140	27198	35323	0.0284904014611696	1.54530143102931	0.0229303088683203	5.17377691855759	Modern	0.014557	< 0.25	< 0.25
0.274226	0.274226	NODE_3367_length_24267_cov_8.551970:8126	NODE_3367_length_24267_cov_8.551970	8126	8140	27198	35324	3.13106529793633e-64	63.5043078751369	2.3044402715106e-65	291.532848634188	Historical	0	< 0.25	= 0.00
0.274226	0.274226	NODE_3367_length_24267_cov_8.551970:8126	NODE_3367_length_24267_cov_8.551970	8126	8140	27198	35324	3.13106529793633e-64	63.5043078751369	2.3044402715106e-65	291.532848634188	Modern	0.274226	0.25–0.75	0.25–0.75
0.124678	0.124678	NODE_3367_length_24267_cov_8.551970:8140	NODE_3367_length_24267_cov_8.551970	8140	8140	27198	35338	2.67047430758308e-23	22.5734115959868	5.43985507100256e-24	102.040485685306	Historical	0	< 0.25	= 0.00
0.124678	0.124678	NODE_3367_length_24267_cov_8.551970:8140	NODE_3367_length_24267_cov_8.551970	8140	8140	27198	35338	2.67047430758308e-23	22.5734115959868	5.43985507100256e-24	102.040485685306	Modern	0.124678	< 0.25	< 0.25
0.063104	0.063104	NODE_3388_length_24203_cov_105.679389:2699	NODE_3388_length_24203_cov_105.679389	2699	15488	31731	34430	4.38128750155088e-32	31.3583982473376	6.69883464149754e-33	142.740364794382	Historical	0	< 0.25	= 0.00
0.063104	0.063104	NODE_3388_length_24203_cov_105.679389:2699	NODE_3388_length_24203_cov_105.679389	2699	15488	31731	34430	4.38128750155088e-32	31.3583982473376	6.69883464149754e-33	142.740364794382	Modern	0.063104	< 0.25	< 0.25
0.025025	0.025025	NODE_3388_length_24203_cov_105.679389:2703	NODE_3388_length_24203_cov_105.679389	2703	15488	31731	34434	3.69786754252906e-12	11.4320486493096	1.22691377206191e-12	50.4427635682448	Historical	0	< 0.25	= 0.00
0.025025	0.025025	NODE_3388_length_24203_cov_105.679389:2703	NODE_3388_length_24203_cov_105.679389	2703	15488	31731	34434	3.69786754252906e-12	11.4320486493096	1.22691377206191e-12	50.4427635682448	Modern	0.025025	< 0.25	< 0.25
0.007092	0.007092	NODE_3388_length_24203_cov_105.679389:2712	NODE_3388_length_24203_cov_105.679389	2712	15488	31731	34443	0.00287449804225359	2.54143798280467	0.00194100705286564	9.60450392679062	Historical	0	< 0.25	= 0.00
0.007092	0.007092	NODE_3388_length_24203_cov_105.679389:2712	NODE_3388_length_24203_cov_105.679389	2712	15488	31731	34443	0.00287449804225359	2.54143798280467	0.00194100705286564	9.60450392679062	Modern	0.007092	< 0.25	< 0.25
1.2e-05	1.2e-05	NODE_3388_length_24203_cov_105.679389:2730	NODE_3388_length_24203_cov_105.679389	2730	15488	31731	34461	0.999665547910362	0.000145274992107645	0.998831305220706	2.14546975012243e-06	Historical	0	< 0.25	= 0.00
1.2e-05	1.2e-05	NODE_3388_length_24203_cov_105.679389:2730	NODE_3388_length_24203_cov_105.679389	2730	15488	31731	34461	0.999665547910362	0.000145274992107645	0.998831305220706	2.14546975012243e-06	Modern	1.2e-05	< 0.25	< 0.25
0	0	NODE_3388_length_24203_cov_105.679389:2740	NODE_3388_length_24203_cov_105.679389	2740	15488	31731	34471	0.999165688808028	0.000362487981788934	0.992993852387511	7.71062541937185e-05	Historical	0	< 0.25	= 0.00
0	0	NODE_3388_length_24203_cov_105.679389:2740	NODE_3388_length_24203_cov_105.679389	2740	15488	31731	34471	0.999165688808028	0.000362487981788934	0.992993852387511	7.71062541937185e-05	Modern	0	< 0.25	= 0.00
1e-06	1e-06	NODE_3388_length_24203_cov_105.679389:2746	NODE_3388_length_24203_cov_105.679389	2746	15488	31731	34477	0.999165688808028	0.000362487981788934	0.993611832503649	6.41035006004074e-05	Historical	0	< 0.25	= 0.00
1e-06	1e-06	NODE_3388_length_24203_cov_105.679389:2746	NODE_3388_length_24203_cov_105.679389	2746	15488	31731	34477	0.999165688808028	0.000362487981788934	0.993611832503649	6.41035006004074e-05	Modern	1e-06	< 0.25	< 0.25
0.001263	0.001263	NODE_3388_length_24203_cov_105.679389:2761	NODE_3388_length_24203_cov_105.679389	2761	15488	31731	34492	0.536022787177226	0.270816747368854	0.463993134389403	0.536244917441251	Historical	0	< 0.25	= 0.00
0.001263	0.001263	NODE_3388_length_24203_cov_105.679389:2761	NODE_3388_length_24203_cov_105.679389	2761	15488	31731	34492	0.536022787177226	0.270816747368854	0.463993134389403	0.536244917441251	Modern	0.001263	< 0.25	< 0.25
0.005267	0.005267	NODE_3388_length_24203_cov_105.679389:2775	NODE_3388_length_24203_cov_105.679389	2775	15488	31731	34506	0.0183773442142135	1.73571725010165	0.0143720256034234	5.99186178938889	Historical	0	< 0.25	= 0.00
0.005267	0.005267	NODE_3388_length_24203_cov_105.679389:2775	NODE_3388_length_24203_cov_105.679389	2775	15488	31731	34506	0.0183773442142135	1.73571725010165	0.0143720256034234	5.99186178938889	Modern	0.005267	< 0.25	< 0.25
0	0	NODE_3388_length_24203_cov_105.679389:2777	NODE_3388_length_24203_cov_105.679389	2777	15488	31731	34508	0.999165688808028	0.000362487981788934	0.991954156483942	0.000101689886232987	Historical	0	< 0.25	= 0.00
0	0	NODE_3388_length_24203_cov_105.679389:2777	NODE_3388_length_24203_cov_105.679389	2777	15488	31731	34508	0.999165688808028	0.000362487981788934	0.991954156483942	0.000101689886232987	Modern	0	< 0.25	= 0.00
0.090947	0.090947	NODE_3388_length_24203_cov_105.679389:2784	NODE_3388_length_24203_cov_105.679389	2784	15488	31731	34515	5.67670082074798e-62	61.2459039938003	4.44755762309315e-63	281.043863953778	Historical	0	< 0.25	= 0.00
0.090947	0.090947	NODE_3388_length_24203_cov_105.679389:2784	NODE_3388_length_24203_cov_105.679389	2784	15488	31731	34515	5.67670082074798e-62	61.2459039938003	4.44755762309315e-63	281.043863953778	Modern	0.090947	< 0.25	< 0.25
0	0	NODE_3388_length_24203_cov_105.679389:2790	NODE_3388_length_24203_cov_105.679389	2790	15488	31731	34521	0.999165688808028	0.000362487981788934	0.991263747241974	0.000119891284751539	Historical	0	< 0.25	= 0.00
0	0	NODE_3388_length_24203_cov_105.679389:2790	NODE_3388_length_24203_cov_105.679389	2790	15488	31731	34521	0.999165688808028	0.000362487981788934	0.991263747241974	0.000119891284751539	Modern	0	< 0.25	= 0.00
0.040309	0.040309	NODE_3388_length_24203_cov_105.679389:2804	NODE_3388_length_24203_cov_105.679389	2804	15488	31731	34535	1.9842586153914e-19	18.7024017253684	4.62616799694765e-20	84.1328622306968	Historical	0	< 0.25	= 0.00
0.040309	0.040309	NODE_3388_length_24203_cov_105.679389:2804	NODE_3388_length_24203_cov_105.679389	2804	15488	31731	34535	1.9842586153914e-19	18.7024017253684	4.62616799694765e-20	84.1328622306968	Modern	0.040309	< 0.25	< 0.25
0.015452	0.015452	NODE_3388_length_24203_cov_105.679389:2805	NODE_3388_length_24203_cov_105.679389	2805	15488	31731	34536	3.43844211771203e-06	5.46363828211732	1.76167096154382e-06	22.8388638917832	Historical	0	< 0.25	= 0.00
0.015452	0.015452	NODE_3388_length_24203_cov_105.679389:2805	NODE_3388_length_24203_cov_105.679389	2805	15488	31731	34536	3.43844211771203e-06	5.46363828211732	1.76167096154382e-06	22.8388638917832	Modern	0.015452	< 0.25	< 0.25
0.01074	0.01074	NODE_3388_length_24203_cov_105.679389:2823	NODE_3388_length_24203_cov_105.679389	2823	15488	31731	34554	0.00364855624010275	2.43787895499497	0.00249993668303337	9.14063980139707	Historical	0	< 0.25	= 0.00
0.01074	0.01074	NODE_3388_length_24203_cov_105.679389:2823	NODE_3388_length_24203_cov_105.679389	2823	15488	31731	34554	0.00364855624010275	2.43787895499497	0.00249993668303337	9.14063980139707	Modern	0.01074	< 0.25	< 0.25
0.043538	0.043538	NODE_3388_length_24203_cov_105.679389:9521	NODE_3388_length_24203_cov_105.679389	9521	15488	31731	41252	1.99828661960824e-11	10.6993422196202	6.89816891004364e-12	47.0561550265292	Historical	0	< 0.25	= 0.00
0.043538	0.043538	NODE_3388_length_24203_cov_105.679389:9521	NODE_3388_length_24203_cov_105.679389	9521	15488	31731	41252	1.99828661960824e-11	10.6993422196202	6.89816891004364e-12	47.0561550265292	Modern	0.043538	< 0.25	< 0.25
0.047715	0.047715	NODE_3388_length_24203_cov_105.679389:9522	NODE_3388_length_24203_cov_105.679389	9522	15488	31731	41253	1.4066594793902e-12	11.8518110227645	4.57531692014381e-13	52.3792549152527	Historical	0	< 0.25	= 0.00
0.047715	0.047715	NODE_3388_length_24203_cov_105.679389:9522	NODE_3388_length_24203_cov_105.679389	9522	15488	31731	41253	1.4066594793902e-12	11.8518110227645	4.57531692014381e-13	52.3792549152527	Modern	0.047715	< 0.25	< 0.25
0.061494	0.061494	NODE_3388_length_24203_cov_105.679389:9532	NODE_3388_length_24203_cov_105.679389	9532	15488	31731	41263	1.53193118778639e-16	15.8147607421681	4.0298664673963e-17	70.7621906384648	Historical	0	< 0.25	= 0.00
0.061494	0.061494	NODE_3388_length_24203_cov_105.679389:9532	NODE_3388_length_24203_cov_105.679389	9532	15488	31731	41263	1.53193118778639e-16	15.8147607421681	4.0298664673963e-17	70.7621906384648	Modern	0.061494	< 0.25	< 0.25
0.010317	0.010317	NODE_3388_length_24203_cov_105.679389:14094	NODE_3388_length_24203_cov_105.679389	14094	15488	31731	45825	0.0119788071123195	1.92158642821813	0.00909502021490922	6.80407218235225	Historical	0	< 0.25	= 0.00
0.010317	0.010317	NODE_3388_length_24203_cov_105.679389:14094	NODE_3388_length_24203_cov_105.679389	14094	15488	31731	45825	0.0119788071123195	1.92158642821813	0.00909502021490922	6.80407218235225	Modern	0.010317	< 0.25	< 0.25
0.012146	0.012146	NODE_3388_length_24203_cov_105.679389:15435	NODE_3388_length_24203_cov_105.679389	15435	15488	31731	47166	0.0070665108594196	2.15079496930604	0.00512372368581849	7.83524399173414	Historical	0	< 0.25	= 0.00
0.012146	0.012146	NODE_3388_length_24203_cov_105.679389:15435	NODE_3388_length_24203_cov_105.679389	15435	15488	31731	47166	0.0070665108594196	2.15079496930604	0.00512372368581849	7.83524399173414	Modern	0.012146	< 0.25	< 0.25
7.2e-05	7.2e-05	NODE_3388_length_24203_cov_105.679389:15488	NODE_3388_length_24203_cov_105.679389	15488	15488	31731	47219	0.999165688808028	0.000362487981788934	0.991037248151034	0.00012618882288999	Historical	0	< 0.25	= 0.00
7.2e-05	7.2e-05	NODE_3388_length_24203_cov_105.679389:15488	NODE_3388_length_24203_cov_105.679389	15488	15488	31731	47219	0.999165688808028	0.000362487981788934	0.991037248151034	0.00012618882288999	Modern	7.2e-05	< 0.25	< 0.25
0.186353	-0.186353	NODE_3405_length_24155_cov_21.479839:2240	NODE_3405_length_24155_cov_21.479839	2240	2336	36264	38504	0.405441580730699	0.392071713571313	0.347108817691097	0.883998641583883	Historical	0.67327	0.25–0.75	0.25–0.75
0.186353	-0.186353	NODE_3405_length_24155_cov_21.479839:2240	NODE_3405_length_24155_cov_21.479839	2240	2336	36264	38504	0.405441580730699	0.392071713571313	0.347108817691097	0.883998641583883	Modern	0.486917	0.25–0.75	0.25–0.75
0.041317	0.041317	NODE_3405_length_24155_cov_21.479839:2241	NODE_3405_length_24155_cov_21.479839	2241	2336	36264	38505	1.02132292366453e-09	8.99083692021284	3.94271385061379e-10	39.1410257439194	Historical	0	< 0.25	= 0.00
0.041317	0.041317	NODE_3405_length_24155_cov_21.479839:2241	NODE_3405_length_24155_cov_21.479839	2241	2336	36264	38505	1.02132292366453e-09	8.99083692021284	3.94271385061379e-10	39.1410257439194	Modern	0.041317	< 0.25	< 0.25
0.044649	0.044649	NODE_3405_length_24155_cov_21.479839:2250	NODE_3405_length_24155_cov_21.479839	2250	2336	36264	38514	1.55894275667592e-09	8.80716983151815	6.06995755210947e-10	38.2988123918897	Historical	0	< 0.25	= 0.00
0.044649	0.044649	NODE_3405_length_24155_cov_21.479839:2250	NODE_3405_length_24155_cov_21.479839	2250	2336	36264	38514	1.55894275667592e-09	8.80716983151815	6.06995755210947e-10	38.2988123918897	Modern	0.044649	< 0.25	< 0.25
0.061337	0.061337	NODE_3405_length_24155_cov_21.479839:2272	NODE_3405_length_24155_cov_21.479839	2272	2336	36264	38536	4.99143636142963e-12	11.3017744615751	1.66381212047654e-12	49.8450310148396	Historical	0	< 0.25	= 0.00
0.061337	0.061337	NODE_3405_length_24155_cov_21.479839:2272	NODE_3405_length_24155_cov_21.479839	2272	2336	36264	38536	4.99143636142963e-12	11.3017744615751	1.66381212047654e-12	49.8450310148396	Modern	0.061337	< 0.25	< 0.25
0.011825	0.011825	NODE_3405_length_24155_cov_21.479839:2284	NODE_3405_length_24155_cov_21.479839	2284	2336	36264	38548	0.15945607276392	0.797358936329216	0.134242933053385	2.24273978688613	Historical	0	< 0.25	= 0.00
0.011825	0.011825	NODE_3405_length_24155_cov_21.479839:2284	NODE_3405_length_24155_cov_21.479839	2284	2336	36264	38548	0.15945607276392	0.797358936329216	0.134242933053385	2.24273978688613	Modern	0.011825	< 0.25	< 0.25
0.031689	0.031689	NODE_3405_length_24155_cov_21.479839:2292	NODE_3405_length_24155_cov_21.479839	2292	2336	36264	38556	3.0300358271247e-05	4.51855223637209	1.67184312968609e-05	18.5307596836494	Historical	0	< 0.25	= 0.00
0.031689	0.031689	NODE_3405_length_24155_cov_21.479839:2292	NODE_3405_length_24155_cov_21.479839	2292	2336	36264	38556	3.0300358271247e-05	4.51855223637209	1.67184312968609e-05	18.5307596836494	Modern	0.031689	< 0.25	< 0.25
0.022216	0.022216	NODE_3405_length_24155_cov_21.479839:2298	NODE_3405_length_24155_cov_21.479839	2298	2336	36264	38562	0.00204292741772092	2.68974706295309	0.00135031099974716	10.272453718621	Historical	0	< 0.25	= 0.00
0.022216	0.022216	NODE_3405_length_24155_cov_21.479839:2298	NODE_3405_length_24155_cov_21.479839	2298	2336	36264	38562	0.00204292741772092	2.68974706295309	0.00135031099974716	10.272453718621	Modern	0.022216	< 0.25	< 0.25
0.011103	0.011103	NODE_3405_length_24155_cov_21.479839:2299	NODE_3405_length_24155_cov_21.479839	2299	2336	36264	38563	0.115870986349353	0.936025296096791	0.0969442915230576	2.75510764289088	Historical	0	< 0.25	= 0.00
0.011103	0.011103	NODE_3405_length_24155_cov_21.479839:2299	NODE_3405_length_24155_cov_21.479839	2299	2336	36264	38563	0.115870986349353	0.936025296096791	0.0969442915230576	2.75510764289088	Modern	0.011103	< 0.25	< 0.25
0.011746	0.011746	NODE_3405_length_24155_cov_21.479839:2313	NODE_3405_length_24155_cov_21.479839	2313	2336	36264	38577	0.0888607526973683	1.05129001237661	0.0740928213374068	3.18993800936558	Historical	0	< 0.25	= 0.00
0.011746	0.011746	NODE_3405_length_24155_cov_21.479839:2313	NODE_3405_length_24155_cov_21.479839	2313	2336	36264	38577	0.0888607526973683	1.05129001237661	0.0740928213374068	3.18993800936558	Modern	0.011746	< 0.25	< 0.25
0.011686	0.011686	NODE_3405_length_24155_cov_21.479839:2328	NODE_3405_length_24155_cov_21.479839	2328	2336	36264	38592	0.075619615597174	1.12136553464937	0.0628368125807477	3.46088136560697	Historical	0	< 0.25	= 0.00
0.011686	0.011686	NODE_3405_length_24155_cov_21.479839:2328	NODE_3405_length_24155_cov_21.479839	2328	2336	36264	38592	0.075619615597174	1.12136553464937	0.0628368125807477	3.46088136560697	Modern	0.011686	< 0.25	< 0.25
0.011456	0.011456	NODE_3405_length_24155_cov_21.479839:2329	NODE_3405_length_24155_cov_21.479839	2329	2336	36264	38593	0.0801924797695729	1.09586635674963	0.0667509102735334	3.36116304195174	Historical	0	< 0.25	= 0.00
0.011456	0.011456	NODE_3405_length_24155_cov_21.479839:2329	NODE_3405_length_24155_cov_21.479839	2329	2336	36264	38593	0.0801924797695729	1.09586635674963	0.0667509102735334	3.36116304195174	Modern	0.011456	< 0.25	< 0.25
0.023022	0.023022	NODE_3405_length_24155_cov_21.479839:2336	NODE_3405_length_24155_cov_21.479839	2336	2336	36264	38600	0.000591365621024069	3.22814392673842	0.000369252512652731	12.6816958777464	Historical	0	< 0.25	= 0.00
0.023022	0.023022	NODE_3405_length_24155_cov_21.479839:2336	NODE_3405_length_24155_cov_21.479839	2336	2336	36264	38600	0.000591365621024069	3.22814392673842	0.000369252512652731	12.6816958777464	Modern	0.023022	< 0.25	< 0.25
0.011364	0.011364	NODE_3417_length_24120_cov_12.082386:18083	NODE_3417_length_24120_cov_12.082386	18083	18168	40797	58880	0.000223396335854673	3.65092395445741	0.00013461061263038	14.5761062371462	Historical	0	< 0.25	= 0.00
0.011364	0.011364	NODE_3417_length_24120_cov_12.082386:18083	NODE_3417_length_24120_cov_12.082386	18083	18168	40797	58880	0.000223396335854673	3.65092395445741	0.00013461061263038	14.5761062371462	Modern	0.011364	< 0.25	< 0.25
0.068913	0.068913	NODE_3417_length_24120_cov_12.082386:18168	NODE_3417_length_24120_cov_12.082386	18168	18168	40797	58965	2.9461304108566e-13	12.5307480329646	9.07900587201298e-14	55.5569547205279	Historical	0	< 0.25	= 0.00
0.068913	0.068913	NODE_3417_length_24120_cov_12.082386:18168	NODE_3417_length_24120_cov_12.082386	18168	18168	40797	58965	2.9461304108566e-13	12.5307480329646	9.07900587201298e-14	55.5569547205279	Modern	0.068913	< 0.25	< 0.25
0.035122	0.035122	NODE_3424_length_24100_cov_11.722345:4271	NODE_3424_length_24100_cov_11.722345	4271	4285	45330	49601	7.42499593478558e-13	12.1293037797886	2.35160127659163e-13	53.6866133636343	Historical	0	< 0.25	= 0.00
0.035122	0.035122	NODE_3424_length_24100_cov_11.722345:4271	NODE_3424_length_24100_cov_11.722345	4271	4285	45330	49601	7.42499593478558e-13	12.1293037797886	2.35160127659163e-13	53.6866133636343	Modern	0.035122	< 0.25	< 0.25
0	0	NODE_3424_length_24100_cov_11.722345:4272	NODE_3424_length_24100_cov_11.722345	4272	4285	45330	49602	0.999165688808028	0.000362487981788934	0.986827273467782	0.000272590483290147	Historical	0	< 0.25	= 0.00
0	0	NODE_3424_length_24100_cov_11.722345:4272	NODE_3424_length_24100_cov_11.722345	4272	4285	45330	49602	0.999165688808028	0.000362487981788934	0.986827273467782	0.000272590483290147	Modern	0	< 0.25	= 0.00
0.048938	0.048938	NODE_3424_length_24100_cov_11.722345:4276	NODE_3424_length_24100_cov_11.722345	4276	4285	45330	49606	1.60607220629502e-19	18.7942349334717	3.72919899752263e-20	84.5589941129668	Historical	0	< 0.25	= 0.00
0.048938	0.048938	NODE_3424_length_24100_cov_11.722345:4276	NODE_3424_length_24100_cov_11.722345	4276	4285	45330	49606	1.60607220629502e-19	18.7942349334717	3.72919899752263e-20	84.5589941129668	Modern	0.048938	< 0.25	< 0.25
0.023617	0.023617	NODE_3424_length_24100_cov_11.722345:4283	NODE_3424_length_24100_cov_11.722345	4283	4285	45330	49613	1.29216947184554e-07	6.88868052360048	5.88409555318077e-08	29.4012079329059	Historical	0	< 0.25	= 0.00
0.023617	0.023617	NODE_3424_length_24100_cov_11.722345:4283	NODE_3424_length_24100_cov_11.722345	4283	4285	45330	49613	1.29216947184554e-07	6.88868052360048	5.88409555318077e-08	29.4012079329059	Modern	0.023617	< 0.25	< 0.25
0.035332	0.035332	NODE_3424_length_24100_cov_11.722345:4285	NODE_3424_length_24100_cov_11.722345	4285	4285	45330	49615	2.59921644249828e-12	11.5851575543317	8.55297718257981e-13	51.1509386811082	Historical	0	< 0.25	= 0.00
0.035332	0.035332	NODE_3424_length_24100_cov_11.722345:4285	NODE_3424_length_24100_cov_11.722345	4285	4285	45330	49615	2.59921644249828e-12	11.5851575543317	8.55297718257981e-13	51.1509386811082	Modern	0.035332	< 0.25	< 0.25
0.042729	0.042729	NODE_3425_length_24099_cov_6.842500:23064	NODE_3425_length_24099_cov_6.842500	23064	23212	49863	72927	9.60480710958831e-09	8.01751135251833	3.99060124448707e-09	34.6283108140463	Historical	0	< 0.25	= 0.00
0.042729	0.042729	NODE_3425_length_24099_cov_6.842500:23064	NODE_3425_length_24099_cov_6.842500	23064	23212	49863	72927	9.60480710958831e-09	8.01751135251833	3.99060124448707e-09	34.6283108140463	Modern	0.042729	< 0.25	< 0.25
0.039974	0.039974	NODE_3425_length_24099_cov_6.842500:23201	NODE_3425_length_24099_cov_6.842500	23201	23212	49863	73064	2.64491163512092e-11	10.5775888328993	9.26849376409895e-12	46.4773222270359	Historical	0	< 0.25	= 0.00
0.039974	0.039974	NODE_3425_length_24099_cov_6.842500:23201	NODE_3425_length_24099_cov_6.842500	23201	23212	49863	73064	2.64491163512092e-11	10.5775888328993	9.26849376409895e-12	46.4773222270359	Modern	0.039974	< 0.25	< 0.25
0.027335	0.027335	NODE_3425_length_24099_cov_6.842500:23204	NODE_3425_length_24099_cov_6.842500	23204	23212	49863	73067	6.37028153529393e-07	6.19584137354805	3.07624706618895e-07	26.2012414104468	Historical	0	< 0.25	= 0.00
0.027335	0.027335	NODE_3425_length_24099_cov_6.842500:23204	NODE_3425_length_24099_cov_6.842500	23204	23212	49863	73067	6.37028153529393e-07	6.19584137354805	3.07624706618895e-07	26.2012414104468	Modern	0.027335	< 0.25	< 0.25
0.169107	0.169107	NODE_3425_length_24099_cov_6.842500:23212	NODE_3425_length_24099_cov_6.842500	23212	23212	49863	73075	8.69474576193816e-36	35.0607431124309	1.21379641690875e-36	159.860415948148	Historical	0	< 0.25	= 0.00
0.169107	0.169107	NODE_3425_length_24099_cov_6.842500:23212	NODE_3425_length_24099_cov_6.842500	23212	23212	49863	73075	8.69474576193816e-36	35.0607431124309	1.21379641690875e-36	159.860415948148	Modern	0.169107	< 0.25	< 0.25
0.039416	0.039416	NODE_3433_length_24072_cov_49.095649:8686	NODE_3433_length_24072_cov_49.095649	8686	14417	54396	63082	3.52782473440931e-14	13.4524929991552	1.04863166369432e-14	59.8026293855441	Historical	0	< 0.25	= 0.00
0.039416	0.039416	NODE_3433_length_24072_cov_49.095649:8686	NODE_3433_length_24072_cov_49.095649	8686	14417	54396	63082	3.52782473440931e-14	13.4524929991552	1.04863166369432e-14	59.8026293855441	Modern	0.039416	< 0.25	< 0.25
0.137351	0.137351	NODE_3433_length_24072_cov_49.095649:8706	NODE_3433_length_24072_cov_49.095649	8706	14417	54396	63102	1.44099255180273e-57	56.84133826396	1.21109060621597e-58	260.69429746769	Historical	0	< 0.25	= 0.00
0.137351	0.137351	NODE_3433_length_24072_cov_49.095649:8706	NODE_3433_length_24072_cov_49.095649	8706	14417	54396	63102	1.44099255180273e-57	56.84133826396	1.21109060621597e-58	260.69429746769	Modern	0.137351	< 0.25	< 0.25
0.106876	0.106876	NODE_3433_length_24072_cov_49.095649:14370	NODE_3433_length_24072_cov_49.095649	14370	14417	54396	68766	8.47825576845751e-21	20.0716934859567	1.8760053124887e-21	90.4721336368315	Historical	0	< 0.25	= 0.00
0.106876	0.106876	NODE_3433_length_24072_cov_49.095649:14370	NODE_3433_length_24072_cov_49.095649	14370	14417	54396	68766	8.47825576845751e-21	20.0716934859567	1.8760053124887e-21	90.4721336368315	Modern	0.106876	< 0.25	< 0.25
0.10662	0.10662	NODE_3433_length_24072_cov_49.095649:14382	NODE_3433_length_24072_cov_49.095649	14382	14417	54396	68778	6.16237118345982e-24	23.2102521459942	1.23481511843307e-24	104.978287857588	Historical	0	< 0.25	= 0.00
0.10662	0.10662	NODE_3433_length_24072_cov_49.095649:14382	NODE_3433_length_24072_cov_49.095649	14382	14417	54396	68778	6.16237118345982e-24	23.2102521459942	1.23481511843307e-24	104.978287857588	Modern	0.10662	< 0.25	< 0.25
5.89999999999757e-05	-5.89999999999757e-05	NODE_3433_length_24072_cov_49.095649:14389	NODE_3433_length_24072_cov_49.095649	14389	14417	54396	68785	0.999777501127172	9.66407843304155e-05	0.999777501127172	7.7763449772945e-08	Historical	0.5	0.25–0.75	0.25–0.75
5.89999999999757e-05	-5.89999999999757e-05	NODE_3433_length_24072_cov_49.095649:14389	NODE_3433_length_24072_cov_49.095649	14389	14417	54396	68785	0.999777501127172	9.66407843304155e-05	0.999777501127172	7.7763449772945e-08	Modern	0.499941	0.25–0.75	0.25–0.75
0.01991	0.01991	NODE_3433_length_24072_cov_49.095649:14417	NODE_3433_length_24072_cov_49.095649	14417	14417	54396	68813	0.999165688808028	0.000362487981788934	0.906393572254054	0.0138270984096517	Historical	0.200105	< 0.25	< 0.25
0.01991	0.01991	NODE_3433_length_24072_cov_49.095649:14417	NODE_3433_length_24072_cov_49.095649	14417	14417	54396	68813	0.999165688808028	0.000362487981788934	0.906393572254054	0.0138270984096517	Modern	0.220015	< 0.25	< 0.25
0.263709	0.263709	NODE_345_length_54376_cov_11.650920:54234	NODE_345_length_54376_cov_11.650920	54234	54234	58929	113163	9.67238892743707e-77	76.0144662487846	5.18983831339216e-78	349.595828456891	Historical	3e-06	< 0.25	< 0.25
0.263709	0.263709	NODE_345_length_54376_cov_11.650920:54234	NODE_345_length_54376_cov_11.650920	54234	54234	58929	113163	9.67238892743707e-77	76.0144662487846	5.18983831339216e-78	349.595828456891	Modern	0.263712	0.25–0.75	0.25–0.75
0.039001	0.039001	NODE_3498_length_23824_cov_31.525269:102	NODE_3498_length_23824_cov_31.525269	102	135	63462	63564	0.00018978406817855	3.72174024813925	0.000113275676021101	14.9014534697485	Historical	0	< 0.25	= 0.00
0.039001	0.039001	NODE_3498_length_23824_cov_31.525269:102	NODE_3498_length_23824_cov_31.525269	102	135	63462	63564	0.00018978406817855	3.72174024813925	0.000113275676021101	14.9014534697485	Modern	0.039001	< 0.25	< 0.25
0.019675	0.019675	NODE_3498_length_23824_cov_31.525269:110	NODE_3498_length_23824_cov_31.525269	110	135	63462	63572	0.0256086792115189	1.59161282004547	0.0204893753425495	5.36971072137422	Historical	0	< 0.25	= 0.00
0.019675	0.019675	NODE_3498_length_23824_cov_31.525269:110	NODE_3498_length_23824_cov_31.525269	110	135	63462	63572	0.0256086792115189	1.59161282004547	0.0204893753425495	5.36971072137422	Modern	0.019675	< 0.25	< 0.25
0.24891	0.24891	NODE_3498_length_23824_cov_31.525269:115	NODE_3498_length_23824_cov_31.525269	115	135	63462	63577	0.000102168283929865	3.99068390118735	5.95253961927559e-05	16.1176906517803	Historical	0.020002	< 0.25	< 0.25
0.24891	0.24891	NODE_3498_length_23824_cov_31.525269:115	NODE_3498_length_23824_cov_31.525269	115	135	63462	63577	0.000102168283929865	3.99068390118735	5.95253961927559e-05	16.1176906517803	Modern	0.268912	0.25–0.75	0.25–0.75
1e-06	1e-06	NODE_3498_length_23824_cov_31.525269:116	NODE_3498_length_23824_cov_31.525269	116	135	63462	63578	0.999165688808028	0.000362487981788934	0.97081767754771	0.00133829945861106	Historical	0	< 0.25	= 0.00
1e-06	1e-06	NODE_3498_length_23824_cov_31.525269:116	NODE_3498_length_23824_cov_31.525269	116	135	63462	63578	0.999165688808028	0.000362487981788934	0.97081767754771	0.00133829945861106	Modern	1e-06	< 0.25	< 0.25
0.124093	0.124093	NODE_3498_length_23824_cov_31.525269:130	NODE_3498_length_23824_cov_31.525269	130	135	63462	63592	0.62243138315182	0.205908518225867	0.544701348123838	0.366895537744891	Historical	0.367983	0.25–0.75	0.25–0.75
0.124093	0.124093	NODE_3498_length_23824_cov_31.525269:130	NODE_3498_length_23824_cov_31.525269	130	135	63462	63592	0.62243138315182	0.205908518225867	0.544701348123838	0.366895537744891	Modern	0.492076	0.25–0.75	0.25–0.75
0.018536	0.018536	NODE_3498_length_23824_cov_31.525269:135	NODE_3498_length_23824_cov_31.525269	135	135	63462	63597	0.0529537735318803	1.27610308625188	0.0435498270452121	4.07393050489292	Historical	0	< 0.25	= 0.00
0.018536	0.018536	NODE_3498_length_23824_cov_31.525269:135	NODE_3498_length_23824_cov_31.525269	135	135	63462	63597	0.0529537735318803	1.27610308625188	0.0435498270452121	4.07393050489292	Modern	0.018536	< 0.25	< 0.25
0.147581	0.147581	NODE_3500_length_23814_cov_20.449715:17021	NODE_3500_length_23814_cov_20.449715	17021	17234	67995	85016	0.482648741342833	0.316368822030748	0.415728782904036	0.662357801048814	Historical	0.241256	< 0.25	< 0.25
0.147581	0.147581	NODE_3500_length_23814_cov_20.449715:17021	NODE_3500_length_23814_cov_20.449715	17021	17234	67995	85016	0.482648741342833	0.316368822030748	0.415728782904036	0.662357801048814	Modern	0.388837	0.25–0.75	0.25–0.75
0.014355	0.014355	NODE_3500_length_23814_cov_20.449715:17022	NODE_3500_length_23814_cov_20.449715	17022	17234	67995	85017	0.00495659937208793	2.30481618247127	0.00347220168602446	8.54107677004564	Historical	0	< 0.25	= 0.00
0.014355	0.014355	NODE_3500_length_23814_cov_20.449715:17022	NODE_3500_length_23814_cov_20.449715	17022	17234	67995	85017	0.00495659937208793	2.30481618247127	0.00347220168602446	8.54107677004564	Modern	0.014355	< 0.25	< 0.25
0.239052	0.239052	NODE_3500_length_23814_cov_20.449715:17045	NODE_3500_length_23814_cov_20.449715	17045	17234	67995	85040	8.87399430482571e-120	119.051880854342	2.23324642998938e-121	548.855634208836	Historical	0	< 0.25	= 0.00
0.239052	0.239052	NODE_3500_length_23814_cov_20.449715:17045	NODE_3500_length_23814_cov_20.449715	17045	17234	67995	85040	8.87399430482571e-120	119.051880854342	2.23324642998938e-121	548.855634208836	Modern	0.239052	< 0.25	< 0.25
0.037013	0.037013	NODE_3500_length_23814_cov_20.449715:17234	NODE_3500_length_23814_cov_20.449715	17234	17234	67995	85229	2.5684816892673e-07	6.59032352601849	1.20252751453825e-07	28.0170261051632	Historical	0	< 0.25	= 0.00
0.037013	0.037013	NODE_3500_length_23814_cov_20.449715:17234	NODE_3500_length_23814_cov_20.449715	17234	17234	67995	85229	2.5684816892673e-07	6.59032352601849	1.20252751453825e-07	28.0170261051632	Modern	0.037013	< 0.25	< 0.25
0.07652	0.07652	NODE_3507_length_23773_cov_25.324744:2822	NODE_3507_length_23773_cov_25.324744	2822	18402	72528	75350	3.58288969252238e-44	43.4457665623799	3.9299502325388e-45	198.741875513802	Historical	0	< 0.25	= 0.00
0.07652	0.07652	NODE_3507_length_23773_cov_25.324744:2822	NODE_3507_length_23773_cov_25.324744	2822	18402	72528	75350	3.58288969252238e-44	43.4457665623799	3.9299502325388e-45	198.741875513802	Modern	0.07652	< 0.25	< 0.25
0.03001	0.03001	NODE_3507_length_23773_cov_25.324744:2858	NODE_3507_length_23773_cov_25.324744	2858	18402	72528	75386	1.46570613753976e-14	13.8339530935678	4.3080346587707e-15	61.5538271726671	Historical	0	< 0.25	= 0.00
0.03001	0.03001	NODE_3507_length_23773_cov_25.324744:2858	NODE_3507_length_23773_cov_25.324744	2858	18402	72528	75386	1.46570613753976e-14	13.8339530935678	4.3080346587707e-15	61.5538271726671	Modern	0.03001	< 0.25	< 0.25
0.133346	-0.133346	NODE_3507_length_23773_cov_25.324744:17897	NODE_3507_length_23773_cov_25.324744	17897	18402	72528	90425	0.605481960057987	0.217898791850381	0.528827032789832	0.396644984843718	Historical	0.5	0.25–0.75	0.25–0.75
0.133346	-0.133346	NODE_3507_length_23773_cov_25.324744:17897	NODE_3507_length_23773_cov_25.324744	17897	18402	72528	90425	0.605481960057987	0.217898791850381	0.528827032789832	0.396644984843718	Modern	0.366654	0.25–0.75	0.25–0.75
0.111801	0.111801	NODE_3507_length_23773_cov_25.324744:17907	NODE_3507_length_23773_cov_25.324744	17907	18402	72528	90435	1.10866907497111e-23	22.9551980664397	2.23207828959046e-24	103.805295056634	Historical	0	< 0.25	= 0.00
0.111801	0.111801	NODE_3507_length_23773_cov_25.324744:17907	NODE_3507_length_23773_cov_25.324744	17907	18402	72528	90435	1.10866907497111e-23	22.9551980664397	2.23207828959046e-24	103.805295056634	Modern	0.111801	< 0.25	< 0.25
0.210218	0.210218	NODE_3507_length_23773_cov_25.324744:17914	NODE_3507_length_23773_cov_25.324744	17914	18402	72528	90442	1.76102688252239e-47	46.7542340143666	1.81454336898081e-48	214.029566568791	Historical	0	< 0.25	= 0.00
0.210218	0.210218	NODE_3507_length_23773_cov_25.324744:17914	NODE_3507_length_23773_cov_25.324744	17914	18402	72528	90442	1.76102688252239e-47	46.7542340143666	1.81454336898081e-48	214.029566568791	Modern	0.210218	< 0.25	< 0.25
0.127294	0.127294	NODE_3507_length_23773_cov_25.324744:17919	NODE_3507_length_23773_cov_25.324744	17919	18402	72528	90447	1.21353876415756e-25	24.9159463464101	2.32220380795583e-26	112.854365118001	Historical	0	< 0.25	= 0.00
0.127294	0.127294	NODE_3507_length_23773_cov_25.324744:17919	NODE_3507_length_23773_cov_25.324744	17919	18402	72528	90447	1.21353876415756e-25	24.9159463464101	2.32220380795583e-26	112.854365118001	Modern	0.127294	< 0.25	< 0.25
0.271526	0.271526	NODE_3507_length_23773_cov_25.324744:17930	NODE_3507_length_23773_cov_25.324744	17930	18402	72528	90458	4.37341555569938e-63	62.3591792546532	3.32263290081624e-64	286.214126186588	Historical	0	< 0.25	= 0.00
0.271526	0.271526	NODE_3507_length_23773_cov_25.324744:17930	NODE_3507_length_23773_cov_25.324744	17930	18402	72528	90458	4.37341555569938e-63	62.3591792546532	3.32263290081624e-64	286.214126186588	Modern	0.271526	0.25–0.75	0.25–0.75
0.04988	0.04988	NODE_3507_length_23773_cov_25.324744:18029	NODE_3507_length_23773_cov_25.324744	18029	18402	72528	90557	1.67585187090186e-18	17.7757643714414	4.06628825275808e-19	79.8368927035712	Historical	0	< 0.25	= 0.00
0.04988	0.04988	NODE_3507_length_23773_cov_25.324744:18029	NODE_3507_length_23773_cov_25.324744	18029	18402	72528	90557	1.67585187090186e-18	17.7757643714414	4.06628825275808e-19	79.8368927035712	Modern	0.04988	< 0.25	< 0.25
0.034326	0.034326	NODE_3507_length_23773_cov_25.324744:18041	NODE_3507_length_23773_cov_25.324744	18041	18402	72528	90569	3.25519469161921e-13	12.4874230313762	1.0093267491108e-13	55.3487764545997	Historical	0	< 0.25	= 0.00
0.034326	0.034326	NODE_3507_length_23773_cov_25.324744:18041	NODE_3507_length_23773_cov_25.324744	18041	18402	72528	90569	3.25519469161921e-13	12.4874230313762	1.0093267491108e-13	55.3487764545997	Modern	0.034326	< 0.25	< 0.25
0.013771	0.013771	NODE_3507_length_23773_cov_25.324744:18061	NODE_3507_length_23773_cov_25.324744	18061	18402	72528	90589	5.35242548375109e-05	4.27144937022147	3.00406786409961e-05	17.4152456295793	Historical	0	< 0.25	= 0.00
0.013771	0.013771	NODE_3507_length_23773_cov_25.324744:18061	NODE_3507_length_23773_cov_25.324744	18061	18402	72528	90589	5.35242548375109e-05	4.27144937022147	3.00406786409961e-05	17.4152456295793	Modern	0.013771	< 0.25	< 0.25
0.051843	0.051843	NODE_3507_length_23773_cov_25.324744:18397	NODE_3507_length_23773_cov_25.324744	18397	18402	72528	90925	7.77294834682336e-08	7.10941421827986	3.44726199237085e-08	30.4379036072376	Historical	0	< 0.25	= 0.00
0.051843	0.051843	NODE_3507_length_23773_cov_25.324744:18397	NODE_3507_length_23773_cov_25.324744	18397	18402	72528	90925	7.77294834682336e-08	7.10941421827986	3.44726199237085e-08	30.4379036072376	Modern	0.051843	< 0.25	< 0.25
0.294863	0.294863	NODE_3507_length_23773_cov_25.324744:18402	NODE_3507_length_23773_cov_25.324744	18402	18402	72528	90930	5.38188998536144e-53	52.2690651841715	4.85545630208297e-54	239.580250171224	Historical	0	< 0.25	= 0.00
0.294863	0.294863	NODE_3507_length_23773_cov_25.324744:18402	NODE_3507_length_23773_cov_25.324744	18402	18402	72528	90930	5.38188998536144e-53	52.2690651841715	4.85545630208297e-54	239.580250171224	Modern	0.294863	0.25–0.75	0.25–0.75
0.104694	0.104694	NODE_3508_length_23767_cov_7.519689:169	NODE_3508_length_23767_cov_7.519689	169	169	77061	77230	4.19096347793563e-59	58.3776861237999	3.48251950920577e-60	267.765603677541	Historical	0	< 0.25	= 0.00
0.104694	0.104694	NODE_3508_length_23767_cov_7.519689:169	NODE_3508_length_23767_cov_7.519689	169	169	77061	77230	4.19096347793563e-59	58.3776861237999	3.48251950920577e-60	267.765603677541	Modern	0.104694	< 0.25	< 0.25
0.137721	0.137721	NODE_3544_length_23661_cov_10.307656:91	NODE_3544_length_23661_cov_10.307656	91	158	81594	81685	6.31067222221618e-09	8.19992437659589	2.58300069114451e-09	35.4753400688775	Historical	0	< 0.25	= 0.00
0.137721	0.137721	NODE_3544_length_23661_cov_10.307656:91	NODE_3544_length_23661_cov_10.307656	91	158	81594	81685	6.31067222221618e-09	8.19992437659589	2.58300069114451e-09	35.4753400688775	Modern	0.137721	< 0.25	< 0.25
0.047693	0.047693	NODE_3544_length_23661_cov_10.307656:100	NODE_3544_length_23661_cov_10.307656	100	158	81594	81694	0.00158597525961471	2.79970359173255	0.00103321845023332	10.7670717611444	Historical	0	< 0.25	= 0.00
0.047693	0.047693	NODE_3544_length_23661_cov_10.307656:100	NODE_3544_length_23661_cov_10.307656	100	158	81594	81694	0.00158597525961471	2.79970359173255	0.00103321845023332	10.7670717611444	Modern	0.047693	< 0.25	< 0.25
0.113654	0.113654	NODE_3544_length_23661_cov_10.307656:103	NODE_3544_length_23661_cov_10.307656	103	158	81594	81697	2.25304479985495e-09	8.64723017261867	8.87952129097628e-10	37.5566709427208	Historical	2e-06	< 0.25	< 0.25
0.113654	0.113654	NODE_3544_length_23661_cov_10.307656:103	NODE_3544_length_23661_cov_10.307656	103	158	81594	81697	2.25304479985495e-09	8.64723017261867	8.87952129097628e-10	37.5566709427208	Modern	0.113656	< 0.25	< 0.25
0.02194	0.02194	NODE_3544_length_23661_cov_10.307656:104	NODE_3544_length_23661_cov_10.307656	104	158	81594	81698	0.0579660744890713	1.23682610941808	0.0477821012882373	3.91763335623239	Historical	0	< 0.25	= 0.00
0.02194	0.02194	NODE_3544_length_23661_cov_10.307656:104	NODE_3544_length_23661_cov_10.307656	104	158	81594	81698	0.0579660744890713	1.23682610941808	0.0477821012882373	3.91763335623239	Modern	0.02194	< 0.25	< 0.25
0.021076	0.021076	NODE_3544_length_23661_cov_10.307656:110	NODE_3544_length_23661_cov_10.307656	110	158	81594	81704	0.0595791361625987	1.22490579790742	0.049224927313828	3.86766611398379	Historical	0	< 0.25	= 0.00
0.021076	0.021076	NODE_3544_length_23661_cov_10.307656:110	NODE_3544_length_23661_cov_10.307656	110	158	81594	81704	0.0595791361625987	1.22490579790742	0.049224927313828	3.86766611398379	Modern	0.021076	< 0.25	< 0.25
0.020573	0.020573	NODE_3544_length_23661_cov_10.307656:113	NODE_3544_length_23661_cov_10.307656	113	158	81594	81707	0.0641946343546713	1.19250127049099	0.0530992654538639	3.74079216685642	Historical	0	< 0.25	= 0.00
0.020573	0.020573	NODE_3544_length_23661_cov_10.307656:113	NODE_3544_length_23661_cov_10.307656	113	158	81594	81707	0.0641946343546713	1.19250127049099	0.0530992654538639	3.74079216685642	Modern	0.020573	< 0.25	< 0.25
0.02102	0.02102	NODE_3544_length_23661_cov_10.307656:158	NODE_3544_length_23661_cov_10.307656	158	158	81594	81752	0.048257720515337	1.31643319612369	0.0396189927687643	4.23412704554309	Historical	0	< 0.25	= 0.00
0.02102	0.02102	NODE_3544_length_23661_cov_10.307656:158	NODE_3544_length_23661_cov_10.307656	158	158	81594	81752	0.048257720515337	1.31643319612369	0.0396189927687643	4.23412704554309	Modern	0.02102	< 0.25	< 0.25
0.011591	0.011591	NODE_3552_length_23647_cov_31.433030:3580	NODE_3552_length_23647_cov_31.433030	3580	3605	86127	89707	0.00109105125912325	2.96215484516654	0.000699391832771315	11.4908622564241	Historical	0	< 0.25	= 0.00
0.011591	0.011591	NODE_3552_length_23647_cov_31.433030:3580	NODE_3552_length_23647_cov_31.433030	3580	3605	86127	89707	0.00109105125912325	2.96215484516654	0.000699391832771315	11.4908622564241	Modern	0.011591	< 0.25	< 0.25
0	0	NODE_3552_length_23647_cov_31.433030:3591	NODE_3552_length_23647_cov_31.433030	3591	3605	86127	89718	0.999165688808028	0.000362487981788934	0.98780597845673	0.000233586429088131	Historical	0	< 0.25	= 0.00
0	0	NODE_3552_length_23647_cov_31.433030:3591	NODE_3552_length_23647_cov_31.433030	3591	3605	86127	89718	0.999165688808028	0.000362487981788934	0.98780597845673	0.000233586429088131	Modern	0	< 0.25	= 0.00
0.00230900000000001	0.00230900000000001	NODE_3552_length_23647_cov_31.433030:3593	NODE_3552_length_23647_cov_31.433030	3593	3605	86127	89720	0.999165688808028	0.000362487981788934	0.991274823952747	0.000119587444617835	Historical	0.5	0.25–0.75	0.25–0.75
0.00230900000000001	0.00230900000000001	NODE_3552_length_23647_cov_31.433030:3593	NODE_3552_length_23647_cov_31.433030	3593	3605	86127	89720	0.999165688808028	0.000362487981788934	0.991274823952747	0.000119587444617835	Modern	0.502309	0.25–0.75	0.25–0.75
0	0	NODE_3552_length_23647_cov_31.433030:3605	NODE_3552_length_23647_cov_31.433030	3605	3605	86127	89732	0.999165688808028	0.000362487981788934	0.986095496969792	0.000303720975726907	Historical	0	< 0.25	= 0.00
0	0	NODE_3552_length_23647_cov_31.433030:3605	NODE_3552_length_23647_cov_31.433030	3605	3605	86127	89732	0.999165688808028	0.000362487981788934	0.986095496969792	0.000303720975726907	Modern	0	< 0.25	= 0.00
0.013873	0.013873	NODE_3558_length_23623_cov_9.826263:23533	NODE_3558_length_23623_cov_9.826263	23533	23609	90660	114193	0.0110534808313055	1.95650093756447	0.00834522057064372	6.9578510707011	Historical	0	< 0.25	= 0.00
0.013873	0.013873	NODE_3558_length_23623_cov_9.826263:23533	NODE_3558_length_23623_cov_9.826263	23533	23609	90660	114193	0.0110534808313055	1.95650093756447	0.00834522057064372	6.9578510707011	Modern	0.013873	< 0.25	< 0.25
0.025392	0.025392	NODE_3558_length_23623_cov_9.826263:23537	NODE_3558_length_23623_cov_9.826263	23537	23609	90660	114197	9.29073480323395e-06	5.0319499363433	4.91006070085441e-06	20.8720541854411	Historical	0	< 0.25	= 0.00
0.025392	0.025392	NODE_3558_length_23623_cov_9.826263:23537	NODE_3558_length_23623_cov_9.826263	23537	23609	90660	114197	9.29073480323395e-06	5.0319499363433	4.91006070085441e-06	20.8720541854411	Modern	0.025392	< 0.25	< 0.25
0.025503	0.025503	NODE_3558_length_23623_cov_9.826263:23538	NODE_3558_length_23623_cov_9.826263	23538	23609	90660	114198	3.39341521583886e-06	5.46936299714389	1.73537900639053e-06	22.8677651988706	Historical	0	< 0.25	= 0.00
0.025503	0.025503	NODE_3558_length_23623_cov_9.826263:23538	NODE_3558_length_23623_cov_9.826263	23538	23609	90660	114198	3.39341521583886e-06	5.46936299714389	1.73537900639053e-06	22.8677651988706	Modern	0.025503	< 0.25	< 0.25
0	0	NODE_3558_length_23623_cov_9.826263:23559	NODE_3558_length_23623_cov_9.826263	23559	23609	90660	114219	0.999165688808028	0.000362487981788934	0.988486007088663	0.000208258118544268	Historical	0	< 0.25	= 0.00
0	0	NODE_3558_length_23623_cov_9.826263:23559	NODE_3558_length_23623_cov_9.826263	23559	23609	90660	114219	0.999165688808028	0.000362487981788934	0.988486007088663	0.000208258118544268	Modern	0	< 0.25	= 0.00
0.012381	0.012381	NODE_3558_length_23623_cov_9.826263:23570	NODE_3558_length_23623_cov_9.826263	23570	23609	90660	114230	0.00039601588507823	3.40228739320718	0.000244266208317484	13.4556749161934	Historical	0	< 0.25	= 0.00
0.012381	0.012381	NODE_3558_length_23623_cov_9.826263:23570	NODE_3558_length_23623_cov_9.826263	23570	23609	90660	114230	0.00039601588507823	3.40228739320718	0.000244266208317484	13.4556749161934	Modern	0.012381	< 0.25	< 0.25
0.300538	0.300538	NODE_3558_length_23623_cov_9.826263:23587	NODE_3558_length_23623_cov_9.826263	23587	23609	90660	114247	1.66938842964797e-165	164.777442600873	2.29877798954374e-167	760.310733889325	Historical	0	< 0.25	= 0.00
0.300538	0.300538	NODE_3558_length_23623_cov_9.826263:23587	NODE_3558_length_23623_cov_9.826263	23587	23609	90660	114247	1.66938842964797e-165	164.777442600873	2.29877798954374e-167	760.310733889325	Modern	0.300538	0.25–0.75	0.25–0.75
0.319387	0.319387	NODE_3558_length_23623_cov_9.826263:23589	NODE_3558_length_23623_cov_9.826263	23589	23609	90660	114249	2.09595201314639e-176	175.678618664753	2.6871179655723e-178	810.591547881302	Historical	0	< 0.25	= 0.00
0.319387	0.319387	NODE_3558_length_23623_cov_9.826263:23589	NODE_3558_length_23623_cov_9.826263	23589	23609	90660	114249	2.09595201314639e-176	175.678618664753	2.6871179655723e-178	810.591547881302	Modern	0.319387	0.25–0.75	0.25–0.75
0	0	NODE_3558_length_23623_cov_9.826263:23592	NODE_3558_length_23623_cov_9.826263	23592	23609	90660	114252	0.999165688808028	0.000362487981788934	0.988414208790378	0.00021086368781187	Historical	0	< 0.25	= 0.00
0	0	NODE_3558_length_23623_cov_9.826263:23592	NODE_3558_length_23623_cov_9.826263	23592	23609	90660	114252	0.999165688808028	0.000362487981788934	0.988414208790378	0.00021086368781187	Modern	0	< 0.25	= 0.00
0	0	NODE_3558_length_23623_cov_9.826263:23594	NODE_3558_length_23623_cov_9.826263	23594	23609	90660	114254	0.999165688808028	0.000362487981788934	0.988300975506236	0.000215005862744672	Historical	0	< 0.25	= 0.00
0	0	NODE_3558_length_23623_cov_9.826263:23594	NODE_3558_length_23623_cov_9.826263	23594	23609	90660	114254	0.999165688808028	0.000362487981788934	0.988300975506236	0.000215005862744672	Modern	0	< 0.25	= 0.00
0.031847	0.031847	NODE_3558_length_23623_cov_9.826263:23609	NODE_3558_length_23623_cov_9.826263	23609	23609	90660	114269	4.41634577213979e-09	8.35493693141708	1.78666979955513e-09	36.1934836805231	Historical	0	< 0.25	= 0.00
0.031847	0.031847	NODE_3558_length_23623_cov_9.826263:23609	NODE_3558_length_23623_cov_9.826263	23609	23609	90660	114269	4.41634577213979e-09	8.35493693141708	1.78666979955513e-09	36.1934836805231	Modern	0.031847	< 0.25	< 0.25
0.014482	0.014482	NODE_3568_length_23578_cov_31.880957:23422	NODE_3568_length_23578_cov_31.880957	23422	23531	0	23422	0.000902480038665443	3.04456239517668	0.000573370508895709	11.8605031578372	Historical	0	< 0.25	= 0.00
0.014482	0.014482	NODE_3568_length_23578_cov_31.880957:23422	NODE_3568_length_23578_cov_31.880957	23422	23531	0	23422	0.000902480038665443	3.04456239517668	0.000573370508895709	11.8605031578372	Modern	0.014482	< 0.25	< 0.25
0.227829	0.227829	NODE_3568_length_23578_cov_31.880957:23440	NODE_3568_length_23578_cov_31.880957	23440	23531	0	23440	1.34092773195815e-172	171.872594627411	1.78280990003932e-174	793.013294116423	Historical	0	< 0.25	= 0.00
0.227829	0.227829	NODE_3568_length_23578_cov_31.880957:23440	NODE_3568_length_23578_cov_31.880957	23440	23531	0	23440	1.34092773195815e-172	171.872594627411	1.78280990003932e-174	793.013294116423	Modern	0.227829	< 0.25	< 0.25
0.39942	0.39942	NODE_3568_length_23578_cov_31.880957:23457	NODE_3568_length_23578_cov_31.880957	23457	23531	0	23457	0	Inf	0	2141.50018765611	Historical	2.8e-05	< 0.25	< 0.25
0.39942	0.39942	NODE_3568_length_23578_cov_31.880957:23457	NODE_3568_length_23578_cov_31.880957	23457	23531	0	23457	0	Inf	0	2141.50018765611	Modern	0.399448	0.25–0.75	0.25–0.75
0.059737	0.059737	NODE_3568_length_23578_cov_31.880957:23531	NODE_3568_length_23578_cov_31.880957	23531	23531	0	23531	2.25495258002448e-50	49.6468625865799	2.15216271882679e-51	227.443549433147	Historical	0	< 0.25	= 0.00
0.059737	0.059737	NODE_3568_length_23578_cov_31.880957:23531	NODE_3568_length_23578_cov_31.880957	23531	23531	0	23531	2.25495258002448e-50	49.6468625865799	2.15216271882679e-51	227.443549433147	Modern	0.059737	< 0.25	< 0.25
0.02195	0.02195	NODE_358_length_53806_cov_11.625170:53378	NODE_358_length_53806_cov_11.625170	53378	53431	100	53478	0.0104291344568202	1.98175173339753	0.00779956636728006	7.07892783993417	Historical	0	< 0.25	= 0.00
0.02195	0.02195	NODE_358_length_53806_cov_11.625170:53378	NODE_358_length_53806_cov_11.625170	53378	53431	100	53478	0.0104291344568202	1.98175173339753	0.00779956636728006	7.07892783993417	Modern	0.02195	< 0.25	< 0.25
0.042679	0.042679	NODE_358_length_53806_cov_11.625170:53406	NODE_358_length_53806_cov_11.625170	53406	53431	100	53506	8.70372422333112e-05	4.06029487800699	5.01311371457771e-05	16.4431447054267	Historical	0	< 0.25	= 0.00
0.042679	0.042679	NODE_358_length_53806_cov_11.625170:53406	NODE_358_length_53806_cov_11.625170	53406	53431	100	53506	8.70372422333112e-05	4.06029487800699	5.01311371457771e-05	16.4431447054267	Modern	0.042679	< 0.25	< 0.25
0.022761	0.022761	NODE_358_length_53806_cov_11.625170:53431	NODE_358_length_53806_cov_11.625170	53431	53431	100	53531	0.0251493754763179	1.59947279512323	0.0200741216408786	5.40543704732355	Historical	0	< 0.25	= 0.00
0.022761	0.022761	NODE_358_length_53806_cov_11.625170:53431	NODE_358_length_53806_cov_11.625170	53431	53431	100	53531	0.0251493754763179	1.59947279512323	0.0200741216408786	5.40543704732355	Modern	0.022761	< 0.25	< 0.25
0.267397	0.267397	NODE_3591_length_23512_cov_13.533336:155	NODE_3591_length_23512_cov_13.533336	155	174	200	355	1.44736718968552e-44	43.8394212766043	1.56695023384758e-45	200.571790857991	Historical	0	< 0.25	= 0.00
0.267397	0.267397	NODE_3591_length_23512_cov_13.533336:155	NODE_3591_length_23512_cov_13.533336	155	174	200	355	1.44736718968552e-44	43.8394212766043	1.56695023384758e-45	200.571790857991	Modern	0.267397	0.25–0.75	0.25–0.75
0.300573	0.300573	NODE_3591_length_23512_cov_13.533336:156	NODE_3591_length_23512_cov_13.533336	156	174	200	356	8.09651040367763e-47	46.0917021217353	8.49633807793332e-48	210.956293909647	Historical	0	< 0.25	= 0.00
0.300573	0.300573	NODE_3591_length_23512_cov_13.533336:156	NODE_3591_length_23512_cov_13.533336	156	174	200	356	8.09651040367763e-47	46.0917021217353	8.49633807793332e-48	210.956293909647	Modern	0.300573	0.25–0.75	0.25–0.75
0.118699	0.118699	NODE_3591_length_23512_cov_13.533336:174	NODE_3591_length_23512_cov_13.533336	174	174	200	374	1.96502770262779e-24	23.7066313226353	3.87220558684964e-25	107.276387143965	Historical	5e-06	< 0.25	< 0.25
0.118699	0.118699	NODE_3591_length_23512_cov_13.533336:174	NODE_3591_length_23512_cov_13.533336	174	174	200	374	1.96502770262779e-24	23.7066313226353	3.87220558684964e-25	107.276387143965	Modern	0.118704	< 0.25	< 0.25
0.012208	0.012208	NODE_3605_length_23467_cov_55.908336:12869	NODE_3605_length_23467_cov_55.908336	12869	18582	300	13169	0.0257093571263875	1.58990878294303	0.0205821349074498	5.36183252470808	Historical	0	< 0.25	= 0.00
0.012208	0.012208	NODE_3605_length_23467_cov_55.908336:12869	NODE_3605_length_23467_cov_55.908336	12869	18582	300	13169	0.0257093571263875	1.58990878294303	0.0205821349074498	5.36183252470808	Modern	0.012208	< 0.25	< 0.25
0.014006	0.014006	NODE_3605_length_23467_cov_55.908336:12871	NODE_3605_length_23467_cov_55.908336	12871	18582	300	13171	0.0108295456131587	1.96538976515102	0.00815558373336642	6.99898738011181	Historical	0	< 0.25	= 0.00
0.014006	0.014006	NODE_3605_length_23467_cov_55.908336:12871	NODE_3605_length_23467_cov_55.908336	12871	18582	300	13171	0.0108295456131587	1.96538976515102	0.00815558373336642	6.99898738011181	Modern	0.014006	< 0.25	< 0.25
0.047896	0.047896	NODE_3605_length_23467_cov_55.908336:12879	NODE_3605_length_23467_cov_55.908336	12879	18582	300	13179	1.69267273300918e-14	13.7714270017182	4.98317708673168e-15	61.2671822270711	Historical	0	< 0.25	= 0.00
0.047896	0.047896	NODE_3605_length_23467_cov_55.908336:12879	NODE_3605_length_23467_cov_55.908336	12879	18582	300	13179	1.69267273300918e-14	13.7714270017182	4.98317708673168e-15	61.2671822270711	Modern	0.047896	< 0.25	< 0.25
0.126837	0.126837	NODE_3605_length_23467_cov_55.908336:12880	NODE_3605_length_23467_cov_55.908336	12880	18582	300	13180	1.38523860242461e-56	55.8584754144757	1.18396461745693e-57	256.151876961479	Historical	0	< 0.25	= 0.00
0.126837	0.126837	NODE_3605_length_23467_cov_55.908336:12880	NODE_3605_length_23467_cov_55.908336	12880	18582	300	13180	1.38523860242461e-56	55.8584754144757	1.18396461745693e-57	256.151876961479	Modern	0.126837	< 0.25	< 0.25
0.017899	0.017899	NODE_3605_length_23467_cov_55.908336:12908	NODE_3605_length_23467_cov_55.908336	12908	18582	300	13208	9.02470676609043e-06	5.04456690044034	4.76089706416262e-06	20.9311491388616	Historical	0	< 0.25	= 0.00
0.017899	0.017899	NODE_3605_length_23467_cov_55.908336:12908	NODE_3605_length_23467_cov_55.908336	12908	18582	300	13208	9.02470676609043e-06	5.04456690044034	4.76089706416262e-06	20.9311491388616	Modern	0.017899	< 0.25	< 0.25
0.021053	0.021053	NODE_3605_length_23467_cov_55.908336:12911	NODE_3605_length_23467_cov_55.908336	12911	18582	300	13211	1.4451427980005e-07	6.84008923711536	6.6012695711134e-08	29.1783508058082	Historical	0	< 0.25	= 0.00
0.021053	0.021053	NODE_3605_length_23467_cov_55.908336:12911	NODE_3605_length_23467_cov_55.908336	12911	18582	300	13211	1.4451427980005e-07	6.84008923711536	6.6012695711134e-08	29.1783508058082	Modern	0.021053	< 0.25	< 0.25
0.058984	0.058984	NODE_3605_length_23467_cov_55.908336:12933	NODE_3605_length_23467_cov_55.908336	12933	18582	300	13233	1.29841894874738e-39	38.8865851551686	1.59065569219765e-40	177.636090330709	Historical	0	< 0.25	= 0.00
0.058984	0.058984	NODE_3605_length_23467_cov_55.908336:12933	NODE_3605_length_23467_cov_55.908336	12933	18582	300	13233	1.29841894874738e-39	38.8865851551686	1.59065569219765e-40	177.636090330709	Modern	0.058984	< 0.25	< 0.25
0.047502	0.047502	NODE_3605_length_23467_cov_55.908336:12934	NODE_3605_length_23467_cov_55.908336	12934	18582	300	13234	9.50458211643545e-30	29.0220669728034	1.57055772864176e-30	131.903703740427	Historical	0	< 0.25	= 0.00
0.047502	0.047502	NODE_3605_length_23467_cov_55.908336:12934	NODE_3605_length_23467_cov_55.908336	12934	18582	300	13234	9.50458211643545e-30	29.0220669728034	1.57055772864176e-30	131.903703740427	Modern	0.047502	< 0.25	< 0.25
0.033499	0.033499	NODE_3605_length_23467_cov_55.908336:12935	NODE_3605_length_23467_cov_55.908336	12935	18582	300	13235	1.18727102216782e-18	17.9254501319328	2.86952018178262e-19	80.5256758946811	Historical	0	< 0.25	= 0.00
0.033499	0.033499	NODE_3605_length_23467_cov_55.908336:12935	NODE_3605_length_23467_cov_55.908336	12935	18582	300	13235	1.18727102216782e-18	17.9254501319328	2.86952018178262e-19	80.5256758946811	Modern	0.033499	< 0.25	< 0.25
0.053976	0.053976	NODE_3605_length_23467_cov_55.908336:12947	NODE_3605_length_23467_cov_55.908336	12947	18582	300	13247	4.52944940937441e-36	35.3439545867296	6.28014827890469e-37	161.17024337825	Historical	0	< 0.25	= 0.00
0.053976	0.053976	NODE_3605_length_23467_cov_55.908336:12947	NODE_3605_length_23467_cov_55.908336	12947	18582	300	13247	4.52944940937441e-36	35.3439545867296	6.28014827890469e-37	161.17024337825	Modern	0.053976	< 0.25	< 0.25
0.054766	0.054766	NODE_3605_length_23467_cov_55.908336:12948	NODE_3605_length_23467_cov_55.908336	12948	18582	300	13248	2.34185784714183e-36	35.6304394705257	3.22478051125893e-37	162.495211658837	Historical	0	< 0.25	= 0.00
0.054766	0.054766	NODE_3605_length_23467_cov_55.908336:12948	NODE_3605_length_23467_cov_55.908336	12948	18582	300	13248	2.34185784714183e-36	35.6304394705257	3.22478051125893e-37	162.495211658837	Modern	0.054766	< 0.25	< 0.25
0.028291	0.028291	NODE_3605_length_23467_cov_55.908336:12949	NODE_3605_length_23467_cov_55.908336	12949	18582	300	13249	5.67056470829699e-15	14.246373689346	1.61823807677421e-15	63.4821837843564	Historical	0	< 0.25	= 0.00
0.028291	0.028291	NODE_3605_length_23467_cov_55.908336:12949	NODE_3605_length_23467_cov_55.908336	12949	18582	300	13249	5.67056470829699e-15	14.246373689346	1.61823807677421e-15	63.4821837843564	Modern	0.028291	< 0.25	< 0.25
0.128437	0.128437	NODE_3605_length_23467_cov_55.908336:12957	NODE_3605_length_23467_cov_55.908336	12957	18582	300	13257	5.1110385523102e-106	105.291490843171	1.72309466863259e-107	485.025080336478	Historical	0	< 0.25	= 0.00
0.128437	0.128437	NODE_3605_length_23467_cov_55.908336:12957	NODE_3605_length_23467_cov_55.908336	12957	18582	300	13257	5.1110385523102e-106	105.291490843171	1.72309466863259e-107	485.025080336478	Modern	0.128437	< 0.25	< 0.25
0.044982	0.044982	NODE_3605_length_23467_cov_55.908336:12980	NODE_3605_length_23467_cov_55.908336	12980	18582	300	13280	5.16193564880604e-24	23.2871874138841	1.02699479432561e-24	105.343447357385	Historical	0	< 0.25	= 0.00
0.044982	0.044982	NODE_3605_length_23467_cov_55.908336:12980	NODE_3605_length_23467_cov_55.908336	12980	18582	300	13280	5.16193564880604e-24	23.2871874138841	1.02699479432561e-24	105.343447357385	Modern	0.044982	< 0.25	< 0.25
0.022196	0.022196	NODE_3605_length_23467_cov_55.908336:12983	NODE_3605_length_23467_cov_55.908336	12983	18582	300	13283	6.54203992205479e-09	8.18428680997026	2.68391381417633e-09	35.4006929410337	Historical	0	< 0.25	= 0.00
0.022196	0.022196	NODE_3605_length_23467_cov_55.908336:12983	NODE_3605_length_23467_cov_55.908336	12983	18582	300	13283	6.54203992205479e-09	8.18428680997026	2.68391381417633e-09	35.4006929410337	Modern	0.022196	< 0.25	< 0.25
0.012267	0.012267	NODE_3605_length_23467_cov_55.908336:12992	NODE_3605_length_23467_cov_55.908336	12992	18582	300	13292	0.0010256047635171	2.98901997069929	0.000656284620725866	11.6091408616046	Historical	0	< 0.25	= 0.00
0.012267	0.012267	NODE_3605_length_23467_cov_55.908336:12992	NODE_3605_length_23467_cov_55.908336	12992	18582	300	13292	0.0010256047635171	2.98901997069929	0.000656284620725866	11.6091408616046	Modern	0.012267	< 0.25	< 0.25
0.012717	0.012717	NODE_3605_length_23467_cov_55.908336:13010	NODE_3605_length_23467_cov_55.908336	13010	18582	300	13310	0.0098308749018657	2.00740783027118	0.00733814593814476	7.18827580211911	Historical	0	< 0.25	= 0.00
0.012717	0.012717	NODE_3605_length_23467_cov_55.908336:13010	NODE_3605_length_23467_cov_55.908336	13010	18582	300	13310	0.0098308749018657	2.00740783027118	0.00733814593814476	7.18827580211911	Modern	0.012717	< 0.25	< 0.25
0.047872	0.047872	NODE_3605_length_23467_cov_55.908336:18299	NODE_3605_length_23467_cov_55.908336	18299	18582	300	18599	6.95766386592428e-07	6.1575365564307	3.37311244402122e-07	26.0233596809224	Historical	0	< 0.25	= 0.00
0.047872	0.047872	NODE_3605_length_23467_cov_55.908336:18299	NODE_3605_length_23467_cov_55.908336	18299	18582	300	18599	6.95766386592428e-07	6.1575365564307	3.37311244402122e-07	26.0233596809224	Modern	0.047872	< 0.25	< 0.25
0.155496	-0.155496	NODE_3605_length_23467_cov_55.908336:18320	NODE_3605_length_23467_cov_55.908336	18320	18582	300	18620	0.534851750109206	0.271766578785622	0.462474645569686	0.539898859020671	Historical	0.499986	0.25–0.75	0.25–0.75
0.155496	-0.155496	NODE_3605_length_23467_cov_55.908336:18320	NODE_3605_length_23467_cov_55.908336	18320	18582	300	18620	0.534851750109206	0.271766578785622	0.462474645569686	0.539898859020671	Modern	0.34449	0.25–0.75	0.25–0.75
0.017094	0.017094	NODE_3605_length_23467_cov_55.908336:18321	NODE_3605_length_23467_cov_55.908336	18321	18582	300	18621	0.0185887175413449	1.73075057170898	0.0145638100395152	5.96848232864925	Historical	0	< 0.25	= 0.00
0.017094	0.017094	NODE_3605_length_23467_cov_55.908336:18321	NODE_3605_length_23467_cov_55.908336	18321	18582	300	18621	0.0185887175413449	1.73075057170898	0.0145638100395152	5.96848232864925	Modern	0.017094	< 0.25	< 0.25
0.103353	0.103353	NODE_3605_length_23467_cov_55.908336:18329	NODE_3605_length_23467_cov_55.908336	18329	18582	300	18629	1.8498158498027e-21	20.7328715037025	4.01408282696977e-22	93.5234895816995	Historical	0	< 0.25	= 0.00
0.103353	0.103353	NODE_3605_length_23467_cov_55.908336:18329	NODE_3605_length_23467_cov_55.908336	18329	18582	300	18629	1.8498158498027e-21	20.7328715037025	4.01408282696977e-22	93.5234895816995	Modern	0.103353	< 0.25	< 0.25
0.079775	0.079775	NODE_3605_length_23467_cov_55.908336:18539	NODE_3605_length_23467_cov_55.908336	18539	18582	300	18839	8.34671254358422e-12	11.0784845431161	2.81790722625279e-12	48.8114445044577	Historical	0	< 0.25	= 0.00
0.079775	0.079775	NODE_3605_length_23467_cov_55.908336:18539	NODE_3605_length_23467_cov_55.908336	18539	18582	300	18839	8.34671254358422e-12	11.0784845431161	2.81790722625279e-12	48.8114445044577	Modern	0.079775	< 0.25	< 0.25
0.014444	0.014444	NODE_3605_length_23467_cov_55.908336:18574	NODE_3605_length_23467_cov_55.908336	18574	18582	300	18874	0.0971797502220494	1.01242422152456	0.0811215578776652	3.04228694329476	Historical	0	< 0.25	= 0.00
0.014444	0.014444	NODE_3605_length_23467_cov_55.908336:18574	NODE_3605_length_23467_cov_55.908336	18574	18582	300	18874	0.0971797502220494	1.01242422152456	0.0811215578776652	3.04228694329476	Modern	0.014444	< 0.25	< 0.25
0.100537	0.100537	NODE_3605_length_23467_cov_55.908336:18575	NODE_3605_length_23467_cov_55.908336	18575	18582	300	18875	1.45223184343985e-17	16.837964044594	3.66161020354492e-18	75.4959291940934	Historical	0	< 0.25	= 0.00
0.100537	0.100537	NODE_3605_length_23467_cov_55.908336:18575	NODE_3605_length_23467_cov_55.908336	18575	18582	300	18875	1.45223184343985e-17	16.837964044594	3.66161020354492e-18	75.4959291940934	Modern	0.100537	< 0.25	< 0.25
0.014972	0.014972	NODE_3605_length_23467_cov_55.908336:18582	NODE_3605_length_23467_cov_55.908336	18582	18582	300	18882	0.0773675807403174	1.11144098318062	0.0643627737212897	3.42123686748844	Historical	0	< 0.25	= 0.00
0.014972	0.014972	NODE_3605_length_23467_cov_55.908336:18582	NODE_3605_length_23467_cov_55.908336	18582	18582	300	18882	0.0773675807403174	1.11144098318062	0.0643627737212897	3.42123686748844	Modern	0.014972	< 0.25	< 0.25
0.037364	0.037364	NODE_3621_length_23423_cov_7.711756:23350	NODE_3621_length_23423_cov_7.711756	23350	23391	400	23750	3.39717648867067e-09	8.46888189026134	1.36306464051601e-09	36.7209535176265	Historical	0	< 0.25	= 0.00
0.037364	0.037364	NODE_3621_length_23423_cov_7.711756:23350	NODE_3621_length_23423_cov_7.711756	23350	23391	400	23750	3.39717648867067e-09	8.46888189026134	1.36306464051601e-09	36.7209535176265	Modern	0.037364	< 0.25	< 0.25
0.012319	0.012319	NODE_3621_length_23423_cov_7.711756:23366	NODE_3621_length_23423_cov_7.711756	23366	23391	400	23766	0.00918288274513388	2.03702096108935	0.00679777502358201	7.32564009468707	Historical	0	< 0.25	= 0.00
0.012319	0.012319	NODE_3621_length_23423_cov_7.711756:23366	NODE_3621_length_23423_cov_7.711756	23366	23391	400	23766	0.00918288274513388	2.03702096108935	0.00679777502358201	7.32564009468707	Modern	0.012319	< 0.25	< 0.25
0.135322	-0.135322	NODE_3621_length_23423_cov_7.711756:23383	NODE_3621_length_23423_cov_7.711756	23383	23391	400	23783	0.598890855313512	0.222652318268607	0.521825602801659	0.410283587183198	Historical	0.5	0.25–0.75	0.25–0.75
0.135322	-0.135322	NODE_3621_length_23423_cov_7.711756:23383	NODE_3621_length_23423_cov_7.711756	23383	23391	400	23783	0.598890855313512	0.222652318268607	0.521825602801659	0.410283587183198	Modern	0.364678	0.25–0.75	0.25–0.75
0.012856	0.012856	NODE_3621_length_23423_cov_7.711756:23390	NODE_3621_length_23423_cov_7.711756	23390	23391	400	23790	0.0130157035547122	1.88553235143712	0.0099749978809618	6.63935614398761	Historical	0	< 0.25	= 0.00
0.012856	0.012856	NODE_3621_length_23423_cov_7.711756:23390	NODE_3621_length_23423_cov_7.711756	23390	23391	400	23790	0.0130157035547122	1.88553235143712	0.0099749978809618	6.63935614398761	Modern	0.012856	< 0.25	< 0.25
0.012974	0.012974	NODE_3621_length_23423_cov_7.711756:23391	NODE_3621_length_23423_cov_7.711756	23391	23391	400	23791	0.0127420828864234	1.89475957418733	0.00973504813117531	6.68274707442799	Historical	0	< 0.25	= 0.00
0.012974	0.012974	NODE_3621_length_23423_cov_7.711756:23391	NODE_3621_length_23423_cov_7.711756	23391	23391	400	23791	0.0127420828864234	1.89475957418733	0.00973504813117531	6.68274707442799	Modern	0.012974	< 0.25	< 0.25
0.200937	-0.200937	NODE_3639_length_23380_cov_10.701259:12	NODE_3639_length_23380_cov_10.701259	12	78	500	512	2.47585426569162e-39	38.6062749224422	3.09187878384091e-40	176.314212308822	Historical	1	> 0.75	= 1.00
0.200937	-0.200937	NODE_3639_length_23380_cov_10.701259:12	NODE_3639_length_23380_cov_10.701259	12	78	500	512	2.47585426569162e-39	38.6062749224422	3.09187878384091e-40	176.314212308822	Modern	0.799063	> 0.75	> 0.75
0.012726	0.012726	NODE_3639_length_23380_cov_10.701259:25	NODE_3639_length_23380_cov_10.701259	25	78	500	525	0.00607165205938077	2.21669312397367	0.00433607060650934	8.13742964418314	Historical	0	< 0.25	= 0.00
0.012726	0.012726	NODE_3639_length_23380_cov_10.701259:25	NODE_3639_length_23380_cov_10.701259	25	78	500	525	0.00607165205938077	2.21669312397367	0.00433607060650934	8.13742964418314	Modern	0.012726	< 0.25	< 0.25
0.024724	0.024724	NODE_3639_length_23380_cov_10.701259:46	NODE_3639_length_23380_cov_10.701259	46	78	500	546	3.71272281066006e-08	7.43030747369183	1.61131464812122e-08	31.9142412220381	Historical	0	< 0.25	= 0.00
0.024724	0.024724	NODE_3639_length_23380_cov_10.701259:46	NODE_3639_length_23380_cov_10.701259	46	78	500	546	3.71272281066006e-08	7.43030747369183	1.61131464812122e-08	31.9142412220381	Modern	0.024724	< 0.25	< 0.25
0.012281	0.012281	NODE_3639_length_23380_cov_10.701259:49	NODE_3639_length_23380_cov_10.701259	49	78	500	549	0.00112190742422327	2.95004297802436	0.000719704145358805	11.4376588370703	Historical	0	< 0.25	= 0.00
0.012281	0.012281	NODE_3639_length_23380_cov_10.701259:49	NODE_3639_length_23380_cov_10.701259	49	78	500	549	0.00112190742422327	2.95004297802436	0.000719704145358805	11.4376588370703	Modern	0.012281	< 0.25	< 0.25
0.001423	0.001423	NODE_3639_length_23380_cov_10.701259:54	NODE_3639_length_23380_cov_10.701259	54	78	500	554	0.703926014667996	0.152472984479961	0.620029799244603	0.245825686428495	Historical	0	< 0.25	= 0.00
0.001423	0.001423	NODE_3639_length_23380_cov_10.701259:54	NODE_3639_length_23380_cov_10.701259	54	78	500	554	0.703926014667996	0.152472984479961	0.620029799244603	0.245825686428495	Modern	0.001423	< 0.25	< 0.25
0.036204	0.036204	NODE_3639_length_23380_cov_10.701259:62	NODE_3639_length_23380_cov_10.701259	62	78	500	562	5.84928635125732e-13	12.2328971172712	1.84977431620958e-13	54.1582306381694	Historical	0	< 0.25	= 0.00
0.036204	0.036204	NODE_3639_length_23380_cov_10.701259:62	NODE_3639_length_23380_cov_10.701259	62	78	500	562	5.84928635125732e-13	12.2328971172712	1.84977431620958e-13	54.1582306381694	Modern	0.036204	< 0.25	< 0.25
0.025381	0.025381	NODE_3639_length_23380_cov_10.701259:78	NODE_3639_length_23380_cov_10.701259	78	78	500	578	6.53542589472297e-07	6.18472610545128	3.15909950656599e-07	26.1499215076793	Historical	0	< 0.25	= 0.00
0.025381	0.025381	NODE_3639_length_23380_cov_10.701259:78	NODE_3639_length_23380_cov_10.701259	78	78	500	578	6.53542589472297e-07	6.18472610545128	3.15909950656599e-07	26.1499215076793	Modern	0.025381	< 0.25	< 0.25
0.007183	0.007183	NODE_3644_length_23361_cov_23.933153:19901	NODE_3644_length_23361_cov_23.933153	19901	19910	600	20501	0.0176961248853667	1.75212182545483	0.0138056662804642	6.06282507778156	Historical	0	< 0.25	= 0.00
0.007183	0.007183	NODE_3644_length_23361_cov_23.933153:19901	NODE_3644_length_23361_cov_23.933153	19901	19910	600	20501	0.0176961248853667	1.75212182545483	0.0138056662804642	6.06282507778156	Modern	0.007183	< 0.25	< 0.25
0.263129	0.263129	NODE_3644_length_23361_cov_23.933153:19909	NODE_3644_length_23361_cov_23.933153	19909	19910	600	20509	3.31825464085284e-110	109.479090289537	1.03990886180573e-111	504.416693573016	Historical	0	< 0.25	= 0.00
0.263129	0.263129	NODE_3644_length_23361_cov_23.933153:19909	NODE_3644_length_23361_cov_23.933153	19909	19910	600	20509	3.31825464085284e-110	109.479090289537	1.03990886180573e-111	504.416693573016	Modern	0.263129	0.25–0.75	0.25–0.75
0.045434	0.045434	NODE_3644_length_23361_cov_23.933153:19910	NODE_3644_length_23361_cov_23.933153	19910	19910	600	20510	2.23796643499088e-15	14.6501464313052	6.19532018803269e-16	65.3739252916229	Historical	0	< 0.25	= 0.00
0.045434	0.045434	NODE_3644_length_23361_cov_23.933153:19910	NODE_3644_length_23361_cov_23.933153	19910	19910	600	20510	2.23796643499088e-15	14.6501464313052	6.19532018803269e-16	65.3739252916229	Modern	0.045434	< 0.25	< 0.25
0.070896	0.070896	NODE_3647_length_23359_cov_7.610963:23265	NODE_3647_length_23359_cov_7.610963	23265	23295	700	23965	4.11570529757483e-11	10.3855557301728	1.45984418674663e-11	45.5873084471815	Historical	0	< 0.25	= 0.00
0.070896	0.070896	NODE_3647_length_23359_cov_7.610963:23265	NODE_3647_length_23359_cov_7.610963	23265	23295	700	23965	4.11570529757483e-11	10.3855557301728	1.45984418674663e-11	45.5873084471815	Modern	0.070896	< 0.25	< 0.25
0.074662	0.074662	NODE_3647_length_23359_cov_7.610963:23270	NODE_3647_length_23359_cov_7.610963	23270	23295	700	23970	4.16650704987569e-12	11.3802278789962	1.3848788864734e-12	50.2050934148937	Historical	0	< 0.25	= 0.00
0.074662	0.074662	NODE_3647_length_23359_cov_7.610963:23270	NODE_3647_length_23359_cov_7.610963	23270	23295	700	23970	4.16650704987569e-12	11.3802278789962	1.3848788864734e-12	50.2050934148937	Modern	0.074662	< 0.25	< 0.25
0.233901	0.233901	NODE_3647_length_23359_cov_7.610963:23291	NODE_3647_length_23359_cov_7.610963	23291	23295	700	23991	3.57874307712603e-40	39.4462694790874	4.27466216496565e-41	180.249695806353	Historical	0	< 0.25	= 0.00
0.233901	0.233901	NODE_3647_length_23359_cov_7.610963:23291	NODE_3647_length_23359_cov_7.610963	23291	23295	700	23991	3.57874307712603e-40	39.4462694790874	4.27466216496565e-41	180.249695806353	Modern	0.233901	< 0.25	< 0.25
0.039706	0.039706	NODE_3647_length_23359_cov_7.610963:23292	NODE_3647_length_23359_cov_7.610963	23292	23295	700	23992	3.28767385979524e-06	5.48311127139855	1.67974219997136e-06	22.930399805604	Historical	0	< 0.25	= 0.00
0.039706	0.039706	NODE_3647_length_23359_cov_7.610963:23292	NODE_3647_length_23359_cov_7.610963	23292	23295	700	23992	3.28767385979524e-06	5.48311127139855	1.67974219997136e-06	22.930399805604	Modern	0.039706	< 0.25	< 0.25
0.008135	0.008135	NODE_3647_length_23359_cov_7.610963:23294	NODE_3647_length_23359_cov_7.610963	23294	23295	700	23994	0.123061937363886	0.909876252096827	0.103252822090212	2.65456773209144	Historical	0	< 0.25	= 0.00
0.008135	0.008135	NODE_3647_length_23359_cov_7.610963:23294	NODE_3647_length_23359_cov_7.610963	23294	23295	700	23994	0.123061937363886	0.909876252096827	0.103252822090212	2.65456773209144	Modern	0.008135	< 0.25	< 0.25
0.018019	0.018019	NODE_3647_length_23359_cov_7.610963:23295	NODE_3647_length_23359_cov_7.610963	23295	23295	700	23995	0.0056373853660804	2.24892227622439	0.0039954370918739	8.28588755389188	Historical	0	< 0.25	= 0.00
0.018019	0.018019	NODE_3647_length_23359_cov_7.610963:23295	NODE_3647_length_23359_cov_7.610963	23295	23295	700	23995	0.0056373853660804	2.24892227622439	0.0039954370918739	8.28588755389188	Modern	0.018019	< 0.25	< 0.25
0.150358	0.150358	NODE_3738_length_23093_cov_7.648039:6332	NODE_3738_length_23093_cov_7.648039	6332	6333	900	7232	1.53558265134406e-31	30.813726803085	2.40618364170722e-32	140.200685087695	Historical	0	< 0.25	= 0.00
0.150358	0.150358	NODE_3738_length_23093_cov_7.648039:6332	NODE_3738_length_23093_cov_7.648039	6332	6333	900	7232	1.53558265134406e-31	30.813726803085	2.40618364170722e-32	140.200685087695	Modern	0.150358	< 0.25	< 0.25
0.234454	0.234454	NODE_3738_length_23093_cov_7.648039:6333	NODE_3738_length_23093_cov_7.648039	6333	6333	900	7233	0.00376866754013217	2.42381217293895	0.00258939312942604	9.076329076215	Historical	0.033764	< 0.25	< 0.25
0.234454	0.234454	NODE_3738_length_23093_cov_7.648039:6333	NODE_3738_length_23093_cov_7.648039	6333	6333	900	7233	0.00376866754013217	2.42381217293895	0.00258939312942604	9.076329076215	Modern	0.268218	0.25–0.75	0.25–0.75
0.127922	0.127922	NODE_3747_length_23062_cov_9.084527:22061	NODE_3747_length_23062_cov_9.084527	22061	22101	1000	23061	2.3344764485403e-23	22.6318105031085	4.72216033750317e-24	102.320765982443	Historical	0	< 0.25	= 0.00
0.127922	0.127922	NODE_3747_length_23062_cov_9.084527:22061	NODE_3747_length_23062_cov_9.084527	22061	22101	1000	23061	2.3344764485403e-23	22.6318105031085	4.72216033750317e-24	102.320765982443	Modern	0.127922	< 0.25	< 0.25
0.196926	-0.196926	NODE_3747_length_23062_cov_9.084527:22071	NODE_3747_length_23062_cov_9.084527	22071	22101	1000	23071	0.411288804400381	0.385853112161897	0.352505361796148	0.864417748890732	Historical	0.493284	0.25–0.75	0.25–0.75
0.196926	-0.196926	NODE_3747_length_23062_cov_9.084527:22071	NODE_3747_length_23062_cov_9.084527	22071	22101	1000	23071	0.411288804400381	0.385853112161897	0.352505361796148	0.864417748890732	Modern	0.296358	0.25–0.75	0.25–0.75
0.032066	0.032066	NODE_3747_length_23062_cov_9.084527:22101	NODE_3747_length_23062_cov_9.084527	22101	22101	1000	23101	5.59679073280804e-05	4.25206093130763	3.15450645766531e-05	17.3223747526866	Historical	0	< 0.25	= 0.00
0.032066	0.032066	NODE_3747_length_23062_cov_9.084527:22101	NODE_3747_length_23062_cov_9.084527	22101	22101	1000	23101	5.59679073280804e-05	4.25206093130763	3.15450645766531e-05	17.3223747526866	Modern	0.032066	< 0.25	< 0.25
0.042353	0.042353	NODE_3756_length_23046_cov_10.625659:6992	NODE_3756_length_23046_cov_10.625659	6992	8259	0	6992	4.57148280265847e-07	6.33994290965406	2.18588945027402e-07	26.8613313368533	Historical	0	< 0.25	= 0.00
0.042353	0.042353	NODE_3756_length_23046_cov_10.625659:6992	NODE_3756_length_23046_cov_10.625659	6992	8259	0	6992	4.57148280265847e-07	6.33994290965406	2.18588945027402e-07	26.8613313368533	Modern	0.042353	< 0.25	< 0.25
0.013451	0.013451	NODE_3756_length_23046_cov_10.625659:6997	NODE_3756_length_23046_cov_10.625659	6997	8259	0	6997	0.0266315864897168	1.5746029611162	0.0213710261954517	5.29627942274986	Historical	0	< 0.25	= 0.00
0.013451	0.013451	NODE_3756_length_23046_cov_10.625659:6997	NODE_3756_length_23046_cov_10.625659	6997	8259	0	6997	0.0266315864897168	1.5746029611162	0.0213710261954517	5.29627942274986	Modern	0.013451	< 0.25	< 0.25
1e-06	1e-06	NODE_3756_length_23046_cov_10.625659:7000	NODE_3756_length_23046_cov_10.625659	7000	8259	0	7000	0.999165688808028	0.000362487981788934	0.980253457171403	0.000612619338702673	Historical	0	< 0.25	= 0.00
1e-06	1e-06	NODE_3756_length_23046_cov_10.625659:7000	NODE_3756_length_23046_cov_10.625659	7000	8259	0	7000	0.999165688808028	0.000362487981788934	0.980253457171403	0.000612619338702673	Modern	1e-06	< 0.25	< 0.25
0.035081	0.035081	NODE_3756_length_23046_cov_10.625659:7026	NODE_3756_length_23046_cov_10.625659	7026	8259	0	7026	1.06770064016536e-05	4.97155049688481	5.65790082822672e-06	20.6005787231981	Historical	0	< 0.25	= 0.00
0.035081	0.035081	NODE_3756_length_23046_cov_10.625659:7026	NODE_3756_length_23046_cov_10.625659	7026	8259	0	7026	1.06770064016536e-05	4.97155049688481	5.65790082822672e-06	20.6005787231981	Modern	0.035081	< 0.25	< 0.25
0.15552	0.15552	NODE_3756_length_23046_cov_10.625659:8259	NODE_3756_length_23046_cov_10.625659	8259	8259	0	8259	0.534851750109206	0.271766578785622	0.462725493209389	0.539293927359553	Historical	0.5	0.25–0.75	0.25–0.75
0.15552	0.15552	NODE_3756_length_23046_cov_10.625659:8259	NODE_3756_length_23046_cov_10.625659	8259	8259	0	8259	0.534851750109206	0.271766578785622	0.462725493209389	0.539293927359553	Modern	0.65552	0.25–0.75	0.25–0.75
0.011227	-0.011227	NODE_3785_length_22930_cov_125.079541:21584	NODE_3785_length_22930_cov_125.079541	21584	21604	2610	24194	0.999165688808028	0.000362487981788934	0.949798059832492	0.00396400850785872	Historical	0.232803	< 0.25	< 0.25
0.011227	-0.011227	NODE_3785_length_22930_cov_125.079541:21584	NODE_3785_length_22930_cov_125.079541	21584	21604	2610	24194	0.999165688808028	0.000362487981788934	0.949798059832492	0.00396400850785872	Modern	0.221576	< 0.25	< 0.25
0.251111	0.251111	NODE_3785_length_22930_cov_125.079541:21598	NODE_3785_length_22930_cov_125.079541	21598	21604	2610	24208	4.71567627044501e-131	130.326456016721	1.11958126078941e-132	600.803389484217	Historical	0	< 0.25	= 0.00
0.251111	0.251111	NODE_3785_length_22930_cov_125.079541:21598	NODE_3785_length_22930_cov_125.079541	21598	21604	2610	24208	4.71567627044501e-131	130.326456016721	1.11958126078941e-132	600.803389484217	Modern	0.251111	0.25–0.75	0.25–0.75
0.202731	0.202731	NODE_3785_length_22930_cov_125.079541:21600	NODE_3785_length_22930_cov_125.079541	21600	21604	2610	24210	3.76810091860454e-92	91.4238774742958	1.53873066951562e-93	420.920162143295	Historical	0	< 0.25	= 0.00
0.202731	0.202731	NODE_3785_length_22930_cov_125.079541:21600	NODE_3785_length_22930_cov_125.079541	21600	21604	2610	24210	3.76810091860454e-92	91.4238774742958	1.53873066951562e-93	420.920162143295	Modern	0.202731	< 0.25	< 0.25
0.119522	0.119522	NODE_3785_length_22930_cov_125.079541:21604	NODE_3785_length_22930_cov_125.079541	21604	21604	2610	24214	8.29274274273296e-39	38.0813018070817	1.05135912265418e-39	173.880179344192	Historical	0	< 0.25	= 0.00
0.119522	0.119522	NODE_3785_length_22930_cov_125.079541:21604	NODE_3785_length_22930_cov_125.079541	21604	21604	2610	24214	8.29274274273296e-39	38.0813018070817	1.05135912265418e-39	173.880179344192	Modern	0.119522	< 0.25	< 0.25
0.331587	-0.331587	NODE_3792_length_22911_cov_8.329870:2113	NODE_3792_length_22911_cov_8.329870	2113	3541	5220	7333	0.117507611095558	0.929934002756067	0.0983693819380196	2.73178343422876	Historical	0.343346	0.25–0.75	0.25–0.75
0.331587	-0.331587	NODE_3792_length_22911_cov_8.329870:2113	NODE_3792_length_22911_cov_8.329870	2113	3541	5220	7333	0.117507611095558	0.929934002756067	0.0983693819380196	2.73178343422876	Modern	0.011759	< 0.25	< 0.25
0.29639	-0.29639	NODE_3792_length_22911_cov_8.329870:2114	NODE_3792_length_22911_cov_8.329870	2114	3541	5220	7334	0.157707411521367	0.802147896352789	0.132546115096306	2.26242788135688	Historical	0.320038	0.25–0.75	0.25–0.75
0.29639	-0.29639	NODE_3792_length_22911_cov_8.329870:2114	NODE_3792_length_22911_cov_8.329870	2114	3541	5220	7334	0.157707411521367	0.802147896352789	0.132546115096306	2.26242788135688	Modern	0.023648	< 0.25	< 0.25
0.01262	0.01262	NODE_3792_length_22911_cov_8.329870:3541	NODE_3792_length_22911_cov_8.329870	3541	3541	5220	8761	0.00659335920488873	2.18089326333539	0.00474308603770486	7.97488151781159	Historical	0	< 0.25	= 0.00
0.01262	0.01262	NODE_3792_length_22911_cov_8.329870:3541	NODE_3792_length_22911_cov_8.329870	3541	3541	5220	8761	0.00659335920488873	2.18089326333539	0.00474308603770486	7.97488151781159	Modern	0.01262	< 0.25	< 0.25
0.169876	0.169876	NODE_37_length_97759_cov_7.401137:990	NODE_37_length_97759_cov_7.401137	990	1119	800	1790	4.25202046475568e-63	62.3714046539067	3.21021488079845e-64	286.282727446343	Historical	6.6e-05	< 0.25	< 0.25
0.169876	0.169876	NODE_37_length_97759_cov_7.401137:990	NODE_37_length_97759_cov_7.401137	990	1119	800	1790	4.25202046475568e-63	62.3714046539067	3.21021488079845e-64	286.282727446343	Modern	0.169942	< 0.25	< 0.25
0.136876	0.136876	NODE_37_length_97759_cov_7.401137:993	NODE_37_length_97759_cov_7.401137	993	1119	800	1793	1.17538095862933e-50	49.9298213492088	1.11622123326622e-51	228.750915330326	Historical	0	< 0.25	= 0.00
0.136876	0.136876	NODE_37_length_97759_cov_7.401137:993	NODE_37_length_97759_cov_7.401137	993	1119	800	1793	1.17538095862933e-50	49.9298213492088	1.11622123326622e-51	228.750915330326	Modern	0.136876	< 0.25	< 0.25
0.100986	0.100986	NODE_37_length_97759_cov_7.401137:1002	NODE_37_length_97759_cov_7.401137	1002	1119	800	1802	1.11769332826505e-34	33.9516773414516	1.62930603882891e-35	154.698859270664	Historical	0	< 0.25	= 0.00
0.100986	0.100986	NODE_37_length_97759_cov_7.401137:1002	NODE_37_length_97759_cov_7.401137	1002	1119	800	1802	1.11769332826505e-34	33.9516773414516	1.62930603882891e-35	154.698859270664	Modern	0.100986	< 0.25	< 0.25
0.015553	0.015553	NODE_37_length_97759_cov_7.401137:1014	NODE_37_length_97759_cov_7.401137	1014	1119	800	1814	0.000994755871287986	3.00228348886371	0.0006353023014636	11.6695835358935	Historical	0	< 0.25	= 0.00
0.015553	0.015553	NODE_37_length_97759_cov_7.401137:1014	NODE_37_length_97759_cov_7.401137	1014	1119	800	1814	0.000994755871287986	3.00228348886371	0.0006353023014636	11.6695835358935	Modern	0.015553	< 0.25	< 0.25
0.234261	0.234261	NODE_37_length_97759_cov_7.401137:1019	NODE_37_length_97759_cov_7.401137	1019	1119	800	1819	9.49130560982668e-81	80.022674042563	4.77720035442368e-82	368.130828367492	Historical	0	< 0.25	= 0.00
0.234261	0.234261	NODE_37_length_97759_cov_7.401137:1019	NODE_37_length_97759_cov_7.401137	1019	1119	800	1819	9.49130560982668e-81	80.022674042563	4.77720035442368e-82	368.130828367492	Modern	0.234261	< 0.25	< 0.25
0.103396	0.103396	NODE_37_length_97759_cov_7.401137:1043	NODE_37_length_97759_cov_7.401137	1043	1119	800	1843	2.93245449849211e-27	26.532768717902	5.31907701056023e-28	120.343941924958	Historical	0	< 0.25	= 0.00
0.103396	0.103396	NODE_37_length_97759_cov_7.401137:1043	NODE_37_length_97759_cov_7.401137	1043	1119	800	1843	2.93245449849211e-27	26.532768717902	5.31907701056023e-28	120.343941924958	Modern	0.103396	< 0.25	< 0.25
0.019295	0.019295	NODE_37_length_97759_cov_7.401137:1061	NODE_37_length_97759_cov_7.401137	1061	1119	800	1861	0.0005515669583698	3.258401758137	0.00034335436012479	12.8177064919081	Historical	0	< 0.25	= 0.00
0.019295	0.019295	NODE_37_length_97759_cov_7.401137:1061	NODE_37_length_97759_cov_7.401137	1061	1119	800	1861	0.0005515669583698	3.258401758137	0.00034335436012479	12.8177064919081	Modern	0.019295	< 0.25	< 0.25
0.065978	0.065978	NODE_37_length_97759_cov_7.401137:1082	NODE_37_length_97759_cov_7.401137	1082	1119	800	1882	8.61655139297656e-15	14.0646665173163	2.50395510565131e-15	62.6223518794597	Historical	0	< 0.25	= 0.00
0.065978	0.065978	NODE_37_length_97759_cov_7.401137:1082	NODE_37_length_97759_cov_7.401137	1082	1119	800	1882	8.61655139297656e-15	14.0646665173163	2.50395510565131e-15	62.6223518794597	Modern	0.065978	< 0.25	< 0.25
0.125752	0.125752	NODE_37_length_97759_cov_7.401137:1086	NODE_37_length_97759_cov_7.401137	1086	1119	800	1886	2.58632763942855e-29	28.5873164589674	4.35966909780216e-30	129.877029039913	Historical	0	< 0.25	= 0.00
0.125752	0.125752	NODE_37_length_97759_cov_7.401137:1086	NODE_37_length_97759_cov_7.401137	1086	1119	800	1886	2.58632763942855e-29	28.5873164589674	4.35966909780216e-30	129.877029039913	Modern	0.125752	< 0.25	< 0.25
0.050467	0.050467	NODE_37_length_97759_cov_7.401137:1088	NODE_37_length_97759_cov_7.401137	1088	1119	800	1888	1.33472571157176e-10	9.87460797339295	4.81667398288006e-11	43.2502856349105	Historical	0	< 0.25	= 0.00
0.050467	0.050467	NODE_37_length_97759_cov_7.401137:1088	NODE_37_length_97759_cov_7.401137	1088	1119	800	1888	1.33472571157176e-10	9.87460797339295	4.81667398288006e-11	43.2502856349105	Modern	0.050467	< 0.25	< 0.25
0.050052	0.050052	NODE_37_length_97759_cov_7.401137:1092	NODE_37_length_97759_cov_7.401137	1092	1119	800	1892	9.17751091107946e-10	9.03727509049395	3.52981188887672e-10	39.3570220671855	Historical	0	< 0.25	= 0.00
0.050052	0.050052	NODE_37_length_97759_cov_7.401137:1092	NODE_37_length_97759_cov_7.401137	1092	1119	800	1892	9.17751091107946e-10	9.03727509049395	3.52981188887672e-10	39.3570220671855	Modern	0.050052	< 0.25	< 0.25
0.17452	0.17452	NODE_37_length_97759_cov_7.401137:1099	NODE_37_length_97759_cov_7.401137	1099	1119	800	1899	6.98197534952146e-38	37.156021688834	9.15016712472898e-39	169.577574774929	Historical	0	< 0.25	= 0.00
0.17452	0.17452	NODE_37_length_97759_cov_7.401137:1099	NODE_37_length_97759_cov_7.401137	1099	1119	800	1899	6.98197534952146e-38	37.156021688834	9.15016712472898e-39	169.577574774929	Modern	0.17452	< 0.25	< 0.25
0.016845	0.016845	NODE_37_length_97759_cov_7.401137:1104	NODE_37_length_97759_cov_7.401137	1104	1119	800	1904	0.00335583597282484	2.47419927485108	0.00228821484186917	9.30265917746245	Historical	0	< 0.25	= 0.00
0.016845	0.016845	NODE_37_length_97759_cov_7.401137:1104	NODE_37_length_97759_cov_7.401137	1104	1119	800	1904	0.00335583597282484	2.47419927485108	0.00228821484186917	9.30265917746245	Modern	0.016845	< 0.25	< 0.25
0.143541	0.143541	NODE_37_length_97759_cov_7.401137:1109	NODE_37_length_97759_cov_7.401137	1109	1119	800	1909	2.83481374505113e-27	26.5474754701587	5.12850919688738e-28	120.416319842076	Historical	0	< 0.25	= 0.00
0.143541	0.143541	NODE_37_length_97759_cov_7.401137:1109	NODE_37_length_97759_cov_7.401137	1109	1119	800	1909	2.83481374505113e-27	26.5474754701587	5.12850919688738e-28	120.416319842076	Modern	0.143541	< 0.25	< 0.25
0.051472	0.051472	NODE_37_length_97759_cov_7.401137:1110	NODE_37_length_97759_cov_7.401137	1110	1119	800	1910	4.05035836726844e-09	8.39250654961453	1.63283677768799e-09	36.3689523368421	Historical	0	< 0.25	= 0.00
0.051472	0.051472	NODE_37_length_97759_cov_7.401137:1110	NODE_37_length_97759_cov_7.401137	1110	1119	800	1910	4.05035836726844e-09	8.39250654961453	1.63283677768799e-09	36.3689523368421	Modern	0.051472	< 0.25	< 0.25
0.033304	0.033304	NODE_37_length_97759_cov_7.401137:1111	NODE_37_length_97759_cov_7.401137	1111	1119	800	1911	8.90029374037883e-06	5.05059565990335	4.68258569056968e-06	20.9629224191751	Historical	0	< 0.25	= 0.00
0.033304	0.033304	NODE_37_length_97759_cov_7.401137:1111	NODE_37_length_97759_cov_7.401137	1111	1119	800	1911	8.90029374037883e-06	5.05059565990335	4.68258569056968e-06	20.9629224191751	Modern	0.033304	< 0.25	< 0.25
0.022288	0.022288	NODE_37_length_97759_cov_7.401137:1119	NODE_37_length_97759_cov_7.401137	1119	1119	800	1919	0.000966303067291601	3.01488664189736	0.000615295542848071	11.7291238117328	Historical	0	< 0.25	= 0.00
0.022288	0.022288	NODE_37_length_97759_cov_7.401137:1119	NODE_37_length_97759_cov_7.401137	1119	1119	800	1919	0.000966303067291601	3.01488664189736	0.000615295542848071	11.7291238117328	Modern	0.022288	< 0.25	< 0.25
0.015165	0.015165	NODE_3804_length_22892_cov_24.240161:3547	NODE_3804_length_22892_cov_24.240161	3547	4268	7830	11377	0.0343352495788151	1.46425979142375	0.0278301381913758	4.83855917332351	Historical	0	< 0.25	= 0.00
0.015165	0.015165	NODE_3804_length_22892_cov_24.240161:3547	NODE_3804_length_22892_cov_24.240161	3547	4268	7830	11377	0.0343352495788151	1.46425979142375	0.0278301381913758	4.83855917332351	Modern	0.015165	< 0.25	< 0.25
0.242502	0.242502	NODE_3804_length_22892_cov_24.240161:4233	NODE_3804_length_22892_cov_24.240161	4233	4268	7830	12063	0.0691010910918453	1.16051509515219	0.0573217503026846	3.61322818309683	Historical	0.098854	< 0.25	< 0.25
0.242502	0.242502	NODE_3804_length_22892_cov_24.240161:4233	NODE_3804_length_22892_cov_24.240161	4233	4268	7830	12063	0.0691010910918453	1.16051509515219	0.0573217503026846	3.61322818309683	Modern	0.341356	0.25–0.75	0.25–0.75
0.019729	0.019729	NODE_3804_length_22892_cov_24.240161:4241	NODE_3804_length_22892_cov_24.240161	4241	4268	7830	12071	0.00568157152525057	2.24553152162257	0.00403321435434454	8.26880052147391	Historical	0	< 0.25	= 0.00
0.019729	0.019729	NODE_3804_length_22892_cov_24.240161:4241	NODE_3804_length_22892_cov_24.240161	4241	4268	7830	12071	0.00568157152525057	2.24553152162257	0.00403321435434454	8.26880052147391	Modern	0.019729	< 0.25	< 0.25
0.113983	0.113983	NODE_3804_length_22892_cov_24.240161:4256	NODE_3804_length_22892_cov_24.240161	4256	4268	7830	12086	1.80581217295182e-19	18.7433274237305	4.20155728749474e-20	84.3232004382321	Historical	0	< 0.25	= 0.00
0.113983	0.113983	NODE_3804_length_22892_cov_24.240161:4256	NODE_3804_length_22892_cov_24.240161	4256	4268	7830	12086	1.80581217295182e-19	18.7433274237305	4.20155728749474e-20	84.3232004382321	Modern	0.113983	< 0.25	< 0.25
0.131968	0.131968	NODE_3804_length_22892_cov_24.240161:4267	NODE_3804_length_22892_cov_24.240161	4267	4268	7830	12097	1.95285572939613e-24	23.7093298397851	3.82967434112346e-25	107.298275747911	Historical	0	< 0.25	= 0.00
0.131968	0.131968	NODE_3804_length_22892_cov_24.240161:4267	NODE_3804_length_22892_cov_24.240161	4267	4268	7830	12097	1.95285572939613e-24	23.7093298397851	3.82967434112346e-25	107.298275747911	Modern	0.131968	< 0.25	< 0.25
0.01815	0.01815	NODE_3804_length_22892_cov_24.240161:4268	NODE_3804_length_22892_cov_24.240161	4268	4268	7830	12098	0.00729234067118564	2.13713305091117	0.00530557288185774	7.77222256635819	Historical	0	< 0.25	= 0.00
0.01815	0.01815	NODE_3804_length_22892_cov_24.240161:4268	NODE_3804_length_22892_cov_24.240161	4268	4268	7830	12098	0.00729234067118564	2.13713305091117	0.00530557288185774	7.77222256635819	Modern	0.01815	< 0.25	< 0.25
0.029219	0.029219	NODE_3815_length_22869_cov_42.569038:22783	NODE_3815_length_22869_cov_42.569038	22783	22863	10440	33223	4.46582494078959e-07	6.35009830516498	2.13324781122238e-07	26.9084444553648	Historical	0	< 0.25	= 0.00
0.029219	0.029219	NODE_3815_length_22869_cov_42.569038:22783	NODE_3815_length_22869_cov_42.569038	22783	22863	10440	33223	4.46582494078959e-07	6.35009830516498	2.13324781122238e-07	26.9084444553648	Modern	0.029219	< 0.25	< 0.25
0.022957	0.022957	NODE_3815_length_22869_cov_42.569038:22798	NODE_3815_length_22869_cov_42.569038	22798	22863	10440	33238	4.04828181522624e-07	6.39272926233981	1.9203388097868e-07	27.1116830253018	Historical	0	< 0.25	= 0.00
0.022957	0.022957	NODE_3815_length_22869_cov_42.569038:22798	NODE_3815_length_22869_cov_42.569038	22798	22863	10440	33238	4.04828181522624e-07	6.39272926233981	1.9203388097868e-07	27.1116830253018	Modern	0.022957	< 0.25	< 0.25
0.018853	0.018853	NODE_3815_length_22869_cov_42.569038:22801	NODE_3815_length_22869_cov_42.569038	22801	22863	10440	33241	1.19098356601729e-05	4.92409423115975	6.32324013515213e-06	20.3877764861482	Historical	0	< 0.25	= 0.00
0.018853	0.018853	NODE_3815_length_22869_cov_42.569038:22801	NODE_3815_length_22869_cov_42.569038	22801	22863	10440	33241	1.19098356601729e-05	4.92409423115975	6.32324013515213e-06	20.3877764861482	Modern	0.018853	< 0.25	< 0.25
0	0	NODE_3815_length_22869_cov_42.569038:22803	NODE_3815_length_22869_cov_42.569038	22803	22863	10440	33243	0.999165688808028	0.000362487981788934	0.987680206596655	0.000238430188852615	Historical	0	< 0.25	= 0.00
0	0	NODE_3815_length_22869_cov_42.569038:22803	NODE_3815_length_22869_cov_42.569038	22803	22863	10440	33243	0.999165688808028	0.000362487981788934	0.987680206596655	0.000238430188852615	Modern	0	< 0.25	= 0.00
0.011685	0.011685	NODE_3815_length_22869_cov_42.569038:22806	NODE_3815_length_22869_cov_42.569038	22806	22863	10440	33246	0.00188287837632498	2.72517773213249	0.0012373711646884	10.4336924463426	Historical	0	< 0.25	= 0.00
0.011685	0.011685	NODE_3815_length_22869_cov_42.569038:22806	NODE_3815_length_22869_cov_42.569038	22806	22863	10440	33246	0.00188287837632498	2.72517773213249	0.0012373711646884	10.4336924463426	Modern	0.011685	< 0.25	< 0.25
0.028872	0.028872	NODE_3815_length_22869_cov_42.569038:22807	NODE_3815_length_22869_cov_42.569038	22807	22863	10440	33247	8.15845860634952e-10	9.08839188560768	3.11075131096803e-10	39.6038143135177	Historical	0	< 0.25	= 0.00
0.028872	0.028872	NODE_3815_length_22869_cov_42.569038:22807	NODE_3815_length_22869_cov_42.569038	22807	22863	10440	33247	8.15845860634952e-10	9.08839188560768	3.11075131096803e-10	39.6038143135177	Modern	0.028872	< 0.25	< 0.25
0.044184	0.044184	NODE_3815_length_22869_cov_42.569038:22820	NODE_3815_length_22869_cov_42.569038	22820	22863	10440	33260	2.27142455240843e-16	15.6437016841264	5.99673338622549e-17	69.9780739270301	Historical	0	< 0.25	= 0.00
0.044184	0.044184	NODE_3815_length_22869_cov_42.569038:22820	NODE_3815_length_22869_cov_42.569038	22820	22863	10440	33260	2.27142455240843e-16	15.6437016841264	5.99673338622549e-17	69.9780739270301	Modern	0.044184	< 0.25	< 0.25
0.036206	0.036206	NODE_3815_length_22869_cov_42.569038:22821	NODE_3815_length_22869_cov_42.569038	22821	22863	10440	33261	9.6665321683916e-13	12.0147292994688	3.10283748615039e-13	53.1420178441351	Historical	0	< 0.25	= 0.00
0.036206	0.036206	NODE_3815_length_22869_cov_42.569038:22821	NODE_3815_length_22869_cov_42.569038	22821	22863	10440	33261	9.6665321683916e-13	12.0147292994688	3.10283748615039e-13	53.1420178441351	Modern	0.036206	< 0.25	< 0.25
0	0	NODE_3815_length_22869_cov_42.569038:22833	NODE_3815_length_22869_cov_42.569038	22833	22863	10440	33273	0.999165688808028	0.000362487981788934	0.986746093693761	0.000275960941575883	Historical	0	< 0.25	= 0.00
0	0	NODE_3815_length_22869_cov_42.569038:22833	NODE_3815_length_22869_cov_42.569038	22833	22863	10440	33273	0.999165688808028	0.000362487981788934	0.986746093693761	0.000275960941575883	Modern	0	< 0.25	= 0.00
0.011272	0.011272	NODE_3815_length_22869_cov_42.569038:22837	NODE_3815_length_22869_cov_42.569038	22837	22863	10440	33277	0.00759882639242348	2.11925347754187	0.00554577215819321	7.6922735717051	Historical	0	< 0.25	= 0.00
0.011272	0.011272	NODE_3815_length_22869_cov_42.569038:22837	NODE_3815_length_22869_cov_42.569038	22837	22863	10440	33277	0.00759882639242348	2.11925347754187	0.00554577215819321	7.6922735717051	Modern	0.011272	< 0.25	< 0.25
0.013272	0.013272	NODE_3815_length_22869_cov_42.569038:22851	NODE_3815_length_22869_cov_42.569038	22851	22863	10440	33291	0.011045546790009	1.95681278028998	0.00833398568343984	6.96026138483536	Historical	0	< 0.25	= 0.00
0.013272	0.013272	NODE_3815_length_22869_cov_42.569038:22851	NODE_3815_length_22869_cov_42.569038	22851	22863	10440	33291	0.011045546790009	1.95681278028998	0.00833398568343984	6.96026138483536	Modern	0.013272	< 0.25	< 0.25
0.015568	0.015568	NODE_3815_length_22869_cov_42.569038:22862	NODE_3815_length_22869_cov_42.569038	22862	22863	10440	33302	0.0452768904045357	1.34412340793562	0.0370857720549972	4.34646848665782	Historical	0	< 0.25	= 0.00
0.015568	0.015568	NODE_3815_length_22869_cov_42.569038:22862	NODE_3815_length_22869_cov_42.569038	22862	22863	10440	33302	0.0452768904045357	1.34412340793562	0.0370857720549972	4.34646848665782	Modern	0.015568	< 0.25	< 0.25
0.017299	0.017299	NODE_3815_length_22869_cov_42.569038:22863	NODE_3815_length_22869_cov_42.569038	22863	22863	10440	33303	0.0430407756356843	1.36611991087182	0.035213322136887	4.43480111755945	Historical	0	< 0.25	= 0.00
0.017299	0.017299	NODE_3815_length_22869_cov_42.569038:22863	NODE_3815_length_22869_cov_42.569038	22863	22863	10440	33303	0.0430407756356843	1.36611991087182	0.035213322136887	4.43480111755945	Modern	0.017299	< 0.25	< 0.25
0.020157	0.020157	NODE_3820_length_22864_cov_8.428684:39	NODE_3820_length_22864_cov_8.428684	39	70	13050	13089	0.00742048211459843	2.12956787734795	0.00540672974636267	7.73811213665918	Historical	0	< 0.25	= 0.00
0.020157	0.020157	NODE_3820_length_22864_cov_8.428684:39	NODE_3820_length_22864_cov_8.428684	39	70	13050	13089	0.00742048211459843	2.12956787734795	0.00540672974636267	7.73811213665918	Modern	0.020157	< 0.25	< 0.25
0.060744	0.060744	NODE_3820_length_22864_cov_8.428684:40	NODE_3820_length_22864_cov_8.428684	40	70	13050	13090	1.74986157670343e-07	6.75699630494317	8.05966633144507e-08	28.791678469352	Historical	0	< 0.25	= 0.00
0.060744	0.060744	NODE_3820_length_22864_cov_8.428684:40	NODE_3820_length_22864_cov_8.428684	40	70	13050	13090	1.74986157670343e-07	6.75699630494317	8.05966633144507e-08	28.791678469352	Modern	0.060744	< 0.25	< 0.25
1e-06	1e-06	NODE_3820_length_22864_cov_8.428684:42	NODE_3820_length_22864_cov_8.428684	42	70	13050	13092	0.999165688808028	0.000362487981788934	0.984593246236916	0.00037290322736771	Historical	0	< 0.25	= 0.00
1e-06	1e-06	NODE_3820_length_22864_cov_8.428684:42	NODE_3820_length_22864_cov_8.428684	42	70	13050	13092	0.999165688808028	0.000362487981788934	0.984593246236916	0.00037290322736771	Modern	1e-06	< 0.25	< 0.25
0.035334	0.035334	NODE_3820_length_22864_cov_8.428684:46	NODE_3820_length_22864_cov_8.428684	46	70	13050	13096	7.45385401611454e-05	4.12761911716532	4.2649069750323e-05	16.7496972339334	Historical	0	< 0.25	= 0.00
0.035334	0.035334	NODE_3820_length_22864_cov_8.428684:46	NODE_3820_length_22864_cov_8.428684	46	70	13050	13096	7.45385401611454e-05	4.12761911716532	4.2649069750323e-05	16.7496972339334	Modern	0.035334	< 0.25	< 0.25
0.031102	0.031102	NODE_3820_length_22864_cov_8.428684:47	NODE_3820_length_22864_cov_8.428684	47	70	13050	13097	0.00023167085984149	3.63512858945527	0.000140036564377121	14.501653595	Historical	0	< 0.25	= 0.00
0.031102	0.031102	NODE_3820_length_22864_cov_8.428684:47	NODE_3820_length_22864_cov_8.428684	47	70	13050	13097	0.00023167085984149	3.63512858945527	0.000140036564377121	14.501653595	Modern	0.031102	< 0.25	< 0.25
0.069748	0.069748	NODE_3820_length_22864_cov_8.428684:70	NODE_3820_length_22864_cov_8.428684	70	70	13050	13120	4.10994341947577e-09	8.38616415690218	1.66076061252321e-09	36.3359035206074	Historical	0	< 0.25	= 0.00
0.069748	0.069748	NODE_3820_length_22864_cov_8.428684:70	NODE_3820_length_22864_cov_8.428684	70	70	13050	13120	4.10994341947577e-09	8.38616415690218	1.66076061252321e-09	36.3359035206074	Modern	0.069748	< 0.25	< 0.25
0.027008	0.027008	NODE_3857_length_22784_cov_13.397355:5423	NODE_3857_length_22784_cov_13.397355	5423	5456	15660	21083	0.000107371746531154	3.96910998250854	6.26590106774873e-05	16.0205397130907	Historical	0	< 0.25	= 0.00
0.027008	0.027008	NODE_3857_length_22784_cov_13.397355:5423	NODE_3857_length_22784_cov_13.397355	5423	5456	15660	21083	0.000107371746531154	3.96910998250854	6.26590106774873e-05	16.0205397130907	Modern	0.027008	< 0.25	< 0.25
0.275655	0.275655	NODE_3857_length_22784_cov_13.397355:5444	NODE_3857_length_22784_cov_13.397355	5444	5456	15660	21104	2.86749278459743e-80	79.54249766623	1.49774077068242e-81	365.851629018908	Historical	0	< 0.25	= 0.00
0.275655	0.275655	NODE_3857_length_22784_cov_13.397355:5444	NODE_3857_length_22784_cov_13.397355	5444	5456	15660	21104	2.86749278459743e-80	79.54249766623	1.49774077068242e-81	365.851629018908	Modern	0.275655	0.25–0.75	0.25–0.75
0.139945	0.139945	NODE_3857_length_22784_cov_13.397355:5456	NODE_3857_length_22784_cov_13.397355	5456	5456	15660	21116	3.72537649235447e-35	34.4288298302205	5.28911477309585e-36	156.93486413345	Historical	0	< 0.25	= 0.00
0.139945	0.139945	NODE_3857_length_22784_cov_13.397355:5456	NODE_3857_length_22784_cov_13.397355	5456	5456	15660	21116	3.72537649235447e-35	34.4288298302205	5.28911477309585e-36	156.93486413345	Modern	0.139945	< 0.25	< 0.25
0.152658	-0.152658	NODE_3878_length_22735_cov_14.330845:13699	NODE_3878_length_22735_cov_14.330845	13699	13775	18270	31969	0.544553232132696	0.263959659909131	0.471635847773047	0.518140788962888	Historical	0.5	0.25–0.75	0.25–0.75
0.152658	-0.152658	NODE_3878_length_22735_cov_14.330845:13699	NODE_3878_length_22735_cov_14.330845	13699	13775	18270	31969	0.544553232132696	0.263959659909131	0.471635847773047	0.518140788962888	Modern	0.347342	0.25–0.75	0.25–0.75
0.015423	0.015423	NODE_3878_length_22735_cov_14.330845:13726	NODE_3878_length_22735_cov_14.330845	13726	13775	18270	31996	0.010729807834715	1.96940805595299	0.00805499818930881	7.02120551483178	Historical	0	< 0.25	= 0.00
0.015423	0.015423	NODE_3878_length_22735_cov_14.330845:13726	NODE_3878_length_22735_cov_14.330845	13726	13775	18270	31996	0.010729807834715	1.96940805595299	0.00805499818930881	7.02120551483178	Modern	0.015423	< 0.25	< 0.25
0.16965	0.16965	NODE_3878_length_22735_cov_14.330845:13730	NODE_3878_length_22735_cov_14.330845	13730	13775	18270	32000	3.25723766051404e-40	39.4871505524931	3.86661640611829e-41	180.449251779057	Historical	0	< 0.25	= 0.00
0.16965	0.16965	NODE_3878_length_22735_cov_14.330845:13730	NODE_3878_length_22735_cov_14.330845	13730	13775	18270	32000	3.25723766051404e-40	39.4871505524931	3.86661640611829e-41	180.449251779057	Modern	0.16965	< 0.25	< 0.25
0.107881	0.107881	NODE_3878_length_22735_cov_14.330845:13731	NODE_3878_length_22735_cov_14.330845	13731	13775	18270	32001	9.95025455257118e-24	23.0021658087655	1.99855540158481e-24	104.024243780728	Historical	0	< 0.25	= 0.00
0.107881	0.107881	NODE_3878_length_22735_cov_14.330845:13731	NODE_3878_length_22735_cov_14.330845	13731	13775	18270	32001	9.95025455257118e-24	23.0021658087655	1.99855540158481e-24	104.024243780728	Modern	0.107881	< 0.25	< 0.25
0.014494	0.014494	NODE_3878_length_22735_cov_14.330845:13763	NODE_3878_length_22735_cov_14.330845	13763	13775	18270	32033	0.00344788761584779	2.46244689847743	0.00235916716734884	9.24672688181879	Historical	0	< 0.25	= 0.00
0.014494	0.014494	NODE_3878_length_22735_cov_14.330845:13763	NODE_3878_length_22735_cov_14.330845	13763	13775	18270	32033	0.00344788761584779	2.46244689847743	0.00235916716734884	9.24672688181879	Modern	0.014494	< 0.25	< 0.25
0.01399	0.01399	NODE_3878_length_22735_cov_14.330845:13769	NODE_3878_length_22735_cov_14.330845	13769	13775	18270	32039	0.00400242544349346	2.39767674929772	0.00276330797475759	8.95751309087093	Historical	0	< 0.25	= 0.00
0.01399	0.01399	NODE_3878_length_22735_cov_14.330845:13769	NODE_3878_length_22735_cov_14.330845	13769	13775	18270	32039	0.00400242544349346	2.39767674929772	0.00276330797475759	8.95751309087093	Modern	0.01399	< 0.25	< 0.25
0.014343	0.014343	NODE_3878_length_22735_cov_14.330845:13770	NODE_3878_length_22735_cov_14.330845	13770	13775	18270	32040	0.00317441862657918	2.49833580120282	0.0021539621165155	9.41347854419944	Historical	0	< 0.25	= 0.00
0.014343	0.014343	NODE_3878_length_22735_cov_14.330845:13770	NODE_3878_length_22735_cov_14.330845	13770	13775	18270	32040	0.00317441862657918	2.49833580120282	0.0021539621165155	9.41347854419944	Modern	0.014343	< 0.25	< 0.25
0.135913	0.135913	NODE_3878_length_22735_cov_14.330845:13775	NODE_3878_length_22735_cov_14.330845	13775	13775	18270	32045	7.1593297996278e-46	45.1451276310366	7.64885662353398e-47	206.582039139907	Historical	0	< 0.25	= 0.00
0.135913	0.135913	NODE_3878_length_22735_cov_14.330845:13775	NODE_3878_length_22735_cov_14.330845	13775	13775	18270	32045	7.1593297996278e-46	45.1451276310366	7.64885662353398e-47	206.582039139907	Modern	0.135913	< 0.25	< 0.25
0.03418	0.03418	NODE_3879_length_22732_cov_8.488800:161	NODE_3879_length_22732_cov_8.488800	161	172	20880	21041	8.62302332377409e-13	12.064340439207	2.7474115148397e-13	53.3810010237702	Historical	0	< 0.25	= 0.00
0.03418	0.03418	NODE_3879_length_22732_cov_8.488800:161	NODE_3879_length_22732_cov_8.488800	161	172	20880	21041	8.62302332377409e-13	12.064340439207	2.7474115148397e-13	53.3810010237702	Modern	0.03418	< 0.25	< 0.25
0.094567	-0.094567	NODE_3879_length_22732_cov_8.488800:172	NODE_3879_length_22732_cov_8.488800	172	172	20880	21052	0.732402150994409	0.135250388887503	0.646155363982722	0.210781751618977	Historical	0.390842	0.25–0.75	0.25–0.75
0.094567	-0.094567	NODE_3879_length_22732_cov_8.488800:172	NODE_3879_length_22732_cov_8.488800	172	172	20880	21052	0.732402150994409	0.135250388887503	0.646155363982722	0.210781751618977	Modern	0.296275	0.25–0.75	0.25–0.75
0.093344	-0.093344	NODE_391_length_52233_cov_17.475544:7300	NODE_391_length_52233_cov_17.475544	7300	7305	0	7300	0.650810806461717	0.186545244383415	0.570772820291924	0.321391135784269	Historical	0.179179	< 0.25	< 0.25
0.093344	-0.093344	NODE_391_length_52233_cov_17.475544:7300	NODE_391_length_52233_cov_17.475544	7300	7305	0	7300	0.650810806461717	0.186545244383415	0.570772820291924	0.321391135784269	Modern	0.085835	< 0.25	< 0.25
0.015631	-0.015631	NODE_391_length_52233_cov_17.475544:7305	NODE_391_length_52233_cov_17.475544	7305	7305	0	7305	0.998299477975471	0.000739155985398602	0.903494209411799	0.0147011989354312	Historical	0.099402	< 0.25	< 0.25
0.015631	-0.015631	NODE_391_length_52233_cov_17.475544:7305	NODE_391_length_52233_cov_17.475544	7305	7305	0	7305	0.998299477975471	0.000739155985398602	0.903494209411799	0.0147011989354312	Modern	0.083771	< 0.25	< 0.25
0.009817	0.009817	NODE_3932_length_22587_cov_37.578086:5125	NODE_3932_length_22587_cov_37.578086	5125	5211	2105	7230	2.88766757306373e-05	4.53945280400188	1.5905481409088e-05	18.625783211078	Historical	0	< 0.25	= 0.00
0.009817	0.009817	NODE_3932_length_22587_cov_37.578086:5125	NODE_3932_length_22587_cov_37.578086	5125	5211	2105	7230	2.88766757306373e-05	4.53945280400188	1.5905481409088e-05	18.625783211078	Modern	0.009817	< 0.25	< 0.25
0.041315	0.041315	NODE_3932_length_22587_cov_37.578086:5133	NODE_3932_length_22587_cov_37.578086	5133	5211	2105	7238	5.57656627354563e-45	44.2536331321501	6.01082879437255e-46	202.478727242977	Historical	0	< 0.25	= 0.00
0.041315	0.041315	NODE_3932_length_22587_cov_37.578086:5133	NODE_3932_length_22587_cov_37.578086	5133	5211	2105	7238	5.57656627354563e-45	44.2536331321501	6.01082879437255e-46	202.478727242977	Modern	0.041315	< 0.25	< 0.25
0.01025	0.01025	NODE_3932_length_22587_cov_37.578086:5134	NODE_3932_length_22587_cov_37.578086	5134	5211	2105	7239	7.25945907409231e-06	5.13909573878875	3.80897544011016e-06	21.3586537459183	Historical	0	< 0.25	= 0.00
0.01025	0.01025	NODE_3932_length_22587_cov_37.578086:5134	NODE_3932_length_22587_cov_37.578086	5134	5211	2105	7239	7.25945907409231e-06	5.13909573878875	3.80897544011016e-06	21.3586537459183	Modern	0.01025	< 0.25	< 0.25
0.006732	0.006732	NODE_3932_length_22587_cov_37.578086:5143	NODE_3932_length_22587_cov_37.578086	5143	5211	2105	7248	0.00202238914379681	2.69413527468815	0.00133577554559419	10.2924232346178	Historical	0	< 0.25	= 0.00
0.006732	0.006732	NODE_3932_length_22587_cov_37.578086:5143	NODE_3932_length_22587_cov_37.578086	5143	5211	2105	7248	0.00202238914379681	2.69413527468815	0.00133577554559419	10.2924232346178	Modern	0.006732	< 0.25	< 0.25
0.010138	0.010138	NODE_3932_length_22587_cov_37.578086:5146	NODE_3932_length_22587_cov_37.578086	5146	5211	2105	7251	5.44429729810665e-06	5.26405816719357	2.82296896938864e-06	21.9332716107764	Historical	0	< 0.25	= 0.00
0.010138	0.010138	NODE_3932_length_22587_cov_37.578086:5146	NODE_3932_length_22587_cov_37.578086	5146	5211	2105	7251	5.44429729810665e-06	5.26405816719357	2.82296896938864e-06	21.9332716107764	Modern	0.010138	< 0.25	< 0.25
0	0	NODE_3932_length_22587_cov_37.578086:5157	NODE_3932_length_22587_cov_37.578086	5157	5211	2105	7262	0.999165688808028	0.000362487981788934	0.991594469822949	0.000110985480611609	Historical	0	< 0.25	= 0.00
0	0	NODE_3932_length_22587_cov_37.578086:5157	NODE_3932_length_22587_cov_37.578086	5157	5211	2105	7262	0.999165688808028	0.000362487981788934	0.991594469822949	0.000110985480611609	Modern	0	< 0.25	= 0.00
0.033176	0.033176	NODE_3932_length_22587_cov_37.578086:5164	NODE_3932_length_22587_cov_37.578086	5164	5211	2105	7269	1.12235975241562e-33	32.9498679154091	1.67874321942508e-34	150.063938706772	Historical	0	< 0.25	= 0.00
0.033176	0.033176	NODE_3932_length_22587_cov_37.578086:5164	NODE_3932_length_22587_cov_37.578086	5164	5211	2105	7269	1.12235975241562e-33	32.9498679154091	1.67874321942508e-34	150.063938706772	Modern	0.033176	< 0.25	< 0.25
0	0	NODE_3932_length_22587_cov_37.578086:5165	NODE_3932_length_22587_cov_37.578086	5165	5211	2105	7270	0.999165688808028	0.000362487981788934	0.991466272223595	0.000114396834529935	Historical	0	< 0.25	= 0.00
0	0	NODE_3932_length_22587_cov_37.578086:5165	NODE_3932_length_22587_cov_37.578086	5165	5211	2105	7270	0.999165688808028	0.000362487981788934	0.991466272223595	0.000114396834529935	Modern	0	< 0.25	= 0.00
0	0	NODE_3932_length_22587_cov_37.578086:5173	NODE_3932_length_22587_cov_37.578086	5173	5211	2105	7278	0.999165688808028	0.000362487981788934	0.991074567086139	0.000125140121665319	Historical	0	< 0.25	= 0.00
0	0	NODE_3932_length_22587_cov_37.578086:5173	NODE_3932_length_22587_cov_37.578086	5173	5211	2105	7278	0.999165688808028	0.000362487981788934	0.991074567086139	0.000125140121665319	Modern	0	< 0.25	= 0.00
0.136477	0.136477	NODE_3932_length_22587_cov_37.578086:5195	NODE_3932_length_22587_cov_37.578086	5195	5211	2105	7300	1.5393779526885e-146	145.812654737794	2.70451017328939e-148	672.609635546975	Historical	0	< 0.25	= 0.00
0.136477	0.136477	NODE_3932_length_22587_cov_37.578086:5195	NODE_3932_length_22587_cov_37.578086	5195	5211	2105	7300	1.5393779526885e-146	145.812654737794	2.70451017328939e-148	672.609635546975	Modern	0.136477	< 0.25	< 0.25
0.020382	0.020382	NODE_3932_length_22587_cov_37.578086:5211	NODE_3932_length_22587_cov_37.578086	5211	5211	2105	7316	1.07826758763428e-08	7.96727344934225	4.50558156276431e-09	34.3920575882733	Historical	0	< 0.25	= 0.00
0.020382	0.020382	NODE_3932_length_22587_cov_37.578086:5211	NODE_3932_length_22587_cov_37.578086	5211	5211	2105	7316	1.07826758763428e-08	7.96727344934225	4.50558156276431e-09	34.3920575882733	Modern	0.020382	< 0.25	< 0.25
0.013575	0.013575	NODE_3935_length_22578_cov_8.727079:33	NODE_3935_length_22578_cov_8.727079	33	33	4210	4243	0.00319543600536587	2.49546987559462	0.00217125779851783	9.39881459122087	Historical	0	< 0.25	= 0.00
0.013575	0.013575	NODE_3935_length_22578_cov_8.727079:33	NODE_3935_length_22578_cov_8.727079	33	33	4210	4243	0.00319543600536587	2.49546987559462	0.00217125779851783	9.39881459122087	Modern	0.013575	< 0.25	< 0.25
0.095672	0.095672	NODE_3966_length_22461_cov_48.415213:1206	NODE_3966_length_22461_cov_48.415213	1206	1207	0	1206	1.38864199169708e-61	60.8574097060775	1.09456111406323e-62	279.249058759932	Historical	0	< 0.25	= 0.00
0.095672	0.095672	NODE_3966_length_22461_cov_48.415213:1206	NODE_3966_length_22461_cov_48.415213	1206	1207	0	1206	1.38864199169708e-61	60.8574097060775	1.09456111406323e-62	279.249058759932	Modern	0.095672	< 0.25	< 0.25
0.02285	0.02285	NODE_3966_length_22461_cov_48.415213:1207	NODE_3966_length_22461_cov_48.415213	1207	1207	0	1207	4.35193435166613e-10	9.36131766453327	1.62629265658179e-10	40.8708454658304	Historical	0	< 0.25	= 0.00
0.02285	0.02285	NODE_3966_length_22461_cov_48.415213:1207	NODE_3966_length_22461_cov_48.415213	1207	1207	0	1207	4.35193435166613e-10	9.36131766453327	1.62629265658179e-10	40.8708454658304	Modern	0.02285	< 0.25	< 0.25
0.012717	0.012717	NODE_3980_length_22430_cov_49.255698:4998	NODE_3980_length_22430_cov_49.255698	4998	5060	31193	36191	6.31395340695513e-05	4.19969862725485	3.57370962065077e-05	17.0853403726102	Historical	0	< 0.25	= 0.00
0.012717	0.012717	NODE_3980_length_22430_cov_49.255698:4998	NODE_3980_length_22430_cov_49.255698	4998	5060	31193	36191	6.31395340695513e-05	4.19969862725485	3.57370962065077e-05	17.0853403726102	Modern	0.012717	< 0.25	< 0.25
0.011975	0.011975	NODE_3980_length_22430_cov_49.255698:5012	NODE_3980_length_22430_cov_49.255698	5012	5060	31193	36205	6.5080075492993e-05	4.18655195195258	3.68663485579965e-05	17.0262632264083	Historical	0	< 0.25	= 0.00
0.011975	0.011975	NODE_3980_length_22430_cov_49.255698:5012	NODE_3980_length_22430_cov_49.255698	5012	5060	31193	36205	6.5080075492993e-05	4.18655195195258	3.68663485579965e-05	17.0262632264083	Modern	0.011975	< 0.25	< 0.25
0.036461	0.036461	NODE_3980_length_22430_cov_49.255698:5018	NODE_3980_length_22430_cov_49.255698	5018	5060	31193	36211	2.94452833479528e-19	18.5309842621675	6.89293670016178e-20	83.3445273475515	Historical	0	< 0.25	= 0.00
0.036461	0.036461	NODE_3980_length_22430_cov_49.255698:5018	NODE_3980_length_22430_cov_49.255698	5018	5060	31193	36211	2.94452833479528e-19	18.5309842621675	6.89293670016178e-20	83.3445273475515	Modern	0.036461	< 0.25	< 0.25
0.035692	0.035692	NODE_3980_length_22430_cov_49.255698:5039	NODE_3980_length_22430_cov_49.255698	5039	5060	31193	36232	3.3896887499107e-17	16.4698401780217	8.65931883880322e-18	73.7966556423419	Historical	0	< 0.25	= 0.00
0.035692	0.035692	NODE_3980_length_22430_cov_49.255698:5039	NODE_3980_length_22430_cov_49.255698	5039	5060	31193	36232	3.3896887499107e-17	16.4698401780217	8.65931883880322e-18	73.7966556423419	Modern	0.035692	< 0.25	< 0.25
0	0	NODE_3980_length_22430_cov_49.255698:5040	NODE_3980_length_22430_cov_49.255698	5040	5060	31193	36233	0.999165688808028	0.000362487981788934	0.989679604283081	0.000167315739747119	Historical	0	< 0.25	= 0.00
0	0	NODE_3980_length_22430_cov_49.255698:5040	NODE_3980_length_22430_cov_49.255698	5040	5060	31193	36233	0.999165688808028	0.000362487981788934	0.989679604283081	0.000167315739747119	Modern	0	< 0.25	= 0.00
0.025739	0.025739	NODE_3980_length_22430_cov_49.255698:5060	NODE_3980_length_22430_cov_49.255698	5060	5060	31193	36253	2.29728183118045e-07	6.63878572216749	1.07010136580628e-07	28.242832714465	Historical	0	< 0.25	= 0.00
0.025739	0.025739	NODE_3980_length_22430_cov_49.255698:5060	NODE_3980_length_22430_cov_49.255698	5060	5060	31193	36253	2.29728183118045e-07	6.63878572216749	1.07010136580628e-07	28.242832714465	Modern	0.025739	< 0.25	< 0.25
0.191568	0.191568	NODE_3983_length_22424_cov_14.978858:6216	NODE_3983_length_22424_cov_14.978858	6216	6370	62386	68602	4.95686109550721e-38	37.3047932510162	6.37848697475049e-39	170.295083291554	Historical	0	< 0.25	= 0.00
0.191568	0.191568	NODE_3983_length_22424_cov_14.978858:6216	NODE_3983_length_22424_cov_14.978858	6216	6370	62386	68602	4.95686109550721e-38	37.3047932510162	6.37848697475049e-39	170.295083291554	Modern	0.191568	< 0.25	< 0.25
0.011398	0.011398	NODE_3983_length_22424_cov_14.978858:6310	NODE_3983_length_22424_cov_14.978858	6310	6370	62386	68696	8.83412475555116e-05	4.05383647192561	5.1008051769944e-05	16.4102723053355	Historical	0	< 0.25	= 0.00
0.011398	0.011398	NODE_3983_length_22424_cov_14.978858:6310	NODE_3983_length_22424_cov_14.978858	6310	6370	62386	68696	8.83412475555116e-05	4.05383647192561	5.1008051769944e-05	16.4102723053355	Modern	0.011398	< 0.25	< 0.25
0.057629	0.057629	NODE_3983_length_22424_cov_14.978858:6326	NODE_3983_length_22424_cov_14.978858	6326	6370	62386	68712	1.49717575479862e-35	34.8247272144473	2.10429260883377e-36	158.766744526211	Historical	0	< 0.25	= 0.00
0.057629	0.057629	NODE_3983_length_22424_cov_14.978858:6326	NODE_3983_length_22424_cov_14.978858	6326	6370	62386	68712	1.49717575479862e-35	34.8247272144473	2.10429260883377e-36	158.766744526211	Modern	0.057629	< 0.25	< 0.25
0.089782	0.089782	NODE_3983_length_22424_cov_14.978858:6327	NODE_3983_length_22424_cov_14.978858	6327	6370	62386	68713	7.68459484938167e-61	60.114379024627	6.20313924214095e-62	275.792023544409	Historical	0	< 0.25	= 0.00
0.089782	0.089782	NODE_3983_length_22424_cov_14.978858:6327	NODE_3983_length_22424_cov_14.978858	6327	6370	62386	68713	7.68459484938167e-61	60.114379024627	6.20313924214095e-62	275.792023544409	Modern	0.089782	< 0.25	< 0.25
0.022653	0.022653	NODE_3983_length_22424_cov_14.978858:6335	NODE_3983_length_22424_cov_14.978858	6335	6370	62386	68721	7.50607236481626e-11	10.1245872529407	2.67666683094825e-11	44.4001493245496	Historical	0	< 0.25	= 0.00
0.022653	0.022653	NODE_3983_length_22424_cov_14.978858:6335	NODE_3983_length_22424_cov_14.978858	6335	6370	62386	68721	7.50607236481626e-11	10.1245872529407	2.67666683094825e-11	44.4001493245496	Modern	0.022653	< 0.25	< 0.25
0.104307	0.104307	NODE_3983_length_22424_cov_14.978858:6354	NODE_3983_length_22424_cov_14.978858	6354	6370	62386	68740	1.97731706649392e-67	66.703923685169	1.29567784983932e-68	306.45039212561	Historical	0	< 0.25	= 0.00
0.104307	0.104307	NODE_3983_length_22424_cov_14.978858:6354	NODE_3983_length_22424_cov_14.978858	6354	6370	62386	68740	1.97731706649392e-67	66.703923685169	1.29567784983932e-68	306.45039212561	Modern	0.104307	< 0.25	< 0.25
0.073266	0.073266	NODE_3983_length_22424_cov_14.978858:6370	NODE_3983_length_22424_cov_14.978858	6370	6370	62386	68756	2.83097300025975e-36	35.5480642725968	3.91174331944723e-37	162.111312200128	Historical	0	< 0.25	= 0.00
0.073266	0.073266	NODE_3983_length_22424_cov_14.978858:6370	NODE_3983_length_22424_cov_14.978858	6370	6370	62386	68756	2.83097300025975e-36	35.5480642725968	3.91174331944723e-37	162.111312200128	Modern	0.073266	< 0.25	< 0.25
0.125019	0.125019	NODE_3992_length_22401_cov_7.717693:4265	NODE_3992_length_22401_cov_7.717693	4265	4321	93579	97844	0.352476703151564	0.452869582295497	0.300425300169543	1.07230535757653	Historical	0.088752	< 0.25	< 0.25
0.125019	0.125019	NODE_3992_length_22401_cov_7.717693:4265	NODE_3992_length_22401_cov_7.717693	4265	4321	93579	97844	0.352476703151564	0.452869582295497	0.300425300169543	1.07230535757653	Modern	0.213771	< 0.25	< 0.25
0.017199	-0.017199	NODE_3992_length_22401_cov_7.717693:4282	NODE_3992_length_22401_cov_7.717693	4282	4321	93579	97861	0.979879893084444	0.00882715386602421	0.884962752443786	0.0209325876055621	Historical	0.0862	< 0.25	< 0.25
0.017199	-0.017199	NODE_3992_length_22401_cov_7.717693:4282	NODE_3992_length_22401_cov_7.717693	4282	4321	93579	97861	0.979879893084444	0.00882715386602421	0.884962752443786	0.0209325876055621	Modern	0.069001	< 0.25	< 0.25
0.304108	-0.304108	NODE_3992_length_22401_cov_7.717693:4298	NODE_3992_length_22401_cov_7.717693	4298	4321	93579	97877	0.178923625337232	0.747332310767636	0.150887159828549	2.06325903505127	Historical	0.5	0.25–0.75	0.25–0.75
0.304108	-0.304108	NODE_3992_length_22401_cov_7.717693:4298	NODE_3992_length_22401_cov_7.717693	4298	4321	93579	97877	0.178923625337232	0.747332310767636	0.150887159828549	2.06325903505127	Modern	0.195892	< 0.25	< 0.25
0.077565	-0.077565	NODE_3992_length_22401_cov_7.717693:4313	NODE_3992_length_22401_cov_7.717693	4313	4321	93579	97892	0.603645576611929	0.21921797743884	0.526790731635428	0.400578335092794	Historical	0.092266	< 0.25	< 0.25
0.077565	-0.077565	NODE_3992_length_22401_cov_7.717693:4313	NODE_3992_length_22401_cov_7.717693	4313	4321	93579	97892	0.603645576611929	0.21921797743884	0.526790731635428	0.400578335092794	Modern	0.014701	< 0.25	< 0.25
0.106552	-0.106552	NODE_3992_length_22401_cov_7.717693:4321	NODE_3992_length_22401_cov_7.717693	4321	4321	93579	97900	0.636584855465513	0.196143697581171	0.557994132568536	0.343189168457414	Historical	0.24446	< 0.25	< 0.25
0.106552	-0.106552	NODE_3992_length_22401_cov_7.717693:4321	NODE_3992_length_22401_cov_7.717693	4321	4321	93579	97900	0.636584855465513	0.196143697581171	0.557994132568536	0.343189168457414	Modern	0.137908	< 0.25	< 0.25
0.045551	0.045551	NODE_3998_length_22380_cov_8.782505:17	NODE_3998_length_22380_cov_8.782505	17	86	124772	124789	1.04715275366858e-08	7.97998996088426	4.37059482656542e-09	34.451261238645	Historical	0	< 0.25	= 0.00
0.045551	0.045551	NODE_3998_length_22380_cov_8.782505:17	NODE_3998_length_22380_cov_8.782505	17	86	124772	124789	1.04715275366858e-08	7.97998996088426	4.37059482656542e-09	34.451261238645	Modern	0.045551	< 0.25	< 0.25
0.014378	0.014378	NODE_3998_length_22380_cov_8.782505:21	NODE_3998_length_22380_cov_8.782505	21	86	124772	124793	0.00607165205938077	2.21669312397367	0.00433348992736206	8.13850913652579	Historical	0	< 0.25	= 0.00
0.014378	0.014378	NODE_3998_length_22380_cov_8.782505:21	NODE_3998_length_22380_cov_8.782505	21	86	124772	124793	0.00607165205938077	2.21669312397367	0.00433348992736206	8.13850913652579	Modern	0.014378	< 0.25	< 0.25
0.043394	0.043394	NODE_3998_length_22380_cov_8.782505:24	NODE_3998_length_22380_cov_8.782505	24	86	124772	124796	2.42794039004354e-10	9.61476198011447	8.87708499683533e-11	42.0543642721838	Historical	0	< 0.25	= 0.00
0.043394	0.043394	NODE_3998_length_22380_cov_8.782505:24	NODE_3998_length_22380_cov_8.782505	24	86	124772	124796	2.42794039004354e-10	9.61476198011447	8.87708499683533e-11	42.0543642721838	Modern	0.043394	< 0.25	< 0.25
0.026595	0.026595	NODE_3998_length_22380_cov_8.782505:26	NODE_3998_length_22380_cov_8.782505	26	86	124772	124798	2.78530673261061e-06	5.55512697106658	1.41116917554393e-06	23.2653868311743	Historical	0	< 0.25	= 0.00
0.026595	0.026595	NODE_3998_length_22380_cov_8.782505:26	NODE_3998_length_22380_cov_8.782505	26	86	124772	124798	2.78530673261061e-06	5.55512697106658	1.41116917554393e-06	23.2653868311743	Modern	0.026595	< 0.25	< 0.25
0.02555	0.02555	NODE_3998_length_22380_cov_8.782505:37	NODE_3998_length_22380_cov_8.782505	37	86	124772	124809	1.83439408438878e-07	6.73650735880224	8.47514455892821e-08	28.6943314836208	Historical	0	< 0.25	= 0.00
0.02555	0.02555	NODE_3998_length_22380_cov_8.782505:37	NODE_3998_length_22380_cov_8.782505	37	86	124772	124809	1.83439408438878e-07	6.73650735880224	8.47514455892821e-08	28.6943314836208	Modern	0.02555	< 0.25	< 0.25
0.048504	0.048504	NODE_3998_length_22380_cov_8.782505:52	NODE_3998_length_22380_cov_8.782505	52	86	124772	124824	1.12966970493767e-18	17.9470485178364	2.72493926927035e-19	80.6278351030075	Historical	0	< 0.25	= 0.00
0.048504	0.048504	NODE_3998_length_22380_cov_8.782505:52	NODE_3998_length_22380_cov_8.782505	52	86	124772	124824	1.12966970493767e-18	17.9470485178364	2.72493926927035e-19	80.6278351030075	Modern	0.048504	< 0.25	< 0.25
0.024746	0.024746	NODE_3998_length_22380_cov_8.782505:68	NODE_3998_length_22380_cov_8.782505	68	86	124772	124840	1.06149459993161e-07	6.97408221084878	4.78831847072661e-08	29.8006482593361	Historical	0	< 0.25	= 0.00
0.024746	0.024746	NODE_3998_length_22380_cov_8.782505:68	NODE_3998_length_22380_cov_8.782505	68	86	124772	124840	1.06149459993161e-07	6.97408221084878	4.78831847072661e-08	29.8006482593361	Modern	0.024746	< 0.25	< 0.25
0.039285	0.039285	NODE_3998_length_22380_cov_8.782505:70	NODE_3998_length_22380_cov_8.782505	70	86	124772	124842	1.06747672833136e-12	11.9716415840945	3.43660599149411e-13	52.941335829893	Historical	0	< 0.25	= 0.00
0.039285	0.039285	NODE_3998_length_22380_cov_8.782505:70	NODE_3998_length_22380_cov_8.782505	70	86	124772	124842	1.06747672833136e-12	11.9716415840945	3.43660599149411e-13	52.941335829893	Modern	0.039285	< 0.25	< 0.25
0.272208	0.272208	NODE_3998_length_22380_cov_8.782505:81	NODE_3998_length_22380_cov_8.782505	81	86	124772	124853	1.13081983857072e-95	94.9466065810578	4.34930707142584e-97	437.224896119446	Historical	3e-06	< 0.25	< 0.25
0.272208	0.272208	NODE_3998_length_22380_cov_8.782505:81	NODE_3998_length_22380_cov_8.782505	81	86	124772	124853	1.13081983857072e-95	94.9466065810578	4.34930707142584e-97	437.224896119446	Modern	0.272211	0.25–0.75	0.25–0.75
0.273325	0.273325	NODE_3998_length_22380_cov_8.782505:82	NODE_3998_length_22380_cov_8.782505	82	86	124772	124854	0.000672988995891266	3.17199203690941	0.00042341425430006	12.4259272739503	Historical	0.033888	< 0.25	< 0.25
0.273325	0.273325	NODE_3998_length_22380_cov_8.782505:82	NODE_3998_length_22380_cov_8.782505	82	86	124772	124854	0.000672988995891266	3.17199203690941	0.00042341425430006	12.4259272739503	Modern	0.307213	0.25–0.75	0.25–0.75
0.026797	0.026797	NODE_3998_length_22380_cov_8.782505:85	NODE_3998_length_22380_cov_8.782505	85	86	124772	124857	2.29961622492617e-06	5.63834463585358	1.15635972563951e-06	23.6485006254323	Historical	0	< 0.25	= 0.00
0.026797	0.026797	NODE_3998_length_22380_cov_8.782505:85	NODE_3998_length_22380_cov_8.782505	85	86	124772	124857	2.29961622492617e-06	5.63834463585358	1.15635972563951e-06	23.6485006254323	Modern	0.026797	< 0.25	< 0.25
0.027151	0.027151	NODE_3998_length_22380_cov_8.782505:86	NODE_3998_length_22380_cov_8.782505	86	86	124772	124858	2.48853910431801e-06	5.60405553046503	1.25490433465609e-06	23.4911385416902	Historical	0	< 0.25	= 0.00
0.027151	0.027151	NODE_3998_length_22380_cov_8.782505:86	NODE_3998_length_22380_cov_8.782505	86	86	124772	124858	2.48853910431801e-06	5.60405553046503	1.25490433465609e-06	23.4911385416902	Modern	0.027151	< 0.25	< 0.25
0.105781	0.105781	NODE_4001_length_22373_cov_7.457753:20509	NODE_4001_length_22373_cov_7.457753	20509	20516	155965	176474	0.416970338869293	0.379894837408857	0.357572854699878	0.846399663842203	Historical	0.078312	< 0.25	< 0.25
0.105781	0.105781	NODE_4001_length_22373_cov_7.457753:20509	NODE_4001_length_22373_cov_7.457753	20509	20516	155965	176474	0.416970338869293	0.379894837408857	0.357572854699878	0.846399663842203	Modern	0.184093	< 0.25	< 0.25
0.019415	0.019415	NODE_4001_length_22373_cov_7.457753:20516	NODE_4001_length_22373_cov_7.457753	20516	20516	155965	176481	0.0610541577585595	1.21428475546824	0.0504725967035385	3.82568886113874	Historical	0	< 0.25	= 0.00
0.019415	0.019415	NODE_4001_length_22373_cov_7.457753:20516	NODE_4001_length_22373_cov_7.457753	20516	20516	155965	176481	0.0610541577585595	1.21428475546824	0.0504725967035385	3.82568886113874	Modern	0.019415	< 0.25	< 0.25
0.064254	0.064254	NODE_4052_length_22270_cov_7.138514:22210	NODE_4052_length_22270_cov_7.138514	22210	22213	187158	209368	8.44626433929948e-07	6.07333533076067	4.11484672940231e-07	25.6397060757285	Historical	0	< 0.25	= 0.00
0.064254	0.064254	NODE_4052_length_22270_cov_7.138514:22210	NODE_4052_length_22270_cov_7.138514	22210	22213	187158	209368	8.44626433929948e-07	6.07333533076067	4.11484672940231e-07	25.6397060757285	Modern	0.064254	< 0.25	< 0.25
0.022468	0.022468	NODE_4052_length_22270_cov_7.138514:22212	NODE_4052_length_22270_cov_7.138514	22212	22213	187158	209370	0.0112357062558768	1.94939962343267	0.00849346835676917	6.9263535796025	Historical	0	< 0.25	= 0.00
0.022468	0.022468	NODE_4052_length_22270_cov_7.138514:22212	NODE_4052_length_22270_cov_7.138514	22212	22213	187158	209370	0.0112357062558768	1.94939962343267	0.00849346835676917	6.9263535796025	Modern	0.022468	< 0.25	< 0.25
0.022099	0.022099	NODE_4052_length_22270_cov_7.138514:22213	NODE_4052_length_22270_cov_7.138514	22213	22213	187158	209371	0.012028635917821	1.91978362012089	0.00914427640286394	6.79442902632403	Historical	0	< 0.25	= 0.00
0.022099	0.022099	NODE_4052_length_22270_cov_7.138514:22213	NODE_4052_length_22270_cov_7.138514	22213	22213	187158	209371	0.012028635917821	1.91978362012089	0.00914427640286394	6.79442902632403	Modern	0.022099	< 0.25	< 0.25
0.013466	0.013466	NODE_4073_length_22225_cov_9.373000:22101	NODE_4073_length_22225_cov_9.373000	22101	22183	218351	240452	0.00272306719777149	2.56494164134044	0.00183089418425662	9.7117917825437	Historical	0	< 0.25	= 0.00
0.013466	0.013466	NODE_4073_length_22225_cov_9.373000:22101	NODE_4073_length_22225_cov_9.373000	22101	22183	218351	240452	0.00272306719777149	2.56494164134044	0.00183089418425662	9.7117917825437	Modern	0.013466	< 0.25	< 0.25
0.189537	0.189537	NODE_4073_length_22225_cov_9.373000:22105	NODE_4073_length_22225_cov_9.373000	22105	22183	218351	240456	3.51506361282484e-70	69.454066811057	2.15310164318331e-71	319.209616506237	Historical	0	< 0.25	= 0.00
0.189537	0.189537	NODE_4073_length_22225_cov_9.373000:22105	NODE_4073_length_22225_cov_9.373000	22105	22183	218351	240456	3.51506361282484e-70	69.454066811057	2.15310164318331e-71	319.209616506237	Modern	0.189537	< 0.25	< 0.25
0	0	NODE_4073_length_22225_cov_9.373000:22121	NODE_4073_length_22225_cov_9.373000	22121	22183	218351	240472	0.999165688808028	0.000362487981788934	0.984756052734403	0.000365062815937853	Historical	0	< 0.25	= 0.00
0	0	NODE_4073_length_22225_cov_9.373000:22121	NODE_4073_length_22225_cov_9.373000	22121	22183	218351	240472	0.999165688808028	0.000362487981788934	0.984756052734403	0.000365062815937853	Modern	0	< 0.25	= 0.00
0.612088	0.612088	NODE_4073_length_22225_cov_9.373000:22126	NODE_4073_length_22225_cov_9.373000	22126	22183	218351	240477	1.91280414055361e-05	4.71832949679523	1.04450368548749e-05	19.4282534448463	Historical	0.121538	< 0.25	< 0.25
0.612088	0.612088	NODE_4073_length_22225_cov_9.373000:22126	NODE_4073_length_22225_cov_9.373000	22126	22183	218351	240477	1.91280414055361e-05	4.71832949679523	1.04450368548749e-05	19.4282534448463	Modern	0.733626	0.25–0.75	0.25–0.75
0.027634	0.027634	NODE_4073_length_22225_cov_9.373000:22129	NODE_4073_length_22225_cov_9.373000	22129	22183	218351	240480	6.30570405339273e-07	6.20026641592153	3.04206805234901e-07	26.2228172327071	Historical	0	< 0.25	= 0.00
0.027634	0.027634	NODE_4073_length_22225_cov_9.373000:22129	NODE_4073_length_22225_cov_9.373000	22129	22183	218351	240480	6.30570405339273e-07	6.20026641592153	3.04206805234901e-07	26.2228172327071	Modern	0.027634	< 0.25	< 0.25
0.006451	0.006451	NODE_4073_length_22225_cov_9.373000:22143	NODE_4073_length_22225_cov_9.373000	22143	22183	218351	240494	0.111939408731626	0.951016991383821	0.0936017563040805	2.8113126800017	Historical	0	< 0.25	= 0.00
0.006451	0.006451	NODE_4073_length_22225_cov_9.373000:22143	NODE_4073_length_22225_cov_9.373000	22143	22183	218351	240494	0.111939408731626	0.951016991383821	0.0936017563040805	2.8113126800017	Modern	0.006451	< 0.25	< 0.25
0.025857	0.025857	NODE_4073_length_22225_cov_9.373000:22146	NODE_4073_length_22225_cov_9.373000	22146	22183	218351	240497	1.26203135618701e-06	5.89892985456113	6.20229085305583e-07	24.8483251977965	Historical	0	< 0.25	= 0.00
0.025857	0.025857	NODE_4073_length_22225_cov_9.373000:22146	NODE_4073_length_22225_cov_9.373000	22146	22183	218351	240497	1.26203135618701e-06	5.89892985456113	6.20229085305583e-07	24.8483251977965	Modern	0.025857	< 0.25	< 0.25
0.067668	0.067668	NODE_4073_length_22225_cov_9.373000:22149	NODE_4073_length_22225_cov_9.373000	22149	22183	218351	240500	3.50372396703496e-20	19.4554701160644	7.93578505354073e-21	87.6190197737523	Historical	0	< 0.25	= 0.00
0.067668	0.067668	NODE_4073_length_22225_cov_9.373000:22149	NODE_4073_length_22225_cov_9.373000	22149	22183	218351	240500	3.50372396703496e-20	19.4554701160644	7.93578505354073e-21	87.6190197737523	Modern	0.067668	< 0.25	< 0.25
0.013199	0.013199	NODE_4073_length_22225_cov_9.373000:22155	NODE_4073_length_22225_cov_9.373000	22155	22183	218351	240506	0.00713641663328479	2.14651980321508	0.00518118757468777	7.81508622949802	Historical	0	< 0.25	= 0.00
0.013199	0.013199	NODE_4073_length_22225_cov_9.373000:22155	NODE_4073_length_22225_cov_9.373000	22155	22183	218351	240506	0.00713641663328479	2.14651980321508	0.00518118757468777	7.81508622949802	Modern	0.013199	< 0.25	< 0.25
0.277824	0.277824	NODE_4073_length_22225_cov_9.373000:22161	NODE_4073_length_22225_cov_9.373000	22161	22183	218351	240512	2.41343250380158e-86	85.6173648425409	1.10014017267308e-87	394.025887661139	Historical	0	< 0.25	= 0.00
0.277824	0.277824	NODE_4073_length_22225_cov_9.373000:22161	NODE_4073_length_22225_cov_9.373000	22161	22183	218351	240512	2.41343250380158e-86	85.6173648425409	1.10014017267308e-87	394.025887661139	Modern	0.277824	0.25–0.75	0.25–0.75
0.027065	0.027065	NODE_4073_length_22225_cov_9.373000:22163	NODE_4073_length_22225_cov_9.373000	22163	22183	218351	240514	1.49050169327773e-05	4.82666752625278	8.02577834841857e-06	19.9317165411158	Historical	0	< 0.25	= 0.00
0.027065	0.027065	NODE_4073_length_22225_cov_9.373000:22163	NODE_4073_length_22225_cov_9.373000	22163	22183	218351	240514	1.49050169327773e-05	4.82666752625278	8.02577834841857e-06	19.9317165411158	Modern	0.027065	< 0.25	< 0.25
0.01364	0.01364	NODE_4073_length_22225_cov_9.373000:22164	NODE_4073_length_22225_cov_9.373000	22164	22183	218351	240515	0.0114079513303865	1.94279234031389	0.00863450827190696	6.89690541929971	Historical	0	< 0.25	= 0.00
0.01364	0.01364	NODE_4073_length_22225_cov_9.373000:22164	NODE_4073_length_22225_cov_9.373000	22164	22183	218351	240515	0.0114079513303865	1.94279234031389	0.00863450827190696	6.89690541929971	Modern	0.01364	< 0.25	< 0.25
0.097116	0.097116	NODE_4073_length_22225_cov_9.373000:22168	NODE_4073_length_22225_cov_9.373000	22168	22183	218351	240519	7.47925849789784e-23	22.1261414564449	1.54841249054295e-23	99.9684870930678	Historical	0	< 0.25	= 0.00
0.097116	0.097116	NODE_4073_length_22225_cov_9.373000:22168	NODE_4073_length_22225_cov_9.373000	22168	22183	218351	240519	7.47925849789784e-23	22.1261414564449	1.54841249054295e-23	99.9684870930678	Modern	0.097116	< 0.25	< 0.25
0	0	NODE_4073_length_22225_cov_9.373000:22183	NODE_4073_length_22225_cov_9.373000	22183	22183	218351	240534	0.999165688808028	0.000362487981788934	0.978312264279958	0.000739018449258354	Historical	0	< 0.25	= 0.00
0	0	NODE_4073_length_22225_cov_9.373000:22183	NODE_4073_length_22225_cov_9.373000	22183	22183	218351	240534	0.999165688808028	0.000362487981788934	0.978312264279958	0.000739018449258354	Modern	0	< 0.25	= 0.00
0.130841	0.130841	NODE_4082_length_22198_cov_118.827730:5516	NODE_4082_length_22198_cov_118.827730	5516	5579	249544	255060	0.564031462630603	0.248696669658949	0.489577166993704	0.47745543349333	Historical	0.277989	0.25–0.75	0.25–0.75
0.130841	0.130841	NODE_4082_length_22198_cov_118.827730:5516	NODE_4082_length_22198_cov_118.827730	5516	5579	249544	255060	0.564031462630603	0.248696669658949	0.489577166993704	0.47745543349333	Modern	0.40883	0.25–0.75	0.25–0.75
0.011734	0.011734	NODE_4082_length_22198_cov_118.827730:5535	NODE_4082_length_22198_cov_118.827730	5535	5579	249544	255079	0.000678497651047501	3.16845165152506	0.000427202224733612	12.4092945259735	Historical	0	< 0.25	= 0.00
0.011734	0.011734	NODE_4082_length_22198_cov_118.827730:5535	NODE_4082_length_22198_cov_118.827730	5535	5579	249544	255079	0.000678497651047501	3.16845165152506	0.000427202224733612	12.4092945259735	Modern	0.011734	< 0.25	< 0.25
0.052686	0.052686	NODE_4082_length_22198_cov_118.827730:5540	NODE_4082_length_22198_cov_118.827730	5540	5579	249544	255084	3.22278255054431e-26	25.4917689964686	6.05993300102349e-27	115.518232771567	Historical	0	< 0.25	= 0.00
0.052686	0.052686	NODE_4082_length_22198_cov_118.827730:5540	NODE_4082_length_22198_cov_118.827730	5540	5579	249544	255084	3.22278255054431e-26	25.4917689964686	6.05993300102349e-27	115.518232771567	Modern	0.052686	< 0.25	< 0.25
0.111235	0.111235	NODE_4082_length_22198_cov_118.827730:5564	NODE_4082_length_22198_cov_118.827730	5564	5579	249544	255108	2.04496661988975e-66	65.6893137766131	1.39826777428359e-67	301.708315845633	Historical	0	< 0.25	= 0.00
0.111235	0.111235	NODE_4082_length_22198_cov_118.827730:5564	NODE_4082_length_22198_cov_118.827730	5564	5579	249544	255108	2.04496661988975e-66	65.6893137766131	1.39826777428359e-67	301.708315845633	Modern	0.111235	< 0.25	< 0.25
0.341554	0.341554	NODE_4082_length_22198_cov_118.827730:5579	NODE_4082_length_22198_cov_118.827730	5579	5579	249544	255123	0.00647834975995967	2.18853560854567	0.00465112290458643	8.01033124974875	Historical	0.08948	< 0.25	< 0.25
0.341554	0.341554	NODE_4082_length_22198_cov_118.827730:5579	NODE_4082_length_22198_cov_118.827730	5579	5579	249544	255123	0.00647834975995967	2.18853560854567	0.00465112290458643	8.01033124974875	Modern	0.431034	0.25–0.75	0.25–0.75
0.012182	0.012182	NODE_4090_length_22185_cov_8.515349:16614	NODE_4090_length_22185_cov_8.515349	16614	16727	0	16614	0.0017899218789206	2.74716592337434	0.00117373319790568	10.531241792072	Historical	0	< 0.25	= 0.00
0.012182	0.012182	NODE_4090_length_22185_cov_8.515349:16614	NODE_4090_length_22185_cov_8.515349	16614	16727	0	16614	0.0017899218789206	2.74716592337434	0.00117373319790568	10.531241792072	Modern	0.012182	< 0.25	< 0.25
0.033487	0.033487	NODE_4090_length_22185_cov_8.515349:16617	NODE_4090_length_22185_cov_8.515349	16617	16727	0	16617	3.18097986988356e-10	9.497439079219	1.17360938219351e-10	41.5084767219236	Historical	0	< 0.25	= 0.00
0.033487	0.033487	NODE_4090_length_22185_cov_8.515349:16617	NODE_4090_length_22185_cov_8.515349	16617	16727	0	16617	3.18097986988356e-10	9.497439079219	1.17360938219351e-10	41.5084767219236	Modern	0.033487	< 0.25	< 0.25
0.024298	0.024298	NODE_4090_length_22185_cov_8.515349:16635	NODE_4090_length_22185_cov_8.515349	16635	16727	0	16635	2.31831208289874e-09	8.63482810126383	9.14775565474288e-10	37.4986227241369	Historical	0	< 0.25	= 0.00
0.024298	0.024298	NODE_4090_length_22185_cov_8.515349:16635	NODE_4090_length_22185_cov_8.515349	16635	16727	0	16635	2.31831208289874e-09	8.63482810126383	9.14775565474288e-10	37.4986227241369	Modern	0.024298	< 0.25	< 0.25
0.027121	0.027121	NODE_4090_length_22185_cov_8.515349:16636	NODE_4090_length_22185_cov_8.515349	16636	16727	0	16636	1.45084673409214e-10	9.83837846354691	5.24950242819662e-11	43.0819239196706	Historical	0	< 0.25	= 0.00
0.027121	0.027121	NODE_4090_length_22185_cov_8.515349:16636	NODE_4090_length_22185_cov_8.515349	16636	16727	0	16636	1.45084673409214e-10	9.83837846354691	5.24950242819662e-11	43.0819239196706	Modern	0.027121	< 0.25	< 0.25
0.024029	0.024029	NODE_4090_length_22185_cov_8.515349:16644	NODE_4090_length_22185_cov_8.515349	16644	16727	0	16644	1.58336328319948e-09	8.80041943018622	6.17256056745857e-10	38.2661028165242	Historical	0	< 0.25	= 0.00
0.024029	0.024029	NODE_4090_length_22185_cov_8.515349:16644	NODE_4090_length_22185_cov_8.515349	16644	16727	0	16644	1.58336328319948e-09	8.80041943018622	6.17256056745857e-10	38.2661028165242	Modern	0.024029	< 0.25	< 0.25
0.013227	0.013227	NODE_4090_length_22185_cov_8.515349:16647	NODE_4090_length_22185_cov_8.515349	16647	16727	0	16647	3.52670795559268e-05	4.45263050248899	1.9559329972138e-05	18.2317278327868	Historical	0	< 0.25	= 0.00
0.013227	0.013227	NODE_4090_length_22185_cov_8.515349:16647	NODE_4090_length_22185_cov_8.515349	16647	16727	0	16647	3.52670795559268e-05	4.45263050248899	1.9559329972138e-05	18.2317278327868	Modern	0.013227	< 0.25	< 0.25
0.034366	0.034366	NODE_4090_length_22185_cov_8.515349:16662	NODE_4090_length_22185_cov_8.515349	16662	16727	0	16662	7.40371246614364e-15	14.1305504560445	2.1374440548031e-15	62.9340551464981	Historical	0	< 0.25	= 0.00
0.034366	0.034366	NODE_4090_length_22185_cov_8.515349:16662	NODE_4090_length_22185_cov_8.515349	16662	16727	0	16662	7.40371246614364e-15	14.1305504560445	2.1374440548031e-15	62.9340551464981	Modern	0.034366	< 0.25	< 0.25
0.138474	0.138474	NODE_4090_length_22185_cov_8.515349:16670	NODE_4090_length_22185_cov_8.515349	16670	16727	0	16670	3.22497791952466e-67	66.4914732545051	2.14385996549597e-68	305.446504388714	Historical	0	< 0.25	= 0.00
0.138474	0.138474	NODE_4090_length_22185_cov_8.515349:16670	NODE_4090_length_22185_cov_8.515349	16670	16727	0	16670	3.22497791952466e-67	66.4914732545051	2.14385996549597e-68	305.446504388714	Modern	0.138474	< 0.25	< 0.25
0.047662	0.047662	NODE_4090_length_22185_cov_8.515349:16681	NODE_4090_length_22185_cov_8.515349	16681	16727	0	16681	7.41680310435946e-19	18.1297832501543	1.77143967782185e-19	81.4788866291445	Historical	0	< 0.25	= 0.00
0.047662	0.047662	NODE_4090_length_22185_cov_8.515349:16681	NODE_4090_length_22185_cov_8.515349	16681	16727	0	16681	7.41680310435946e-19	18.1297832501543	1.77143967782185e-19	81.4788866291445	Modern	0.047662	< 0.25	< 0.25
0.011114	0.011114	NODE_4090_length_22185_cov_8.515349:16684	NODE_4090_length_22185_cov_8.515349	16684	16727	0	16684	0.000990641144550285	3.00408363831594	0.00063126325545417	11.6814497520141	Historical	0	< 0.25	= 0.00
0.011114	0.011114	NODE_4090_length_22185_cov_8.515349:16684	NODE_4090_length_22185_cov_8.515349	16684	16727	0	16684	0.000990641144550285	3.00408363831594	0.00063126325545417	11.6814497520141	Modern	0.011114	< 0.25	< 0.25
0.024821	0.024821	NODE_4090_length_22185_cov_8.515349:16691	NODE_4090_length_22185_cov_8.515349	16691	16727	0	16691	2.92890588732404e-08	7.53329458300345	1.2614043873708e-08	32.3898992015237	Historical	0	< 0.25	= 0.00
0.024821	0.024821	NODE_4090_length_22185_cov_8.515349:16691	NODE_4090_length_22185_cov_8.515349	16691	16727	0	16691	2.92890588732404e-08	7.53329458300345	1.2614043873708e-08	32.3898992015237	Modern	0.024821	< 0.25	< 0.25
0.037175	0.037175	NODE_4090_length_22185_cov_8.515349:16699	NODE_4090_length_22185_cov_8.515349	16699	16727	0	16699	6.45204757593071e-12	11.1903024388826	2.1598734762731e-12	49.3330984981039	Historical	0	< 0.25	= 0.00
0.037175	0.037175	NODE_4090_length_22185_cov_8.515349:16699	NODE_4090_length_22185_cov_8.515349	16699	16727	0	16699	6.45204757593071e-12	11.1903024388826	2.1598734762731e-12	49.3330984981039	Modern	0.037175	< 0.25	< 0.25
0.012345	0.012345	NODE_4090_length_22185_cov_8.515349:16702	NODE_4090_length_22185_cov_8.515349	16702	16727	0	16702	0.0016156222414892	2.79166017673903	0.00105406693248156	10.7301009962752	Historical	0	< 0.25	= 0.00
0.012345	0.012345	NODE_4090_length_22185_cov_8.515349:16702	NODE_4090_length_22185_cov_8.515349	16702	16727	0	16702	0.0016156222414892	2.79166017673903	0.00105406693248156	10.7301009962752	Modern	0.012345	< 0.25	< 0.25
0.125164	0.125164	NODE_4090_length_22185_cov_8.515349:16722	NODE_4090_length_22185_cov_8.515349	16722	16727	0	16722	8.82986016076479e-34	33.0540461743261	1.30812743122441e-34	150.559581270253	Historical	0	< 0.25	= 0.00
0.125164	0.125164	NODE_4090_length_22185_cov_8.515349:16722	NODE_4090_length_22185_cov_8.515349	16722	16727	0	16722	8.82986016076479e-34	33.0540461743261	1.30812743122441e-34	150.559581270253	Modern	0.125164	< 0.25	< 0.25
0.027122	0.027122	NODE_4090_length_22185_cov_8.515349:16727	NODE_4090_length_22185_cov_8.515349	16727	16727	0	16727	1.00938168761357e-05	4.99594457858046	5.34406733945459e-06	20.7098399633661	Historical	0	< 0.25	= 0.00
0.027122	0.027122	NODE_4090_length_22185_cov_8.515349:16727	NODE_4090_length_22185_cov_8.515349	16727	16727	0	16727	1.00938168761357e-05	4.99594457858046	5.34406733945459e-06	20.7098399633661	Modern	0.027122	< 0.25	< 0.25
0.027257	0.027257	NODE_4100_length_22174_cov_23.378664:953	NODE_4100_length_22174_cov_23.378664	953	996	2301	3254	7.33907604442697e-05	4.13435861229984	4.18877939477741e-05	16.7838725043478	Historical	0	< 0.25	= 0.00
0.027257	0.027257	NODE_4100_length_22174_cov_23.378664:953	NODE_4100_length_22174_cov_23.378664	953	996	2301	3254	7.33907604442697e-05	4.13435861229984	4.18877939477741e-05	16.7838725043478	Modern	0.027257	< 0.25	< 0.25
0.01486	0.01486	NODE_4100_length_22174_cov_23.378664:963	NODE_4100_length_22174_cov_23.378664	963	996	2301	3264	0.00513910595990236	2.28911242778545	0.00362013751686172	8.46515826970451	Historical	0	< 0.25	= 0.00
0.01486	0.01486	NODE_4100_length_22174_cov_23.378664:963	NODE_4100_length_22174_cov_23.378664	963	996	2301	3264	0.00513910595990236	2.28911242778545	0.00362013751686172	8.46515826970451	Modern	0.01486	< 0.25	< 0.25
0.012696	0.012696	NODE_4100_length_22174_cov_23.378664:965	NODE_4100_length_22174_cov_23.378664	965	996	2301	3266	0.0107547480960504	1.96839975745471	0.00807882786702364	7.01591627691263	Historical	0	< 0.25	= 0.00
0.012696	0.012696	NODE_4100_length_22174_cov_23.378664:965	NODE_4100_length_22174_cov_23.378664	965	996	2301	3266	0.0107547480960504	1.96839975745471	0.00807882786702364	7.01591627691263	Modern	0.012696	< 0.25	< 0.25
0.035123	0.035123	NODE_4100_length_22174_cov_23.378664:974	NODE_4100_length_22174_cov_23.378664	974	996	2301	3275	9.27057920773963e-11	10.0328931311341	3.32790022841936e-11	43.973864107918	Historical	0	< 0.25	= 0.00
0.035123	0.035123	NODE_4100_length_22174_cov_23.378664:974	NODE_4100_length_22174_cov_23.378664	974	996	2301	3275	9.27057920773963e-11	10.0328931311341	3.32790022841936e-11	43.973864107918	Modern	0.035123	< 0.25	< 0.25
0.022842	0.022842	NODE_4100_length_22174_cov_23.378664:991	NODE_4100_length_22174_cov_23.378664	991	996	2301	3292	1.5820474487238e-07	6.80078049529479	7.2566848787616e-08	28.994960128898	Historical	0	< 0.25	= 0.00
0.022842	0.022842	NODE_4100_length_22174_cov_23.378664:991	NODE_4100_length_22174_cov_23.378664	991	996	2301	3292	1.5820474487238e-07	6.80078049529479	7.2566848787616e-08	28.994960128898	Modern	0.022842	< 0.25	< 0.25
0.039963	0.039963	NODE_4100_length_22174_cov_23.378664:996	NODE_4100_length_22174_cov_23.378664	996	996	2301	3297	4.60862294750921e-15	14.336428822037	1.30862133077422e-15	63.9005346350569	Historical	0	< 0.25	= 0.00
0.039963	0.039963	NODE_4100_length_22174_cov_23.378664:996	NODE_4100_length_22174_cov_23.378664	996	996	2301	3297	4.60862294750921e-15	14.336428822037	1.30862133077422e-15	63.9005346350569	Modern	0.039963	< 0.25	< 0.25
0.154731	0.154731	NODE_4105_length_22153_cov_15.691802:100	NODE_4105_length_22153_cov_15.691802	100	5120	4602	4702	2.77366160178661e-30	29.5569465257579	4.49106650621669e-31	134.389157939043	Historical	0	< 0.25	= 0.00
0.154731	0.154731	NODE_4105_length_22153_cov_15.691802:100	NODE_4105_length_22153_cov_15.691802	100	5120	4602	4702	2.77366160178661e-30	29.5569465257579	4.49106650621669e-31	134.389157939043	Modern	0.154731	< 0.25	< 0.25
0.092428	0.092428	NODE_4105_length_22153_cov_15.691802:108	NODE_4105_length_22153_cov_15.691802	108	5120	4602	4710	1.19201522127715e-17	16.9237181988957	2.98852819009655e-18	75.8970061929832	Historical	0	< 0.25	= 0.00
0.092428	0.092428	NODE_4105_length_22153_cov_15.691802:108	NODE_4105_length_22153_cov_15.691802	108	5120	4602	4710	1.19201522127715e-17	16.9237181988957	2.98852819009655e-18	75.8970061929832	Modern	0.092428	< 0.25	< 0.25
0.014515	0.014515	NODE_4105_length_22153_cov_15.691802:122	NODE_4105_length_22153_cov_15.691802	122	5120	4602	4724	0.0106373163674464	1.97316792409119	0.00797041083942566	7.04011062306918	Historical	0	< 0.25	= 0.00
0.014515	0.014515	NODE_4105_length_22153_cov_15.691802:122	NODE_4105_length_22153_cov_15.691802	122	5120	4602	4724	0.0106373163674464	1.97316792409119	0.00797041083942566	7.04011062306918	Modern	0.014515	< 0.25	< 0.25
0.034523	0.034523	NODE_4105_length_22153_cov_15.691802:4072	NODE_4105_length_22153_cov_15.691802	4072	5120	4602	8674	0.000185857357977229	3.73082024077943	0.000110755453115585	14.9439018571449	Historical	0	< 0.25	= 0.00
0.034523	0.034523	NODE_4105_length_22153_cov_15.691802:4072	NODE_4105_length_22153_cov_15.691802	4072	5120	4602	8674	0.000185857357977229	3.73082024077943	0.000110755453115585	14.9439018571449	Modern	0.034523	< 0.25	< 0.25
0.016928	0.016928	NODE_4105_length_22153_cov_15.691802:4075	NODE_4105_length_22153_cov_15.691802	4075	5120	4602	8677	0.0691010910918453	1.16051509515219	0.0573122734538045	3.61350318913924	Historical	0	< 0.25	= 0.00
0.016928	0.016928	NODE_4105_length_22153_cov_15.691802:4075	NODE_4105_length_22153_cov_15.691802	4075	5120	4602	8677	0.0691010910918453	1.16051509515219	0.0573122734538045	3.61350318913924	Modern	0.016928	< 0.25	< 0.25
0.172785	0.172785	NODE_4105_length_22153_cov_15.691802:4925	NODE_4105_length_22153_cov_15.691802	4925	5120	4602	9527	6.87682538578037e-31	30.1626120029889	1.09389197732024e-31	137.193495449232	Historical	0	< 0.25	= 0.00
0.172785	0.172785	NODE_4105_length_22153_cov_15.691802:4925	NODE_4105_length_22153_cov_15.691802	4925	5120	4602	9527	6.87682538578037e-31	30.1626120029889	1.09389197732024e-31	137.193495449232	Modern	0.172785	< 0.25	< 0.25
0.019342	0.019342	NODE_4105_length_22153_cov_15.691802:4974	NODE_4105_length_22153_cov_15.691802	4974	5120	4602	9576	0.0169915245209452	1.7697676534246	0.0132317664835471	6.13785582464088	Historical	0	< 0.25	= 0.00
0.019342	0.019342	NODE_4105_length_22153_cov_15.691802:4974	NODE_4105_length_22153_cov_15.691802	4974	5120	4602	9576	0.0169915245209452	1.7697676534246	0.0132317664835471	6.13785582464088	Modern	0.019342	< 0.25	< 0.25
0.039158	0.039158	NODE_4105_length_22153_cov_15.691802:5057	NODE_4105_length_22153_cov_15.691802	5057	5120	4602	9659	8.77034238871866e-06	5.05698345171622	4.61005176842904e-06	20.9928309751948	Historical	0	< 0.25	= 0.00
0.039158	0.039158	NODE_4105_length_22153_cov_15.691802:5057	NODE_4105_length_22153_cov_15.691802	5057	5120	4602	9659	8.77034238871866e-06	5.05698345171622	4.61005176842904e-06	20.9928309751948	Modern	0.039158	< 0.25	< 0.25
0.063888	0.063888	NODE_4105_length_22153_cov_15.691802:5072	NODE_4105_length_22153_cov_15.691802	5072	5120	4602	9674	6.42263173502229e-10	9.19228697912755	2.42449773473064e-10	40.0906248997723	Historical	0	< 0.25	= 0.00
0.063888	0.063888	NODE_4105_length_22153_cov_15.691802:5072	NODE_4105_length_22153_cov_15.691802	5072	5120	4602	9674	6.42263173502229e-10	9.19228697912755	2.42449773473064e-10	40.0906248997723	Modern	0.063888	< 0.25	< 0.25
0.020179	0.020179	NODE_4105_length_22153_cov_15.691802:5073	NODE_4105_length_22153_cov_15.691802	5073	5120	4602	9675	0.0121136398398442	1.91672534283166	0.00922615304041318	6.77851667755148	Historical	0	< 0.25	= 0.00
0.020179	0.020179	NODE_4105_length_22153_cov_15.691802:5073	NODE_4105_length_22153_cov_15.691802	5073	5120	4602	9675	0.0121136398398442	1.91672534283166	0.00922615304041318	6.77851667755148	Modern	0.020179	< 0.25	< 0.25
0.016633	0.016633	NODE_4105_length_22153_cov_15.691802:5098	NODE_4105_length_22153_cov_15.691802	5098	5120	4602	9700	0.0206489702247889	1.68510160196609	0.0162564067581672	5.77492576789388	Historical	0	< 0.25	= 0.00
0.016633	0.016633	NODE_4105_length_22153_cov_15.691802:5098	NODE_4105_length_22153_cov_15.691802	5098	5120	4602	9700	0.0206489702247889	1.68510160196609	0.0162564067581672	5.77492576789388	Modern	0.016633	< 0.25	< 0.25
0.017219	0.017219	NODE_4105_length_22153_cov_15.691802:5120	NODE_4105_length_22153_cov_15.691802	5120	5120	4602	9722	0.0218950904622313	1.65965325612763	0.017310221091935	5.66464489296328	Historical	0	< 0.25	= 0.00
0.017219	0.017219	NODE_4105_length_22153_cov_15.691802:5120	NODE_4105_length_22153_cov_15.691802	5120	5120	4602	9722	0.0218950904622313	1.65965325612763	0.017310221091935	5.66464489296328	Modern	0.017219	< 0.25	< 0.25
0.034534	0.034534	NODE_4120_length_22129_cov_14.515797:18387	NODE_4120_length_22129_cov_14.515797	18387	18576	6903	25290	2.31038192421071e-13	12.6363162218971	7.06498556121412e-14	56.0500376055646	Historical	0	< 0.25	= 0.00
0.034534	0.034534	NODE_4120_length_22129_cov_14.515797:18387	NODE_4120_length_22129_cov_14.515797	18387	18576	6903	25290	2.31038192421071e-13	12.6363162218971	7.06498556121412e-14	56.0500376055646	Modern	0.034534	< 0.25	< 0.25
0.349735	0.349735	NODE_4120_length_22129_cov_14.515797:18570	NODE_4120_length_22129_cov_14.515797	18570	18576	6903	25473	0	Inf	0	1941.88172882305	Historical	0	< 0.25	= 0.00
0.349735	0.349735	NODE_4120_length_22129_cov_14.515797:18570	NODE_4120_length_22129_cov_14.515797	18570	18576	6903	25473	0	Inf	0	1941.88172882305	Modern	0.349735	0.25–0.75	0.25–0.75
0.151641	0.151641	NODE_4120_length_22129_cov_14.515797:18571	NODE_4120_length_22129_cov_14.515797	18571	18576	6903	25474	9.34336671313652e-136	135.02949660541	2.08517680682534e-137	622.550001730231	Historical	0	< 0.25	= 0.00
0.151641	0.151641	NODE_4120_length_22129_cov_14.515797:18571	NODE_4120_length_22129_cov_14.515797	18571	18576	6903	25474	9.34336671313652e-136	135.02949660541	2.08517680682534e-137	622.550001730231	Modern	0.151641	< 0.25	< 0.25
0.077621	0.077621	NODE_4120_length_22129_cov_14.515797:18575	NODE_4120_length_22129_cov_14.515797	18575	18576	6903	25478	1.69568495905107e-51	50.7706548320645	1.59423372218477e-52	232.626539265406	Historical	0	< 0.25	= 0.00
0.077621	0.077621	NODE_4120_length_22129_cov_14.515797:18575	NODE_4120_length_22129_cov_14.515797	18575	18576	6903	25478	1.69568495905107e-51	50.7706548320645	1.59423372218477e-52	232.626539265406	Modern	0.077621	< 0.25	< 0.25
0.241348	0.241348	NODE_4120_length_22129_cov_14.515797:18576	NODE_4120_length_22129_cov_14.515797	18576	18576	6903	25479	2.72350326644376e-236	235.564872099518	2.19845942685394e-238	1087.01038571291	Historical	0	< 0.25	= 0.00
0.241348	0.241348	NODE_4120_length_22129_cov_14.515797:18576	NODE_4120_length_22129_cov_14.515797	18576	18576	6903	25479	2.72350326644376e-236	235.564872099518	2.19845942685394e-238	1087.01038571291	Modern	0.241348	< 0.25	< 0.25
0.264765	0.264765	NODE_4135_length_22088_cov_13.892082:10170	NODE_4135_length_22088_cov_13.892082	10170	10170	9204	19374	3.73846438564198e-73	72.4273067522897	2.18343361554588e-74	332.955243234778	Historical	1e-06	< 0.25	< 0.25
0.264765	0.264765	NODE_4135_length_22088_cov_13.892082:10170	NODE_4135_length_22088_cov_13.892082	10170	10170	9204	19374	3.73846438564198e-73	72.4273067522897	2.18343361554588e-74	332.955243234778	Modern	0.264766	0.25–0.75	0.25–0.75
0.011617	0.011617	NODE_4146_length_22065_cov_9.144542:13784	NODE_4146_length_22065_cov_9.144542	13784	13787	0	13784	0.000619257542423857	3.2081286950964	0.000387256497327739	12.5926990867778	Historical	0	< 0.25	= 0.00
0.011617	0.011617	NODE_4146_length_22065_cov_9.144542:13784	NODE_4146_length_22065_cov_9.144542	13784	13787	0	13784	0.000619257542423857	3.2081286950964	0.000387256497327739	12.5926990867778	Modern	0.011617	< 0.25	< 0.25
1e-06	1e-06	NODE_4146_length_22065_cov_9.144542:13787	NODE_4146_length_22065_cov_9.144542	13787	13787	0	13787	0.999165688808028	0.000362487981788934	0.988508533688264	0.000207443964466418	Historical	0	< 0.25	= 0.00
1e-06	1e-06	NODE_4146_length_22065_cov_9.144542:13787	NODE_4146_length_22065_cov_9.144542	13787	13787	0	13787	0.999165688808028	0.000362487981788934	0.988508533688264	0.000207443964466418	Modern	1e-06	< 0.25	< 0.25
0.0779	0.0779	NODE_4154_length_22038_cov_20.735904:21882	NODE_4154_length_22038_cov_20.735904	21882	21995	33908	55790	9.21834891484581e-54	53.0353468578383	8.14156171966438e-55	243.137045327995	Historical	0	< 0.25	= 0.00
0.0779	0.0779	NODE_4154_length_22038_cov_20.735904:21882	NODE_4154_length_22038_cov_20.735904	21882	21995	33908	55790	9.21834891484581e-54	53.0353468578383	8.14156171966438e-55	243.137045327995	Modern	0.0779	< 0.25	< 0.25
0.120559	0.120559	NODE_4154_length_22038_cov_20.735904:21883	NODE_4154_length_22038_cov_20.735904	21883	21995	33908	55791	6.61146025677259e-97	96.1797026083785	2.51147588101523e-98	442.915485060867	Historical	0	< 0.25	= 0.00
0.120559	0.120559	NODE_4154_length_22038_cov_20.735904:21883	NODE_4154_length_22038_cov_20.735904	21883	21995	33908	55791	6.61146025677259e-97	96.1797026083785	2.51147588101523e-98	442.915485060867	Modern	0.120559	< 0.25	< 0.25
0.034205	0.034205	NODE_4154_length_22038_cov_20.735904:21907	NODE_4154_length_22038_cov_20.735904	21907	21995	33908	55815	1.36130907762458e-24	23.8660432594642	2.66314976249442e-25	108.018247445607	Historical	0	< 0.25	= 0.00
0.034205	0.034205	NODE_4154_length_22038_cov_20.735904:21907	NODE_4154_length_22038_cov_20.735904	21907	21995	33908	55815	1.36130907762458e-24	23.8660432594642	2.66314976249442e-25	108.018247445607	Modern	0.034205	< 0.25	< 0.25
0.042743	0.042743	NODE_4154_length_22038_cov_20.735904:21918	NODE_4154_length_22038_cov_20.735904	21918	21995	33908	55826	6.18090605373559e-38	37.2089478573877	8.07098368840117e-39	169.827114707985	Historical	0	< 0.25	= 0.00
0.042743	0.042743	NODE_4154_length_22038_cov_20.735904:21918	NODE_4154_length_22038_cov_20.735904	21918	21995	33908	55826	6.18090605373559e-38	37.2089478573877	8.07098368840117e-39	169.827114707985	Modern	0.042743	< 0.25	< 0.25
2e-05	2e-05	NODE_4154_length_22038_cov_20.735904:21939	NODE_4154_length_22038_cov_20.735904	21939	21995	33908	55847	0.999665547910362	0.000145274992107645	0.999190872911354	1.02837973060167e-06	Historical	0	< 0.25	= 0.00
2e-05	2e-05	NODE_4154_length_22038_cov_20.735904:21939	NODE_4154_length_22038_cov_20.735904	21939	21995	33908	55847	0.999665547910362	0.000145274992107645	0.999190872911354	1.02837973060167e-06	Modern	2e-05	< 0.25	< 0.25
0.115568	0.115568	NODE_4154_length_22038_cov_20.735904:21950	NODE_4154_length_22038_cov_20.735904	21950	21995	33908	55858	1.9940577948162e-138	137.700262258459	3.97675343695539e-140	635.054464000109	Historical	0	< 0.25	= 0.00
0.115568	0.115568	NODE_4154_length_22038_cov_20.735904:21950	NODE_4154_length_22038_cov_20.735904	21950	21995	33908	55858	1.9940577948162e-138	137.700262258459	3.97675343695539e-140	635.054464000109	Modern	0.115568	< 0.25	< 0.25
0.114637	0.114637	NODE_4154_length_22038_cov_20.735904:21951	NODE_4154_length_22038_cov_20.735904	21951	21995	33908	55859	1.37018492658439e-136	135.863220814468	2.79762354430812e-138	626.560936889858	Historical	0	< 0.25	= 0.00
0.114637	0.114637	NODE_4154_length_22038_cov_20.735904:21951	NODE_4154_length_22038_cov_20.735904	21951	21995	33908	55859	1.37018492658439e-136	135.863220814468	2.79762354430812e-138	626.560936889858	Modern	0.114637	< 0.25	< 0.25
0.060935	0.060935	NODE_4154_length_22038_cov_20.735904:21975	NODE_4154_length_22038_cov_20.735904	21975	21995	33908	55883	1.03688567703464e-54	53.9842691245849	9.00997525628391e-56	247.521784395265	Historical	0	< 0.25	= 0.00
0.060935	0.060935	NODE_4154_length_22038_cov_20.735904:21975	NODE_4154_length_22038_cov_20.735904	21975	21995	33908	55883	1.03688567703464e-54	53.9842691245849	9.00997525628391e-56	247.521784395265	Modern	0.060935	< 0.25	< 0.25
0	0	NODE_4154_length_22038_cov_20.735904:21976	NODE_4154_length_22038_cov_20.735904	21976	21995	33908	55884	0.999165688808028	0.000362487981788934	0.990606430074646	0.000138612146269218	Historical	0	< 0.25	= 0.00
0	0	NODE_4154_length_22038_cov_20.735904:21976	NODE_4154_length_22038_cov_20.735904	21976	21995	33908	55884	0.999165688808028	0.000362487981788934	0.990606430074646	0.000138612146269218	Modern	0	< 0.25	= 0.00
0.01879	0.01879	NODE_4154_length_22038_cov_20.735904:21980	NODE_4154_length_22038_cov_20.735904	21980	21995	33908	55888	9.88395379401675e-11	10.005069293526	3.55277921275911e-11	43.8458817618372	Historical	0	< 0.25	= 0.00
0.01879	0.01879	NODE_4154_length_22038_cov_20.735904:21980	NODE_4154_length_22038_cov_20.735904	21980	21995	33908	55888	9.88395379401675e-11	10.005069293526	3.55277921275911e-11	43.8458817618372	Modern	0.01879	< 0.25	< 0.25
0.022001	0.022001	NODE_4154_length_22038_cov_20.735904:21986	NODE_4154_length_22038_cov_20.735904	21986	21995	33908	55894	2.05806363517079e-12	11.6865412010137	6.74294353403535e-13	51.6177431935476	Historical	0	< 0.25	= 0.00
0.022001	0.022001	NODE_4154_length_22038_cov_20.735904:21986	NODE_4154_length_22038_cov_20.735904	21986	21995	33908	55894	2.05806363517079e-12	11.6865412010137	6.74294353403535e-13	51.6177431935476	Modern	0.022001	< 0.25	< 0.25
0.020633	0.020633	NODE_4154_length_22038_cov_20.735904:21995	NODE_4154_length_22038_cov_20.735904	21995	21995	33908	55903	3.34094043807741e-10	9.47613126684762	1.23738534743608e-10	41.4050307733807	Historical	0	< 0.25	= 0.00
0.020633	0.020633	NODE_4154_length_22038_cov_20.735904:21995	NODE_4154_length_22038_cov_20.735904	21995	21995	33908	55903	3.34094043807741e-10	9.47613126684762	1.23738534743608e-10	41.4050307733807	Modern	0.020633	< 0.25	< 0.25
0.018423	0.018423	NODE_4185_length_21963_cov_9.056211:21830	NODE_4185_length_21963_cov_9.056211	21830	21923	67816	89646	0.0244992118147035	1.61084788747348	0.0194853655221407	5.45742282104515	Historical	0	< 0.25	= 0.00
0.018423	0.018423	NODE_4185_length_21963_cov_9.056211:21830	NODE_4185_length_21963_cov_9.056211	21830	21923	67816	89646	0.0244992118147035	1.61084788747348	0.0194853655221407	5.45742282104515	Modern	0.018423	< 0.25	< 0.25
0.019754	0.019754	NODE_4185_length_21963_cov_9.056211:21902	NODE_4185_length_21963_cov_9.056211	21902	21923	67816	89718	0.0255358442814689	1.59284977866524	0.0204189751994272	5.37571457049493	Historical	0	< 0.25	= 0.00
0.019754	0.019754	NODE_4185_length_21963_cov_9.056211:21902	NODE_4185_length_21963_cov_9.056211	21902	21923	67816	89718	0.0255358442814689	1.59284977866524	0.0204189751994272	5.37571457049493	Modern	0.019754	< 0.25	< 0.25
0.019062	0.019062	NODE_4185_length_21963_cov_9.056211:21903	NODE_4185_length_21963_cov_9.056211	21903	21923	67816	89719	0.0297322001669315	1.52677295204623	0.0239721158041072	5.09664871036726	Historical	0	< 0.25	= 0.00
0.019062	0.019062	NODE_4185_length_21963_cov_9.056211:21903	NODE_4185_length_21963_cov_9.056211	21903	21923	67816	89719	0.0297322001669315	1.52677295204623	0.0239721158041072	5.09664871036726	Modern	0.019062	< 0.25	< 0.25
0.14336	0.14336	NODE_4185_length_21963_cov_9.056211:21910	NODE_4185_length_21963_cov_9.056211	21910	21923	67816	89726	3.85982674730675e-18	17.4134321886902	9.53043641310309e-19	78.154167141189	Historical	0	< 0.25	= 0.00
0.14336	0.14336	NODE_4185_length_21963_cov_9.056211:21910	NODE_4185_length_21963_cov_9.056211	21910	21923	67816	89726	3.85982674730675e-18	17.4134321886902	9.53043641310309e-19	78.154167141189	Modern	0.14336	< 0.25	< 0.25
0.018267	0.018267	NODE_4185_length_21963_cov_9.056211:21911	NODE_4185_length_21963_cov_9.056211	21911	21923	67816	89727	0.0386052656361771	1.4133534548938	0.0313826317251036	4.63190873994971	Historical	0	< 0.25	= 0.00
0.018267	0.018267	NODE_4185_length_21963_cov_9.056211:21911	NODE_4185_length_21963_cov_9.056211	21911	21923	67816	89727	0.0386052656361771	1.4133534548938	0.0313826317251036	4.63190873994971	Modern	0.018267	< 0.25	< 0.25
0.087673	0.087673	NODE_4185_length_21963_cov_9.056211:21923	NODE_4185_length_21963_cov_9.056211	21923	21923	67816	89739	5.9062345219925e-09	8.2286893122668	2.4090481739751e-09	35.6111490037828	Historical	0	< 0.25	= 0.00
0.087673	0.087673	NODE_4185_length_21963_cov_9.056211:21923	NODE_4185_length_21963_cov_9.056211	21923	21923	67816	89739	5.9062345219925e-09	8.2286893122668	2.4090481739751e-09	35.6111490037828	Modern	0.087673	< 0.25	< 0.25
0.013204	0.013204	NODE_4201_length_21922_cov_9.056133:35	NODE_4201_length_21922_cov_9.056133	35	84	0	35	0.00285568808194511	2.54428923096027	0.00192548769058028	9.61924600706769	Historical	0	< 0.25	= 0.00
0.013204	0.013204	NODE_4201_length_21922_cov_9.056133:35	NODE_4201_length_21922_cov_9.056133	35	84	0	35	0.00285568808194511	2.54428923096027	0.00192548769058028	9.61924600706769	Modern	0.013204	< 0.25	< 0.25
0.034809	0.034809	NODE_4201_length_21922_cov_9.056133:40	NODE_4201_length_21922_cov_9.056133	40	84	0	40	7.27894090668296e-10	9.13793180637982	2.76502978411508e-10	39.83390753102	Historical	0	< 0.25	= 0.00
0.034809	0.034809	NODE_4201_length_21922_cov_9.056133:40	NODE_4201_length_21922_cov_9.056133	40	84	0	40	7.27894090668296e-10	9.13793180637982	2.76502978411508e-10	39.83390753102	Modern	0.034809	< 0.25	< 0.25
0.039795	0.039795	NODE_4201_length_21922_cov_9.056133:69	NODE_4201_length_21922_cov_9.056133	69	84	0	69	2.25697494495817e-11	10.6464732620684	7.86618997910398e-12	46.7987915579703	Historical	0	< 0.25	= 0.00
0.039795	0.039795	NODE_4201_length_21922_cov_9.056133:69	NODE_4201_length_21922_cov_9.056133	69	84	0	69	2.25697494495817e-11	10.6464732620684	7.86618997910398e-12	46.7987915579703	Modern	0.039795	< 0.25	< 0.25
0.041902	0.041902	NODE_4201_length_21922_cov_9.056133:82	NODE_4201_length_21922_cov_9.056133	82	84	0	82	1.12184456438953e-09	8.95006731197845	4.34674816971442e-10	38.9505634265834	Historical	0	< 0.25	= 0.00
0.041902	0.041902	NODE_4201_length_21922_cov_9.056133:82	NODE_4201_length_21922_cov_9.056133	82	84	0	82	1.12184456438953e-09	8.95006731197845	4.34674816971442e-10	38.9505634265834	Modern	0.041902	< 0.25	< 0.25
0.236438	0.236438	NODE_4201_length_21922_cov_9.056133:84	NODE_4201_length_21922_cov_9.056133	84	84	0	84	1.69606480535611e-59	58.7705575576979	1.40130710414037e-60	269.579602458145	Historical	0	< 0.25	= 0.00
0.236438	0.236438	NODE_4201_length_21922_cov_9.056133:84	NODE_4201_length_21922_cov_9.056133	84	84	0	84	1.69606480535611e-59	58.7705575576979	1.40130710414037e-60	269.579602458145	Modern	0.236438	< 0.25	< 0.25
0.169833	0.169833	NODE_4205_length_21912_cov_31.101958:1637	NODE_4205_length_21912_cov_31.101958	1637	1641	3799	5436	2.47717202787702e-31	30.6060438326699	3.90513349124013e-32	139.238973031018	Historical	0	< 0.25	= 0.00
0.169833	0.169833	NODE_4205_length_21912_cov_31.101958:1637	NODE_4205_length_21912_cov_31.101958	1637	1641	3799	5436	2.47717202787702e-31	30.6060438326699	3.90513349124013e-32	139.238973031018	Modern	0.169833	< 0.25	< 0.25
0.321629	-0.321629	NODE_4205_length_21912_cov_31.101958:1641	NODE_4205_length_21912_cov_31.101958	1641	1641	3799	5440	0.15366650577398	0.813420784046995	0.129076946208058	2.30357093527467	Historical	0.500002	0.25–0.75	0.25–0.75
0.321629	-0.321629	NODE_4205_length_21912_cov_31.101958:1641	NODE_4205_length_21912_cov_31.101958	1641	1641	3799	5440	0.15366650577398	0.813420784046995	0.129076946208058	2.30357093527467	Modern	0.178373	< 0.25	< 0.25
0.030374	0.030374	NODE_4231_length_21857_cov_9.611315:4003	NODE_4231_length_21857_cov_9.611315	4003	4003	7598	11601	0.0105829712705661	1.97539238284458	0.00791964041899915	7.05155650881479	Historical	0	< 0.25	= 0.00
0.030374	0.030374	NODE_4231_length_21857_cov_9.611315:4003	NODE_4231_length_21857_cov_9.611315	4003	4003	7598	11601	0.0105829712705661	1.97539238284458	0.00791964041899915	7.05155650881479	Modern	0.030374	< 0.25	< 0.25
0.335222	0.335222	NODE_4265_length_21785_cov_18.572674:18336	NODE_4265_length_21785_cov_18.572674	18336	18467	11397	29733	0	Inf	0	1500.00891371314	Historical	0	< 0.25	= 0.00
0.335222	0.335222	NODE_4265_length_21785_cov_18.572674:18336	NODE_4265_length_21785_cov_18.572674	18336	18467	11397	29733	0	Inf	0	1500.00891371314	Modern	0.335222	0.25–0.75	0.25–0.75
0.02231	0.02231	NODE_4265_length_21785_cov_18.572674:18337	NODE_4265_length_21785_cov_18.572674	18337	18467	11397	29734	2.68208730811441e-08	7.57152708896945	1.15001179450489e-08	32.5695718661083	Historical	0	< 0.25	= 0.00
0.02231	0.02231	NODE_4265_length_21785_cov_18.572674:18337	NODE_4265_length_21785_cov_18.572674	18337	18467	11397	29734	2.68208730811441e-08	7.57152708896945	1.15001179450489e-08	32.5695718661083	Modern	0.02231	< 0.25	< 0.25
0.010613	0.010613	NODE_4265_length_21785_cov_18.572674:18348	NODE_4265_length_21785_cov_18.572674	18348	18467	11397	29745	0.000445730632329577	3.35092751849502	0.00027620060550337	13.2252654438126	Historical	0	< 0.25	= 0.00
0.010613	0.010613	NODE_4265_length_21785_cov_18.572674:18348	NODE_4265_length_21785_cov_18.572674	18348	18467	11397	29745	0.000445730632329577	3.35092751849502	0.00027620060550337	13.2252654438126	Modern	0.010613	< 0.25	< 0.25
0.005537	0.005537	NODE_4265_length_21785_cov_18.572674:18363	NODE_4265_length_21785_cov_18.572674	18363	18467	11397	29760	0.0252393755767456	1.59792139375945	0.0201579438366981	5.39816420799669	Historical	0	< 0.25	= 0.00
0.005537	0.005537	NODE_4265_length_21785_cov_18.572674:18363	NODE_4265_length_21785_cov_18.572674	18363	18467	11397	29760	0.0252393755767456	1.59792139375945	0.0201579438366981	5.39816420799669	Modern	0.005537	< 0.25	< 0.25
0.025238	0.025238	NODE_4265_length_21785_cov_18.572674:18367	NODE_4265_length_21785_cov_18.572674	18367	18467	11397	29764	6.98252466256625e-19	18.1559875216782	1.66108492684981e-19	81.6060070320392	Historical	0	< 0.25	= 0.00
0.025238	0.025238	NODE_4265_length_21785_cov_18.572674:18367	NODE_4265_length_21785_cov_18.572674	18367	18467	11397	29764	6.98252466256625e-19	18.1559875216782	1.66108492684981e-19	81.6060070320392	Modern	0.025238	< 0.25	< 0.25
0.010543	0.010543	NODE_4265_length_21785_cov_18.572674:18374	NODE_4265_length_21785_cov_18.572674	18374	18467	11397	29771	1.70030213618838e-05	4.76947389955087	9.25235635361769e-06	19.6598822214211	Historical	0	< 0.25	= 0.00
0.010543	0.010543	NODE_4265_length_21785_cov_18.572674:18374	NODE_4265_length_21785_cov_18.572674	18374	18467	11397	29771	1.70030213618838e-05	4.76947389955087	9.25235635361769e-06	19.6598822214211	Modern	0.010543	< 0.25	< 0.25
0	0	NODE_4265_length_21785_cov_18.572674:18384	NODE_4265_length_21785_cov_18.572674	18384	18467	11397	29781	0.999165688808028	0.000362487981788934	0.991118195646543	0.000123919662198721	Historical	0	< 0.25	= 0.00
0	0	NODE_4265_length_21785_cov_18.572674:18384	NODE_4265_length_21785_cov_18.572674	18384	18467	11397	29781	0.999165688808028	0.000362487981788934	0.991118195646543	0.000123919662198721	Modern	0	< 0.25	= 0.00
0	0	NODE_4265_length_21785_cov_18.572674:18407	NODE_4265_length_21785_cov_18.572674	18407	18467	11397	29804	0.999165688808028	0.000362487981788934	0.991123595463564	0.000123769024408079	Historical	0	< 0.25	= 0.00
0	0	NODE_4265_length_21785_cov_18.572674:18407	NODE_4265_length_21785_cov_18.572674	18407	18467	11397	29804	0.999165688808028	0.000362487981788934	0.991123595463564	0.000123769024408079	Modern	0	< 0.25	= 0.00
0	0	NODE_4265_length_21785_cov_18.572674:18415	NODE_4265_length_21785_cov_18.572674	18415	18467	11397	29812	0.999165688808028	0.000362487981788934	0.991063071142386	0.00012546270332103	Historical	0	< 0.25	= 0.00
0	0	NODE_4265_length_21785_cov_18.572674:18415	NODE_4265_length_21785_cov_18.572674	18415	18467	11397	29812	0.999165688808028	0.000362487981788934	0.991063071142386	0.00012546270332103	Modern	0	< 0.25	= 0.00
0.010415	0.010415	NODE_4265_length_21785_cov_18.572674:18427	NODE_4265_length_21785_cov_18.572674	18427	18467	11397	29824	2.89142620763375e-05	4.53888788689018	1.59399137087502e-05	18.6216605376171	Historical	0	< 0.25	= 0.00
0.010415	0.010415	NODE_4265_length_21785_cov_18.572674:18427	NODE_4265_length_21785_cov_18.572674	18427	18467	11397	29824	2.89142620763375e-05	4.53888788689018	1.59399137087502e-05	18.6216605376171	Modern	0.010415	< 0.25	< 0.25
0.033111	0.033111	NODE_4265_length_21785_cov_18.572674:18429	NODE_4265_length_21785_cov_18.572674	18429	18467	11397	29826	4.63569233275211e-27	26.3338853955346	8.49656809326835e-28	119.414842957465	Historical	0	< 0.25	= 0.00
0.033111	0.033111	NODE_4265_length_21785_cov_18.572674:18429	NODE_4265_length_21785_cov_18.572674	18429	18467	11397	29826	4.63569233275211e-27	26.3338853955346	8.49656809326835e-28	119.414842957465	Modern	0.033111	< 0.25	< 0.25
0.010498	0.010498	NODE_4265_length_21785_cov_18.572674:18442	NODE_4265_length_21785_cov_18.572674	18442	18467	11397	29839	0.000170531013559734	3.76819662668314	0.000101379311005122	15.1108430786914	Historical	0	< 0.25	= 0.00
0.010498	0.010498	NODE_4265_length_21785_cov_18.572674:18442	NODE_4265_length_21785_cov_18.572674	18442	18467	11397	29839	0.000170531013559734	3.76819662668314	0.000101379311005122	15.1108430786914	Modern	0.010498	< 0.25	< 0.25
0.01974	0.01974	NODE_4265_length_21785_cov_18.572674:18455	NODE_4265_length_21785_cov_18.572674	18455	18467	11397	29852	8.14314125466511e-09	8.08920803167044	3.36784237075656e-09	34.9586365967656	Historical	0	< 0.25	= 0.00
0.01974	0.01974	NODE_4265_length_21785_cov_18.572674:18455	NODE_4265_length_21785_cov_18.572674	18455	18467	11397	29852	8.14314125466511e-09	8.08920803167044	3.36784237075656e-09	34.9586365967656	Modern	0.01974	< 0.25	< 0.25
0.121359	0.121359	NODE_4265_length_21785_cov_18.572674:18460	NODE_4265_length_21785_cov_18.572674	18460	18467	11397	29857	1.23945395916057e-94	93.9067696009283	4.94369100519884e-96	432.374639105495	Historical	0	< 0.25	= 0.00
0.121359	0.121359	NODE_4265_length_21785_cov_18.572674:18460	NODE_4265_length_21785_cov_18.572674	18460	18467	11397	29857	1.23945395916057e-94	93.9067696009283	4.94369100519884e-96	432.374639105495	Modern	0.121359	< 0.25	< 0.25
0.021345	0.021345	NODE_4265_length_21785_cov_18.572674:18464	NODE_4265_length_21785_cov_18.572674	18464	18467	11397	29861	1.66247969640436e-07	6.77924364996073	7.64930116721665e-08	28.8928943012429	Historical	0	< 0.25	= 0.00
0.021345	0.021345	NODE_4265_length_21785_cov_18.572674:18464	NODE_4265_length_21785_cov_18.572674	18464	18467	11397	29861	1.66247969640436e-07	6.77924364996073	7.64930116721665e-08	28.8928943012429	Modern	0.021345	< 0.25	< 0.25
0.010969	0.010969	NODE_4265_length_21785_cov_18.572674:18467	NODE_4265_length_21785_cov_18.572674	18467	18467	11397	29864	0.00691453475663983	2.16023703600607	0.00499264324672925	7.88210143379702	Historical	0	< 0.25	= 0.00
0.010969	0.010969	NODE_4265_length_21785_cov_18.572674:18467	NODE_4265_length_21785_cov_18.572674	18467	18467	11397	29864	0.00691453475663983	2.16023703600607	0.00499264324672925	7.88210143379702	Modern	0.010969	< 0.25	< 0.25
0.218376	-0.218376	NODE_4283_length_21749_cov_6.710485:40	NODE_4283_length_21749_cov_6.710485	40	40	15196	15236	0.357389126138361	0.446858665400459	0.304781989812202	1.05315321247452	Historical	0.5	0.25–0.75	0.25–0.75
0.218376	-0.218376	NODE_4283_length_21749_cov_6.710485:40	NODE_4283_length_21749_cov_6.710485	40	40	15196	15236	0.357389126138361	0.446858665400459	0.304781989812202	1.05315321247452	Modern	0.281624	0.25–0.75	0.25–0.75
0.1592	-0.1592	NODE_4287_length_21736_cov_9.136803:2505	NODE_4287_length_21736_cov_9.136803	2505	2542	18995	21500	0.525457199197058	0.27946265339323	0.454098814120915	0.560400763035144	Historical	0.5	0.25–0.75	0.25–0.75
0.1592	-0.1592	NODE_4287_length_21736_cov_9.136803:2505	NODE_4287_length_21736_cov_9.136803	2505	2542	18995	21500	0.525457199197058	0.27946265339323	0.454098814120915	0.560400763035144	Modern	0.3408	0.25–0.75	0.25–0.75
0.019672	0.019672	NODE_4287_length_21736_cov_9.136803:2517	NODE_4287_length_21736_cov_9.136803	2517	2542	18995	21512	0.0485787047909886	1.31355406856805	0.0399055837076972	4.2218944058858	Historical	0	< 0.25	= 0.00
0.019672	0.019672	NODE_4287_length_21736_cov_9.136803:2517	NODE_4287_length_21736_cov_9.136803	2517	2542	18995	21512	0.0485787047909886	1.31355406856805	0.0399055837076972	4.2218944058858	Modern	0.019672	< 0.25	< 0.25
0.02245	0.02245	NODE_4287_length_21736_cov_9.136803:2525	NODE_4287_length_21736_cov_9.136803	2525	2542	18995	21520	0.0232651220058857	1.63329466561754	0.018437553954332	5.55409013191859	Historical	0	< 0.25	= 0.00
0.02245	0.02245	NODE_4287_length_21736_cov_9.136803:2525	NODE_4287_length_21736_cov_9.136803	2525	2542	18995	21520	0.0232651220058857	1.63329466561754	0.018437553954332	5.55409013191859	Modern	0.02245	< 0.25	< 0.25
0.019581	0.019581	NODE_4287_length_21736_cov_9.136803:2527	NODE_4287_length_21736_cov_9.136803	2527	2542	18995	21522	0.0397339335563308	1.40083843878943	0.0323946647275499	4.57748834587743	Historical	0	< 0.25	= 0.00
0.019581	0.019581	NODE_4287_length_21736_cov_9.136803:2527	NODE_4287_length_21736_cov_9.136803	2527	2542	18995	21522	0.0397339335563308	1.40083843878943	0.0323946647275499	4.57748834587743	Modern	0.019581	< 0.25	< 0.25
0.020283	0.020283	NODE_4287_length_21736_cov_9.136803:2542	NODE_4287_length_21736_cov_9.136803	2542	2542	18995	21537	0.0348533672746762	1.45775525721687	0.0282666435447041	4.81173066231313	Historical	0	< 0.25	= 0.00
0.020283	0.020283	NODE_4287_length_21736_cov_9.136803:2542	NODE_4287_length_21736_cov_9.136803	2542	2542	18995	21537	0.0348533672746762	1.45775525721687	0.0282666435447041	4.81173066231313	Modern	0.020283	< 0.25	< 0.25
0.047794	0.047794	NODE_4309_length_21675_cov_11.041667:120	NODE_4309_length_21675_cov_11.041667	120	183	22794	22914	4.08227482576846e-09	8.38909776118364	1.64764178627882e-09	36.3513602400074	Historical	0	< 0.25	= 0.00
0.047794	0.047794	NODE_4309_length_21675_cov_11.041667:120	NODE_4309_length_21675_cov_11.041667	120	183	22794	22914	4.08227482576846e-09	8.38909776118364	1.64764178627882e-09	36.3513602400074	Modern	0.047794	< 0.25	< 0.25
0.282766	0.282766	NODE_4309_length_21675_cov_11.041667:129	NODE_4309_length_21675_cov_11.041667	129	183	22794	22923	2.37544006873519e-74	73.6242559221574	1.34224771215331e-75	338.517050458131	Historical	0	< 0.25	= 0.00
0.282766	0.282766	NODE_4309_length_21675_cov_11.041667:129	NODE_4309_length_21675_cov_11.041667	129	183	22794	22923	2.37544006873519e-74	73.6242559221574	1.34224771215331e-75	338.517050458131	Modern	0.282766	0.25–0.75	0.25–0.75
0.028986	0.028986	NODE_4309_length_21675_cov_11.041667:173	NODE_4309_length_21675_cov_11.041667	173	183	22794	22967	9.26090654554823e-05	4.03334649836573	5.36042026544316e-05	16.316183331036	Historical	0	< 0.25	= 0.00
0.028986	0.028986	NODE_4309_length_21675_cov_11.041667:173	NODE_4309_length_21675_cov_11.041667	173	183	22794	22967	9.26090654554823e-05	4.03334649836573	5.36042026544316e-05	16.316183331036	Modern	0.028986	< 0.25	< 0.25
0.033644	0.033644	NODE_4309_length_21675_cov_11.041667:183	NODE_4309_length_21675_cov_11.041667	183	183	22794	22977	3.12000457721045e-05	4.50584476884829	1.72296549064376e-05	18.4733527118156	Historical	0	< 0.25	= 0.00
0.033644	0.033644	NODE_4309_length_21675_cov_11.041667:183	NODE_4309_length_21675_cov_11.041667	183	183	22794	22977	3.12000457721045e-05	4.50584476884829	1.72296549064376e-05	18.4733527118156	Modern	0.033644	< 0.25	< 0.25
2.1e-05	2.1e-05	NODE_4337_length_21613_cov_57.201125:20205	NODE_4337_length_21613_cov_57.201125	20205	20369	0	20205	0.999165688808028	0.000362487981788934	0.989385753903773	0.00017697984183533	Historical	0	< 0.25	= 0.00
2.1e-05	2.1e-05	NODE_4337_length_21613_cov_57.201125:20205	NODE_4337_length_21613_cov_57.201125	20205	20369	0	20205	0.999165688808028	0.000362487981788934	0.989385753903773	0.00017697984183533	Modern	2.1e-05	< 0.25	< 0.25
0.012603	0.012603	NODE_4337_length_21613_cov_57.201125:20220	NODE_4337_length_21613_cov_57.201125	20220	20369	0	20220	0.0023202961755255	2.63445657580449	0.0015479658720861	10.0206290907312	Historical	0	< 0.25	= 0.00
0.012603	0.012603	NODE_4337_length_21613_cov_57.201125:20220	NODE_4337_length_21613_cov_57.201125	20220	20369	0	20220	0.0023202961755255	2.63445657580449	0.0015479658720861	10.0206290907312	Modern	0.012603	< 0.25	< 0.25
0.032783	0.032783	NODE_4337_length_21613_cov_57.201125:20286	NODE_4337_length_21613_cov_57.201125	20286	20369	0	20286	5.80588946199686e-16	15.2361312369339	1.56588091852527e-16	68.0851172345655	Historical	0	< 0.25	= 0.00
0.032783	0.032783	NODE_4337_length_21613_cov_57.201125:20286	NODE_4337_length_21613_cov_57.201125	20286	20369	0	20286	5.80588946199686e-16	15.2361312369339	1.56588091852527e-16	68.0851172345655	Modern	0.032783	< 0.25	< 0.25
0	0	NODE_4337_length_21613_cov_57.201125:20288	NODE_4337_length_21613_cov_57.201125	20288	20369	0	20288	0.999165688808028	0.000362487981788934	0.986970304441749	0.00026670246050912	Historical	0	< 0.25	= 0.00
0	0	NODE_4337_length_21613_cov_57.201125:20288	NODE_4337_length_21613_cov_57.201125	20288	20369	0	20288	0.999165688808028	0.000362487981788934	0.986970304441749	0.00026670246050912	Modern	0	< 0.25	= 0.00
0.011213	0.011213	NODE_4337_length_21613_cov_57.201125:20295	NODE_4337_length_21613_cov_57.201125	20295	20369	0	20295	0.000904549295222397	3.04356776041311	0.00057511467535745	11.8548467740737	Historical	0	< 0.25	= 0.00
0.011213	0.011213	NODE_4337_length_21613_cov_57.201125:20295	NODE_4337_length_21613_cov_57.201125	20295	20369	0	20295	0.000904549295222397	3.04356776041311	0.00057511467535745	11.8548467740737	Modern	0.011213	< 0.25	< 0.25
0.011172	0.011172	NODE_4337_length_21613_cov_57.201125:20305	NODE_4337_length_21613_cov_57.201125	20305	20369	0	20305	0.000839701373048922	3.07587513667117	0.000532688050519164	11.9976105502723	Historical	0	< 0.25	= 0.00
0.011172	0.011172	NODE_4337_length_21613_cov_57.201125:20305	NODE_4337_length_21613_cov_57.201125	20305	20369	0	20305	0.000839701373048922	3.07587513667117	0.000532688050519164	11.9976105502723	Modern	0.011172	< 0.25	< 0.25
0.005752	0.005752	NODE_4337_length_21613_cov_57.201125:20311	NODE_4337_length_21613_cov_57.201125	20311	20369	0	20311	0.0714323373975196	1.14610513872837	0.0592895184097171	3.5571481752366	Historical	0	< 0.25	= 0.00
0.005752	0.005752	NODE_4337_length_21613_cov_57.201125:20311	NODE_4337_length_21613_cov_57.201125	20311	20369	0	20311	0.0714323373975196	1.14610513872837	0.0592895184097171	3.5571481752366	Modern	0.005752	< 0.25	< 0.25
0.034229	0.034229	NODE_4337_length_21613_cov_57.201125:20366	NODE_4337_length_21613_cov_57.201125	20366	20369	0	20366	6.30293553391145e-09	8.20045713479247	2.57684116557349e-09	35.4799904841828	Historical	0	< 0.25	= 0.00
0.034229	0.034229	NODE_4337_length_21613_cov_57.201125:20366	NODE_4337_length_21613_cov_57.201125	20366	20369	0	20366	6.30293553391145e-09	8.20045713479247	2.57684116557349e-09	35.4799904841828	Modern	0.034229	< 0.25	< 0.25
0	0	NODE_4337_length_21613_cov_57.201125:20369	NODE_4337_length_21613_cov_57.201125	20369	20369	0	20369	0.999165688808028	0.000362487981788934	0.977640525671957	0.00078551912767145	Historical	0	< 0.25	= 0.00
0	0	NODE_4337_length_21613_cov_57.201125:20369	NODE_4337_length_21613_cov_57.201125	20369	20369	0	20369	0.999165688808028	0.000362487981788934	0.977640525671957	0.00078551912767145	Modern	0	< 0.25	= 0.00
0.012125	0.012125	NODE_4366_length_21556_cov_6.141166:63	NODE_4366_length_21556_cov_6.141166	63	80	33624	33687	0.0230350909932866	1.63761006785653	0.0182443170830019	5.57253614622186	Historical	0	< 0.25	= 0.00
0.012125	0.012125	NODE_4366_length_21556_cov_6.141166:63	NODE_4366_length_21556_cov_6.141166	63	80	33624	33687	0.0230350909932866	1.63761006785653	0.0182443170830019	5.57253614622186	Modern	0.012125	< 0.25	< 0.25
0.049247	0.049247	NODE_4366_length_21556_cov_6.141166:80	NODE_4366_length_21556_cov_6.141166	80	80	33624	33704	2.06606419302865e-11	10.6848561889902	7.15176066817608e-12	46.9853966178424	Historical	0	< 0.25	= 0.00
0.049247	0.049247	NODE_4366_length_21556_cov_6.141166:80	NODE_4366_length_21556_cov_6.141166	80	80	33624	33704	2.06606419302865e-11	10.6848561889902	7.15176066817608e-12	46.9853966178424	Modern	0.049247	< 0.25	< 0.25
0.020105	0.020105	NODE_4368_length_21549_cov_7.549371:21489	NODE_4368_length_21549_cov_7.549371	21489	21530	0	21489	0.00278176068150711	2.55568023565654	0.00187299935725407	9.67001350800812	Historical	0	< 0.25	= 0.00
0.020105	0.020105	NODE_4368_length_21549_cov_7.549371:21489	NODE_4368_length_21549_cov_7.549371	21489	21530	0	21489	0.00278176068150711	2.55568023565654	0.00187299935725407	9.67001350800812	Modern	0.020105	< 0.25	< 0.25
0.087125	0.087125	NODE_4368_length_21549_cov_7.549371:21495	NODE_4368_length_21549_cov_7.549371	21495	21530	0	21495	5.71849839896055e-17	16.2427179961474	1.47442764987444e-17	72.7461876977322	Historical	0	< 0.25	= 0.00
0.087125	0.087125	NODE_4368_length_21549_cov_7.549371:21495	NODE_4368_length_21549_cov_7.549371	21495	21530	0	21495	5.71849839896055e-17	16.2427179961474	1.47442764987444e-17	72.7461876977322	Modern	0.087125	< 0.25	< 0.25
0.08591	0.08591	NODE_4368_length_21549_cov_7.549371:21515	NODE_4368_length_21549_cov_7.549371	21515	21530	0	21515	0.399286151500188	0.398715752243297	0.341649404085156	0.904232303989611	Historical	0.047226	< 0.25	< 0.25
0.08591	0.08591	NODE_4368_length_21549_cov_7.549371:21515	NODE_4368_length_21549_cov_7.549371	21515	21530	0	21515	0.399286151500188	0.398715752243297	0.341649404085156	0.904232303989611	Modern	0.133136	< 0.25	< 0.25
0.019157	0.019157	NODE_4368_length_21549_cov_7.549371:21530	NODE_4368_length_21549_cov_7.549371	21530	21530	0	21530	0.0211450526792339	1.6747912285463	0.0166670405733752	5.73109988434223	Historical	0	< 0.25	= 0.00
0.019157	0.019157	NODE_4368_length_21549_cov_7.549371:21530	NODE_4368_length_21549_cov_7.549371	21530	21530	0	21530	0.0211450526792339	1.6747912285463	0.0166670405733752	5.73109988434223	Modern	0.019157	< 0.25	< 0.25
0.115191	0.115191	NODE_4370_length_21542_cov_8.813132:6696	NODE_4370_length_21542_cov_8.813132	6696	6790	69557	76253	5.4286105287556e-30	29.2653113153308	8.89302294596716e-31	133.032801956431	Historical	0	< 0.25	= 0.00
0.115191	0.115191	NODE_4370_length_21542_cov_8.813132:6696	NODE_4370_length_21542_cov_8.813132	6696	6790	69557	76253	5.4286105287556e-30	29.2653113153308	8.89302294596716e-31	133.032801956431	Modern	0.115191	< 0.25	< 0.25
0.022805	0.022805	NODE_4370_length_21542_cov_8.813132:6736	NODE_4370_length_21542_cov_8.813132	6736	6790	69557	76293	6.04334792113262e-09	8.21872240229656	2.46784388042453e-09	35.5641771644131	Historical	0	< 0.25	= 0.00
0.022805	0.022805	NODE_4370_length_21542_cov_8.813132:6736	NODE_4370_length_21542_cov_8.813132	6736	6790	69557	76293	6.04334792113262e-09	8.21872240229656	2.46784388042453e-09	35.5641771644131	Modern	0.022805	< 0.25	< 0.25
0.013354	0.013354	NODE_4370_length_21542_cov_8.813132:6761	NODE_4370_length_21542_cov_8.813132	6761	6790	69557	76318	3.72767146589477e-05	4.42856237068402	2.06915856772602e-05	18.1245550993354	Historical	0	< 0.25	= 0.00
0.013354	0.013354	NODE_4370_length_21542_cov_8.813132:6761	NODE_4370_length_21542_cov_8.813132	6761	6790	69557	76318	3.72767146589477e-05	4.42856237068402	2.06915856772602e-05	18.1245550993354	Modern	0.013354	< 0.25	< 0.25
0.011538	0.011538	NODE_4370_length_21542_cov_8.813132:6768	NODE_4370_length_21542_cov_8.813132	6768	6790	69557	76325	0.000257603962207955	3.58904746137505	0.000156079133797412	14.2974142039615	Historical	0	< 0.25	= 0.00
0.011538	0.011538	NODE_4370_length_21542_cov_8.813132:6768	NODE_4370_length_21542_cov_8.813132	6768	6790	69557	76325	0.000257603962207955	3.58904746137505	0.000156079133797412	14.2974142039615	Modern	0.011538	< 0.25	< 0.25
0.023158	0.023158	NODE_4370_length_21542_cov_8.813132:6771	NODE_4370_length_21542_cov_8.813132	6771	6790	69557	76328	8.77326369125031e-10	9.05683881718949	3.35766882010814e-10	39.4546520371917	Historical	0	< 0.25	= 0.00
0.023158	0.023158	NODE_4370_length_21542_cov_8.813132:6771	NODE_4370_length_21542_cov_8.813132	6771	6790	69557	76328	8.77326369125031e-10	9.05683881718949	3.35766882010814e-10	39.4546520371917	Modern	0.023158	< 0.25	< 0.25
0.04321	0.04321	NODE_4370_length_21542_cov_8.813132:6776	NODE_4370_length_21542_cov_8.813132	6776	6790	69557	76333	1.74001409497903e-20	19.759447233702	3.88322233922196e-21	89.0327905806874	Historical	0	< 0.25	= 0.00
0.04321	0.04321	NODE_4370_length_21542_cov_8.813132:6776	NODE_4370_length_21542_cov_8.813132	6776	6790	69557	76333	1.74001409497903e-20	19.759447233702	3.88322233922196e-21	89.0327905806874	Modern	0.04321	< 0.25	< 0.25
0.200302	0.200302	NODE_4370_length_21542_cov_8.813132:6781	NODE_4370_length_21542_cov_8.813132	6781	6790	69557	76338	3.08011845669972e-117	116.511432580869	8.48275738312364e-119	536.997896901523	Historical	0	< 0.25	= 0.00
0.200302	0.200302	NODE_4370_length_21542_cov_8.813132:6781	NODE_4370_length_21542_cov_8.813132	6781	6790	69557	76338	3.08011845669972e-117	116.511432580869	8.48275738312364e-119	536.997896901523	Modern	0.200302	< 0.25	< 0.25
0.035693	0.035693	NODE_4370_length_21542_cov_8.813132:6783	NODE_4370_length_21542_cov_8.813132	6783	6790	69557	76340	6.42625695274004e-16	15.1920419132498	1.73624891078304e-16	67.8814735983858	Historical	0	< 0.25	= 0.00
0.035693	0.035693	NODE_4370_length_21542_cov_8.813132:6783	NODE_4370_length_21542_cov_8.813132	6783	6790	69557	76340	6.42625695274004e-16	15.1920419132498	1.73624891078304e-16	67.8814735983858	Modern	0.035693	< 0.25	< 0.25
0.023519	0.023519	NODE_4370_length_21542_cov_8.813132:6790	NODE_4370_length_21542_cov_8.813132	6790	6790	69557	76347	1.96181378536064e-09	8.70734221807145	7.69448331770128e-10	37.8360958058411	Historical	0	< 0.25	= 0.00
0.023519	0.023519	NODE_4370_length_21542_cov_8.813132:6790	NODE_4370_length_21542_cov_8.813132	6790	6790	69557	76347	1.96181378536064e-09	8.70734221807145	7.69448331770128e-10	37.8360958058411	Modern	0.023519	< 0.25	< 0.25
0.185483	-0.185483	NODE_4394_length_21471_cov_7.851909:21299	NODE_4394_length_21471_cov_7.851909	21299	21326	139114	160413	0.441810210201127	0.354764251835406	0.37950364209584	0.772309159160869	Historical	0.5	0.25–0.75	0.25–0.75
0.185483	-0.185483	NODE_4394_length_21471_cov_7.851909:21299	NODE_4394_length_21471_cov_7.851909	21299	21326	139114	160413	0.441810210201127	0.354764251835406	0.37950364209584	0.772309159160869	Modern	0.314517	0.25–0.75	0.25–0.75
0.121754	0.121754	NODE_4394_length_21471_cov_7.851909:21314	NODE_4394_length_21471_cov_7.851909	21314	21326	139114	160428	1.06527567499371e-65	64.9725379897502	7.43568491092473e-67	298.37723212956	Historical	0	< 0.25	= 0.00
0.121754	0.121754	NODE_4394_length_21471_cov_7.851909:21314	NODE_4394_length_21471_cov_7.851909	21314	21326	139114	160428	1.06527567499371e-65	64.9725379897502	7.43568491092473e-67	298.37723212956	Modern	0.121754	< 0.25	< 0.25
0.044244	0.044244	NODE_4394_length_21471_cov_7.851909:21326	NODE_4394_length_21471_cov_7.851909	21326	21326	139114	160440	6.6346291840771e-15	14.1781833452652	1.90280912971632e-15	63.1630884533586	Historical	0	< 0.25	= 0.00
0.044244	0.044244	NODE_4394_length_21471_cov_7.851909:21326	NODE_4394_length_21471_cov_7.851909	21326	21326	139114	160440	6.6346291840771e-15	14.1781833452652	1.90280912971632e-15	63.1630884533586	Modern	0.044244	< 0.25	< 0.25
0.028448	0.028448	NODE_4405_length_21433_cov_12.076685:17939	NODE_4405_length_21433_cov_12.076685	17939	18115	208671	226610	6.09328924489755e-05	4.21514820567967	3.44302668633812e-05	17.1560960010789	Historical	0	< 0.25	= 0.00
0.028448	0.028448	NODE_4405_length_21433_cov_12.076685:17939	NODE_4405_length_21433_cov_12.076685	17939	18115	208671	226610	6.09328924489755e-05	4.21514820567967	3.44302668633812e-05	17.1560960010789	Modern	0.028448	< 0.25	< 0.25
0.38496	0.38496	NODE_4405_length_21433_cov_12.076685:17944	NODE_4405_length_21433_cov_12.076685	17944	18115	208671	226615	4.21502168845576e-102	101.375200186365	1.52109044787577e-103	466.891733150343	Historical	0	< 0.25	= 0.00
0.38496	0.38496	NODE_4405_length_21433_cov_12.076685:17944	NODE_4405_length_21433_cov_12.076685	17944	18115	208671	226615	4.21502168845576e-102	101.375200186365	1.52109044787577e-103	466.891733150343	Modern	0.38496	0.25–0.75	0.25–0.75
0.0126	0.0126	NODE_4405_length_21433_cov_12.076685:17960	NODE_4405_length_21433_cov_12.076685	17960	18115	208671	226631	0.00226130876830142	2.64564013326983	0.00150324419545204	10.0746347417266	Historical	0	< 0.25	= 0.00
0.0126	0.0126	NODE_4405_length_21433_cov_12.076685:17960	NODE_4405_length_21433_cov_12.076685	17960	18115	208671	226631	0.00226130876830142	2.64564013326983	0.00150324419545204	10.0746347417266	Modern	0.0126	< 0.25	< 0.25
0.012287	0.012287	NODE_4405_length_21433_cov_12.076685:17962	NODE_4405_length_21433_cov_12.076685	17962	18115	208671	226633	0.00177402156806085	2.75104110444067	0.00116162190995057	10.5504120104853	Historical	0	< 0.25	= 0.00
0.012287	0.012287	NODE_4405_length_21433_cov_12.076685:17962	NODE_4405_length_21433_cov_12.076685	17962	18115	208671	226633	0.00177402156806085	2.75104110444067	0.00116162190995057	10.5504120104853	Modern	0.012287	< 0.25	< 0.25
0.07938	0.07938	NODE_4405_length_21433_cov_12.076685:17964	NODE_4405_length_21433_cov_12.076685	17964	18115	208671	226635	1.32587767576157e-29	28.8774965416871	2.21609184172875e-30	131.220194129642	Historical	0	< 0.25	= 0.00
0.07938	0.07938	NODE_4405_length_21433_cov_12.076685:17964	NODE_4405_length_21433_cov_12.076685	17964	18115	208671	226635	1.32587767576157e-29	28.8774965416871	2.21609184172875e-30	131.220194129642	Modern	0.07938	< 0.25	< 0.25
0.053802	0.053802	NODE_4405_length_21433_cov_12.076685:17968	NODE_4405_length_21433_cov_12.076685	17968	18115	208671	226639	1.63996637384865e-21	20.7851650567094	3.55092434223639e-22	93.7661527408579	Historical	0	< 0.25	= 0.00
0.053802	0.053802	NODE_4405_length_21433_cov_12.076685:17968	NODE_4405_length_21433_cov_12.076685	17968	18115	208671	226639	1.63996637384865e-21	20.7851650567094	3.55092434223639e-22	93.7661527408579	Modern	0.053802	< 0.25	< 0.25
0.020747	0.020747	NODE_4405_length_21433_cov_12.076685:17969	NODE_4405_length_21433_cov_12.076685	17969	18115	208671	226640	1.83066173856672e-07	6.73739189526428	8.44920802415408e-08	28.700267042074	Historical	0	< 0.25	= 0.00
0.020747	0.020747	NODE_4405_length_21433_cov_12.076685:17969	NODE_4405_length_21433_cov_12.076685	17969	18115	208671	226640	1.83066173856672e-07	6.73739189526428	8.44920802415408e-08	28.700267042074	Modern	0.020747	< 0.25	< 0.25
0.034366	0.034366	NODE_4405_length_21433_cov_12.076685:17979	NODE_4405_length_21433_cov_12.076685	17979	18115	208671	226650	2.35798757768939e-15	14.6274584871778	6.54996549358164e-16	65.2642256915293	Historical	0	< 0.25	= 0.00
0.034366	0.034366	NODE_4405_length_21433_cov_12.076685:17979	NODE_4405_length_21433_cov_12.076685	17979	18115	208671	226650	2.35798757768939e-15	14.6274584871778	6.54996549358164e-16	65.2642256915293	Modern	0.034366	< 0.25	< 0.25
0.020342	0.020342	NODE_4405_length_21433_cov_12.076685:17987	NODE_4405_length_21433_cov_12.076685	17987	18115	208671	226658	8.05463662660258e-09	8.09395404737649	3.32741399104665e-09	34.9821517870331	Historical	0	< 0.25	= 0.00
0.020342	0.020342	NODE_4405_length_21433_cov_12.076685:17987	NODE_4405_length_21433_cov_12.076685	17987	18115	208671	226658	8.05463662660258e-09	8.09395404737649	3.32741399104665e-09	34.9821517870331	Modern	0.020342	< 0.25	< 0.25
0.011567	0.011567	NODE_4405_length_21433_cov_12.076685:18000	NODE_4405_length_21433_cov_12.076685	18000	18115	208671	226671	4.70305364379105e-05	4.32762006759252	2.63737243747257e-05	17.6627795547904	Historical	0	< 0.25	= 0.00
0.011567	0.011567	NODE_4405_length_21433_cov_12.076685:18000	NODE_4405_length_21433_cov_12.076685	18000	18115	208671	226671	4.70305364379105e-05	4.32762006759252	2.63737243747257e-05	17.6627795547904	Modern	0.011567	< 0.25	< 0.25
0.095097	0.095097	NODE_4405_length_21433_cov_12.076685:18008	NODE_4405_length_21433_cov_12.076685	18008	18115	208671	226679	5.45896358450084e-67	66.2628898027637	3.68078266381348e-68	304.368980550194	Historical	0	< 0.25	= 0.00
0.095097	0.095097	NODE_4405_length_21433_cov_12.076685:18008	NODE_4405_length_21433_cov_12.076685	18008	18115	208671	226679	5.45896358450084e-67	66.2628898027637	3.68078266381348e-68	304.368980550194	Modern	0.095097	< 0.25	< 0.25
0.011934	0.011934	NODE_4405_length_21433_cov_12.076685:18097	NODE_4405_length_21433_cov_12.076685	18097	18115	208671	226768	0.000619610962910339	3.20788090677896	0.000388065935459989	12.58879656417	Historical	0	< 0.25	= 0.00
0.011934	0.011934	NODE_4405_length_21433_cov_12.076685:18097	NODE_4405_length_21433_cov_12.076685	18097	18115	208671	226768	0.000619610962910339	3.20788090677896	0.000388065935459989	12.58879656417	Modern	0.011934	< 0.25	< 0.25
0.340112	0.340112	NODE_4405_length_21433_cov_12.076685:18098	NODE_4405_length_21433_cov_12.076685	18098	18115	208671	226769	0.00391808502935568	2.40692614328277	0.00270321820876249	8.99768497589402	Historical	0.077698	< 0.25	< 0.25
0.340112	0.340112	NODE_4405_length_21433_cov_12.076685:18098	NODE_4405_length_21433_cov_12.076685	18098	18115	208671	226769	0.00391808502935568	2.40692614328277	0.00270321820876249	8.99768497589402	Modern	0.41781	0.25–0.75	0.25–0.75
0.284856	0.284856	NODE_4405_length_21433_cov_12.076685:18115	NODE_4405_length_21433_cov_12.076685	18115	18115	208671	226786	1.62693041501383e-136	135.788631021754	3.39909488416944e-138	626.172078014044	Historical	0	< 0.25	= 0.00
0.284856	0.284856	NODE_4405_length_21433_cov_12.076685:18115	NODE_4405_length_21433_cov_12.076685	18115	18115	208671	226786	1.62693041501383e-136	135.788631021754	3.39909488416944e-138	626.172078014044	Modern	0.284856	0.25–0.75	0.25–0.75
0.041191	0.041191	NODE_4413_length_21412_cov_10.873129:57	NODE_4413_length_21412_cov_10.873129	57	63	0	57	2.81567212445716e-09	8.55041791871649	1.12038615398628e-09	37.1032189978078	Historical	0	< 0.25	= 0.00
0.041191	0.041191	NODE_4413_length_21412_cov_10.873129:57	NODE_4413_length_21412_cov_10.873129	57	63	0	57	2.81567212445716e-09	8.55041791871649	1.12038615398628e-09	37.1032189978078	Modern	0.041191	< 0.25	< 0.25
0.027118	0.027118	NODE_4413_length_21412_cov_10.873129:63	NODE_4413_length_21412_cov_10.873129	63	63	0	63	6.36586200870227e-06	5.19614277971261	3.33104460284421e-06	21.6157544499371	Historical	0	< 0.25	= 0.00
0.027118	0.027118	NODE_4413_length_21412_cov_10.873129:63	NODE_4413_length_21412_cov_10.873129	63	63	0	63	6.36586200870227e-06	5.19614277971261	3.33104460284421e-06	21.6157544499371	Modern	0.027118	< 0.25	< 0.25
0.085233	0.085233	NODE_441_length_50425_cov_10.027898:50215	NODE_441_length_50425_cov_10.027898	50215	50232	278228	328443	6.18074566961317e-06	5.20895912674567	3.22830970397649e-06	21.6758444813042	Historical	0	< 0.25	= 0.00
0.085233	0.085233	NODE_441_length_50425_cov_10.027898:50215	NODE_441_length_50425_cov_10.027898	50215	50232	278228	328443	6.18074566961317e-06	5.20895912674567	3.22830970397649e-06	21.6758444813042	Modern	0.085233	< 0.25	< 0.25
0.084081	0.084081	NODE_441_length_50425_cov_10.027898:50219	NODE_441_length_50425_cov_10.027898	50219	50232	278228	328447	9.26306725318555e-06	5.03324518280371	4.89104025904194e-06	20.8794886156305	Historical	0	< 0.25	= 0.00
0.084081	0.084081	NODE_441_length_50425_cov_10.027898:50219	NODE_441_length_50425_cov_10.027898	50219	50232	278228	328447	9.26306725318555e-06	5.03324518280371	4.89104025904194e-06	20.8794886156305	Modern	0.084081	< 0.25	< 0.25
0.055593	0.055593	NODE_441_length_50425_cov_10.027898:50220	NODE_441_length_50425_cov_10.027898	50220	50232	278228	328448	0.000992345594737142	3.0033370539052	0.000633291775558746	11.6754806576925	Historical	0	< 0.25	= 0.00
0.055593	0.055593	NODE_441_length_50425_cov_10.027898:50220	NODE_441_length_50425_cov_10.027898	50220	50232	278228	328448	0.000992345594737142	3.0033370539052	0.000633291775558746	11.6754806576925	Modern	0.055593	< 0.25	< 0.25
0.030325	0.030325	NODE_441_length_50425_cov_10.027898:50232	NODE_441_length_50425_cov_10.027898	50232	50232	278228	328460	0.0386052656361771	1.4133534548938	0.031382818029029	4.63189855411099	Historical	0	< 0.25	= 0.00
0.030325	0.030325	NODE_441_length_50425_cov_10.027898:50232	NODE_441_length_50425_cov_10.027898	50232	50232	278228	328460	0.0386052656361771	1.4133534548938	0.031382818029029	4.63189855411099	Modern	0.030325	< 0.25	< 0.25
0.0242	0.0242	NODE_4423_length_21388_cov_12.396449:5071	NODE_4423_length_21388_cov_12.396449	5071	5100	112	5183	3.17667176792149e-06	5.49802765666947	1.62152048932365e-06	22.9982130638227	Historical	0	< 0.25	= 0.00
0.0242	0.0242	NODE_4423_length_21388_cov_12.396449:5071	NODE_4423_length_21388_cov_12.396449	5071	5100	112	5183	3.17667176792149e-06	5.49802765666947	1.62152048932365e-06	22.9982130638227	Modern	0.0242	< 0.25	< 0.25
0.168199	0.168199	NODE_4423_length_21388_cov_12.396449:5073	NODE_4423_length_21388_cov_12.396449	5073	5100	112	5185	5.28058994936656e-57	56.2773175552234	4.48825071669807e-58	258.084399626497	Historical	0	< 0.25	= 0.00
0.168199	0.168199	NODE_4423_length_21388_cov_12.396449:5073	NODE_4423_length_21388_cov_12.396449	5073	5100	112	5185	5.28058994936656e-57	56.2773175552234	4.48825071669807e-58	258.084399626497	Modern	0.168199	< 0.25	< 0.25
0.141658	0.141658	NODE_4423_length_21388_cov_12.396449:5091	NODE_4423_length_21388_cov_12.396449	5091	5100	112	5203	3.65674096985804e-49	48.4369058024034	3.57686913480891e-50	221.847046862191	Historical	0	< 0.25	= 0.00
0.141658	0.141658	NODE_4423_length_21388_cov_12.396449:5091	NODE_4423_length_21388_cov_12.396449	5091	5100	112	5203	3.65674096985804e-49	48.4369058024034	3.57686913480891e-50	221.847046862191	Modern	0.141658	< 0.25	< 0.25
0.023957	0.023957	NODE_4423_length_21388_cov_12.396449:5094	NODE_4423_length_21388_cov_12.396449	5094	5100	112	5206	1.10799653699158e-06	5.95546159697925	5.42423755763685e-07	25.1067599081211	Historical	0	< 0.25	= 0.00
0.023957	0.023957	NODE_4423_length_21388_cov_12.396449:5094	NODE_4423_length_21388_cov_12.396449	5094	5100	112	5206	1.10799653699158e-06	5.95546159697925	5.42423755763685e-07	25.1067599081211	Modern	0.023957	< 0.25	< 0.25
0.036089	0.036089	NODE_4423_length_21388_cov_12.396449:5098	NODE_4423_length_21388_cov_12.396449	5098	5100	112	5210	1.05193265009656e-10	9.97801206496151	3.78615835124974e-11	43.7213651215103	Historical	0	< 0.25	= 0.00
0.036089	0.036089	NODE_4423_length_21388_cov_12.396449:5098	NODE_4423_length_21388_cov_12.396449	5098	5100	112	5210	1.05193265009656e-10	9.97801206496151	3.78615835124974e-11	43.7213651215103	Modern	0.036089	< 0.25	< 0.25
0.042508	0.042508	NODE_4423_length_21388_cov_12.396449:5100	NODE_4423_length_21388_cov_12.396449	5100	5100	112	5212	0.929238314052692	0.0318728918134511	0.835696755373124	0.0430151462867721	Historical	0.377949	0.25–0.75	0.25–0.75
0.042508	0.042508	NODE_4423_length_21388_cov_12.396449:5100	NODE_4423_length_21388_cov_12.396449	5100	5100	112	5212	0.929238314052692	0.0318728918134511	0.835696755373124	0.0430151462867721	Modern	0.420457	0.25–0.75	0.25–0.75
0.034893	0.034893	NODE_4424_length_21387_cov_34.046505:9427	NODE_4424_length_21387_cov_34.046505	9427	9454	224	9651	3.52570409309709e-15	14.4527541401728	9.91081112589496e-16	64.4481152973051	Historical	0	< 0.25	= 0.00
0.034893	0.034893	NODE_4424_length_21387_cov_34.046505:9427	NODE_4424_length_21387_cov_34.046505	9427	9454	224	9651	3.52570409309709e-15	14.4527541401728	9.91081112589496e-16	64.4481152973051	Modern	0.034893	< 0.25	< 0.25
0.018442	0.018442	NODE_4424_length_21387_cov_34.046505:9434	NODE_4424_length_21387_cov_34.046505	9434	9454	224	9658	3.78088123656913e-07	6.42240696429648	1.78990436508045e-07	27.2476728134458	Historical	0	< 0.25	= 0.00
0.018442	0.018442	NODE_4424_length_21387_cov_34.046505:9434	NODE_4424_length_21387_cov_34.046505	9434	9454	224	9658	3.78088123656913e-07	6.42240696429648	1.78990436508045e-07	27.2476728134458	Modern	0.018442	< 0.25	< 0.25
0.074285	0.074285	NODE_4424_length_21387_cov_34.046505:9454	NODE_4424_length_21387_cov_34.046505	9454	9454	224	9678	6.97050247109309e-28	27.1567359145049	1.23456667697898e-28	123.241683544103	Historical	0	< 0.25	= 0.00
0.074285	0.074285	NODE_4424_length_21387_cov_34.046505:9454	NODE_4424_length_21387_cov_34.046505	9454	9454	224	9678	6.97050247109309e-28	27.1567359145049	1.23456667697898e-28	123.241683544103	Modern	0.074285	< 0.25	< 0.25
0.018285	0.018285	NODE_4444_length_21354_cov_14.051658:4074	NODE_4444_length_21354_cov_14.051658	4074	4112	336	4410	0.010729807834715	1.96940805595299	0.00805354440496022	7.02152871476295	Historical	0	< 0.25	= 0.00
0.018285	0.018285	NODE_4444_length_21354_cov_14.051658:4074	NODE_4444_length_21354_cov_14.051658	4074	4112	336	4410	0.010729807834715	1.96940805595299	0.00805354440496022	7.02152871476295	Modern	0.018285	< 0.25	< 0.25
0.019772	0.019772	NODE_4444_length_21354_cov_14.051658:4079	NODE_4444_length_21354_cov_14.051658	4079	4112	336	4415	0.00594436536337736	2.2258945050311	0.00423670104958662	8.17947541528927	Historical	0	< 0.25	= 0.00
0.019772	0.019772	NODE_4444_length_21354_cov_14.051658:4079	NODE_4444_length_21354_cov_14.051658	4079	4112	336	4415	0.00594436536337736	2.2258945050311	0.00423670104958662	8.17947541528927	Modern	0.019772	< 0.25	< 0.25
0.156186	0.156186	NODE_4444_length_21354_cov_14.051658:4081	NODE_4444_length_21354_cov_14.051658	4081	4112	336	4417	6.20797866092795e-27	26.2070497845748	1.14667791980103e-27	118.8201712507	Historical	0	< 0.25	= 0.00
0.156186	0.156186	NODE_4444_length_21354_cov_14.051658:4081	NODE_4444_length_21354_cov_14.051658	4081	4112	336	4417	6.20797866092795e-27	26.2070497845748	1.14667791980103e-27	118.8201712507	Modern	0.156186	< 0.25	< 0.25
0.043893	0.043893	NODE_4444_length_21354_cov_14.051658:4084	NODE_4444_length_21354_cov_14.051658	4084	4112	336	4420	1.19195289611383e-06	5.92374090681227	5.85222836933379e-07	24.9603248784157	Historical	0	< 0.25	= 0.00
0.043893	0.043893	NODE_4444_length_21354_cov_14.051658:4084	NODE_4444_length_21354_cov_14.051658	4084	4112	336	4420	1.19195289611383e-06	5.92374090681227	5.85222836933379e-07	24.9603248784157	Modern	0.043893	< 0.25	< 0.25
0.077678	0.077678	NODE_4444_length_21354_cov_14.051658:4085	NODE_4444_length_21354_cov_14.051658	4085	4112	336	4421	1.80411867281631e-12	11.7437348984714	5.89379699381586e-13	51.882009409852	Historical	0	< 0.25	= 0.00
0.077678	0.077678	NODE_4444_length_21354_cov_14.051658:4085	NODE_4444_length_21354_cov_14.051658	4085	4112	336	4421	1.80411867281631e-12	11.7437348984714	5.89379699381586e-13	51.882009409852	Modern	0.077678	< 0.25	< 0.25
0.076339	0.076339	NODE_4444_length_21354_cov_14.051658:4101	NODE_4444_length_21354_cov_14.051658	4101	4112	336	4437	2.1045413986259e-12	11.6768425267856	6.90521418067661e-13	51.5710555027297	Historical	0	< 0.25	= 0.00
0.076339	0.076339	NODE_4444_length_21354_cov_14.051658:4101	NODE_4444_length_21354_cov_14.051658	4101	4112	336	4437	2.1045413986259e-12	11.6768425267856	6.90521418067661e-13	51.5710555027297	Modern	0.076339	< 0.25	< 0.25
0.039449	0.039449	NODE_4444_length_21354_cov_14.051658:4112	NODE_4444_length_21354_cov_14.051658	4112	4112	336	4448	9.0129068603809e-06	5.04513511692105	4.74709560312018e-06	20.9367105542531	Historical	0	< 0.25	= 0.00
0.039449	0.039449	NODE_4444_length_21354_cov_14.051658:4112	NODE_4444_length_21354_cov_14.051658	4112	4112	336	4448	9.0129068603809e-06	5.04513511692105	4.74709560312018e-06	20.9367105542531	Modern	0.039449	< 0.25	< 0.25
0.021637	0.021637	NODE_4446_length_21351_cov_35.405091:18536	NODE_4446_length_21351_cov_35.405091	18536	18655	448	18984	2.04502126661425e-14	13.6893021713118	6.04961181909154e-15	60.8853907017153	Historical	0	< 0.25	= 0.00
0.021637	0.021637	NODE_4446_length_21351_cov_35.405091:18536	NODE_4446_length_21351_cov_35.405091	18536	18655	448	18984	2.04502126661425e-14	13.6893021713118	6.04961181909154e-15	60.8853907017153	Modern	0.021637	< 0.25	< 0.25
0.005314	0.005314	NODE_4446_length_21351_cov_35.405091:18542	NODE_4446_length_21351_cov_35.405091	18542	18655	448	18990	0.0127716186623232	1.89375405719501	0.00976367808468202	6.67751258146381	Historical	0	< 0.25	= 0.00
0.005314	0.005314	NODE_4446_length_21351_cov_35.405091:18542	NODE_4446_length_21351_cov_35.405091	18542	18655	448	18990	0.0127716186623232	1.89375405719501	0.00976367808468202	6.67751258146381	Modern	0.005314	< 0.25	< 0.25
0.404975	0.404975	NODE_4446_length_21351_cov_35.405091:18651	NODE_4446_length_21351_cov_35.405091	18651	18655	448	19099	6.08838455935671e-08	7.21549792411988	2.6914938389179e-08	30.9181033680238	Historical	0.029407	< 0.25	< 0.25
0.404975	0.404975	NODE_4446_length_21351_cov_35.405091:18651	NODE_4446_length_21351_cov_35.405091	18651	18655	448	19099	6.08838455935671e-08	7.21549792411988	2.6914938389179e-08	30.9181033680238	Modern	0.434382	0.25–0.75	0.25–0.75
0.014548	0.014548	NODE_4446_length_21351_cov_35.405091:18655	NODE_4446_length_21351_cov_35.405091	18655	18655	448	19103	0.0121136398398442	1.91672534283166	0.00922236328504006	6.77925000172627	Historical	0	< 0.25	= 0.00
0.014548	0.014548	NODE_4446_length_21351_cov_35.405091:18655	NODE_4446_length_21351_cov_35.405091	18655	18655	448	19103	0.0121136398398442	1.91672534283166	0.00922236328504006	6.77925000172627	Modern	0.014548	< 0.25	< 0.25
0.13568	0.13568	NODE_4454_length_21333_cov_100.690167:4368	NODE_4454_length_21333_cov_100.690167	4368	4462	560	4928	0.599264089163933	0.222381746573873	0.522435359783942	0.409082893445527	Historical	0.484448	0.25–0.75	0.25–0.75
0.13568	0.13568	NODE_4454_length_21333_cov_100.690167:4368	NODE_4454_length_21333_cov_100.690167	4368	4462	560	4928	0.599264089163933	0.222381746573873	0.522435359783942	0.409082893445527	Modern	0.620128	0.25–0.75	0.25–0.75
0.017536	0.017536	NODE_4454_length_21333_cov_100.690167:4381	NODE_4454_length_21333_cov_100.690167	4381	4462	560	4941	0.024581072788328	1.60939916718251	0.0195621452959344	5.45055194954341	Historical	0	< 0.25	= 0.00
0.017536	0.017536	NODE_4454_length_21333_cov_100.690167:4381	NODE_4454_length_21333_cov_100.690167	4381	4462	560	4941	0.024581072788328	1.60939916718251	0.0195621452959344	5.45055194954341	Modern	0.017536	< 0.25	< 0.25
0.108374	0.108374	NODE_4454_length_21333_cov_100.690167:4460	NODE_4454_length_21333_cov_100.690167	4460	4462	560	5020	8.48561640072618e-19	18.0713166047652	2.03074580530199e-19	81.208907570295	Historical	0	< 0.25	= 0.00
0.108374	0.108374	NODE_4454_length_21333_cov_100.690167:4460	NODE_4454_length_21333_cov_100.690167	4460	4462	560	5020	8.48561640072618e-19	18.0713166047652	2.03074580530199e-19	81.208907570295	Modern	0.108374	< 0.25	< 0.25
0.000452999999999981	-0.000452999999999981	NODE_4454_length_21333_cov_100.690167:4462	NODE_4454_length_21333_cov_100.690167	4462	4462	560	5022	0.999665547910362	0.000145274992107645	0.998294651922043	4.56821578856292e-06	Historical	0.499979	0.25–0.75	0.25–0.75
0.000452999999999981	-0.000452999999999981	NODE_4454_length_21333_cov_100.690167:4462	NODE_4454_length_21333_cov_100.690167	4462	4462	560	5022	0.999665547910362	0.000145274992107645	0.998294651922043	4.56821578856292e-06	Modern	0.499526	0.25–0.75	0.25–0.75
0.037311	0.037311	NODE_4487_length_21272_cov_8.350210:21162	NODE_4487_length_21272_cov_8.350210	21162	21264	0	21162	1.19479079106646e-09	8.92270813341009	4.64073536131226e-10	38.8228085162734	Historical	0	< 0.25	= 0.00
0.037311	0.037311	NODE_4487_length_21272_cov_8.350210:21162	NODE_4487_length_21272_cov_8.350210	21162	21264	0	21162	1.19479079106646e-09	8.92270813341009	4.64073536131226e-10	38.8228085162734	Modern	0.037311	< 0.25	< 0.25
0.032016	0.032016	NODE_4487_length_21272_cov_8.350210:21264	NODE_4487_length_21272_cov_8.350210	21264	21264	0	21264	0.000215447882055408	3.66665777085466	0.000129411951946862	14.6503304679374	Historical	0	< 0.25	= 0.00
0.032016	0.032016	NODE_4487_length_21272_cov_8.350210:21264	NODE_4487_length_21272_cov_8.350210	21264	21264	0	21264	0.000215447882055408	3.66665777085466	0.000129411951946862	14.6503304679374	Modern	0.032016	< 0.25	< 0.25
0.01799	0.01799	NODE_4489_length_21264_cov_12.670919:9571	NODE_4489_length_21264_cov_12.670919	9571	9675	6317	15888	0.0193091203243977	1.71423751114873	0.0151649026669296	5.8972083249448	Historical	0	< 0.25	= 0.00
0.01799	0.01799	NODE_4489_length_21264_cov_12.670919:9571	NODE_4489_length_21264_cov_12.670919	9571	9675	6317	15888	0.0193091203243977	1.71423751114873	0.0151649026669296	5.8972083249448	Modern	0.01799	< 0.25	< 0.25
0.179207	0.179207	NODE_4489_length_21264_cov_12.670919:9599	NODE_4489_length_21264_cov_12.670919	9599	9675	6317	15916	3.02758905763784e-27	26.5189030730662	5.50601428810681e-28	120.275419959211	Historical	0	< 0.25	= 0.00
0.179207	0.179207	NODE_4489_length_21264_cov_12.670919:9599	NODE_4489_length_21264_cov_12.670919	9599	9675	6317	15916	3.02758905763784e-27	26.5189030730662	5.50601428810681e-28	120.275419959211	Modern	0.179207	< 0.25	< 0.25
0.169089	0.169089	NODE_4489_length_21264_cov_12.670919:9633	NODE_4489_length_21264_cov_12.670919	9633	9675	6317	15950	0.17854567844754	0.748250657087554	0.15048365586153	2.06734132049225	Historical	0.08223	< 0.25	< 0.25
0.169089	0.169089	NODE_4489_length_21264_cov_12.670919:9633	NODE_4489_length_21264_cov_12.670919	9633	9675	6317	15950	0.17854567844754	0.748250657087554	0.15048365586153	2.06734132049225	Modern	0.251319	0.25–0.75	0.25–0.75
0.132519	0.132519	NODE_4489_length_21264_cov_12.670919:9639	NODE_4489_length_21264_cov_12.670919	9639	9675	6317	15956	6.614891458724e-18	17.1794772775935	1.6458704294261e-18	77.0750063513424	Historical	0	< 0.25	= 0.00
0.132519	0.132519	NODE_4489_length_21264_cov_12.670919:9639	NODE_4489_length_21264_cov_12.670919	9639	9675	6317	15956	6.614891458724e-18	17.1794772775935	1.6458704294261e-18	77.0750063513424	Modern	0.132519	< 0.25	< 0.25
0.058257	0.058257	NODE_4489_length_21264_cov_12.670919:9646	NODE_4489_length_21264_cov_12.670919	9646	9675	6317	15963	3.68364582754625e-07	6.43372213269249	1.74037397835162e-07	27.3019323702807	Historical	0	< 0.25	= 0.00
0.058257	0.058257	NODE_4489_length_21264_cov_12.670919:9646	NODE_4489_length_21264_cov_12.670919	9646	9675	6317	15963	3.68364582754625e-07	6.43372213269249	1.74037397835162e-07	27.3019323702807	Modern	0.058257	< 0.25	< 0.25
0.045902	0.045902	NODE_4489_length_21264_cov_12.670919:9652	NODE_4489_length_21264_cov_12.670919	9652	9675	6317	15969	2.45554962360978e-05	4.60985128489131	1.34670456565494e-05	18.9431709788438	Historical	0	< 0.25	= 0.00
0.045902	0.045902	NODE_4489_length_21264_cov_12.670919:9652	NODE_4489_length_21264_cov_12.670919	9652	9675	6317	15969	2.45554962360978e-05	4.60985128489131	1.34670456565494e-05	18.9431709788438	Modern	0.045902	< 0.25	< 0.25
0.021189	0.021189	NODE_4489_length_21264_cov_12.670919:9655	NODE_4489_length_21264_cov_12.670919	9655	9675	6317	15972	0.0150010587379516	1.82387808842273	0.0115806616970269	6.3739641458945	Historical	0	< 0.25	= 0.00
0.021189	0.021189	NODE_4489_length_21264_cov_12.670919:9655	NODE_4489_length_21264_cov_12.670919	9655	9675	6317	15972	0.0150010587379516	1.82387808842273	0.0115806616970269	6.3739641458945	Modern	0.021189	< 0.25	< 0.25
0.021064	0.021064	NODE_4489_length_21264_cov_12.670919:9675	NODE_4489_length_21264_cov_12.670919	9675	9675	6317	15992	0.0124366176820034	1.9052977162506	0.00948395441467118	6.72934265636251	Historical	0	< 0.25	= 0.00
0.021064	0.021064	NODE_4489_length_21264_cov_12.670919:9675	NODE_4489_length_21264_cov_12.670919	9675	9675	6317	15992	0.0124366176820034	1.9052977162506	0.00948395441467118	6.72934265636251	Modern	0.021064	< 0.25	< 0.25
0.018082	0.018082	NODE_4495_length_21255_cov_8.048875:16371	NODE_4495_length_21255_cov_8.048875	16371	16371	0	16371	0.0213677057900194	1.67024210470639	0.0168526872351483	5.7116505086702	Historical	0	< 0.25	= 0.00
0.018082	0.018082	NODE_4495_length_21255_cov_8.048875:16371	NODE_4495_length_21255_cov_8.048875	16371	16371	0	16371	0.0213677057900194	1.67024210470639	0.0168526872351483	5.7116505086702	Modern	0.018082	< 0.25	< 0.25
0.099659	0.099659	NODE_449_length_49996_cov_10.826803:4270	NODE_449_length_49996_cov_10.826803	4270	4344	12634	16904	5.01435980733715e-47	46.2997845062903	5.23817263824394e-48	211.919107443493	Historical	0	< 0.25	= 0.00
0.099659	0.099659	NODE_449_length_49996_cov_10.826803:4270	NODE_449_length_49996_cov_10.826803	4270	4344	12634	16904	5.01435980733715e-47	46.2997845062903	5.23817263824394e-48	211.919107443493	Modern	0.099659	< 0.25	< 0.25
0.037614	0.037614	NODE_449_length_49996_cov_10.826803:4336	NODE_449_length_49996_cov_10.826803	4336	4344	12634	16970	2.66790707760327e-15	14.5738293008375	7.42352111811738e-16	65.0175173434902	Historical	0	< 0.25	= 0.00
0.037614	0.037614	NODE_449_length_49996_cov_10.826803:4336	NODE_449_length_49996_cov_10.826803	4336	4344	12634	16970	2.66790707760327e-15	14.5738293008375	7.42352111811738e-16	65.0175173434902	Modern	0.037614	< 0.25	< 0.25
0.081634	0.081634	NODE_449_length_49996_cov_10.826803:4339	NODE_449_length_49996_cov_10.826803	4339	4344	12634	16973	4.51736141865976e-37	36.3451151616302	6.07033846856938e-38	165.815296188665	Historical	0	< 0.25	= 0.00
0.081634	0.081634	NODE_449_length_49996_cov_10.826803:4339	NODE_449_length_49996_cov_10.826803	4339	4344	12634	16973	4.51736141865976e-37	36.3451151616302	6.07033846856938e-38	165.815296188665	Modern	0.081634	< 0.25	< 0.25
0.081687	0.081687	NODE_449_length_49996_cov_10.826803:4340	NODE_449_length_49996_cov_10.826803	4340	4344	12634	16974	0.786605480176958	0.104243032243178	0.69883136439273	0.149690436010462	Historical	0.5	0.25–0.75	0.25–0.75
0.081687	0.081687	NODE_449_length_49996_cov_10.826803:4340	NODE_449_length_49996_cov_10.826803	4340	4344	12634	16974	0.786605480176958	0.104243032243178	0.69883136439273	0.149690436010462	Modern	0.581687	0.25–0.75	0.25–0.75
0.013315	0.013315	NODE_449_length_49996_cov_10.826803:4344	NODE_449_length_49996_cov_10.826803	4344	4344	12634	16978	0.00239006750782343	2.62158983216435	0.00160018764768805	9.95953155944674	Historical	0	< 0.25	= 0.00
0.013315	0.013315	NODE_449_length_49996_cov_10.826803:4344	NODE_449_length_49996_cov_10.826803	4344	4344	12634	16978	0.00239006750782343	2.62158983216435	0.00160018764768805	9.95953155944674	Modern	0.013315	< 0.25	< 0.25
0.013271	0.013271	NODE_4502_length_21235_cov_25.524745:9882	NODE_4502_length_21235_cov_25.524745	9882	9898	107	9989	0.00245966378976672	2.60912425233887	0.00164911931203733	9.9040891345683	Historical	0	< 0.25	= 0.00
0.013271	0.013271	NODE_4502_length_21235_cov_25.524745:9882	NODE_4502_length_21235_cov_25.524745	9882	9898	107	9989	0.00245966378976672	2.60912425233887	0.00164911931203733	9.9040891345683	Modern	0.013271	< 0.25	< 0.25
0	0	NODE_4502_length_21235_cov_25.524745:9883	NODE_4502_length_21235_cov_25.524745	9883	9898	107	9990	0.999165688808028	0.000362487981788934	0.985043346672051	0.000351430625606998	Historical	0	< 0.25	= 0.00
0	0	NODE_4502_length_21235_cov_25.524745:9883	NODE_4502_length_21235_cov_25.524745	9883	9898	107	9990	0.999165688808028	0.000362487981788934	0.985043346672051	0.000351430625606998	Modern	0	< 0.25	= 0.00
0	0	NODE_4502_length_21235_cov_25.524745:9898	NODE_4502_length_21235_cov_25.524745	9898	9898	107	10005	0.999165688808028	0.000362487981788934	0.981686253819403	0.000526927101709203	Historical	0	< 0.25	= 0.00
0	0	NODE_4502_length_21235_cov_25.524745:9898	NODE_4502_length_21235_cov_25.524745	9898	9898	107	10005	0.999165688808028	0.000362487981788934	0.981686253819403	0.000526927101709203	Modern	0	< 0.25	= 0.00
0.01494	0.01494	NODE_4507_length_21228_cov_10.159591:65	NODE_4507_length_21228_cov_10.159591	65	78	0	65	0.00967763142402055	2.01423092216976	0.00719618746914349	7.22333531528291	Historical	0	< 0.25	= 0.00
0.01494	0.01494	NODE_4507_length_21228_cov_10.159591:65	NODE_4507_length_21228_cov_10.159591	65	78	0	65	0.00967763142402055	2.01423092216976	0.00719618746914349	7.22333531528291	Modern	0.01494	< 0.25	< 0.25
0.219023	0.219023	NODE_4507_length_21228_cov_10.159591:70	NODE_4507_length_21228_cov_10.159591	70	78	0	70	0.00729234067118564	2.13713305091117	0.00530252402493099	7.77326091575574	Historical	0.034753	< 0.25	< 0.25
0.219023	0.219023	NODE_4507_length_21228_cov_10.159591:70	NODE_4507_length_21228_cov_10.159591	70	78	0	70	0.00729234067118564	2.13713305091117	0.00530252402493099	7.77326091575574	Modern	0.253776	0.25–0.75	0.25–0.75
0.043988	0.043988	NODE_4507_length_21228_cov_10.159591:72	NODE_4507_length_21228_cov_10.159591	72	78	0	72	1.2634183813204e-08	7.89845280889808	5.32123506282616e-09	34.0682545709326	Historical	0	< 0.25	= 0.00
0.043988	0.043988	NODE_4507_length_21228_cov_10.159591:72	NODE_4507_length_21228_cov_10.159591	72	78	0	72	1.2634183813204e-08	7.89845280889808	5.32123506282616e-09	34.0682545709326	Modern	0.043988	< 0.25	< 0.25
0.012657	0.012657	NODE_4507_length_21228_cov_10.159591:78	NODE_4507_length_21228_cov_10.159591	78	78	0	78	0.0264959516881197	1.57682047677332	0.0212496022797883	5.30620446538879	Historical	0	< 0.25	= 0.00
0.012657	0.012657	NODE_4507_length_21228_cov_10.159591:78	NODE_4507_length_21228_cov_10.159591	78	78	0	78	0.0264959516881197	1.57682047677332	0.0212496022797883	5.30620446538879	Modern	0.012657	< 0.25	< 0.25
1e-06	1e-06	NODE_4523_length_21186_cov_51.179210:18303	NODE_4523_length_21186_cov_51.179210	18303	18482	11638	29941	0.999165688808028	0.000362487981788934	0.980790302079241	0.00057975549409789	Historical	0	< 0.25	= 0.00
1e-06	1e-06	NODE_4523_length_21186_cov_51.179210:18303	NODE_4523_length_21186_cov_51.179210	18303	18482	11638	29941	0.999165688808028	0.000362487981788934	0.980790302079241	0.00057975549409789	Modern	1e-06	< 0.25	< 0.25
0.033826	0.033826	NODE_4523_length_21186_cov_51.179210:18457	NODE_4523_length_21186_cov_51.179210	18457	18482	11638	30095	2.67033549224176e-27	26.5734341718653	4.79290985786983e-28	120.550577886152	Historical	0	< 0.25	= 0.00
0.033826	0.033826	NODE_4523_length_21186_cov_51.179210:18457	NODE_4523_length_21186_cov_51.179210	18457	18482	11638	30095	2.67033549224176e-27	26.5734341718653	4.79290985786983e-28	120.550577886152	Modern	0.033826	< 0.25	< 0.25
0.02276	0.02276	NODE_4523_length_21186_cov_51.179210:18478	NODE_4523_length_21186_cov_51.179210	18478	18482	11638	30116	4.41430043435962e-13	12.3551381123741	1.37960663752183e-13	54.7345334818482	Historical	0	< 0.25	= 0.00
0.02276	0.02276	NODE_4523_length_21186_cov_51.179210:18478	NODE_4523_length_21186_cov_51.179210	18478	18482	11638	30116	4.41430043435962e-13	12.3551381123741	1.37960663752183e-13	54.7345334818482	Modern	0.02276	< 0.25	< 0.25
0.011971	0.011971	NODE_4523_length_21186_cov_51.179210:18482	NODE_4523_length_21186_cov_51.179210	18482	18482	11638	30120	1.66777716696713e-05	4.77786197625306	9.06744945953163e-06	19.6984581573069	Historical	0	< 0.25	= 0.00
0.011971	0.011971	NODE_4523_length_21186_cov_51.179210:18482	NODE_4523_length_21186_cov_51.179210	18482	18482	11638	30120	1.66777716696713e-05	4.77786197625306	9.06744945953163e-06	19.6984581573069	Modern	0.011971	< 0.25	< 0.25
0.16611	0.16611	NODE_4536_length_21141_cov_36.345452:12275	NODE_4536_length_21141_cov_36.345452	12275	20958	23276	35551	1.18686513690553e-85	84.9255986269808	5.52292418882916e-87	390.807109153065	Historical	0	< 0.25	= 0.00
0.16611	0.16611	NODE_4536_length_21141_cov_36.345452:12275	NODE_4536_length_21141_cov_36.345452	12275	20958	23276	35551	1.18686513690553e-85	84.9255986269808	5.52292418882916e-87	390.807109153065	Modern	0.16611	< 0.25	< 0.25
0.01913	0.01913	NODE_4536_length_21141_cov_36.345452:12279	NODE_4536_length_21141_cov_36.345452	12279	20958	23276	35555	1.61866900893517e-05	4.79084194821328	8.76971196198967e-06	19.762264534985	Historical	0	< 0.25	= 0.00
0.01913	0.01913	NODE_4536_length_21141_cov_36.345452:12279	NODE_4536_length_21141_cov_36.345452	12279	20958	23276	35555	1.61866900893517e-05	4.79084194821328	8.76971196198967e-06	19.762264534985	Modern	0.01913	< 0.25	< 0.25
6e-06	6e-06	NODE_4536_length_21141_cov_36.345452:12285	NODE_4536_length_21141_cov_36.345452	12285	20958	23276	35561	0.999165688808028	0.000362487981788934	0.987253561118326	0.000255231669217841	Historical	0	< 0.25	= 0.00
6e-06	6e-06	NODE_4536_length_21141_cov_36.345452:12285	NODE_4536_length_21141_cov_36.345452	12285	20958	23276	35561	0.999165688808028	0.000362487981788934	0.987253561118326	0.000255231669217841	Modern	6e-06	< 0.25	< 0.25
0.009915	0.009915	NODE_4536_length_21141_cov_36.345452:12291	NODE_4536_length_21141_cov_36.345452	12291	20958	23276	35567	0.00164914116275262	2.78274216813923	0.00107750153843666	10.689417058518	Historical	0	< 0.25	= 0.00
0.009915	0.009915	NODE_4536_length_21141_cov_36.345452:12291	NODE_4536_length_21141_cov_36.345452	12291	20958	23276	35567	0.00164914116275262	2.78274216813923	0.00107750153843666	10.689417058518	Modern	0.009915	< 0.25	< 0.25
0.134644	0.134644	NODE_4536_length_21141_cov_36.345452:12430	NODE_4536_length_21141_cov_36.345452	12430	20958	23276	35706	2.10178882483289e-103	102.677410921427	7.48500293743908e-105	472.902387928987	Historical	0	< 0.25	= 0.00
0.134644	0.134644	NODE_4536_length_21141_cov_36.345452:12430	NODE_4536_length_21141_cov_36.345452	12430	20958	23276	35706	2.10178882483289e-103	102.677410921427	7.48500293743908e-105	472.902387928987	Modern	0.134644	< 0.25	< 0.25
0.078102	0.078102	NODE_4536_length_21141_cov_36.345452:20924	NODE_4536_length_21141_cov_36.345452	20924	20958	23276	44200	0.735818043025522	0.133229567020865	0.650217178570986	0.205626427155518	Historical	0.210264	< 0.25	< 0.25
0.078102	0.078102	NODE_4536_length_21141_cov_36.345452:20924	NODE_4536_length_21141_cov_36.345452	20924	20958	23276	44200	0.735818043025522	0.133229567020865	0.650217178570986	0.205626427155518	Modern	0.288366	0.25–0.75	0.25–0.75
0.03605	0.03605	NODE_4536_length_21141_cov_36.345452:20930	NODE_4536_length_21141_cov_36.345452	20930	20958	23276	44206	1.29216947184554e-07	6.88868052360048	5.88120615092385e-08	29.4021598049472	Historical	0	< 0.25	= 0.00
0.03605	0.03605	NODE_4536_length_21141_cov_36.345452:20930	NODE_4536_length_21141_cov_36.345452	20930	20958	23276	44206	1.29216947184554e-07	6.88868052360048	5.88120615092385e-08	29.4021598049472	Modern	0.03605	< 0.25	< 0.25
0.016597	0.016597	NODE_4536_length_21141_cov_36.345452:20947	NODE_4536_length_21141_cov_36.345452	20947	20958	23276	44223	0.00938670078036415	2.02748702590829	0.00696648305779162	7.28159040356825	Historical	0	< 0.25	= 0.00
0.016597	0.016597	NODE_4536_length_21141_cov_36.345452:20947	NODE_4536_length_21141_cov_36.345452	20947	20958	23276	44223	0.00938670078036415	2.02748702590829	0.00696648305779162	7.28159040356825	Modern	0.016597	< 0.25	< 0.25
0.140238	0.140238	NODE_4536_length_21141_cov_36.345452:20951	NODE_4536_length_21141_cov_36.345452	20951	20958	23276	44227	1.31096890313135e-45	44.8824076098802	1.40683272605739e-46	205.36913231143	Historical	0	< 0.25	= 0.00
0.140238	0.140238	NODE_4536_length_21141_cov_36.345452:20951	NODE_4536_length_21141_cov_36.345452	20951	20958	23276	44227	1.31096890313135e-45	44.8824076098802	1.40683272605739e-46	205.36913231143	Modern	0.140238	< 0.25	< 0.25
0.068404	0.068404	NODE_4536_length_21141_cov_36.345452:20953	NODE_4536_length_21141_cov_36.345452	20953	20958	23276	44229	6.37449905111524e-18	17.1955539391897	1.58303086597021e-18	77.1518898616253	Historical	0	< 0.25	= 0.00
0.068404	0.068404	NODE_4536_length_21141_cov_36.345452:20953	NODE_4536_length_21141_cov_36.345452	20953	20958	23276	44229	6.37449905111524e-18	17.1955539391897	1.58303086597021e-18	77.1518898616253	Modern	0.068404	< 0.25	< 0.25
0.091176	0.091176	NODE_4536_length_21141_cov_36.345452:20958	NODE_4536_length_21141_cov_36.345452	20958	20958	23276	44234	2.14837281188704e-27	26.6678903523504	3.84585256448914e-28	120.987304020684	Historical	0	< 0.25	= 0.00
0.091176	0.091176	NODE_4536_length_21141_cov_36.345452:20958	NODE_4536_length_21141_cov_36.345452	20958	20958	23276	44234	2.14837281188704e-27	26.6678903523504	3.84585256448914e-28	120.987304020684	Modern	0.091176	< 0.25	< 0.25
0.008966	0.008966	NODE_4549_length_21107_cov_17.952685:8486	NODE_4549_length_21107_cov_17.952685	8486	19557	34914	43400	0.00141442497614992	2.84942008341958	0.000916756928986056	10.98856647839	Historical	0	< 0.25	= 0.00
0.008966	0.008966	NODE_4549_length_21107_cov_17.952685:8486	NODE_4549_length_21107_cov_17.952685	8486	19557	34914	43400	0.00141442497614992	2.84942008341958	0.000916756928986056	10.98856647839	Modern	0.008966	< 0.25	< 0.25
0.034619	0.034619	NODE_4549_length_21107_cov_17.952685:8493	NODE_4549_length_21107_cov_17.952685	8493	19557	34914	43407	1.90321542517831e-22	21.7205120510871	4.0124769647634e-23	98.0828064001169	Historical	0	< 0.25	= 0.00
0.034619	0.034619	NODE_4549_length_21107_cov_17.952685:8493	NODE_4549_length_21107_cov_17.952685	8493	19557	34914	43407	1.90321542517831e-22	21.7205120510871	4.0124769647634e-23	98.0828064001169	Modern	0.034619	< 0.25	< 0.25
0.069242	0.069242	NODE_4549_length_21107_cov_17.952685:8501	NODE_4549_length_21107_cov_17.952685	8501	19557	34914	43415	2.87162694453677e-56	55.5418719803255	2.46801745945468e-57	254.688469324253	Historical	0	< 0.25	= 0.00
0.069242	0.069242	NODE_4549_length_21107_cov_17.952685:8501	NODE_4549_length_21107_cov_17.952685	8501	19557	34914	43415	2.87162694453677e-56	55.5418719803255	2.46801745945468e-57	254.688469324253	Modern	0.069242	< 0.25	< 0.25
0.24125	0.24125	NODE_4549_length_21107_cov_17.952685:8502	NODE_4549_length_21107_cov_17.952685	8502	19557	34914	43416	4.12768847721569e-255	254.384293086994	3.13594566170233e-257	1173.72165829233	Historical	0	< 0.25	= 0.00
0.24125	0.24125	NODE_4549_length_21107_cov_17.952685:8502	NODE_4549_length_21107_cov_17.952685	8502	19557	34914	43416	4.12768847721569e-255	254.384293086994	3.13594566170233e-257	1173.72165829233	Modern	0.24125	< 0.25	< 0.25
0.036134	0.036134	NODE_4549_length_21107_cov_17.952685:8507	NODE_4549_length_21107_cov_17.952685	8507	19557	34914	43421	5.73021346073204e-28	27.2418291994826	1.0100249008539e-28	123.63999717433	Historical	0	< 0.25	= 0.00
0.036134	0.036134	NODE_4549_length_21107_cov_17.952685:8507	NODE_4549_length_21107_cov_17.952685	8507	19557	34914	43421	5.73021346073204e-28	27.2418291994826	1.0100249008539e-28	123.63999717433	Modern	0.036134	< 0.25	< 0.25
0.010949	0.010949	NODE_4549_length_21107_cov_17.952685:8508	NODE_4549_length_21107_cov_17.952685	8508	19557	34914	43422	1.00162751649027e-05	4.99929375312752	5.2982576133436e-06	20.7263252128666	Historical	0	< 0.25	= 0.00
0.010949	0.010949	NODE_4549_length_21107_cov_17.952685:8508	NODE_4549_length_21107_cov_17.952685	8508	19557	34914	43422	1.00162751649027e-05	4.99929375312752	5.2982576133436e-06	20.7263252128666	Modern	0.010949	< 0.25	< 0.25
0.01096	0.01096	NODE_4549_length_21107_cov_17.952685:8510	NODE_4549_length_21107_cov_17.952685	8510	19557	34914	43424	6.21930742848728e-06	5.20625797491253	3.25140431090432e-06	21.6621708357332	Historical	0	< 0.25	= 0.00
0.01096	0.01096	NODE_4549_length_21107_cov_17.952685:8510	NODE_4549_length_21107_cov_17.952685	8510	19557	34914	43424	6.21930742848728e-06	5.20625797491253	3.25140431090432e-06	21.6621708357332	Modern	0.01096	< 0.25	< 0.25
0.081201	0.081201	NODE_4549_length_21107_cov_17.952685:8512	NODE_4549_length_21107_cov_17.952685	8512	19557	34914	43426	1.84145619913094e-85	84.7348386068129	8.65641803010273e-87	389.910607044972	Historical	0	< 0.25	= 0.00
0.081201	0.081201	NODE_4549_length_21107_cov_17.952685:8512	NODE_4549_length_21107_cov_17.952685	8512	19557	34914	43426	1.84145619913094e-85	84.7348386068129	8.65641803010273e-87	389.910607044972	Modern	0.081201	< 0.25	< 0.25
0.025065	0.025065	NODE_4549_length_21107_cov_17.952685:8522	NODE_4549_length_21107_cov_17.952685	8522	19557	34914	43436	4.01345632717015e-20	19.3964814584807	9.12842156084759e-21	87.3420957541051	Historical	0	< 0.25	= 0.00
0.025065	0.025065	NODE_4549_length_21107_cov_17.952685:8522	NODE_4549_length_21107_cov_17.952685	8522	19557	34914	43436	4.01345632717015e-20	19.3964814584807	9.12842156084759e-21	87.3420957541051	Modern	0.025065	< 0.25	< 0.25
0.011907	0.011907	NODE_4549_length_21107_cov_17.952685:8525	NODE_4549_length_21107_cov_17.952685	8525	19557	34914	43439	2.7570908624356e-07	6.55954892108895	1.29606835413639e-07	27.8720756207495	Historical	0	< 0.25	= 0.00
0.011907	0.011907	NODE_4549_length_21107_cov_17.952685:8525	NODE_4549_length_21107_cov_17.952685	8525	19557	34914	43439	2.7570908624356e-07	6.55954892108895	1.29606835413639e-07	27.8720756207495	Modern	0.011907	< 0.25	< 0.25
0.042393	0.042393	NODE_4549_length_21107_cov_17.952685:8526	NODE_4549_length_21107_cov_17.952685	8526	19557	34914	43440	1.11652018254499e-41	40.9521334220877	1.28829251832114e-42	187.216122189389	Historical	0	< 0.25	= 0.00
0.042393	0.042393	NODE_4549_length_21107_cov_17.952685:8526	NODE_4549_length_21107_cov_17.952685	8526	19557	34914	43440	1.11652018254499e-41	40.9521334220877	1.28829251832114e-42	187.216122189389	Modern	0.042393	< 0.25	< 0.25
0.104559	0.104559	NODE_4549_length_21107_cov_17.952685:8536	NODE_4549_length_21107_cov_17.952685	8536	19557	34914	43450	3.70846358464207e-136	135.430805981198	7.92406748855143e-138	624.481981260069	Historical	0	< 0.25	= 0.00
0.104559	0.104559	NODE_4549_length_21107_cov_17.952685:8536	NODE_4549_length_21107_cov_17.952685	8536	19557	34914	43450	3.70846358464207e-136	135.430805981198	7.92406748855143e-138	624.481981260069	Modern	0.104559	< 0.25	< 0.25
0.01246	0.01246	NODE_4549_length_21107_cov_17.952685:8539	NODE_4549_length_21107_cov_17.952685	8539	19557	34914	43453	7.43864802832406e-08	7.12850599015208	3.29546942565354e-08	30.5252639066499	Historical	0	< 0.25	= 0.00
0.01246	0.01246	NODE_4549_length_21107_cov_17.952685:8539	NODE_4549_length_21107_cov_17.952685	8539	19557	34914	43453	7.43864802832406e-08	7.12850599015208	3.29546942565354e-08	30.5252639066499	Modern	0.01246	< 0.25	< 0.25
0.073912	0.073912	NODE_4549_length_21107_cov_17.952685:8540	NODE_4549_length_21107_cov_17.952685	8540	19557	34914	43454	6.7337445625607e-90	89.1717433621348	2.94161680795624e-91	410.438914876355	Historical	0	< 0.25	= 0.00
0.073912	0.073912	NODE_4549_length_21107_cov_17.952685:8540	NODE_4549_length_21107_cov_17.952685	8540	19557	34914	43454	6.7337445625607e-90	89.1717433621348	2.94161680795624e-91	410.438914876355	Modern	0.073912	< 0.25	< 0.25
0.061327	0.061327	NODE_4549_length_21107_cov_17.952685:8541	NODE_4549_length_21107_cov_17.952685	8541	19557	34914	43455	2.88347186326727e-71	70.54008428205	1.7114624069725e-72	324.258312722686	Historical	0	< 0.25	= 0.00
0.061327	0.061327	NODE_4549_length_21107_cov_17.952685:8541	NODE_4549_length_21107_cov_17.952685	8541	19557	34914	43455	2.88347186326727e-71	70.54008428205	1.7114624069725e-72	324.258312722686	Modern	0.061327	< 0.25	< 0.25
0.01066	0.01066	NODE_4549_length_21107_cov_17.952685:8542	NODE_4549_length_21107_cov_17.952685	8542	19557	34914	43456	2.40560100519607e-06	5.61877640343472	1.21193858808786e-06	23.5581679357471	Historical	0	< 0.25	= 0.00
0.01066	0.01066	NODE_4549_length_21107_cov_17.952685:8542	NODE_4549_length_21107_cov_17.952685	8542	19557	34914	43456	2.40560100519607e-06	5.61877640343472	1.21193858808786e-06	23.5581679357471	Modern	0.01066	< 0.25	< 0.25
0.010616	0.010616	NODE_4549_length_21107_cov_17.952685:8547	NODE_4549_length_21107_cov_17.952685	8547	19557	34914	43461	3.14468940319796e-06	5.50242224279057	1.60370200334027e-06	23.0194558133756	Historical	0	< 0.25	= 0.00
0.010616	0.010616	NODE_4549_length_21107_cov_17.952685:8547	NODE_4549_length_21107_cov_17.952685	8547	19557	34914	43461	3.14468940319796e-06	5.50242224279057	1.60370200334027e-06	23.0194558133756	Modern	0.010616	< 0.25	< 0.25
0.088019	0.088019	NODE_4549_length_21107_cov_17.952685:8574	NODE_4549_length_21107_cov_17.952685	8574	19557	34914	43488	1.07268453218406e-103	102.969527981739	3.7691669222042e-105	474.27160366741	Historical	0	< 0.25	= 0.00
0.088019	0.088019	NODE_4549_length_21107_cov_17.952685:8574	NODE_4549_length_21107_cov_17.952685	8574	19557	34914	43488	1.07268453218406e-103	102.969527981739	3.7691669222042e-105	474.27160366741	Modern	0.088019	< 0.25	< 0.25
0.275718	0.275718	NODE_4549_length_21107_cov_17.952685:8575	NODE_4549_length_21107_cov_17.952685	8575	19557	34914	43489	0	Inf	0	1959.34496858768	Historical	0	< 0.25	= 0.00
0.275718	0.275718	NODE_4549_length_21107_cov_17.952685:8575	NODE_4549_length_21107_cov_17.952685	8575	19557	34914	43489	0	Inf	0	1959.34496858768	Modern	0.275718	0.25–0.75	0.25–0.75
2.1e-05	2.1e-05	NODE_4549_length_21107_cov_17.952685:8577	NODE_4549_length_21107_cov_17.952685	8577	19557	34914	43491	0.999665547910362	0.000145274992107645	0.9988588842652	2.04540616633968e-06	Historical	0	< 0.25	= 0.00
2.1e-05	2.1e-05	NODE_4549_length_21107_cov_17.952685:8577	NODE_4549_length_21107_cov_17.952685	8577	19557	34914	43491	0.999665547910362	0.000145274992107645	0.9988588842652	2.04540616633968e-06	Modern	2.1e-05	< 0.25	< 0.25
0.039435	0.039435	NODE_4549_length_21107_cov_17.952685:8590	NODE_4549_length_21107_cov_17.952685	8590	19557	34914	43504	4.86043566464225e-29	28.3133248010525	8.26227905005663e-30	128.608092392912	Historical	0	< 0.25	= 0.00
0.039435	0.039435	NODE_4549_length_21107_cov_17.952685:8590	NODE_4549_length_21107_cov_17.952685	8590	19557	34914	43504	4.86043566464225e-29	28.3133248010525	8.26227905005663e-30	128.608092392912	Modern	0.039435	< 0.25	< 0.25
0.082006	0.082006	NODE_4549_length_21107_cov_17.952685:8591	NODE_4549_length_21107_cov_17.952685	8591	19557	34914	43505	8.92876481533479e-76	75.04920861625	4.83323451542339e-77	345.145769667893	Historical	0	< 0.25	= 0.00
0.082006	0.082006	NODE_4549_length_21107_cov_17.952685:8591	NODE_4549_length_21107_cov_17.952685	8591	19557	34914	43505	8.92876481533479e-76	75.04920861625	4.83323451542339e-77	345.145769667893	Modern	0.082006	< 0.25	< 0.25
0.012428	0.012428	NODE_4549_length_21107_cov_17.952685:19546	NODE_4549_length_21107_cov_17.952685	19546	19557	34914	54460	0.000465039730024405	3.33250994217825	0.000288386461259199	13.1443570292572	Historical	0	< 0.25	= 0.00
0.012428	0.012428	NODE_4549_length_21107_cov_17.952685:19546	NODE_4549_length_21107_cov_17.952685	19546	19557	34914	54460	0.000465039730024405	3.33250994217825	0.000288386461259199	13.1443570292572	Modern	0.012428	< 0.25	< 0.25
0.043308	0.043308	NODE_4549_length_21107_cov_17.952685:19550	NODE_4549_length_21107_cov_17.952685	19550	19557	34914	54464	3.51111246144153e-18	17.4545552597966	8.65274153603112e-19	78.3450154604694	Historical	0	< 0.25	= 0.00
0.043308	0.043308	NODE_4549_length_21107_cov_17.952685:19550	NODE_4549_length_21107_cov_17.952685	19550	19557	34914	54464	3.51111246144153e-18	17.4545552597966	8.65274153603112e-19	78.3450154604694	Modern	0.043308	< 0.25	< 0.25
0.025075	0.025075	NODE_4549_length_21107_cov_17.952685:19557	NODE_4549_length_21107_cov_17.952685	19557	19557	34914	54471	4.25861071271699e-08	7.37073205775343	1.85429535781647e-08	31.6414463162539	Historical	0	< 0.25	= 0.00
0.025075	0.025075	NODE_4549_length_21107_cov_17.952685:19557	NODE_4549_length_21107_cov_17.952685	19557	19557	34914	54471	4.25861071271699e-08	7.37073205775343	1.85429535781647e-08	31.6414463162539	Modern	0.025075	< 0.25	< 0.25
0.020851	0.020851	NODE_4554_length_21097_cov_16.231022:16	NODE_4554_length_21097_cov_16.231022	16	85	46552	46568	3.12490513483885e-05	4.50516316233314	1.72715554461179e-05	18.4687236809385	Historical	0	< 0.25	= 0.00
0.020851	0.020851	NODE_4554_length_21097_cov_16.231022:16	NODE_4554_length_21097_cov_16.231022	16	85	46552	46568	3.12490513483885e-05	4.50516316233314	1.72715554461179e-05	18.4687236809385	Modern	0.020851	< 0.25	< 0.25
0.011755	0.011755	NODE_4554_length_21097_cov_16.231022:47	NODE_4554_length_21097_cov_16.231022	47	85	46552	46599	0.000825794847162319	3.08312783138618	0.000523473941577253	12.0301311075674	Historical	0	< 0.25	= 0.00
0.011755	0.011755	NODE_4554_length_21097_cov_16.231022:47	NODE_4554_length_21097_cov_16.231022	47	85	46552	46599	0.000825794847162319	3.08312783138618	0.000523473941577253	12.0301311075674	Modern	0.011755	< 0.25	< 0.25
0	0	NODE_4554_length_21097_cov_16.231022:49	NODE_4554_length_21097_cov_16.231022	49	85	46552	46601	0.999165688808028	0.000362487981788934	0.988756434969269	0.00019858968991362	Historical	0	< 0.25	= 0.00
0	0	NODE_4554_length_21097_cov_16.231022:49	NODE_4554_length_21097_cov_16.231022	49	85	46552	46601	0.999165688808028	0.000362487981788934	0.988756434969269	0.00019858968991362	Modern	0	< 0.25	= 0.00
0.011938	0.011938	NODE_4554_length_21097_cov_16.231022:64	NODE_4554_length_21097_cov_16.231022	64	85	46552	46616	0.00107612343345692	2.96813791138829	0.000689311733966468	11.5178471554142	Historical	0	< 0.25	= 0.00
0.011938	0.011938	NODE_4554_length_21097_cov_16.231022:64	NODE_4554_length_21097_cov_16.231022	64	85	46552	46616	0.00107612343345692	2.96813791138829	0.000689311733966468	11.5178471554142	Modern	0.011938	< 0.25	< 0.25
0.035358	0.035358	NODE_4554_length_21097_cov_16.231022:65	NODE_4554_length_21097_cov_16.231022	65	85	46552	46617	3.79931428167686e-13	12.4202947798455	1.18345212192783e-13	55.0359511188276	Historical	0	< 0.25	= 0.00
0.035358	0.035358	NODE_4554_length_21097_cov_16.231022:65	NODE_4554_length_21097_cov_16.231022	65	85	46552	46617	3.79931428167686e-13	12.4202947798455	1.18345212192783e-13	55.0359511188276	Modern	0.035358	< 0.25	< 0.25
0.023663	0.023663	NODE_4554_length_21097_cov_16.231022:68	NODE_4554_length_21097_cov_16.231022	68	85	46552	46620	5.26083204825294e-08	7.27894556280677	2.30317528418291e-08	31.2205290160029	Historical	0	< 0.25	= 0.00
0.023663	0.023663	NODE_4554_length_21097_cov_16.231022:68	NODE_4554_length_21097_cov_16.231022	68	85	46552	46620	5.26083204825294e-08	7.27894556280677	2.30317528418291e-08	31.2205290160029	Modern	0.023663	< 0.25	< 0.25
0.024059	0.024059	NODE_4554_length_21097_cov_16.231022:69	NODE_4554_length_21097_cov_16.231022	69	85	46552	46621	4.66553755822427e-08	7.33109831009099	2.03591121367906e-08	31.4600024468133	Historical	0	< 0.25	= 0.00
0.024059	0.024059	NODE_4554_length_21097_cov_16.231022:69	NODE_4554_length_21097_cov_16.231022	69	85	46552	46621	4.66553755822427e-08	7.33109831009099	2.03591121367906e-08	31.4600024468133	Modern	0.024059	< 0.25	< 0.25
0	0	NODE_4554_length_21097_cov_16.231022:74	NODE_4554_length_21097_cov_16.231022	74	85	46552	46626	0.999165688808028	0.000362487981788934	0.987057654134695	0.000263138244237517	Historical	0	< 0.25	= 0.00
0	0	NODE_4554_length_21097_cov_16.231022:74	NODE_4554_length_21097_cov_16.231022	74	85	46552	46626	0.999165688808028	0.000362487981788934	0.987057654134695	0.000263138244237517	Modern	0	< 0.25	= 0.00
0.011917	0.011917	NODE_4554_length_21097_cov_16.231022:76	NODE_4554_length_21097_cov_16.231022	76	85	46552	46628	0.00287641963769239	2.54114775492347	0.00194492951760397	9.60079683363494	Historical	0	< 0.25	= 0.00
0.011917	0.011917	NODE_4554_length_21097_cov_16.231022:76	NODE_4554_length_21097_cov_16.231022	76	85	46552	46628	0.00287641963769239	2.54114775492347	0.00194492951760397	9.60079683363494	Modern	0.011917	< 0.25	< 0.25
0.02536	0.02536	NODE_4554_length_21097_cov_16.231022:82	NODE_4554_length_21097_cov_16.231022	82	85	46552	46634	1.63930866681896e-06	5.78533926505365	8.10313543285153e-07	24.3331763394176	Historical	0	< 0.25	= 0.00
0.02536	0.02536	NODE_4554_length_21097_cov_16.231022:82	NODE_4554_length_21097_cov_16.231022	82	85	46552	46634	1.63930866681896e-06	5.78533926505365	8.10313543285153e-07	24.3331763394176	Modern	0.02536	< 0.25	< 0.25
0.104385	0.104385	NODE_4554_length_21097_cov_16.231022:85	NODE_4554_length_21097_cov_16.231022	85	85	46552	46637	1.0664017249012e-25	24.9720791611238	2.03051800420408e-26	113.120501064174	Historical	0	< 0.25	= 0.00
0.104385	0.104385	NODE_4554_length_21097_cov_16.231022:85	NODE_4554_length_21097_cov_16.231022	85	85	46552	46637	1.0664017249012e-25	24.9720791611238	2.03051800420408e-26	113.120501064174	Modern	0.104385	< 0.25	< 0.25
0.133714	0.133714	NODE_4570_length_21074_cov_10.318331:2695	NODE_4570_length_21074_cov_10.318331	2695	2716	58190	60885	3.26383451228252e-61	60.4862718695948	2.58813088105974e-62	277.534010907994	Historical	0	< 0.25	= 0.00
0.133714	0.133714	NODE_4570_length_21074_cov_10.318331:2695	NODE_4570_length_21074_cov_10.318331	2695	2716	58190	60885	3.26383451228252e-61	60.4862718695948	2.58813088105974e-62	277.534010907994	Modern	0.133714	< 0.25	< 0.25
0.068541	0.068541	NODE_4570_length_21074_cov_10.318331:2716	NODE_4570_length_21074_cov_10.318331	2716	2716	58190	60906	5.69914304627025e-13	12.2441904422671	1.79958695430661e-13	54.2122799077677	Historical	0	< 0.25	= 0.00
0.068541	0.068541	NODE_4570_length_21074_cov_10.318331:2716	NODE_4570_length_21074_cov_10.318331	2716	2716	58190	60906	5.69914304627025e-13	12.2441904422671	1.79958695430661e-13	54.2122799077677	Modern	0.068541	< 0.25	< 0.25
0.078139	0.078139	NODE_4628_length_20929_cov_8.958665:16215	NODE_4628_length_20929_cov_8.958665	16215	16263	69828	86043	5.16941071328145e-23	22.2865589614625	1.06284655216091e-23	100.713759776028	Historical	0	< 0.25	= 0.00
0.078139	0.078139	NODE_4628_length_20929_cov_8.958665:16215	NODE_4628_length_20929_cov_8.958665	16215	16263	69828	86043	5.16941071328145e-23	22.2865589614625	1.06284655216091e-23	100.713759776028	Modern	0.078139	< 0.25	< 0.25
0.011754	0.011754	NODE_4628_length_20929_cov_8.958665:16225	NODE_4628_length_20929_cov_8.958665	16225	16263	69828	86053	0.00195988503174354	2.70776940392098	0.00129263072606447	10.3530195001736	Historical	0	< 0.25	= 0.00
0.011754	0.011754	NODE_4628_length_20929_cov_8.958665:16225	NODE_4628_length_20929_cov_8.958665	16225	16263	69828	86053	0.00195988503174354	2.70776940392098	0.00129263072606447	10.3530195001736	Modern	0.011754	< 0.25	< 0.25
0.030247	0.030247	NODE_4628_length_20929_cov_8.958665:16263	NODE_4628_length_20929_cov_8.958665	16263	16263	69828	86091	1.78607804032328e-11	10.7480995691086	6.14017332000974e-12	47.2843104244863	Historical	0	< 0.25	= 0.00
0.030247	0.030247	NODE_4628_length_20929_cov_8.958665:16263	NODE_4628_length_20929_cov_8.958665	16263	16263	69828	86091	1.78607804032328e-11	10.7480995691086	6.14017332000974e-12	47.2843104244863	Modern	0.030247	< 0.25	< 0.25
0.015839	0.015839	NODE_4666_length_20852_cov_28.856744:1615	NODE_4666_length_20852_cov_28.856744	1615	20788	81466	83081	6.12037985980836e-06	5.21322162264216	3.19387344061225e-06	21.6964165655989	Historical	0	< 0.25	= 0.00
0.015839	0.015839	NODE_4666_length_20852_cov_28.856744:1615	NODE_4666_length_20852_cov_28.856744	1615	20788	81466	83081	6.12037985980836e-06	5.21322162264216	3.19387344061225e-06	21.6964165655989	Modern	0.015839	< 0.25	< 0.25
0	0	NODE_4666_length_20852_cov_28.856744:1636	NODE_4666_length_20852_cov_28.856744	1636	20788	81466	83102	0.999165688808028	0.000362487981788934	0.990035419780194	0.000155976967436191	Historical	0	< 0.25	= 0.00
0	0	NODE_4666_length_20852_cov_28.856744:1636	NODE_4666_length_20852_cov_28.856744	1636	20788	81466	83102	0.999165688808028	0.000362487981788934	0.990035419780194	0.000155976967436191	Modern	0	< 0.25	= 0.00
0.012162	0.012162	NODE_4666_length_20852_cov_28.856744:1648	NODE_4666_length_20852_cov_28.856744	1648	20788	81466	83114	0.000132229931842877	3.87867022591833	7.79189674344778e-05	15.6081271332679	Historical	0	< 0.25	= 0.00
0.012162	0.012162	NODE_4666_length_20852_cov_28.856744:1648	NODE_4666_length_20852_cov_28.856744	1648	20788	81466	83114	0.000132229931842877	3.87867022591833	7.79189674344778e-05	15.6081271332679	Modern	0.012162	< 0.25	< 0.25
0.012069	0.012069	NODE_4666_length_20852_cov_28.856744:1660	NODE_4666_length_20852_cov_28.856744	1660	20788	81466	83126	0.000260595341017061	3.58403335296982	0.000158015313617657	14.2742077014137	Historical	0	< 0.25	= 0.00
0.012069	0.012069	NODE_4666_length_20852_cov_28.856744:1660	NODE_4666_length_20852_cov_28.856744	1660	20788	81466	83126	0.000260595341017061	3.58403335296982	0.000158015313617657	14.2742077014137	Modern	0.012069	< 0.25	< 0.25
0.012176	0.012176	NODE_4666_length_20852_cov_28.856744:1661	NODE_4666_length_20852_cov_28.856744	1661	20788	81466	83127	0.000266159741374834	3.5748576341393	0.000161642122135998	14.2314982851649	Historical	0	< 0.25	= 0.00
0.012176	0.012176	NODE_4666_length_20852_cov_28.856744:1661	NODE_4666_length_20852_cov_28.856744	1661	20788	81466	83127	0.000266159741374834	3.5748576341393	0.000161642122135998	14.2314982851649	Modern	0.012176	< 0.25	< 0.25
0.047936	0.047936	NODE_4666_length_20852_cov_28.856744:1662	NODE_4666_length_20852_cov_28.856744	1662	20788	81466	83128	2.5879531540746e-22	21.5870435893291	5.46837204920796e-23	97.4698092480391	Historical	0	< 0.25	= 0.00
0.047936	0.047936	NODE_4666_length_20852_cov_28.856744:1662	NODE_4666_length_20852_cov_28.856744	1662	20788	81466	83128	2.5879531540746e-22	21.5870435893291	5.46837204920796e-23	97.4698092480391	Modern	0.047936	< 0.25	< 0.25
0.126165	0.126165	NODE_4666_length_20852_cov_28.856744:1664	NODE_4666_length_20852_cov_28.856744	1664	20788	81466	83130	1.26362589769454e-67	66.8983814819196	8.22016847028261e-69	307.357512132191	Historical	0	< 0.25	= 0.00
0.126165	0.126165	NODE_4666_length_20852_cov_28.856744:1664	NODE_4666_length_20852_cov_28.856744	1664	20788	81466	83130	1.26362589769454e-67	66.8983814819196	8.22016847028261e-69	307.357512132191	Modern	0.126165	< 0.25	< 0.25
0.037807	0.037807	NODE_4666_length_20852_cov_28.856744:1665	NODE_4666_length_20852_cov_28.856744	1665	20788	81466	83131	1.27961044472794e-16	15.8929222236761	3.34788867542781e-17	71.1279774428707	Historical	0	< 0.25	= 0.00
0.037807	0.037807	NODE_4666_length_20852_cov_28.856744:1665	NODE_4666_length_20852_cov_28.856744	1665	20788	81466	83131	1.27961044472794e-16	15.8929222236761	3.34788867542781e-17	71.1279774428707	Modern	0.037807	< 0.25	< 0.25
0.102096	0.102096	NODE_4666_length_20852_cov_28.856744:1668	NODE_4666_length_20852_cov_28.856744	1668	20788	81466	83134	5.35227494227385e-53	52.2714615852915	4.8033236661432e-54	239.601751114166	Historical	0	< 0.25	= 0.00
0.102096	0.102096	NODE_4666_length_20852_cov_28.856744:1668	NODE_4666_length_20852_cov_28.856744	1668	20788	81466	83134	5.35227494227385e-53	52.2714615852915	4.8033236661432e-54	239.601751114166	Modern	0.102096	< 0.25	< 0.25
0.012684	0.012684	NODE_4666_length_20852_cov_28.856744:1670	NODE_4666_length_20852_cov_28.856744	1670	20788	81466	83136	0.00021526534335128	3.66702588379852	0.000129200092115868	14.6534186239611	Historical	0	< 0.25	= 0.00
0.012684	0.012684	NODE_4666_length_20852_cov_28.856744:1670	NODE_4666_length_20852_cov_28.856744	1670	20788	81466	83136	0.00021526534335128	3.66702588379852	0.000129200092115868	14.6534186239611	Modern	0.012684	< 0.25	< 0.25
0.011805	0.011805	NODE_4666_length_20852_cov_28.856744:1678	NODE_4666_length_20852_cov_28.856744	1678	20788	81466	83144	0.000350404002290033	3.4554309419944	0.000214967697511264	13.6955110951201	Historical	0	< 0.25	= 0.00
0.011805	0.011805	NODE_4666_length_20852_cov_28.856744:1678	NODE_4666_length_20852_cov_28.856744	1678	20788	81466	83144	0.000350404002290033	3.4554309419944	0.000214967697511264	13.6955110951201	Modern	0.011805	< 0.25	< 0.25
0.149148	0.149148	NODE_4666_length_20852_cov_28.856744:1697	NODE_4666_length_20852_cov_28.856744	1697	20788	81466	83163	2.31509883025775e-91	90.6354304644649	9.89358474469126e-93	417.207123320951	Historical	0	< 0.25	= 0.00
0.149148	0.149148	NODE_4666_length_20852_cov_28.856744:1697	NODE_4666_length_20852_cov_28.856744	1697	20788	81466	83163	2.31509883025775e-91	90.6354304644649	9.89358474469126e-93	417.207123320951	Modern	0.149148	< 0.25	< 0.25
0	0	NODE_4666_length_20852_cov_28.856744:1715	NODE_4666_length_20852_cov_28.856744	1715	20788	81466	83181	0.999165688808028	0.000362487981788934	0.989244587645916	0.000181718990003721	Historical	0	< 0.25	= 0.00
0	0	NODE_4666_length_20852_cov_28.856744:1715	NODE_4666_length_20852_cov_28.856744	1715	20788	81466	83181	0.999165688808028	0.000362487981788934	0.989244587645916	0.000181718990003721	Modern	0	< 0.25	= 0.00
0.023689	0.023689	NODE_4666_length_20852_cov_28.856744:1728	NODE_4666_length_20852_cov_28.856744	1728	20788	81466	83194	1.99427507909906e-09	8.70021493775193	7.83127013492365e-10	37.8017198705578	Historical	0	< 0.25	= 0.00
0.023689	0.023689	NODE_4666_length_20852_cov_28.856744:1728	NODE_4666_length_20852_cov_28.856744	1728	20788	81466	83194	1.99427507909906e-09	8.70021493775193	7.83127013492365e-10	37.8017198705578	Modern	0.023689	< 0.25	< 0.25
0.210175	-0.210175	NODE_4666_length_20852_cov_28.856744:20788	NODE_4666_length_20852_cov_28.856744	20788	20788	81466	102254	0.378933023787026	0.421437544570591	0.32387437930515	0.973236299397573	Historical	0.466751	0.25–0.75	0.25–0.75
0.210175	-0.210175	NODE_4666_length_20852_cov_28.856744:20788	NODE_4666_length_20852_cov_28.856744	20788	20788	81466	102254	0.378933023787026	0.421437544570591	0.32387437930515	0.973236299397573	Modern	0.256576	0.25–0.75	0.25–0.75
3e-06	3e-06	NODE_4667_length_20851_cov_25.457787:3024	NODE_4667_length_20851_cov_25.457787	3024	3103	93104	96128	0.999165688808028	0.000362487981788934	0.98758596263583	0.000242092323891069	Historical	0	< 0.25	= 0.00
3e-06	3e-06	NODE_4667_length_20851_cov_25.457787:3024	NODE_4667_length_20851_cov_25.457787	3024	3103	93104	96128	0.999165688808028	0.000362487981788934	0.98758596263583	0.000242092323891069	Modern	3e-06	< 0.25	< 0.25
0.069454	0.069454	NODE_4667_length_20851_cov_25.457787:3037	NODE_4667_length_20851_cov_25.457787	3037	3103	93104	96141	2.63479436610776e-48	47.5792532738668	2.63979872387815e-49	217.867387629331	Historical	0	< 0.25	= 0.00
0.069454	0.069454	NODE_4667_length_20851_cov_25.457787:3037	NODE_4667_length_20851_cov_25.457787	3037	3103	93104	96141	2.63479436610776e-48	47.5792532738668	2.63979872387815e-49	217.867387629331	Modern	0.069454	< 0.25	< 0.25
0.323379	0.323379	NODE_4667_length_20851_cov_25.457787:3046	NODE_4667_length_20851_cov_25.457787	3046	3103	93104	96150	0	Inf	0	1723.92754918998	Historical	0	< 0.25	= 0.00
0.323379	0.323379	NODE_4667_length_20851_cov_25.457787:3046	NODE_4667_length_20851_cov_25.457787	3046	3103	93104	96150	0	Inf	0	1723.92754918998	Modern	0.323379	0.25–0.75	0.25–0.75
0.026979	0.026979	NODE_4667_length_20851_cov_25.457787:3058	NODE_4667_length_20851_cov_25.457787	3058	3103	93104	96162	3.25411833203274e-13	12.4875666585244	1.0074478406863e-13	55.3524390457336	Historical	0	< 0.25	= 0.00
0.026979	0.026979	NODE_4667_length_20851_cov_25.457787:3058	NODE_4667_length_20851_cov_25.457787	3058	3103	93104	96162	3.25411833203274e-13	12.4875666585244	1.0074478406863e-13	55.3524390457336	Modern	0.026979	< 0.25	< 0.25
0.038107	0.038107	NODE_4667_length_20851_cov_25.457787:3059	NODE_4667_length_20851_cov_25.457787	3059	3103	93104	96163	3.53696948123139e-22	21.4513686874824	7.54083236976683e-23	96.8335270450538	Historical	0	< 0.25	= 0.00
0.038107	0.038107	NODE_4667_length_20851_cov_25.457787:3059	NODE_4667_length_20851_cov_25.457787	3059	3103	93104	96163	3.53696948123139e-22	21.4513686874824	7.54083236976683e-23	96.8335270450538	Modern	0.038107	< 0.25	< 0.25
0.010815	0.010815	NODE_4667_length_20851_cov_25.457787:3066	NODE_4667_length_20851_cov_25.457787	3066	3103	93104	96170	0.00117343463751405	2.9305410963999	0.000753873250026831	11.3514933936908	Historical	0	< 0.25	= 0.00
0.010815	0.010815	NODE_4667_length_20851_cov_25.457787:3066	NODE_4667_length_20851_cov_25.457787	3066	3103	93104	96170	0.00117343463751405	2.9305410963999	0.000753873250026831	11.3514933936908	Modern	0.010815	< 0.25	< 0.25
0.346855	0.346855	NODE_4667_length_20851_cov_25.457787:3073	NODE_4667_length_20851_cov_25.457787	3073	3103	93104	96177	0	Inf	0	2009.62042023811	Historical	0	< 0.25	= 0.00
0.346855	0.346855	NODE_4667_length_20851_cov_25.457787:3073	NODE_4667_length_20851_cov_25.457787	3073	3103	93104	96177	0	Inf	0	2009.62042023811	Modern	0.346855	0.25–0.75	0.25–0.75
0.027477	0.027477	NODE_4667_length_20851_cov_25.457787:3079	NODE_4667_length_20851_cov_25.457787	3079	3103	93104	96183	9.25675232024578e-13	12.0335413563841	2.96251237599509e-13	53.2329262360148	Historical	0	< 0.25	= 0.00
0.027477	0.027477	NODE_4667_length_20851_cov_25.457787:3079	NODE_4667_length_20851_cov_25.457787	3079	3103	93104	96183	9.25675232024578e-13	12.0335413563841	2.96251237599509e-13	53.2329262360148	Modern	0.027477	< 0.25	< 0.25
0.009906	0.009906	NODE_4667_length_20851_cov_25.457787:3089	NODE_4667_length_20851_cov_25.457787	3089	3103	93104	96193	0.00860437981069886	2.06528042742799	0.00634501512156473	7.44961126395282	Historical	0	< 0.25	= 0.00
0.009906	0.009906	NODE_4667_length_20851_cov_25.457787:3089	NODE_4667_length_20851_cov_25.457787	3089	3103	93104	96193	0.00860437981069886	2.06528042742799	0.00634501512156473	7.44961126395282	Modern	0.009906	< 0.25	< 0.25
0.050697	0.050697	NODE_4667_length_20851_cov_25.457787:3092	NODE_4667_length_20851_cov_25.457787	3092	3103	93104	96196	1.03352390360919e-26	25.985679474445	1.92374819665148e-27	117.793892257475	Historical	0	< 0.25	= 0.00
0.050697	0.050697	NODE_4667_length_20851_cov_25.457787:3092	NODE_4667_length_20851_cov_25.457787	3092	3103	93104	96196	1.03352390360919e-26	25.985679474445	1.92374819665148e-27	117.793892257475	Modern	0.050697	< 0.25	< 0.25
0.026933	0.026933	NODE_4667_length_20851_cov_25.457787:3096	NODE_4667_length_20851_cov_25.457787	3096	3103	93104	96200	2.75352677584695e-09	8.56011069599547	1.09304291766764e-09	37.1513991565951	Historical	0	< 0.25	= 0.00
0.026933	0.026933	NODE_4667_length_20851_cov_25.457787:3096	NODE_4667_length_20851_cov_25.457787	3096	3103	93104	96200	2.75352677584695e-09	8.56011069599547	1.09304291766764e-09	37.1513991565951	Modern	0.026933	< 0.25	< 0.25
0.13193	0.13193	NODE_4667_length_20851_cov_25.457787:3100	NODE_4667_length_20851_cov_25.457787	3100	3103	93104	96204	7.96220745573886e-83	82.0989665110387	3.9319542991303e-84	377.705065579572	Historical	0	< 0.25	= 0.00
0.13193	0.13193	NODE_4667_length_20851_cov_25.457787:3100	NODE_4667_length_20851_cov_25.457787	3100	3103	93104	96204	7.96220745573886e-83	82.0989665110387	3.9319542991303e-84	377.705065579572	Modern	0.13193	< 0.25	< 0.25
0.262506	0.262506	NODE_4667_length_20851_cov_25.457787:3101	NODE_4667_length_20851_cov_25.457787	3101	3103	93104	96205	8.53843897476784e-200	199.068621521186	8.91954688722186e-202	918.591291923448	Historical	0	< 0.25	= 0.00
0.262506	0.262506	NODE_4667_length_20851_cov_25.457787:3101	NODE_4667_length_20851_cov_25.457787	3101	3103	93104	96205	8.53843897476784e-200	199.068621521186	8.91954688722186e-202	918.591291923448	Modern	0.262506	0.25–0.75	0.25–0.75
0.052941	0.052941	NODE_4667_length_20851_cov_25.457787:3103	NODE_4667_length_20851_cov_25.457787	3103	3103	93104	96207	2.74675478564429e-20	19.5611801101444	6.1821546457521e-21	88.1129504293541	Historical	0	< 0.25	= 0.00
0.052941	0.052941	NODE_4667_length_20851_cov_25.457787:3103	NODE_4667_length_20851_cov_25.457787	3103	3103	93104	96207	2.74675478564429e-20	19.5611801101444	6.1821546457521e-21	88.1129504293541	Modern	0.052941	< 0.25	< 0.25
0.011453	0.011453	NODE_4674_length_20831_cov_36.716043:19277	NODE_4674_length_20831_cov_36.716043	19277	19280	104742	124019	0.0056373853660804	2.24892227622439	0.00399649399409213	8.28540727506403	Historical	0	< 0.25	= 0.00
0.011453	0.011453	NODE_4674_length_20831_cov_36.716043:19277	NODE_4674_length_20831_cov_36.716043	19277	19280	104742	124019	0.0056373853660804	2.24892227622439	0.00399649399409213	8.28540727506403	Modern	0.011453	< 0.25	< 0.25
0.011447	0.011447	NODE_4674_length_20831_cov_36.716043:19280	NODE_4674_length_20831_cov_36.716043	19280	19280	104742	124022	0.00503939226320903	2.29762183511185	0.00353906037857842	8.50636648957478	Historical	0	< 0.25	= 0.00
0.011447	0.011447	NODE_4674_length_20831_cov_36.716043:19280	NODE_4674_length_20831_cov_36.716043	19280	19280	104742	124022	0.00503939226320903	2.29762183511185	0.00353906037857842	8.50636648957478	Modern	0.011447	< 0.25	< 0.25
0.021462	0.021462	NODE_4675_length_20831_cov_8.910332:23	NODE_4675_length_20831_cov_8.910332	23	70	116380	116403	0.0248887201899987	1.60399743479806	0.0198542497242155	5.42466450381554	Historical	0	< 0.25	= 0.00
0.021462	0.021462	NODE_4675_length_20831_cov_8.910332:23	NODE_4675_length_20831_cov_8.910332	23	70	116380	116403	0.0248887201899987	1.60399743479806	0.0198542497242155	5.42466450381554	Modern	0.021462	< 0.25	< 0.25
0.01797	0.01797	NODE_4675_length_20831_cov_8.910332:31	NODE_4675_length_20831_cov_8.910332	31	70	116380	116411	0.0255358442814689	1.59284977866524	0.0204189278588274	5.37571861498617	Historical	0	< 0.25	= 0.00
0.01797	0.01797	NODE_4675_length_20831_cov_8.910332:31	NODE_4675_length_20831_cov_8.910332	31	70	116380	116411	0.0255358442814689	1.59284977866524	0.0204189278588274	5.37571861498617	Modern	0.01797	< 0.25	< 0.25
0.018194	0.018194	NODE_4675_length_20831_cov_8.910332:40	NODE_4675_length_20831_cov_8.910332	40	70	116380	116420	0.0169023907953207	1.77205186131658	0.0131543297785046	6.14823525147148	Historical	0	< 0.25	= 0.00
0.018194	0.018194	NODE_4675_length_20831_cov_8.910332:40	NODE_4675_length_20831_cov_8.910332	40	70	116380	116420	0.0169023907953207	1.77205186131658	0.0131543297785046	6.14823525147148	Modern	0.018194	< 0.25	< 0.25
0.017982	0.017982	NODE_4675_length_20831_cov_8.910332:42	NODE_4675_length_20831_cov_8.910332	42	70	116380	116422	0.0163699492371141	1.78595266732449	0.0127023877583202	6.21009409955279	Historical	0	< 0.25	= 0.00
0.017982	0.017982	NODE_4675_length_20831_cov_8.910332:42	NODE_4675_length_20831_cov_8.910332	42	70	116380	116422	0.0163699492371141	1.78595266732449	0.0127023877583202	6.21009409955279	Modern	0.017982	< 0.25	< 0.25
0.037197	0.037197	NODE_4675_length_20831_cov_8.910332:50	NODE_4675_length_20831_cov_8.910332	50	70	116380	116430	4.56752793953704e-05	4.34031878739094	2.55703487213398e-05	17.7216225255774	Historical	0	< 0.25	= 0.00
0.037197	0.037197	NODE_4675_length_20831_cov_8.910332:50	NODE_4675_length_20831_cov_8.910332	50	70	116380	116430	4.56752793953704e-05	4.34031878739094	2.55703487213398e-05	17.7216225255774	Modern	0.037197	< 0.25	< 0.25
0.03532	0.03532	NODE_4675_length_20831_cov_8.910332:66	NODE_4675_length_20831_cov_8.910332	66	70	116380	116446	0.000122985380110648	3.91014651225691	7.22378514704993e-05	15.7513112296384	Historical	0	< 0.25	= 0.00
0.03532	0.03532	NODE_4675_length_20831_cov_8.910332:66	NODE_4675_length_20831_cov_8.910332	66	70	116380	116446	0.000122985380110648	3.91014651225691	7.22378514704993e-05	15.7513112296384	Modern	0.03532	< 0.25	< 0.25
0.036617	0.036617	NODE_4675_length_20831_cov_8.910332:70	NODE_4675_length_20831_cov_8.910332	70	70	116380	116450	9.33412404827311e-05	4.02992643174286	5.41166451231789e-05	16.2981540110046	Historical	0	< 0.25	= 0.00
0.036617	0.036617	NODE_4675_length_20831_cov_8.910332:70	NODE_4675_length_20831_cov_8.910332	70	70	116380	116450	9.33412404827311e-05	4.02992643174286	5.41166451231789e-05	16.2981540110046	Modern	0.036617	< 0.25	< 0.25
0.014047	0.014047	NODE_4683_length_20807_cov_7.123527:19885	NODE_4683_length_20807_cov_7.123527	19885	19963	128018	147903	0.0176961248853667	1.75212182545483	0.013801502995186	6.06335774593555	Historical	0	< 0.25	= 0.00
0.014047	0.014047	NODE_4683_length_20807_cov_7.123527:19885	NODE_4683_length_20807_cov_7.123527	19885	19963	128018	147903	0.0176961248853667	1.75212182545483	0.013801502995186	6.06335774593555	Modern	0.014047	< 0.25	< 0.25
0.013581	0.013581	NODE_4683_length_20807_cov_7.123527:19887	NODE_4683_length_20807_cov_7.123527	19887	19963	128018	147905	0.0126369756110537	1.89835685268291	0.00964274444775087	6.69973125441225	Historical	0	< 0.25	= 0.00
0.013581	0.013581	NODE_4683_length_20807_cov_7.123527:19887	NODE_4683_length_20807_cov_7.123527	19887	19963	128018	147905	0.0126369756110537	1.89835685268291	0.00964274444775087	6.69973125441225	Modern	0.013581	< 0.25	< 0.25
0.053852	0.053852	NODE_4683_length_20807_cov_7.123527:19896	NODE_4683_length_20807_cov_7.123527	19896	19963	128018	147914	1.33716384682813e-14	13.8738153740293	3.92387111747286e-15	61.7377397693194	Historical	0	< 0.25	= 0.00
0.053852	0.053852	NODE_4683_length_20807_cov_7.123527:19896	NODE_4683_length_20807_cov_7.123527	19896	19963	128018	147914	1.33716384682813e-14	13.8738153740293	3.92387111747286e-15	61.7377397693194	Modern	0.053852	< 0.25	< 0.25
0.307322	0.307322	NODE_4683_length_20807_cov_7.123527:19898	NODE_4683_length_20807_cov_7.123527	19898	19963	128018	147916	3.08750357752291e-115	114.51039253051	8.64970138052479e-117	527.765854956853	Historical	0	< 0.25	= 0.00
0.307322	0.307322	NODE_4683_length_20807_cov_7.123527:19898	NODE_4683_length_20807_cov_7.123527	19898	19963	128018	147916	3.08750357752291e-115	114.51039253051	8.64970138052479e-117	527.765854956853	Modern	0.307322	0.25–0.75	0.25–0.75
0.042195	0.042195	NODE_4683_length_20807_cov_7.123527:19912	NODE_4683_length_20807_cov_7.123527	19912	19963	128018	147930	4.04924949320413e-17	16.3926254634925	1.04019182137865e-17	73.4347383149883	Historical	0	< 0.25	= 0.00
0.042195	0.042195	NODE_4683_length_20807_cov_7.123527:19912	NODE_4683_length_20807_cov_7.123527	19912	19963	128018	147930	4.04924949320413e-17	16.3926254634925	1.04019182137865e-17	73.4347383149883	Modern	0.042195	< 0.25	< 0.25
0.017394	0.017394	NODE_4683_length_20807_cov_7.123527:19914	NODE_4683_length_20807_cov_7.123527	19914	19963	128018	147932	5.99674589491487e-06	5.22208435349245	3.12650854350262e-06	21.7373116352929	Historical	0	< 0.25	= 0.00
0.017394	0.017394	NODE_4683_length_20807_cov_7.123527:19914	NODE_4683_length_20807_cov_7.123527	19914	19963	128018	147932	5.99674589491487e-06	5.22208435349245	3.12650854350262e-06	21.7373116352929	Modern	0.017394	< 0.25	< 0.25
0.036954	0.036954	NODE_4683_length_20807_cov_7.123527:19916	NODE_4683_length_20807_cov_7.123527	19916	19963	128018	147934	4.09300782332933e-15	14.3879574252483	1.15443810401596e-15	64.1475099872035	Historical	0	< 0.25	= 0.00
0.036954	0.036954	NODE_4683_length_20807_cov_7.123527:19916	NODE_4683_length_20807_cov_7.123527	19916	19963	128018	147934	4.09300782332933e-15	14.3879574252483	1.15443810401596e-15	64.1475099872035	Modern	0.036954	< 0.25	< 0.25
0.047961	0.047961	NODE_4683_length_20807_cov_7.123527:19927	NODE_4683_length_20807_cov_7.123527	19927	19963	128018	147945	5.35429095782658e-23	22.2712980324869	1.10340089064422e-23	100.639589746565	Historical	0	< 0.25	= 0.00
0.047961	0.047961	NODE_4683_length_20807_cov_7.123527:19927	NODE_4683_length_20807_cov_7.123527	19927	19963	128018	147945	5.35429095782658e-23	22.2712980324869	1.10340089064422e-23	100.639589746565	Modern	0.047961	< 0.25	< 0.25
0.029916	0.029916	NODE_4683_length_20807_cov_7.123527:19938	NODE_4683_length_20807_cov_7.123527	19938	19963	128018	147956	4.65058279406012e-13	12.3324926195004	1.4574475992781e-13	54.6266633475797	Historical	0	< 0.25	= 0.00
0.029916	0.029916	NODE_4683_length_20807_cov_7.123527:19938	NODE_4683_length_20807_cov_7.123527	19938	19963	128018	147956	4.65058279406012e-13	12.3324926195004	1.4574475992781e-13	54.6266633475797	Modern	0.029916	< 0.25	< 0.25
0.031248	0.031248	NODE_4683_length_20807_cov_7.123527:19954	NODE_4683_length_20807_cov_7.123527	19954	19963	128018	147972	5.70166491721748e-12	11.2439983094537	1.90326231567136e-12	49.5812268563689	Historical	0	< 0.25	= 0.00
0.031248	0.031248	NODE_4683_length_20807_cov_7.123527:19954	NODE_4683_length_20807_cov_7.123527	19954	19963	128018	147972	5.70166491721748e-12	11.2439983094537	1.90326231567136e-12	49.5812268563689	Modern	0.031248	< 0.25	< 0.25
0.028769	0.028769	NODE_4683_length_20807_cov_7.123527:19955	NODE_4683_length_20807_cov_7.123527	19955	19963	128018	147973	1.40838356436252e-10	9.85127905172761	5.08917327863188e-11	43.14261086954	Historical	0	< 0.25	= 0.00
0.028769	0.028769	NODE_4683_length_20807_cov_7.123527:19955	NODE_4683_length_20807_cov_7.123527	19955	19963	128018	147973	1.40838356436252e-10	9.85127905172761	5.08917327863188e-11	43.14261086954	Modern	0.028769	< 0.25	< 0.25
0	0	NODE_4683_length_20807_cov_7.123527:19963	NODE_4683_length_20807_cov_7.123527	19963	19963	128018	147981	0.999165688808028	0.000362487981788934	0.986328065496843	0.000293644806389252	Historical	0	< 0.25	= 0.00
0	0	NODE_4683_length_20807_cov_7.123527:19963	NODE_4683_length_20807_cov_7.123527	19963	19963	128018	147981	0.999165688808028	0.000362487981788934	0.986328065496843	0.000293644806389252	Modern	0	< 0.25	= 0.00
0.028388	0.028388	NODE_4688_length_20790_cov_23.370161:17474	NODE_4688_length_20790_cov_23.370161	17474	18022	139656	157130	1.16952927195853e-08	7.93198890383262	4.91468853600809e-09	34.2229123909636	Historical	0	< 0.25	= 0.00
0.028388	0.028388	NODE_4688_length_20790_cov_23.370161:17474	NODE_4688_length_20790_cov_23.370161	17474	18022	139656	157130	1.16952927195853e-08	7.93198890383262	4.91468853600809e-09	34.2229123909636	Modern	0.028388	< 0.25	< 0.25
0.179026	0.179026	NODE_4688_length_20790_cov_23.370161:17481	NODE_4688_length_20790_cov_23.370161	17481	18022	139656	157137	0.432844238940961	0.363668358469669	0.371596573601737	0.798318542540902	Historical	0.656258	0.25–0.75	0.25–0.75
0.179026	0.179026	NODE_4688_length_20790_cov_23.370161:17481	NODE_4688_length_20790_cov_23.370161	17481	18022	139656	157137	0.432844238940961	0.363668358469669	0.371596573601737	0.798318542540902	Modern	0.835284	> 0.75	> 0.75
0.011588	0.011588	NODE_4688_length_20790_cov_23.370161:17623	NODE_4688_length_20790_cov_23.370161	17623	18022	139656	157279	1.17739771802161e-05	4.92907681025273	6.24479226510036e-06	20.4116668981693	Historical	0	< 0.25	= 0.00
0.011588	0.011588	NODE_4688_length_20790_cov_23.370161:17623	NODE_4688_length_20790_cov_23.370161	17623	18022	139656	157279	1.17739771802161e-05	4.92907681025273	6.24479226510036e-06	20.4116668981693	Modern	0.011588	< 0.25	< 0.25
0.064911	0.064911	NODE_4688_length_20790_cov_23.370161:17624	NODE_4688_length_20790_cov_23.370161	17624	18022	139656	157280	6.32636878728963e-67	66.1988454950607	4.29568250988802e-68	304.061016244558	Historical	0	< 0.25	= 0.00
0.064911	0.064911	NODE_4688_length_20790_cov_23.370161:17624	NODE_4688_length_20790_cov_23.370161	17624	18022	139656	157280	6.32636878728963e-67	66.1988454950607	4.29568250988802e-68	304.061016244558	Modern	0.064911	< 0.25	< 0.25
0.033228	0.033228	NODE_4688_length_20790_cov_23.370161:17639	NODE_4688_length_20790_cov_23.370161	17639	18022	139656	157295	3.22797571018445e-13	12.4910697419092	9.97821551438783e-14	55.3713116158982	Historical	0	< 0.25	= 0.00
0.033228	0.033228	NODE_4688_length_20790_cov_23.370161:17639	NODE_4688_length_20790_cov_23.370161	17639	18022	139656	157295	3.22797571018445e-13	12.4910697419092	9.97821551438783e-14	55.3713116158982	Modern	0.033228	< 0.25	< 0.25
0.020608	0.020608	NODE_4688_length_20790_cov_23.370161:17656	NODE_4688_length_20790_cov_23.370161	17656	18022	139656	157312	4.33129421180469e-06	5.36338231494863	2.2335163884235e-06	22.3829188305121	Historical	0	< 0.25	= 0.00
0.020608	0.020608	NODE_4688_length_20790_cov_23.370161:17656	NODE_4688_length_20790_cov_23.370161	17656	18022	139656	157312	4.33129421180469e-06	5.36338231494863	2.2335163884235e-06	22.3829188305121	Modern	0.020608	< 0.25	< 0.25
0.090236	-0.090236	NODE_4688_length_20790_cov_23.370161:17671	NODE_4688_length_20790_cov_23.370161	17671	18022	139656	157327	0.585572976263748	0.232418973838906	0.509943418075838	0.434183208573176	Historical	0.119751	< 0.25	< 0.25
0.090236	-0.090236	NODE_4688_length_20790_cov_23.370161:17671	NODE_4688_length_20790_cov_23.370161	17671	18022	139656	157327	0.585572976263748	0.232418973838906	0.509943418075838	0.434183208573176	Modern	0.029515	< 0.25	< 0.25
0.010782	0.010782	NODE_4688_length_20790_cov_23.370161:17682	NODE_4688_length_20790_cov_23.370161	17682	18022	139656	157338	0.00204578163492643	2.68914072439102	0.00135316895415599	10.2685529295227	Historical	0	< 0.25	= 0.00
0.010782	0.010782	NODE_4688_length_20790_cov_23.370161:17682	NODE_4688_length_20790_cov_23.370161	17682	18022	139656	157338	0.00204578163492643	2.68914072439102	0.00135316895415599	10.2685529295227	Modern	0.010782	< 0.25	< 0.25
0.033933	0.033933	NODE_4688_length_20790_cov_23.370161:18022	NODE_4688_length_20790_cov_23.370161	18022	18022	139656	157678	9.15826628709228e-11	10.0381867330148	3.28323411526812e-11	44.0003126826182	Historical	0	< 0.25	= 0.00
0.033933	0.033933	NODE_4688_length_20790_cov_23.370161:18022	NODE_4688_length_20790_cov_23.370161	18022	18022	139656	157678	9.15826628709228e-11	10.0381867330148	3.28323411526812e-11	44.0003126826182	Modern	0.033933	< 0.25	< 0.25
0.058516	0.058516	NODE_4691_length_20786_cov_62.563349:12822	NODE_4691_length_20786_cov_62.563349	12822	12953	151294	164116	1.45464230117694e-31	30.837243787244	2.27244689974934e-32	140.31425603258	Historical	0	< 0.25	= 0.00
0.058516	0.058516	NODE_4691_length_20786_cov_62.563349:12822	NODE_4691_length_20786_cov_62.563349	12822	12953	151294	164116	1.45464230117694e-31	30.837243787244	2.27244689974934e-32	140.31425603258	Modern	0.058516	< 0.25	< 0.25
0.015862	0.015862	NODE_4691_length_20786_cov_62.563349:12823	NODE_4691_length_20786_cov_62.563349	12823	12953	151294	164117	3.14091504898459e-05	4.50294380962383	1.73898715437608e-05	18.4557131610737	Historical	0	< 0.25	= 0.00
0.015862	0.015862	NODE_4691_length_20786_cov_62.563349:12823	NODE_4691_length_20786_cov_62.563349	12823	12953	151294	164117	3.14091504898459e-05	4.50294380962383	1.73898715437608e-05	18.4557131610737	Modern	0.015862	< 0.25	< 0.25
0.028792	0.028792	NODE_4691_length_20786_cov_62.563349:12832	NODE_4691_length_20786_cov_62.563349	12832	12953	151294	164126	6.86419821470914e-12	11.1634101840301	2.30762219183954e-12	49.2032995787169	Historical	0	< 0.25	= 0.00
0.028792	0.028792	NODE_4691_length_20786_cov_62.563349:12832	NODE_4691_length_20786_cov_62.563349	12832	12953	151294	164126	6.86419821470914e-12	11.1634101840301	2.30762219183954e-12	49.2032995787169	Modern	0.028792	< 0.25	< 0.25
0.041652	0.041652	NODE_4691_length_20786_cov_62.563349:12859	NODE_4691_length_20786_cov_62.563349	12859	12953	151294	164153	2.01664676438039e-21	20.6953701660981	4.39525576852136e-22	93.3439385046836	Historical	0	< 0.25	= 0.00
0.041652	0.041652	NODE_4691_length_20786_cov_62.563349:12859	NODE_4691_length_20786_cov_62.563349	12859	12953	151294	164153	2.01664676438039e-21	20.6953701660981	4.39525576852136e-22	93.3439385046836	Modern	0.041652	< 0.25	< 0.25
0.010622	0.010622	NODE_4691_length_20786_cov_62.563349:12871	NODE_4691_length_20786_cov_62.563349	12871	12953	151294	164165	0.00524768652708768	2.28003211563357	0.0037002917819208	8.42533149451623	Historical	0	< 0.25	= 0.00
0.010622	0.010622	NODE_4691_length_20786_cov_62.563349:12871	NODE_4691_length_20786_cov_62.563349	12871	12953	151294	164165	0.00524768652708768	2.28003211563357	0.0037002917819208	8.42533149451623	Modern	0.010622	< 0.25	< 0.25
0.025256	0.025256	NODE_4691_length_20786_cov_62.563349:12880	NODE_4691_length_20786_cov_62.563349	12880	12953	151294	164174	7.22375854155673e-10	9.14123677900436	2.74063773727627e-10	39.8512141621166	Historical	0	< 0.25	= 0.00
0.025256	0.025256	NODE_4691_length_20786_cov_62.563349:12880	NODE_4691_length_20786_cov_62.563349	12880	12953	151294	164174	7.22375854155673e-10	9.14123677900436	2.74063773727627e-10	39.8512141621166	Modern	0.025256	< 0.25	< 0.25
0.021293	0.021293	NODE_4691_length_20786_cov_62.563349:12894	NODE_4691_length_20786_cov_62.563349	12894	12953	151294	164188	4.25737505444246e-07	6.37085808886446	2.0235671555066e-07	27.0104670086707	Historical	0	< 0.25	= 0.00
0.021293	0.021293	NODE_4691_length_20786_cov_62.563349:12894	NODE_4691_length_20786_cov_62.563349	12894	12953	151294	164188	4.25737505444246e-07	6.37085808886446	2.0235671555066e-07	27.0104670086707	Modern	0.021293	< 0.25	< 0.25
0.01071	0.01071	NODE_4691_length_20786_cov_62.563349:12899	NODE_4691_length_20786_cov_62.563349	12899	12953	151294	164193	0.00777739666296333	2.10916575058287	0.0056908681185311	7.64567235126052	Historical	0	< 0.25	= 0.00
0.01071	0.01071	NODE_4691_length_20786_cov_62.563349:12899	NODE_4691_length_20786_cov_62.563349	12899	12953	151294	164193	0.00777739666296333	2.10916575058287	0.0056908681185311	7.64567235126052	Modern	0.01071	< 0.25	< 0.25
0.004659	0.004659	NODE_4691_length_20786_cov_62.563349:12905	NODE_4691_length_20786_cov_62.563349	12905	12953	151294	164199	0.264129357438524	0.578183325165768	0.223870324324675	1.47938784415255	Historical	0	< 0.25	= 0.00
0.004659	0.004659	NODE_4691_length_20786_cov_62.563349:12905	NODE_4691_length_20786_cov_62.563349	12905	12953	151294	164199	0.264129357438524	0.578183325165768	0.223870324324675	1.47938784415255	Modern	0.004659	< 0.25	< 0.25
0.144821	0.144821	NODE_4691_length_20786_cov_62.563349:12908	NODE_4691_length_20786_cov_62.563349	12908	12953	151294	164202	3.83927049179418e-111	110.41575128904	1.14849971976749e-112	508.814569902983	Historical	0	< 0.25	= 0.00
0.144821	0.144821	NODE_4691_length_20786_cov_62.563349:12908	NODE_4691_length_20786_cov_62.563349	12908	12953	151294	164202	3.83927049179418e-111	110.41575128904	1.14849971976749e-112	508.814569902983	Modern	0.144821	< 0.25	< 0.25
0.01088	0.01088	NODE_4691_length_20786_cov_62.563349:12909	NODE_4691_length_20786_cov_62.563349	12909	12953	151294	164203	0.00900689374461194	2.04542496064926	0.00665466603353095	7.36389018847776	Historical	0	< 0.25	= 0.00
0.01088	0.01088	NODE_4691_length_20786_cov_62.563349:12909	NODE_4691_length_20786_cov_62.563349	12909	12953	151294	164203	0.00900689374461194	2.04542496064926	0.00665466603353095	7.36389018847776	Modern	0.01088	< 0.25	< 0.25
0.011215	0.011215	NODE_4691_length_20786_cov_62.563349:12915	NODE_4691_length_20786_cov_62.563349	12915	12953	151294	164209	0.00810010372998641	2.09150941950749	0.00593853758741644	7.56885871525724	Historical	0	< 0.25	= 0.00
0.011215	0.011215	NODE_4691_length_20786_cov_62.563349:12915	NODE_4691_length_20786_cov_62.563349	12915	12953	151294	164209	0.00810010372998641	2.09150941950749	0.00593853758741644	7.56885871525724	Modern	0.011215	< 0.25	< 0.25
0.049945	0.049945	NODE_4691_length_20786_cov_62.563349:12920	NODE_4691_length_20786_cov_62.563349	12920	12953	151294	164214	7.95438223036049e-23	22.0993935437815	1.65810721705995e-23	99.8329251321444	Historical	0	< 0.25	= 0.00
0.049945	0.049945	NODE_4691_length_20786_cov_62.563349:12920	NODE_4691_length_20786_cov_62.563349	12920	12953	151294	164214	7.95438223036049e-23	22.0993935437815	1.65810721705995e-23	99.8329251321444	Modern	0.049945	< 0.25	< 0.25
0.048889	0.048889	NODE_4691_length_20786_cov_62.563349:12947	NODE_4691_length_20786_cov_62.563349	12947	12953	151294	164241	1.39364764364081e-13	12.855847015166	4.19550145331565e-14	57.0747865701602	Historical	0	< 0.25	= 0.00
0.048889	0.048889	NODE_4691_length_20786_cov_62.563349:12947	NODE_4691_length_20786_cov_62.563349	12947	12953	151294	164241	1.39364764364081e-13	12.855847015166	4.19550145331565e-14	57.0747865701602	Modern	0.048889	< 0.25	< 0.25
0.012589	0.012589	NODE_4691_length_20786_cov_62.563349:12953	NODE_4691_length_20786_cov_62.563349	12953	12953	151294	164247	0.0539449692422253	1.268049050188	0.0443906133412994	4.04164189731536	Historical	0	< 0.25	= 0.00
0.012589	0.012589	NODE_4691_length_20786_cov_62.563349:12953	NODE_4691_length_20786_cov_62.563349	12953	12953	151294	164247	0.0539449692422253	1.268049050188	0.0443906133412994	4.04164189731536	Modern	0.012589	< 0.25	< 0.25
0.453755	0.453755	NODE_4706_length_20761_cov_17.657632:11782	NODE_4706_length_20761_cov_17.657632	11782	14532	162932	174714	1.25996521032403e-16	15.8996414462895	3.29050743436949e-17	71.1620868511097	Historical	0.014562	< 0.25	< 0.25
0.453755	0.453755	NODE_4706_length_20761_cov_17.657632:11782	NODE_4706_length_20761_cov_17.657632	11782	14532	162932	174714	1.25996521032403e-16	15.8996414462895	3.29050743436949e-17	71.1620868511097	Modern	0.468317	0.25–0.75	0.25–0.75
0.07557	0.07557	NODE_4706_length_20761_cov_17.657632:11783	NODE_4706_length_20761_cov_17.657632	11783	14532	162932	174715	1.33388165387447e-19	18.8748827006663	3.08452215307154e-20	84.934258280787	Historical	7e-06	< 0.25	< 0.25
0.07557	0.07557	NODE_4706_length_20761_cov_17.657632:11783	NODE_4706_length_20761_cov_17.657632	11783	14532	162932	174715	1.33388165387447e-19	18.8748827006663	3.08452215307154e-20	84.934258280787	Modern	0.075577	< 0.25	< 0.25
0.488835	0.488835	NODE_4706_length_20761_cov_17.657632:11785	NODE_4706_length_20761_cov_17.657632	11785	14532	162932	174717	1.42996616323745e-140	139.844674238964	2.64808548747676e-142	645.062474141496	Historical	0	< 0.25	= 0.00
0.488835	0.488835	NODE_4706_length_20761_cov_17.657632:11785	NODE_4706_length_20761_cov_17.657632	11785	14532	162932	174717	1.42996616323745e-140	139.844674238964	2.64808548747676e-142	645.062474141496	Modern	0.488835	0.25–0.75	0.25–0.75
0.032483	0.032483	NODE_4706_length_20761_cov_17.657632:11786	NODE_4706_length_20761_cov_17.657632	11786	14532	162932	174718	0.000101957018413341	3.99158287333583	5.9353895809476e-05	16.1231551267927	Historical	0	< 0.25	= 0.00
0.032483	0.032483	NODE_4706_length_20761_cov_17.657632:11786	NODE_4706_length_20761_cov_17.657632	11786	14532	162932	174718	0.000101957018413341	3.99158287333583	5.9353895809476e-05	16.1231551267927	Modern	0.032483	< 0.25	< 0.25
0.017296	0.017296	NODE_4706_length_20761_cov_17.657632:11793	NODE_4706_length_20761_cov_17.657632	11793	14532	162932	174725	0.012077833308765	1.91801096856634	0.00918741166222296	6.78602778482522	Historical	0	< 0.25	= 0.00
0.017296	0.017296	NODE_4706_length_20761_cov_17.657632:11793	NODE_4706_length_20761_cov_17.657632	11793	14532	162932	174725	0.012077833308765	1.91801096856634	0.00918741166222296	6.78602778482522	Modern	0.017296	< 0.25	< 0.25
0.028048	-0.028048	NODE_4706_length_20761_cov_17.657632:13734	NODE_4706_length_20761_cov_17.657632	13734	14532	162932	176666	0.978631912137895	0.00938062646753434	0.883370971022858	0.0215200899524659	Historical	0.284106	0.25–0.75	0.25–0.75
0.028048	-0.028048	NODE_4706_length_20761_cov_17.657632:13734	NODE_4706_length_20761_cov_17.657632	13734	14532	162932	176666	0.978631912137895	0.00938062646753434	0.883370971022858	0.0215200899524659	Modern	0.256058	0.25–0.75	0.25–0.75
0.057549	0.057549	NODE_4706_length_20761_cov_17.657632:13735	NODE_4706_length_20761_cov_17.657632	13735	14532	162932	176667	6.31375562052597e-09	8.19971223186905	2.58726073148809e-09	35.4721302481854	Historical	0	< 0.25	= 0.00
0.057549	0.057549	NODE_4706_length_20761_cov_17.657632:13735	NODE_4706_length_20761_cov_17.657632	13735	14532	162932	176667	6.31375562052597e-09	8.19971223186905	2.58726073148809e-09	35.4721302481854	Modern	0.057549	< 0.25	< 0.25
0.090756	0.090756	NODE_4706_length_20761_cov_17.657632:13757	NODE_4706_length_20761_cov_17.657632	13757	14532	162932	176689	3.62715344534499e-19	18.4404340713683	8.52536066213565e-20	82.924370231247	Historical	0	< 0.25	= 0.00
0.090756	0.090756	NODE_4706_length_20761_cov_17.657632:13757	NODE_4706_length_20761_cov_17.657632	13757	14532	162932	176689	3.62715344534499e-19	18.4404340713683	8.52536066213565e-20	82.924370231247	Modern	0.090756	< 0.25	< 0.25
0.032616	0.032616	NODE_4706_length_20761_cov_17.657632:13780	NODE_4706_length_20761_cov_17.657632	13780	14532	162932	176712	8.36125763200062e-07	6.0777283946232	4.06946299753117e-07	25.6611078672379	Historical	0	< 0.25	= 0.00
0.032616	0.032616	NODE_4706_length_20761_cov_17.657632:13780	NODE_4706_length_20761_cov_17.657632	13780	14532	162932	176712	8.36125763200062e-07	6.0777283946232	4.06946299753117e-07	25.6611078672379	Modern	0.032616	< 0.25	< 0.25
0.031215	0.031215	NODE_4706_length_20761_cov_17.657632:14445	NODE_4706_length_20761_cov_17.657632	14445	14532	162932	177377	0.000275815219726111	3.55938177274793	0.000167636980650248	14.1629751823826	Historical	0	< 0.25	= 0.00
0.031215	0.031215	NODE_4706_length_20761_cov_17.657632:14445	NODE_4706_length_20761_cov_17.657632	14445	14532	162932	177377	0.000275815219726111	3.55938177274793	0.000167636980650248	14.1629751823826	Modern	0.031215	< 0.25	< 0.25
0.047741	0.047741	NODE_4706_length_20761_cov_17.657632:14447	NODE_4706_length_20761_cov_17.657632	14447	14532	162932	177379	7.96450022751534e-07	6.0988414709918	3.87257750853548e-07	25.7568120170269	Historical	0	< 0.25	= 0.00
0.047741	0.047741	NODE_4706_length_20761_cov_17.657632:14447	NODE_4706_length_20761_cov_17.657632	14447	14532	162932	177379	7.96450022751534e-07	6.0988414709918	3.87257750853548e-07	25.7568120170269	Modern	0.047741	< 0.25	< 0.25
0.016681	0.016681	NODE_4706_length_20761_cov_17.657632:14448	NODE_4706_length_20761_cov_17.657632	14448	14532	162932	177380	0.0243675123784396	1.61318880464624	0.019369048300811	5.46788531778694	Historical	0	< 0.25	= 0.00
0.016681	0.016681	NODE_4706_length_20761_cov_17.657632:14448	NODE_4706_length_20761_cov_17.657632	14448	14532	162932	177380	0.0243675123784396	1.61318880464624	0.019369048300811	5.46788531778694	Modern	0.016681	< 0.25	< 0.25
0.049142	0.049142	NODE_4706_length_20761_cov_17.657632:14458	NODE_4706_length_20761_cov_17.657632	14458	14532	162932	177390	1.43146574030456e-07	6.84421904161705	6.53199703909157e-08	29.1987904325813	Historical	0	< 0.25	= 0.00
0.049142	0.049142	NODE_4706_length_20761_cov_17.657632:14458	NODE_4706_length_20761_cov_17.657632	14458	14532	162932	177390	1.43146574030456e-07	6.84421904161705	6.53199703909157e-08	29.1987904325813	Modern	0.049142	< 0.25	< 0.25
0.031083	0.031083	NODE_4706_length_20761_cov_17.657632:14463	NODE_4706_length_20761_cov_17.657632	14463	14532	162932	177395	0.00011364937948011	3.94443293115854	6.65258942338485e-05	15.907179172461	Historical	0	< 0.25	= 0.00
0.031083	0.031083	NODE_4706_length_20761_cov_17.657632:14463	NODE_4706_length_20761_cov_17.657632	14463	14532	162932	177395	0.00011364937948011	3.94443293115854	6.65258942338485e-05	15.907179172461	Modern	0.031083	< 0.25	< 0.25
0.015892	0.015892	NODE_4706_length_20761_cov_17.657632:14464	NODE_4706_length_20761_cov_17.657632	14464	14532	162932	177396	0.020223810595704	1.69413701072493	0.0159120864943407	5.81256308053075	Historical	0	< 0.25	= 0.00
0.015892	0.015892	NODE_4706_length_20761_cov_17.657632:14464	NODE_4706_length_20761_cov_17.657632	14464	14532	162932	177396	0.020223810595704	1.69413701072493	0.0159120864943407	5.81256308053075	Modern	0.015892	< 0.25	< 0.25
0.040609	0.040609	NODE_4706_length_20761_cov_17.657632:14505	NODE_4706_length_20761_cov_17.657632	14505	14532	162932	177437	1.49284823178986e-05	4.82598434193774	8.04550210390073e-06	19.9270237204516	Historical	0	< 0.25	= 0.00
0.040609	0.040609	NODE_4706_length_20761_cov_17.657632:14505	NODE_4706_length_20761_cov_17.657632	14505	14532	162932	177437	1.49284823178986e-05	4.82598434193774	8.04550210390073e-06	19.9270237204516	Modern	0.040609	< 0.25	< 0.25
0.015818	0.015818	NODE_4706_length_20761_cov_17.657632:14522	NODE_4706_length_20761_cov_17.657632	14522	14532	162932	177454	0.0182353772329229	1.73908524806272	0.0142523413700812	6.00661517278172	Historical	0	< 0.25	= 0.00
0.015818	0.015818	NODE_4706_length_20761_cov_17.657632:14522	NODE_4706_length_20761_cov_17.657632	14522	14532	162932	177454	0.0182353772329229	1.73908524806272	0.0142523413700812	6.00661517278172	Modern	0.015818	< 0.25	< 0.25
0.01744	0.01744	NODE_4706_length_20761_cov_17.657632:14531	NODE_4706_length_20761_cov_17.657632	14531	14532	162932	177463	0.0126963642779534	1.89632062550687	0.0096940901039644	6.69026303213709	Historical	0	< 0.25	= 0.00
0.01744	0.01744	NODE_4706_length_20761_cov_17.657632:14531	NODE_4706_length_20761_cov_17.657632	14531	14532	162932	177463	0.0126963642779534	1.89632062550687	0.0096940901039644	6.69026303213709	Modern	0.01744	< 0.25	< 0.25
0.017143	0.017143	NODE_4706_length_20761_cov_17.657632:14532	NODE_4706_length_20761_cov_17.657632	14532	14532	162932	177464	0.0150010587379516	1.82387808842273	0.0115820140113529	6.37375692426216	Historical	0	< 0.25	= 0.00
0.017143	0.017143	NODE_4706_length_20761_cov_17.657632:14532	NODE_4706_length_20761_cov_17.657632	14532	14532	162932	177464	0.0150010587379516	1.82387808842273	0.0115820140113529	6.37375692426216	Modern	0.017143	< 0.25	< 0.25
0.227367	-0.227367	NODE_4708_length_20756_cov_8.078763:19671	NODE_4708_length_20756_cov_8.078763	19671	19696	174570	194241	0.337340308018657	0.471931762860046	0.287203785506863	1.13268294084131	Historical	0.483871	0.25–0.75	0.25–0.75
0.227367	-0.227367	NODE_4708_length_20756_cov_8.078763:19671	NODE_4708_length_20756_cov_8.078763	19671	19696	174570	194241	0.337340308018657	0.471931762860046	0.287203785506863	1.13268294084131	Modern	0.256504	0.25–0.75	0.25–0.75
0.165696	-0.165696	NODE_4708_length_20756_cov_8.078763:19679	NODE_4708_length_20756_cov_8.078763	19679	19696	174570	194249	0.508317766405002	0.293864710842616	0.438562859239264	0.600039752145026	Historical	0.5	0.25–0.75	0.25–0.75
0.165696	-0.165696	NODE_4708_length_20756_cov_8.078763:19679	NODE_4708_length_20756_cov_8.078763	19679	19696	174570	194249	0.508317766405002	0.293864710842616	0.438562859239264	0.600039752145026	Modern	0.334304	0.25–0.75	0.25–0.75
0.012273	-0.012273	NODE_4708_length_20756_cov_8.078763:19681	NODE_4708_length_20756_cov_8.078763	19681	19696	174570	194251	0.999165688808028	0.000362487981788934	0.938848239242752	0.00588558316522779	Historical	0.168196	< 0.25	< 0.25
0.012273	-0.012273	NODE_4708_length_20756_cov_8.078763:19681	NODE_4708_length_20756_cov_8.078763	19681	19696	174570	194251	0.999165688808028	0.000362487981788934	0.938848239242752	0.00588558316522779	Modern	0.155923	< 0.25	< 0.25
0.025805	0.025805	NODE_4708_length_20756_cov_8.078763:19696	NODE_4708_length_20756_cov_8.078763	19696	19696	174570	194266	0.960390912653055	0.0175519579478972	0.865537489181149	0.0286724727592225	Historical	0.148293	< 0.25	< 0.25
0.025805	0.025805	NODE_4708_length_20756_cov_8.078763:19696	NODE_4708_length_20756_cov_8.078763	19696	19696	174570	194266	0.960390912653055	0.0175519579478972	0.865537489181149	0.0286724727592225	Modern	0.174098	< 0.25	< 0.25
0	0	NODE_4719_length_20738_cov_9.824265:18781	NODE_4719_length_20738_cov_9.824265	18781	18818	186208	204989	0.999165688808028	0.000362487981788934	0.986485731056323	0.00028691055507868	Historical	0	< 0.25	= 0.00
0	0	NODE_4719_length_20738_cov_9.824265:18781	NODE_4719_length_20738_cov_9.824265	18781	18818	186208	204989	0.999165688808028	0.000362487981788934	0.986485731056323	0.00028691055507868	Modern	0	< 0.25	= 0.00
0	0	NODE_4719_length_20738_cov_9.824265:18784	NODE_4719_length_20738_cov_9.824265	18784	18818	186208	204992	0.999165688808028	0.000362487981788934	0.987102318372915	0.000261325031742723	Historical	0	< 0.25	= 0.00
0	0	NODE_4719_length_20738_cov_9.824265:18784	NODE_4719_length_20738_cov_9.824265	18784	18818	186208	204992	0.999165688808028	0.000362487981788934	0.987102318372915	0.000261325031742723	Modern	0	< 0.25	= 0.00
0.033111	0.033111	NODE_4719_length_20738_cov_9.824265:18798	NODE_4719_length_20738_cov_9.824265	18798	18818	186208	205006	3.51129512174429e-14	13.4545326668723	1.04205102141034e-14	59.8150191001027	Historical	0	< 0.25	= 0.00
0.033111	0.033111	NODE_4719_length_20738_cov_9.824265:18798	NODE_4719_length_20738_cov_9.824265	18798	18818	186208	205006	3.51129512174429e-14	13.4545326668723	1.04205102141034e-14	59.8150191001027	Modern	0.033111	< 0.25	< 0.25
0.023352	0.023352	NODE_4719_length_20738_cov_9.824265:18800	NODE_4719_length_20738_cov_9.824265	18800	18818	186208	205008	2.38998935608186e-09	8.6216040331963	9.44193325859501e-10	37.4368879482797	Historical	0	< 0.25	= 0.00
0.023352	0.023352	NODE_4719_length_20738_cov_9.824265:18800	NODE_4719_length_20738_cov_9.824265	18800	18818	186208	205008	2.38998935608186e-09	8.6216040331963	9.44193325859501e-10	37.4368879482797	Modern	0.023352	< 0.25	< 0.25
0.011885	0.011885	NODE_4719_length_20738_cov_9.824265:18801	NODE_4719_length_20738_cov_9.824265	18801	18818	186208	205009	0.000394041528174281	3.40445800531524	0.000242861302739894	13.4664970821099	Historical	0	< 0.25	= 0.00
0.011885	0.011885	NODE_4719_length_20738_cov_9.824265:18801	NODE_4719_length_20738_cov_9.824265	18801	18818	186208	205009	0.000394041528174281	3.40445800531524	0.000242861302739894	13.4664970821099	Modern	0.011885	< 0.25	< 0.25
0.036755	0.036755	NODE_4719_length_20738_cov_9.824265:18806	NODE_4719_length_20738_cov_9.824265	18806	18818	186208	205014	2.94349643196578e-17	16.5311364862926	7.47754316762437e-18	74.0863013928343	Historical	0	< 0.25	= 0.00
0.036755	0.036755	NODE_4719_length_20738_cov_9.824265:18806	NODE_4719_length_20738_cov_9.824265	18806	18818	186208	205014	2.94349643196578e-17	16.5311364862926	7.47754316762437e-18	74.0863013928343	Modern	0.036755	< 0.25	< 0.25
0.042919	0.042919	NODE_4719_length_20738_cov_9.824265:18807	NODE_4719_length_20738_cov_9.824265	18807	18818	186208	205015	3.35251214736243e-21	20.4746296398677	7.35451382754721e-22	92.3251115887684	Historical	0	< 0.25	= 0.00
0.042919	0.042919	NODE_4719_length_20738_cov_9.824265:18807	NODE_4719_length_20738_cov_9.824265	18807	18818	186208	205015	3.35251214736243e-21	20.4746296398677	7.35451382754721e-22	92.3251115887684	Modern	0.042919	< 0.25	< 0.25
0.050108	0.050108	NODE_4719_length_20738_cov_9.824265:18810	NODE_4719_length_20738_cov_9.824265	18810	18818	186208	205018	3.81882249756558e-26	25.4180705275705	7.21695799634901e-27	115.171717393253	Historical	0	< 0.25	= 0.00
0.050108	0.050108	NODE_4719_length_20738_cov_9.824265:18810	NODE_4719_length_20738_cov_9.824265	18810	18818	186208	205018	3.81882249756558e-26	25.4180705275705	7.21695799634901e-27	115.171717393253	Modern	0.050108	< 0.25	< 0.25
0.056721	0.056721	NODE_4719_length_20738_cov_9.824265:18814	NODE_4719_length_20738_cov_9.824265	18814	18818	186208	205022	1.0722364196054e-30	29.9697094456044	1.72087326603336e-31	136.293802164675	Historical	0	< 0.25	= 0.00
0.056721	0.056721	NODE_4719_length_20738_cov_9.824265:18814	NODE_4719_length_20738_cov_9.824265	18814	18818	186208	205022	1.0722364196054e-30	29.9697094456044	1.72087326603336e-31	136.293802164675	Modern	0.056721	< 0.25	< 0.25
0.080333	0.080333	NODE_4719_length_20738_cov_9.824265:18815	NODE_4719_length_20738_cov_9.824265	18815	18818	186208	205023	8.43721499069147e-47	46.0738008843903	8.89393033206793e-48	210.8652539565	Historical	0	< 0.25	= 0.00
0.080333	0.080333	NODE_4719_length_20738_cov_9.824265:18815	NODE_4719_length_20738_cov_9.824265	18815	18818	186208	205023	8.43721499069147e-47	46.0738008843903	8.89393033206793e-48	210.8652539565	Modern	0.080333	< 0.25	< 0.25
0.058101	0.058101	NODE_4719_length_20738_cov_9.824265:18818	NODE_4719_length_20738_cov_9.824265	18818	18818	186208	205026	4.96361359339622e-32	31.3042020347454	7.61275968977672e-33	142.486337540878	Historical	0	< 0.25	= 0.00
0.058101	0.058101	NODE_4719_length_20738_cov_9.824265:18818	NODE_4719_length_20738_cov_9.824265	18818	18818	186208	205026	4.96361359339622e-32	31.3042020347454	7.61275968977672e-33	142.486337540878	Modern	0.058101	< 0.25	< 0.25
0.038802	0.038802	NODE_4728_length_20723_cov_29.374467:11388	NODE_4728_length_20723_cov_29.374467	11388	11388	197846	209234	1.57135576673716e-12	11.8037254762976	5.11847130095769e-13	52.1589621114845	Historical	0	< 0.25	= 0.00
0.038802	0.038802	NODE_4728_length_20723_cov_29.374467:11388	NODE_4728_length_20723_cov_29.374467	11388	11388	197846	209234	1.57135576673716e-12	11.8037254762976	5.11847130095769e-13	52.1589621114845	Modern	0.038802	< 0.25	< 0.25
0.138582	-0.138582	NODE_4732_length_20721_cov_9.847347:22	NODE_4732_length_20721_cov_9.847347	22	22	209484	209506	0.585216838572285	0.23268318631669	0.509355396535137	0.435391117574407	Historical	0.444048	0.25–0.75	0.25–0.75
0.138582	-0.138582	NODE_4732_length_20721_cov_9.847347:22	NODE_4732_length_20721_cov_9.847347	22	22	209484	209506	0.585216838572285	0.23268318631669	0.509355396535137	0.435391117574407	Modern	0.305466	0.25–0.75	0.25–0.75
0.016943	0.016943	NODE_4788_length_20602_cov_7.605033:20407	NODE_4788_length_20602_cov_7.605033	20407	20407	221122	241529	0.0150396350579457	1.82276270192545	0.0116189393348897	6.36810825713918	Historical	0	< 0.25	= 0.00
0.016943	0.016943	NODE_4788_length_20602_cov_7.605033:20407	NODE_4788_length_20602_cov_7.605033	20407	20407	221122	241529	0.0150396350579457	1.82276270192545	0.0116189393348897	6.36810825713918	Modern	0.016943	< 0.25	< 0.25
0.028643	0.028643	NODE_4808_length_20558_cov_8.956987:20381	NODE_4808_length_20558_cov_8.956987	20381	20411	232760	253141	1.39026865741727e-06	5.85690126797629	6.84571983733006e-07	24.6580781450418	Historical	0	< 0.25	= 0.00
0.028643	0.028643	NODE_4808_length_20558_cov_8.956987:20381	NODE_4808_length_20558_cov_8.956987	20381	20411	232760	253141	1.39026865741727e-06	5.85690126797629	6.84571983733006e-07	24.6580781450418	Modern	0.028643	< 0.25	< 0.25
0.112457	0.112457	NODE_4808_length_20558_cov_8.956987:20390	NODE_4808_length_20558_cov_8.956987	20390	20411	232760	253150	4.4592733682594e-34	33.350735903141	6.56398264083767e-35	151.929806052832	Historical	0	< 0.25	= 0.00
0.112457	0.112457	NODE_4808_length_20558_cov_8.956987:20390	NODE_4808_length_20558_cov_8.956987	20390	20411	232760	253150	4.4592733682594e-34	33.350735903141	6.56398264083767e-35	151.929806052832	Modern	0.112457	< 0.25	< 0.25
0.206384	0.206384	NODE_4808_length_20558_cov_8.956987:20407	NODE_4808_length_20558_cov_8.956987	20407	20411	232760	253167	0.00130277659929312	2.88513005091246	0.000841917830787247	11.1464688236336	Historical	0.021282	< 0.25	< 0.25
0.206384	0.206384	NODE_4808_length_20558_cov_8.956987:20407	NODE_4808_length_20558_cov_8.956987	20407	20411	232760	253167	0.00130277659929312	2.88513005091246	0.000841917830787247	11.1464688236336	Modern	0.227666	< 0.25	< 0.25
0.275856	0.275856	NODE_4808_length_20558_cov_8.956987:20411	NODE_4808_length_20558_cov_8.956987	20411	20411	232760	253171	2.6734329533941e-111	110.57293070303	7.87050537086582e-113	509.56893280841	Historical	0	< 0.25	= 0.00
0.275856	0.275856	NODE_4808_length_20558_cov_8.956987:20411	NODE_4808_length_20558_cov_8.956987	20411	20411	232760	253171	2.6734329533941e-111	110.57293070303	7.87050537086582e-113	509.56893280841	Modern	0.275856	0.25–0.75	0.25–0.75
0.036399	0.036399	NODE_4823_length_20539_cov_57.715900:4055	NODE_4823_length_20539_cov_57.715900	4055	4079	0	4055	4.20026836806479e-37	36.3767229603054	5.62429097718077e-38	165.967031177193	Historical	0	< 0.25	= 0.00
0.036399	0.036399	NODE_4823_length_20539_cov_57.715900:4055	NODE_4823_length_20539_cov_57.715900	4055	4079	0	4055	4.20026836806479e-37	36.3767229603054	5.62429097718077e-38	165.967031177193	Modern	0.036399	< 0.25	< 0.25
0.027861	0.027861	NODE_4823_length_20539_cov_57.715900:4066	NODE_4823_length_20539_cov_57.715900	4066	4079	0	4066	2.99295230700581e-24	23.5239002036307	5.92621610646449e-25	106.433015320615	Historical	0	< 0.25	= 0.00
0.027861	0.027861	NODE_4823_length_20539_cov_57.715900:4066	NODE_4823_length_20539_cov_57.715900	4066	4079	0	4066	2.99295230700581e-24	23.5239002036307	5.92621610646449e-25	106.433015320615	Modern	0.027861	< 0.25	< 0.25
0.009867	0.009867	NODE_4823_length_20539_cov_57.715900:4069	NODE_4823_length_20539_cov_57.715900	4069	4079	0	4069	0.000162846820764864	3.78822071568525	9.67337952406673e-05	15.1994069491583	Historical	0	< 0.25	= 0.00
0.009867	0.009867	NODE_4823_length_20539_cov_57.715900:4069	NODE_4823_length_20539_cov_57.715900	4069	4079	0	4069	0.000162846820764864	3.78822071568525	9.67337952406673e-05	15.1994069491583	Modern	0.009867	< 0.25	< 0.25
0.015538	0.015538	NODE_4823_length_20539_cov_57.715900:4079	NODE_4823_length_20539_cov_57.715900	4079	4079	0	4079	8.15630224615713e-08	7.08850668904813	3.62502322051428e-08	30.3403693259873	Historical	0	< 0.25	= 0.00
0.015538	0.015538	NODE_4823_length_20539_cov_57.715900:4079	NODE_4823_length_20539_cov_57.715900	4079	4079	0	4079	8.15630224615713e-08	7.08850668904813	3.62502322051428e-08	30.3403693259873	Modern	0.015538	< 0.25	< 0.25
0.032707	0.032707	NODE_4848_length_20482_cov_8.248393:20	NODE_4848_length_20482_cov_8.248393	20	20435	33139	33159	0.000116376197413782	3.93413583746046	6.81900415995285e-05	15.8604195639224	Historical	0	< 0.25	= 0.00
0.032707	0.032707	NODE_4848_length_20482_cov_8.248393:20	NODE_4848_length_20482_cov_8.248393	20	20435	33139	33159	0.000116376197413782	3.93413583746046	6.81900415995285e-05	15.8604195639224	Modern	0.032707	< 0.25	< 0.25
0.200074	0.200074	NODE_4848_length_20482_cov_8.248393:33	NODE_4848_length_20482_cov_8.248393	33	20435	33139	33172	8.23591542560694e-36	35.0842881217894	1.14583248798805e-36	159.974951513612	Historical	0	< 0.25	= 0.00
0.200074	0.200074	NODE_4848_length_20482_cov_8.248393:33	NODE_4848_length_20482_cov_8.248393	33	20435	33139	33172	8.23591542560694e-36	35.0842881217894	1.14583248798805e-36	159.974951513612	Modern	0.200074	< 0.25	< 0.25
0.036066	0.036066	NODE_4848_length_20482_cov_8.248393:38	NODE_4848_length_20482_cov_8.248393	38	20435	33139	33177	3.92150281181424e-06	5.40654746925392	2.0147512072094e-06	22.5809246468774	Historical	0	< 0.25	= 0.00
0.036066	0.036066	NODE_4848_length_20482_cov_8.248393:38	NODE_4848_length_20482_cov_8.248393	38	20435	33139	33177	3.92150281181424e-06	5.40654746925392	2.0147512072094e-06	22.5809246468774	Modern	0.036066	< 0.25	< 0.25
0	0	NODE_4848_length_20482_cov_8.248393:43	NODE_4848_length_20482_cov_8.248393	43	20435	33139	33182	0.999165688808028	0.000362487981788934	0.985014713287584	0.000352777646841582	Historical	0	< 0.25	= 0.00
0	0	NODE_4848_length_20482_cov_8.248393:43	NODE_4848_length_20482_cov_8.248393	43	20435	33139	33182	0.999165688808028	0.000362487981788934	0.985014713287584	0.000352777646841582	Modern	0	< 0.25	= 0.00
0.029684	0.029684	NODE_4848_length_20482_cov_8.248393:50	NODE_4848_length_20482_cov_8.248393	50	20435	33139	33189	2.58466803163372e-05	4.58759522869685	1.41997194330495e-05	18.8421107510335	Historical	0	< 0.25	= 0.00
0.029684	0.029684	NODE_4848_length_20482_cov_8.248393:50	NODE_4848_length_20482_cov_8.248393	50	20435	33139	33189	2.58466803163372e-05	4.58759522869685	1.41997194330495e-05	18.8421107510335	Modern	0.029684	< 0.25	< 0.25
0.137717	0.137717	NODE_4848_length_20482_cov_8.248393:71	NODE_4848_length_20482_cov_8.248393	71	20435	33139	33210	3.10918597651647e-25	24.5073532997776	5.97920380099321e-26	110.979291292252	Historical	0	< 0.25	= 0.00
0.137717	0.137717	NODE_4848_length_20482_cov_8.248393:71	NODE_4848_length_20482_cov_8.248393	71	20435	33139	33210	3.10918597651647e-25	24.5073532997776	5.97920380099321e-26	110.979291292252	Modern	0.137717	< 0.25	< 0.25
0.022613	0.022613	NODE_4848_length_20482_cov_8.248393:82	NODE_4848_length_20482_cov_8.248393	82	20435	33139	33221	0.0012381452196917	2.90722841475689	0.000798386138813548	11.2449809201031	Historical	0	< 0.25	= 0.00
0.022613	0.022613	NODE_4848_length_20482_cov_8.248393:82	NODE_4848_length_20482_cov_8.248393	82	20435	33139	33221	0.0012381452196917	2.90722841475689	0.000798386138813548	11.2449809201031	Modern	0.022613	< 0.25	< 0.25
0.16487	0.16487	NODE_4848_length_20482_cov_8.248393:20404	NODE_4848_length_20482_cov_8.248393	20404	20435	33139	53543	5.73021346073204e-28	27.2418291994826	1.01217445745124e-28	123.635778842075	Historical	0	< 0.25	= 0.00
0.16487	0.16487	NODE_4848_length_20482_cov_8.248393:20404	NODE_4848_length_20482_cov_8.248393	20404	20435	33139	53543	5.73021346073204e-28	27.2418291994826	1.01217445745124e-28	123.635778842075	Modern	0.16487	< 0.25	< 0.25
0.017574	0.017574	NODE_4848_length_20482_cov_8.248393:20435	NODE_4848_length_20482_cov_8.248393	20435	20435	33139	53574	0.00509728669448113	2.29266093903645	0.00358213879764106	8.48435336192303	Historical	0	< 0.25	= 0.00
0.017574	0.017574	NODE_4848_length_20482_cov_8.248393:20435	NODE_4848_length_20482_cov_8.248393	20435	20435	33139	53574	0.00509728669448113	2.29266093903645	0.00358213879764106	8.48435336192303	Modern	0.017574	< 0.25	< 0.25
0.015667	0.015667	NODE_4870_length_20428_cov_25.840376:5501	NODE_4870_length_20428_cov_25.840376	5501	5555	0	5501	0.0108252997961142	1.96556006744617	0.00814724604788268	7.00081839142751	Historical	0	< 0.25	= 0.00
0.015667	0.015667	NODE_4870_length_20428_cov_25.840376:5501	NODE_4870_length_20428_cov_25.840376	5501	5555	0	5501	0.0108252997961142	1.96556006744617	0.00814724604788268	7.00081839142751	Modern	0.015667	< 0.25	< 0.25
0.027696	0.027696	NODE_4870_length_20428_cov_25.840376:5513	NODE_4870_length_20428_cov_25.840376	5513	5555	0	5513	1.21529591563972e-07	6.91531796166896	5.5109572622789e-08	29.5281804218716	Historical	0	< 0.25	= 0.00
0.027696	0.027696	NODE_4870_length_20428_cov_25.840376:5513	NODE_4870_length_20428_cov_25.840376	5513	5555	0	5513	1.21529591563972e-07	6.91531796166896	5.5109572622789e-08	29.5281804218716	Modern	0.027696	< 0.25	< 0.25
0.026848	0.026848	NODE_4870_length_20428_cov_25.840376:5517	NODE_4870_length_20428_cov_25.840376	5517	5555	0	5517	5.81450363067295e-08	7.23548735396405	2.56489737554377e-08	31.0116088073359	Historical	0	< 0.25	= 0.00
0.026848	0.026848	NODE_4870_length_20428_cov_25.840376:5517	NODE_4870_length_20428_cov_25.840376	5517	5555	0	5517	5.81450363067295e-08	7.23548735396405	2.56489737554377e-08	31.0116088073359	Modern	0.026848	< 0.25	< 0.25
0	0	NODE_4870_length_20428_cov_25.840376:5518	NODE_4870_length_20428_cov_25.840376	5518	5555	0	5518	0.999165688808028	0.000362487981788934	0.986993001902814	0.000265774007188979	Historical	0	< 0.25	= 0.00
0	0	NODE_4870_length_20428_cov_25.840376:5518	NODE_4870_length_20428_cov_25.840376	5518	5555	0	5518	0.999165688808028	0.000362487981788934	0.986993001902814	0.000265774007188979	Modern	0	< 0.25	= 0.00
0	0	NODE_4870_length_20428_cov_25.840376:5520	NODE_4870_length_20428_cov_25.840376	5520	5555	0	5520	0.999165688808028	0.000362487981788934	0.98723174469609	0.00025610618529534	Historical	0	< 0.25	= 0.00
0	0	NODE_4870_length_20428_cov_25.840376:5520	NODE_4870_length_20428_cov_25.840376	5520	5555	0	5520	0.999165688808028	0.000362487981788934	0.98723174469609	0.00025610618529534	Modern	0	< 0.25	= 0.00
0.014063	0.014063	NODE_4870_length_20428_cov_25.840376:5537	NODE_4870_length_20428_cov_25.840376	5537	5555	0	5537	0.000533287157034023	3.27303887515158	0.000331468608052012	12.8836304981521	Historical	0	< 0.25	= 0.00
0.014063	0.014063	NODE_4870_length_20428_cov_25.840376:5537	NODE_4870_length_20428_cov_25.840376	5537	5555	0	5537	0.000533287157034023	3.27303887515158	0.000331468608052012	12.8836304981521	Modern	0.014063	< 0.25	< 0.25
0.027951	0.027951	NODE_4870_length_20428_cov_25.840376:5550	NODE_4870_length_20428_cov_25.840376	5550	5555	0	5550	1.91590154526626e-06	5.7176268122962	9.55221568152694e-07	24.0163288589821	Historical	0	< 0.25	= 0.00
0.027951	0.027951	NODE_4870_length_20428_cov_25.840376:5550	NODE_4870_length_20428_cov_25.840376	5550	5555	0	5550	1.91590154526626e-06	5.7176268122962	9.55221568152694e-07	24.0163288589821	Modern	0.027951	< 0.25	< 0.25
0.042026	0.042026	NODE_4870_length_20428_cov_25.840376:5551	NODE_4870_length_20428_cov_25.840376	5551	5555	0	5551	7.14551215536782e-10	9.14596663765276	2.70755873693424e-10	39.8749323439884	Historical	0	< 0.25	= 0.00
0.042026	0.042026	NODE_4870_length_20428_cov_25.840376:5551	NODE_4870_length_20428_cov_25.840376	5551	5555	0	5551	7.14551215536782e-10	9.14596663765276	2.70755873693424e-10	39.8749323439884	Modern	0.042026	< 0.25	< 0.25
0.043989	0.043989	NODE_4870_length_20428_cov_25.840376:5555	NODE_4870_length_20428_cov_25.840376	5555	5555	0	5555	4.17682499265082e-08	7.37915372112423	1.8167007090542e-08	31.6812244655324	Historical	0	< 0.25	= 0.00
0.043989	0.043989	NODE_4870_length_20428_cov_25.840376:5555	NODE_4870_length_20428_cov_25.840376	5555	5555	0	5555	4.17682499265082e-08	7.37915372112423	1.8167007090542e-08	31.6812244655324	Modern	0.043989	< 0.25	< 0.25
0.025784	0.025784	NODE_4896_length_20385_cov_90.379375:11833	NODE_4896_length_20385_cov_90.379375	11833	11833	13822	25655	8.60439708404383e-08	7.06527955558004	3.84051911633485e-08	30.2283626241396	Historical	0	< 0.25	= 0.00
0.025784	0.025784	NODE_4896_length_20385_cov_90.379375:11833	NODE_4896_length_20385_cov_90.379375	11833	11833	13822	25655	8.60439708404383e-08	7.06527955558004	3.84051911633485e-08	30.2283626241396	Modern	0.025784	< 0.25	< 0.25
0.026522	0.026522	NODE_4897_length_20384_cov_11.916244:16523	NODE_4897_length_20384_cov_11.916244	16523	16595	27644	44167	5.65869119668216e-07	6.24728400552327	2.71649420695425e-07	26.4414413644465	Historical	0	< 0.25	= 0.00
0.026522	0.026522	NODE_4897_length_20384_cov_11.916244:16523	NODE_4897_length_20384_cov_11.916244	16523	16595	27644	44167	5.65869119668216e-07	6.24728400552327	2.71649420695425e-07	26.4414413644465	Modern	0.026522	< 0.25	< 0.25
0.23531	0.23531	NODE_4897_length_20384_cov_11.916244:16532	NODE_4897_length_20384_cov_11.916244	16532	16595	27644	44176	1.6274811750952e-81	80.7884840261696	8.11422238295325e-83	371.666962360524	Historical	0	< 0.25	= 0.00
0.23531	0.23531	NODE_4897_length_20384_cov_11.916244:16532	NODE_4897_length_20384_cov_11.916244	16532	16595	27644	44176	1.6274811750952e-81	80.7884840261696	8.11422238295325e-83	371.666962360524	Modern	0.23531	< 0.25	< 0.25
0.02614	0.02614	NODE_4897_length_20384_cov_11.916244:16540	NODE_4897_length_20384_cov_11.916244	16540	16595	27644	44184	1.05306409737325e-07	6.97754519359295	4.74028852948643e-08	29.8201932203125	Historical	0	< 0.25	= 0.00
0.02614	0.02614	NODE_4897_length_20384_cov_11.916244:16540	NODE_4897_length_20384_cov_11.916244	16540	16595	27644	44184	1.05306409737325e-07	6.97754519359295	4.74028852948643e-08	29.8201932203125	Modern	0.02614	< 0.25	< 0.25
0.013367	0.013367	NODE_4897_length_20384_cov_11.916244:16542	NODE_4897_length_20384_cov_11.916244	16542	16595	27644	44186	0.000909368305022707	3.04126018669746	0.000578610412502577	11.8435619537712	Historical	0	< 0.25	= 0.00
0.013367	0.013367	NODE_4897_length_20384_cov_11.916244:16542	NODE_4897_length_20384_cov_11.916244	16542	16595	27644	44186	0.000909368305022707	3.04126018669746	0.000578610412502577	11.8435619537712	Modern	0.013367	< 0.25	< 0.25
0.040088	0.040088	NODE_4897_length_20384_cov_11.916244:16556	NODE_4897_length_20384_cov_11.916244	16556	16595	27644	44200	2.27154728304443e-13	12.643678218765	6.93544588317935e-14	56.0864212573492	Historical	0	< 0.25	= 0.00
0.040088	0.040088	NODE_4897_length_20384_cov_11.916244:16556	NODE_4897_length_20384_cov_11.916244	16556	16595	27644	44200	2.27154728304443e-13	12.643678218765	6.93544588317935e-14	56.0864212573492	Modern	0.040088	< 0.25	< 0.25
0.025149	0.025149	NODE_4897_length_20384_cov_11.916244:16572	NODE_4897_length_20384_cov_11.916244	16572	16595	27644	44216	5.11907726606874e-08	7.29080831526827	2.23625407634532e-08	31.2777722066792	Historical	0	< 0.25	= 0.00
0.025149	0.025149	NODE_4897_length_20384_cov_11.916244:16572	NODE_4897_length_20384_cov_11.916244	16572	16595	27644	44216	5.11907726606874e-08	7.29080831526827	2.23625407634532e-08	31.2777722066792	Modern	0.025149	< 0.25	< 0.25
0.039078	0.039078	NODE_4897_length_20384_cov_11.916244:16579	NODE_4897_length_20384_cov_11.916244	16579	16595	27644	44223	7.71715349209063e-13	12.1125428616646	2.45146043979517e-13	53.6049093715839	Historical	0	< 0.25	= 0.00
0.039078	0.039078	NODE_4897_length_20384_cov_11.916244:16579	NODE_4897_length_20384_cov_11.916244	16579	16595	27644	44223	7.71715349209063e-13	12.1125428616646	2.45146043979517e-13	53.6049093715839	Modern	0.039078	< 0.25	< 0.25
0.058676	0.058676	NODE_4897_length_20384_cov_11.916244:16580	NODE_4897_length_20384_cov_11.916244	16580	16595	27644	44224	3.94588754859354e-20	19.4038552955971	8.95600307800432e-21	87.379810903581	Historical	0	< 0.25	= 0.00
0.058676	0.058676	NODE_4897_length_20384_cov_11.916244:16580	NODE_4897_length_20384_cov_11.916244	16580	16595	27644	44224	3.94588754859354e-20	19.4038552955971	8.95600307800432e-21	87.379810903581	Modern	0.058676	< 0.25	< 0.25
0.050932	0.050932	NODE_4897_length_20384_cov_11.916244:16581	NODE_4897_length_20384_cov_11.916244	16581	16595	27644	44225	5.39062224730052e-17	16.2683611006813	1.38733013202131e-17	72.8663571648942	Historical	0	< 0.25	= 0.00
0.050932	0.050932	NODE_4897_length_20384_cov_11.916244:16581	NODE_4897_length_20384_cov_11.916244	16581	16595	27644	44225	5.39062224730052e-17	16.2683611006813	1.38733013202131e-17	72.8663571648942	Modern	0.050932	< 0.25	< 0.25
0.088494	0.088494	NODE_4897_length_20384_cov_11.916244:16584	NODE_4897_length_20384_cov_11.916244	16584	16595	27644	44228	7.20173260968725e-30	29.1425630074153	1.18661026379937e-30	132.460215107945	Historical	0	< 0.25	= 0.00
0.088494	0.088494	NODE_4897_length_20384_cov_11.916244:16584	NODE_4897_length_20384_cov_11.916244	16584	16595	27644	44228	7.20173260968725e-30	29.1425630074153	1.18661026379937e-30	132.460215107945	Modern	0.088494	< 0.25	< 0.25
0.065359	0.065359	NODE_4897_length_20384_cov_11.916244:16585	NODE_4897_length_20384_cov_11.916244	16585	16595	27644	44229	3.1363169128917e-21	20.5035800599652	6.86534708852361e-22	92.4613229503051	Historical	0	< 0.25	= 0.00
0.065359	0.065359	NODE_4897_length_20384_cov_11.916244:16585	NODE_4897_length_20384_cov_11.916244	16585	16595	27644	44229	3.1363169128917e-21	20.5035800599652	6.86534708852361e-22	92.4613229503051	Modern	0.065359	< 0.25	< 0.25
0.013807	0.013807	NODE_4897_length_20384_cov_11.916244:16589	NODE_4897_length_20384_cov_11.916244	16589	16595	27644	44233	0.000743941624248403	3.12846114141843	0.000470527181148563	12.2289877900698	Historical	0	< 0.25	= 0.00
0.013807	0.013807	NODE_4897_length_20384_cov_11.916244:16589	NODE_4897_length_20384_cov_11.916244	16589	16595	27644	44233	0.000743941624248403	3.12846114141843	0.000470527181148563	12.2289877900698	Modern	0.013807	< 0.25	< 0.25
0.044293	0.044293	NODE_4897_length_20384_cov_11.916244:16595	NODE_4897_length_20384_cov_11.916244	16595	16595	27644	44239	8.549601084361e-13	12.0680541485353	2.71995855960203e-13	53.4007293277827	Historical	0	< 0.25	= 0.00
0.044293	0.044293	NODE_4897_length_20384_cov_11.916244:16595	NODE_4897_length_20384_cov_11.916244	16595	16595	27644	44239	8.549601084361e-13	12.0680541485353	2.71995855960203e-13	53.4007293277827	Modern	0.044293	< 0.25	< 0.25
0.014539	0.014539	NODE_4945_length_20277_cov_13.259193:20196	NODE_4945_length_20277_cov_13.259193	20196	20214	0	20196	0.0194823073502096	1.71035960956611	0.0153101703060764	5.88041987304904	Historical	0	< 0.25	= 0.00
0.014539	0.014539	NODE_4945_length_20277_cov_13.259193:20196	NODE_4945_length_20277_cov_13.259193	20196	20214	0	20196	0.0194823073502096	1.71035960956611	0.0153101703060764	5.88041987304904	Modern	0.014539	< 0.25	< 0.25
0.01488	0.01488	NODE_4945_length_20277_cov_13.259193:20204	NODE_4945_length_20277_cov_13.259193	20204	20214	0	20204	0.0108104956084367	1.96615439530892	0.00813097105591822	7.0043980170172	Historical	0	< 0.25	= 0.00
0.01488	0.01488	NODE_4945_length_20277_cov_13.259193:20204	NODE_4945_length_20277_cov_13.259193	20204	20214	0	20204	0.0108104956084367	1.96615439530892	0.00813097105591822	7.0043980170172	Modern	0.01488	< 0.25	< 0.25
1e-06	1e-06	NODE_4945_length_20277_cov_13.259193:20214	NODE_4945_length_20277_cov_13.259193	20214	20214	0	20214	0.999165688808028	0.000362487981788934	0.982952695765292	0.000456559509009798	Historical	0	< 0.25	= 0.00
1e-06	1e-06	NODE_4945_length_20277_cov_13.259193:20214	NODE_4945_length_20277_cov_13.259193	20214	20214	0	20214	0.999165688808028	0.000362487981788934	0.982952695765292	0.000456559509009798	Modern	1e-06	< 0.25	< 0.25
0.324634	0.324634	NODE_4946_length_20273_cov_14.976703:161	NODE_4946_length_20273_cov_14.976703	161	186	32900	33061	3.12914912163351e-05	4.50457373977506	1.73098704971654e-05	18.4645006258629	Historical	0.032723	< 0.25	< 0.25
0.324634	0.324634	NODE_4946_length_20273_cov_14.976703:161	NODE_4946_length_20273_cov_14.976703	161	186	32900	33061	3.12914912163351e-05	4.50457373977506	1.73098704971654e-05	18.4645006258629	Modern	0.357357	0.25–0.75	0.25–0.75
0.323453	0.323453	NODE_4946_length_20273_cov_14.976703:164	NODE_4946_length_20273_cov_14.976703	164	186	32900	33064	3.84755685767729e-05	4.41481495361655	2.14118548774823e-05	18.0594028179417	Historical	0.033227	< 0.25	< 0.25
0.323453	0.323453	NODE_4946_length_20273_cov_14.976703:164	NODE_4946_length_20273_cov_14.976703	164	186	32900	33064	3.84755685767729e-05	4.41481495361655	2.14118548774823e-05	18.0594028179417	Modern	0.35668	0.25–0.75	0.25–0.75
0.228144	0.228144	NODE_4946_length_20273_cov_14.976703:186	NODE_4946_length_20273_cov_14.976703	186	186	32900	33086	3.87069002315031e-139	138.412211606936	7.5355313841008e-141	638.376106423582	Historical	0	< 0.25	= 0.00
0.228144	0.228144	NODE_4946_length_20273_cov_14.976703:186	NODE_4946_length_20273_cov_14.976703	186	186	32900	33086	3.87069002315031e-139	138.412211606936	7.5355313841008e-141	638.376106423582	Modern	0.228144	< 0.25	< 0.25
0.02283	0.02283	NODE_4971_length_20231_cov_33.894000:3126	NODE_4971_length_20231_cov_33.894000	3126	3235	65800	68926	8.68983760994076e-13	12.0609883392896	2.77282567610645e-13	53.3629128826112	Historical	0	< 0.25	= 0.00
0.02283	0.02283	NODE_4971_length_20231_cov_33.894000:3126	NODE_4971_length_20231_cov_33.894000	3126	3235	65800	68926	8.68983760994076e-13	12.0609883392896	2.77282567610645e-13	53.3629128826112	Modern	0.02283	< 0.25	< 0.25
0.033631	0.033631	NODE_4971_length_20231_cov_33.894000:3132	NODE_4971_length_20231_cov_33.894000	3132	3235	65800	68932	7.73234161053053e-23	22.1116889673322	1.60815081928413e-23	99.8935135254175	Historical	0	< 0.25	= 0.00
0.033631	0.033631	NODE_4971_length_20231_cov_33.894000:3132	NODE_4971_length_20231_cov_33.894000	3132	3235	65800	68932	7.73234161053053e-23	22.1116889673322	1.60815081928413e-23	99.8935135254175	Modern	0.033631	< 0.25	< 0.25
0.021351	0.021351	NODE_4971_length_20231_cov_33.894000:3157	NODE_4971_length_20231_cov_33.894000	3157	3235	65800	68957	1.99206785258503e-16	15.7006958729899	5.24975146336511e-17	70.2404990104231	Historical	0	< 0.25	= 0.00
0.021351	0.021351	NODE_4971_length_20231_cov_33.894000:3157	NODE_4971_length_20231_cov_33.894000	3157	3235	65800	68957	1.99206785258503e-16	15.7006958729899	5.24975146336511e-17	70.2404990104231	Modern	0.021351	< 0.25	< 0.25
0.038405	0.038405	NODE_4971_length_20231_cov_33.894000:3207	NODE_4971_length_20231_cov_33.894000	3207	3235	65800	69007	2.88686330675387e-28	27.5395737795166	5.04447149518246e-29	125.017622415914	Historical	0	< 0.25	= 0.00
0.038405	0.038405	NODE_4971_length_20231_cov_33.894000:3207	NODE_4971_length_20231_cov_33.894000	3207	3235	65800	69007	2.88686330675387e-28	27.5395737795166	5.04447149518246e-29	125.017622415914	Modern	0.038405	< 0.25	< 0.25
0.012259	0.012259	NODE_4971_length_20231_cov_33.894000:3216	NODE_4971_length_20231_cov_33.894000	3216	3235	65800	69016	5.48765817036388e-05	4.26061294893182	3.08517914231283e-05	17.3646070487312	Historical	0	< 0.25	= 0.00
0.012259	0.012259	NODE_4971_length_20231_cov_33.894000:3216	NODE_4971_length_20231_cov_33.894000	3216	3235	65800	69016	5.48765817036388e-05	4.26061294893182	3.08517914231283e-05	17.3646070487312	Modern	0.012259	< 0.25	< 0.25
0.04995	0.04995	NODE_4971_length_20231_cov_33.894000:3219	NODE_4971_length_20231_cov_33.894000	3219	3235	65800	69019	4.97942832986368e-27	26.3028205141553	9.1502315463307e-28	119.267821356512	Historical	0	< 0.25	= 0.00
0.04995	0.04995	NODE_4971_length_20231_cov_33.894000:3219	NODE_4971_length_20231_cov_33.894000	3219	3235	65800	69019	4.97942832986368e-27	26.3028205141553	9.1502315463307e-28	119.267821356512	Modern	0.04995	< 0.25	< 0.25
0.007013	0.007013	NODE_4971_length_20231_cov_33.894000:3227	NODE_4971_length_20231_cov_33.894000	3227	3235	65800	69027	0.0288073458443072	1.54049675346103	0.0231990781348267	5.15353651112121	Historical	0	< 0.25	= 0.00
0.007013	0.007013	NODE_4971_length_20231_cov_33.894000:3227	NODE_4971_length_20231_cov_33.894000	3227	3235	65800	69027	0.0288073458443072	1.54049675346103	0.0231990781348267	5.15353651112121	Modern	0.007013	< 0.25	< 0.25
0	0	NODE_4971_length_20231_cov_33.894000:3229	NODE_4971_length_20231_cov_33.894000	3229	3235	65800	69029	0.999165688808028	0.000362487981788934	0.987927282185843	0.000228961847826341	Historical	0	< 0.25	= 0.00
0	0	NODE_4971_length_20231_cov_33.894000:3229	NODE_4971_length_20231_cov_33.894000	3229	3235	65800	69029	0.999165688808028	0.000362487981788934	0.987927282185843	0.000228961847826341	Modern	0	< 0.25	= 0.00
1e-06	1e-06	NODE_4971_length_20231_cov_33.894000:3231	NODE_4971_length_20231_cov_33.894000	3231	3235	65800	69031	0.999165688808028	0.000362487981788934	0.987807904462402	0.000233512640752819	Historical	0	< 0.25	= 0.00
1e-06	1e-06	NODE_4971_length_20231_cov_33.894000:3231	NODE_4971_length_20231_cov_33.894000	3231	3235	65800	69031	0.999165688808028	0.000362487981788934	0.987807904462402	0.000233512640752819	Modern	1e-06	< 0.25	< 0.25
0.00765300000000002	-0.00765300000000002	NODE_4971_length_20231_cov_33.894000:3235	NODE_4971_length_20231_cov_33.894000	3235	3235	65800	69035	0.0849777374466654	1.07069483629086	0.0708147812055545	3.26403255844927	Historical	1	> 0.75	= 1.00
0.00765300000000002	-0.00765300000000002	NODE_4971_length_20231_cov_33.894000:3235	NODE_4971_length_20231_cov_33.894000	3235	3235	65800	69035	0.0849777374466654	1.07069483629086	0.0708147812055545	3.26403255844927	Modern	0.992347	> 0.75	> 0.75
0.027878	0.027878	NODE_4989_length_20206_cov_6.669319:20136	NODE_4989_length_20206_cov_6.669319	20136	20173	98700	118836	1.65597215251004e-06	5.78094697075942	8.19336649057676e-07	24.3118452000473	Historical	0	< 0.25	= 0.00
0.027878	0.027878	NODE_4989_length_20206_cov_6.669319:20136	NODE_4989_length_20206_cov_6.669319	20136	20173	98700	118836	1.65597215251004e-06	5.78094697075942	8.19336649057676e-07	24.3118452000473	Modern	0.027878	< 0.25	< 0.25
0.041233	0.041233	NODE_4989_length_20206_cov_6.669319:20143	NODE_4989_length_20206_cov_6.669319	20143	20173	98700	118843	7.30968473215406e-11	10.1361013538272	2.60316407840244e-11	44.4546614920862	Historical	0	< 0.25	= 0.00
0.041233	0.041233	NODE_4989_length_20206_cov_6.669319:20143	NODE_4989_length_20206_cov_6.669319	20143	20173	98700	118843	7.30968473215406e-11	10.1361013538272	2.60316407840244e-11	44.4546614920862	Modern	0.041233	< 0.25	< 0.25
0.013386	0.013386	NODE_4989_length_20206_cov_6.669319:20145	NODE_4989_length_20206_cov_6.669319	20145	20173	98700	118845	0.00232307659308952	2.63393647104016	0.00155202695464243	10.0158034515414	Historical	0	< 0.25	= 0.00
0.013386	0.013386	NODE_4989_length_20206_cov_6.669319:20145	NODE_4989_length_20206_cov_6.669319	20145	20173	98700	118845	0.00232307659308952	2.63393647104016	0.00155202695464243	10.0158034515414	Modern	0.013386	< 0.25	< 0.25
0.025446	0.025446	NODE_4989_length_20206_cov_6.669319:20164	NODE_4989_length_20206_cov_6.669319	20164	20173	98700	118864	4.74951651808591e-07	6.32335059757814	2.27327286335736e-07	26.7855804467121	Historical	0	< 0.25	= 0.00
0.025446	0.025446	NODE_4989_length_20206_cov_6.669319:20164	NODE_4989_length_20206_cov_6.669319	20164	20173	98700	118864	4.74951651808591e-07	6.32335059757814	2.27327286335736e-07	26.7855804467121	Modern	0.025446	< 0.25	< 0.25
0.026927	0.026927	NODE_4989_length_20206_cov_6.669319:20170	NODE_4989_length_20206_cov_6.669319	20170	20173	98700	118870	2.01048473605701e-07	6.69669921978633	9.32689262643732e-08	28.5088968006743	Historical	0	< 0.25	= 0.00
0.026927	0.026927	NODE_4989_length_20206_cov_6.669319:20170	NODE_4989_length_20206_cov_6.669319	20170	20173	98700	118870	2.01048473605701e-07	6.69669921978633	9.32689262643732e-08	28.5088968006743	Modern	0.026927	< 0.25	< 0.25
0.017102	0.017102	NODE_4989_length_20206_cov_6.669319:20173	NODE_4989_length_20206_cov_6.669319	20173	20173	98700	118873	0.000199635502567688	3.69976222257689	0.000119345250585337	14.8030038313878	Historical	0	< 0.25	= 0.00
0.017102	0.017102	NODE_4989_length_20206_cov_6.669319:20173	NODE_4989_length_20206_cov_6.669319	20173	20173	98700	118873	0.000199635502567688	3.69976222257689	0.000119345250585337	14.8030038313878	Modern	0.017102	< 0.25	< 0.25
0.02065	0.02065	NODE_5015_length_20151_cov_12.964841:67	NODE_5015_length_20151_cov_12.964841	67	20122	0	67	0.0122628945384587	1.9114070066767	0.00934565324512166	6.75555005570777	Historical	0	< 0.25	= 0.00
0.02065	0.02065	NODE_5015_length_20151_cov_12.964841:67	NODE_5015_length_20151_cov_12.964841	67	20122	0	67	0.0122628945384587	1.9114070066767	0.00934565324512166	6.75555005570777	Modern	0.02065	< 0.25	< 0.25
0.194057	0.194057	NODE_5015_length_20151_cov_12.964841:91	NODE_5015_length_20151_cov_12.964841	91	20122	0	91	0.1833932980384	0.736616539320978	0.154743537803531	2.02485652345909	Historical	0.115868	< 0.25	< 0.25
0.194057	0.194057	NODE_5015_length_20151_cov_12.964841:91	NODE_5015_length_20151_cov_12.964841	91	20122	0	91	0.1833932980384	0.736616539320978	0.154743537803531	2.02485652345909	Modern	0.309925	0.25–0.75	0.25–0.75
0.162098	0.162098	NODE_5015_length_20151_cov_12.964841:95	NODE_5015_length_20151_cov_12.964841	95	20122	0	95	1.11293235187892e-28	27.9535312328787	1.91301762288779e-29	126.941803749305	Historical	0	< 0.25	= 0.00
0.162098	0.162098	NODE_5015_length_20151_cov_12.964841:95	NODE_5015_length_20151_cov_12.964841	95	20122	0	95	1.11293235187892e-28	27.9535312328787	1.91301762288779e-29	126.941803749305	Modern	0.162098	< 0.25	< 0.25
0.299885	0.299885	NODE_5015_length_20151_cov_12.964841:100	NODE_5015_length_20151_cov_12.964841	100	20122	0	100	3.97941783697765e-61	60.4001804577457	3.17446437137819e-62	277.127061953676	Historical	0	< 0.25	= 0.00
0.299885	0.299885	NODE_5015_length_20151_cov_12.964841:100	NODE_5015_length_20151_cov_12.964841	100	20122	0	100	3.97941783697765e-61	60.4001804577457	3.17446437137819e-62	277.127061953676	Modern	0.299885	0.25–0.75	0.25–0.75
0.107394	0.107394	NODE_5015_length_20151_cov_12.964841:110	NODE_5015_length_20151_cov_12.964841	110	20122	0	110	7.41186774808022e-21	20.1300723385155	1.6330041002418e-21	90.7466145208071	Historical	0	< 0.25	= 0.00
0.107394	0.107394	NODE_5015_length_20151_cov_12.964841:110	NODE_5015_length_20151_cov_12.964841	110	20122	0	110	7.41186774808022e-21	20.1300723385155	1.6330041002418e-21	90.7466145208071	Modern	0.107394	< 0.25	< 0.25
0.012291	0.012291	NODE_5015_length_20151_cov_12.964841:20095	NODE_5015_length_20151_cov_12.964841	20095	20122	0	20095	0.0014432872383901	2.84064722841191	0.000937519915535448	10.9470652095731	Historical	0	< 0.25	= 0.00
0.012291	0.012291	NODE_5015_length_20151_cov_12.964841:20095	NODE_5015_length_20151_cov_12.964841	20095	20122	0	20095	0.0014432872383901	2.84064722841191	0.000937519915535448	10.9470652095731	Modern	0.012291	< 0.25	< 0.25
0.012554	0.012554	NODE_5015_length_20151_cov_12.964841:20097	NODE_5015_length_20151_cov_12.964841	20097	20122	0	20097	0.00116809963097946	2.93252011326876	0.000749891121122619	11.3613298515847	Historical	0	< 0.25	= 0.00
0.012554	0.012554	NODE_5015_length_20151_cov_12.964841:20097	NODE_5015_length_20151_cov_12.964841	20097	20122	0	20097	0.00116809963097946	2.93252011326876	0.000749891121122619	11.3613298515847	Modern	0.012554	< 0.25	< 0.25
0.1125	-0.1125	NODE_5015_length_20151_cov_12.964841:20122	NODE_5015_length_20151_cov_12.964841	20122	20122	0	20122	0.676141696841779	0.169962280821884	0.594272687964926	0.283720939619829	Historical	0.479937	0.25–0.75	0.25–0.75
0.1125	-0.1125	NODE_5015_length_20151_cov_12.964841:20122	NODE_5015_length_20151_cov_12.964841	20122	20122	0	20122	0.676141696841779	0.169962280821884	0.594272687964926	0.283720939619829	Modern	0.367437	0.25–0.75	0.25–0.75
0.01968	0.01968	NODE_5023_length_20133_cov_7.513078:20028	NODE_5023_length_20133_cov_7.513078	20028	20078	130	20158	0.0387366970776831	1.41187741258152	0.0315080541757223	4.62506572245482	Historical	0	< 0.25	= 0.00
0.01968	0.01968	NODE_5023_length_20133_cov_7.513078:20028	NODE_5023_length_20133_cov_7.513078	20028	20078	130	20158	0.0387366970776831	1.41187741258152	0.0315080541757223	4.62506572245482	Modern	0.01968	< 0.25	< 0.25
0.086301	0.086301	NODE_5023_length_20133_cov_7.513078:20037	NODE_5023_length_20133_cov_7.513078	20037	20078	130	20167	6.10347351525098e-10	9.21442293561718	2.29822150882907e-10	40.1951155190727	Historical	0	< 0.25	= 0.00
0.086301	0.086301	NODE_5023_length_20133_cov_7.513078:20037	NODE_5023_length_20133_cov_7.513078	20037	20078	130	20167	6.10347351525098e-10	9.21442293561718	2.29822150882907e-10	40.1951155190727	Modern	0.086301	< 0.25	< 0.25
1.5e-05	1.5e-05	NODE_5023_length_20133_cov_7.513078:20049	NODE_5023_length_20133_cov_7.513078	20049	20078	130	20179	0.999165688808028	0.000362487981788934	0.980081157514657	0.000623359106485458	Historical	0	< 0.25	= 0.00
1.5e-05	1.5e-05	NODE_5023_length_20133_cov_7.513078:20049	NODE_5023_length_20133_cov_7.513078	20049	20078	130	20179	0.999165688808028	0.000362487981788934	0.980081157514657	0.000623359106485458	Modern	1.5e-05	< 0.25	< 0.25
0.017501	0.017501	NODE_5023_length_20133_cov_7.513078:20058	NODE_5023_length_20133_cov_7.513078	20058	20078	130	20188	0.0223833607296256	1.65007470615642	0.0177068751071017	5.62491988689181	Historical	0	< 0.25	= 0.00
0.017501	0.017501	NODE_5023_length_20133_cov_7.513078:20058	NODE_5023_length_20133_cov_7.513078	20058	20078	130	20188	0.0223833607296256	1.65007470615642	0.0177068751071017	5.62491988689181	Modern	0.017501	< 0.25	< 0.25
0.017078	0.017078	NODE_5023_length_20133_cov_7.513078:20060	NODE_5023_length_20133_cov_7.513078	20060	20078	130	20190	0.0239102130311612	1.62141655446366	0.0189828471928307	5.50309499224411	Historical	0	< 0.25	= 0.00
0.017078	0.017078	NODE_5023_length_20133_cov_7.513078:20060	NODE_5023_length_20133_cov_7.513078	20060	20078	130	20190	0.0239102130311612	1.62141655446366	0.0189828471928307	5.50309499224411	Modern	0.017078	< 0.25	< 0.25
0.016823	0.016823	NODE_5023_length_20133_cov_7.513078:20068	NODE_5023_length_20133_cov_7.513078	20068	20078	130	20198	0.0166702257913575	1.77805851779188	0.0129657311710558	6.17377966348969	Historical	0	< 0.25	= 0.00
0.016823	0.016823	NODE_5023_length_20133_cov_7.513078:20068	NODE_5023_length_20133_cov_7.513078	20068	20078	130	20198	0.0166702257913575	1.77805851779188	0.0129657311710558	6.17377966348969	Modern	0.016823	< 0.25	< 0.25
0.016892	0.016892	NODE_5023_length_20133_cov_7.513078:20072	NODE_5023_length_20133_cov_7.513078	20072	20078	130	20202	0.0149462249052353	1.82546848692879	0.0115183869996186	6.38353380532112	Historical	0	< 0.25	= 0.00
0.016892	0.016892	NODE_5023_length_20133_cov_7.513078:20072	NODE_5023_length_20133_cov_7.513078	20072	20078	130	20202	0.0149462249052353	1.82546848692879	0.0115183869996186	6.38353380532112	Modern	0.016892	< 0.25	< 0.25
0.017196	0.017196	NODE_5023_length_20133_cov_7.513078:20078	NODE_5023_length_20133_cov_7.513078	20078	20078	130	20208	0.014457342003483	1.83991154516931	0.011127897145131	6.44477760914927	Historical	0	< 0.25	= 0.00
0.017196	0.017196	NODE_5023_length_20133_cov_7.513078:20078	NODE_5023_length_20133_cov_7.513078	20078	20078	130	20208	0.014457342003483	1.83991154516931	0.011127897145131	6.44477760914927	Modern	0.017196	< 0.25	< 0.25
0.046038	0.046038	NODE_5048_length_20087_cov_55.310536:5080	NODE_5048_length_20087_cov_55.310536	5080	5118	260	5340	2.03786922257197e-07	6.69082368968078	9.4636092102345e-08	28.4807220937554	Historical	0	< 0.25	= 0.00
0.046038	0.046038	NODE_5048_length_20087_cov_55.310536:5080	NODE_5048_length_20087_cov_55.310536	5080	5118	260	5340	2.03786922257197e-07	6.69082368968078	9.4636092102345e-08	28.4807220937554	Modern	0.046038	< 0.25	< 0.25
0.016008	0.016008	NODE_5048_length_20087_cov_55.310536:5087	NODE_5048_length_20087_cov_55.310536	5087	5118	260	5347	0.0135520270633639	1.86799573972752	0.0103988963601121	6.5652528194309	Historical	0	< 0.25	= 0.00
0.016008	0.016008	NODE_5048_length_20087_cov_55.310536:5087	NODE_5048_length_20087_cov_55.310536	5087	5118	260	5347	0.0135520270633639	1.86799573972752	0.0103988963601121	6.5652528194309	Modern	0.016008	< 0.25	< 0.25
0.02964	0.02964	NODE_5048_length_20087_cov_55.310536:5098	NODE_5048_length_20087_cov_55.310536	5098	5118	260	5358	5.35271875712108e-05	4.27142557474456	3.00677411665444e-05	17.4135340421828	Historical	0	< 0.25	= 0.00
0.02964	0.02964	NODE_5048_length_20087_cov_55.310536:5098	NODE_5048_length_20087_cov_55.310536	5098	5118	260	5358	5.35271875712108e-05	4.27142557474456	3.00677411665444e-05	17.4135340421828	Modern	0.02964	< 0.25	< 0.25
0.048322	0.048322	NODE_5048_length_20087_cov_55.310536:5108	NODE_5048_length_20087_cov_55.310536	5108	5118	260	5368	1.00305021131968e-08	7.99867732624852	4.1817572912568e-09	34.537231158123	Historical	0	< 0.25	= 0.00
0.048322	0.048322	NODE_5048_length_20087_cov_55.310536:5108	NODE_5048_length_20087_cov_55.310536	5108	5118	260	5368	1.00305021131968e-08	7.99867732624852	4.1817572912568e-09	34.537231158123	Modern	0.048322	< 0.25	< 0.25
0.015715	0.015715	NODE_5048_length_20087_cov_55.310536:5116	NODE_5048_length_20087_cov_55.310536	5116	5118	260	5376	0.0175158981660708	1.75656758837384	0.0136484277732774	6.08305845324801	Historical	0	< 0.25	= 0.00
0.015715	0.015715	NODE_5048_length_20087_cov_55.310536:5116	NODE_5048_length_20087_cov_55.310536	5116	5118	260	5376	0.0175158981660708	1.75656758837384	0.0136484277732774	6.08305845324801	Modern	0.015715	< 0.25	< 0.25
0.048051	0.048051	NODE_5048_length_20087_cov_55.310536:5118	NODE_5048_length_20087_cov_55.310536	5118	5118	260	5378	9.11728195712772e-08	7.04013461418896	4.08242967026184e-08	30.1098945681184	Historical	0	< 0.25	= 0.00
0.048051	0.048051	NODE_5048_length_20087_cov_55.310536:5118	NODE_5048_length_20087_cov_55.310536	5118	5118	260	5378	9.11728195712772e-08	7.04013461418896	4.08242967026184e-08	30.1098945681184	Modern	0.048051	< 0.25	< 0.25
0.033444	0.033444	NODE_5089_length_20031_cov_76.452488:19886	NODE_5089_length_20031_cov_76.452488	19886	19917	390	20276	2.54895011101266e-05	4.59363866461859	1.39913880737447e-05	18.8703037401552	Historical	0	< 0.25	= 0.00
0.033444	0.033444	NODE_5089_length_20031_cov_76.452488:19886	NODE_5089_length_20031_cov_76.452488	19886	19917	390	20276	2.54895011101266e-05	4.59363866461859	1.39913880737447e-05	18.8703037401552	Modern	0.033444	< 0.25	< 0.25
0.015384	0.015384	NODE_5089_length_20031_cov_76.452488:19897	NODE_5089_length_20031_cov_76.452488	19897	19917	390	20287	0.0390152207889709	1.40876593104858	0.031753128410397	4.61177616697216	Historical	0	< 0.25	= 0.00
0.015384	0.015384	NODE_5089_length_20031_cov_76.452488:19897	NODE_5089_length_20031_cov_76.452488	19897	19917	390	20287	0.0390152207889709	1.40876593104858	0.031753128410397	4.61177616697216	Modern	0.015384	< 0.25	< 0.25
0	0	NODE_5089_length_20031_cov_76.452488:19899	NODE_5089_length_20031_cov_76.452488	19899	19917	390	20289	0.999165688808028	0.000362487981788934	0.973741466257898	0.00108347191367929	Historical	0	< 0.25	= 0.00
0	0	NODE_5089_length_20031_cov_76.452488:19899	NODE_5089_length_20031_cov_76.452488	19899	19917	390	20289	0.999165688808028	0.000362487981788934	0.973741466257898	0.00108347191367929	Modern	0	< 0.25	= 0.00
0.02675	0.02675	NODE_5089_length_20031_cov_76.452488:19900	NODE_5089_length_20031_cov_76.452488	19900	19917	390	20290	0.000409312265798552	3.38794524072289	0.000252856247770141	13.3908390823941	Historical	0	< 0.25	= 0.00
0.02675	0.02675	NODE_5089_length_20031_cov_76.452488:19900	NODE_5089_length_20031_cov_76.452488	19900	19917	390	20290	0.000409312265798552	3.38794524072289	0.000252856247770141	13.3908390823941	Modern	0.02675	< 0.25	< 0.25
0.093121	-0.093121	NODE_5089_length_20031_cov_76.452488:19906	NODE_5089_length_20031_cov_76.452488	19906	19917	390	20296	0.73938411393551	0.131129884712687	0.653719477753048	0.201242900141753	Historical	0.404561	0.25–0.75	0.25–0.75
0.093121	-0.093121	NODE_5089_length_20031_cov_76.452488:19906	NODE_5089_length_20031_cov_76.452488	19906	19917	390	20296	0.73938411393551	0.131129884712687	0.653719477753048	0.201242900141753	Modern	0.31144	0.25–0.75	0.25–0.75
0.029942	0.029942	NODE_5089_length_20031_cov_76.452488:19910	NODE_5089_length_20031_cov_76.452488	19910	19917	390	20300	0.000123385502209208	3.90873586688652	7.25314585636275e-05	15.7436379276813	Historical	0	< 0.25	= 0.00
0.029942	0.029942	NODE_5089_length_20031_cov_76.452488:19910	NODE_5089_length_20031_cov_76.452488	19910	19917	390	20300	0.000123385502209208	3.90873586688652	7.25314585636275e-05	15.7436379276813	Modern	0.029942	< 0.25	< 0.25
0.242157	0.242157	NODE_5089_length_20031_cov_76.452488:19913	NODE_5089_length_20031_cov_76.452488	19913	19917	390	20303	1.56833172141086e-62	61.8045620733216	1.20640901646989e-63	283.644132234721	Historical	0	< 0.25	= 0.00
0.242157	0.242157	NODE_5089_length_20031_cov_76.452488:19913	NODE_5089_length_20031_cov_76.452488	19913	19917	390	20303	1.56833172141086e-62	61.8045620733216	1.20640901646989e-63	283.644132234721	Modern	0.242157	< 0.25	< 0.25
1e-06	1e-06	NODE_5089_length_20031_cov_76.452488:19917	NODE_5089_length_20031_cov_76.452488	19917	19917	390	20307	0.999165688808028	0.000362487981788934	0.972874473265443	0.0011562283287411	Historical	0	< 0.25	= 0.00
1e-06	1e-06	NODE_5089_length_20031_cov_76.452488:19917	NODE_5089_length_20031_cov_76.452488	19917	19917	390	20307	0.999165688808028	0.000362487981788934	0.972874473265443	0.0011562283287411	Modern	1e-06	< 0.25	< 0.25
0.07039	0.07039	NODE_5108_length_20010_cov_37.322485:13400	NODE_5108_length_20010_cov_37.322485	13400	13400	31525	44925	5.68748533663529e-14	13.245079710023	1.6932826714484e-14	58.8596616867726	Historical	0	< 0.25	= 0.00
0.07039	0.07039	NODE_5108_length_20010_cov_37.322485:13400	NODE_5108_length_20010_cov_37.322485	13400	13400	31525	44925	5.68748533663529e-14	13.245079710023	1.6932826714484e-14	58.8596616867726	Modern	0.07039	< 0.25	< 0.25
0.087866	-0.087866	NODE_51_length_88586_cov_8.723112:78	NODE_51_length_88586_cov_8.723112	78	78	0	78	0.765649068177675	0.115970241694198	0.677668500989167	0.172762233424531	Historical	0.499989	0.25–0.75	0.25–0.75
0.087866	-0.087866	NODE_51_length_88586_cov_8.723112:78	NODE_51_length_88586_cov_8.723112	78	78	0	78	0.765649068177675	0.115970241694198	0.677668500989167	0.172762233424531	Modern	0.412123	0.25–0.75	0.25–0.75
0.0445659999999999	0.0445659999999999	NODE_520_length_47848_cov_9.005466:1553	NODE_520_length_47848_cov_9.005466	1553	1666	63050	64603	0.926620117129424	0.0330982754004426	0.832902128075024	0.044512965803093	Historical	0.499972	0.25–0.75	0.25–0.75
0.0445659999999999	0.0445659999999999	NODE_520_length_47848_cov_9.005466:1553	NODE_520_length_47848_cov_9.005466	1553	1666	63050	64603	0.926620117129424	0.0330982754004426	0.832902128075024	0.044512965803093	Modern	0.544538	0.25–0.75	0.25–0.75
0.02514	0.02514	NODE_520_length_47848_cov_9.005466:1660	NODE_520_length_47848_cov_9.005466	1660	1666	63050	64710	1.00205099786971e-07	6.99911017514562	4.50114075966165e-08	29.9205618314136	Historical	0	< 0.25	= 0.00
0.02514	0.02514	NODE_520_length_47848_cov_9.005466:1660	NODE_520_length_47848_cov_9.005466	1660	1666	63050	64710	1.00205099786971e-07	6.99911017514562	4.50114075966165e-08	29.9205618314136	Modern	0.02514	< 0.25	< 0.25
0.024288	0.024288	NODE_520_length_47848_cov_9.005466:1666	NODE_520_length_47848_cov_9.005466	1666	1666	63050	64716	1.98237778190622e-06	5.70281357842645	9.90247590961703e-07	23.9469945181438	Historical	0	< 0.25	= 0.00
0.024288	0.024288	NODE_520_length_47848_cov_9.005466:1666	NODE_520_length_47848_cov_9.005466	1666	1666	63050	64716	1.98237778190622e-06	5.70281357842645	9.90247590961703e-07	23.9469945181438	Modern	0.024288	< 0.25	< 0.25
0.010867	0.010867	NODE_537_length_47230_cov_29.559929:2105	NODE_537_length_47230_cov_29.559929	2105	9668	94575	96680	0.000992345594737142	3.0033370539052	0.00063313279397349	11.6759477767787	Historical	0	< 0.25	= 0.00
0.010867	0.010867	NODE_537_length_47230_cov_29.559929:2105	NODE_537_length_47230_cov_29.559929	2105	9668	94575	96680	0.000992345594737142	3.0033370539052	0.00063313279397349	11.6759477767787	Modern	0.010867	< 0.25	< 0.25
0	0	NODE_537_length_47230_cov_29.559929:2118	NODE_537_length_47230_cov_29.559929	2118	9668	94575	96693	0.999165688808028	0.000362487981788934	0.989841932325638	0.000162093479850793	Historical	0	< 0.25	= 0.00
0	0	NODE_537_length_47230_cov_29.559929:2118	NODE_537_length_47230_cov_29.559929	2118	9668	94575	96693	0.999165688808028	0.000362487981788934	0.989841932325638	0.000162093479850793	Modern	0	< 0.25	= 0.00
0	0	NODE_537_length_47230_cov_29.559929:2121	NODE_537_length_47230_cov_29.559929	2121	9668	94575	96696	0.999165688808028	0.000362487981788934	0.990230234937423	0.00014993734724355	Historical	0	< 0.25	= 0.00
0	0	NODE_537_length_47230_cov_29.559929:2121	NODE_537_length_47230_cov_29.559929	2121	9668	94575	96696	0.999165688808028	0.000362487981788934	0.990230234937423	0.00014993734724355	Modern	0	< 0.25	= 0.00
0.016685	0.016685	NODE_537_length_47230_cov_29.559929:2148	NODE_537_length_47230_cov_29.559929	2148	9668	94575	96723	1.95338499690937e-13	12.7092121522292	5.94548804852281e-14	56.3892385054468	Historical	0	< 0.25	= 0.00
0.016685	0.016685	NODE_537_length_47230_cov_29.559929:2148	NODE_537_length_47230_cov_29.559929	2148	9668	94575	96723	1.95338499690937e-13	12.7092121522292	5.94548804852281e-14	56.3892385054468	Modern	0.016685	< 0.25	< 0.25
0.013747	0.013747	NODE_537_length_47230_cov_29.559929:2218	NODE_537_length_47230_cov_29.559929	2218	9668	94575	96793	3.94839124528524e-06	5.40357981971828	2.0304405121766e-06	22.5660221444689	Historical	0	< 0.25	= 0.00
0.013747	0.013747	NODE_537_length_47230_cov_29.559929:2218	NODE_537_length_47230_cov_29.559929	2218	9668	94575	96793	3.94839124528524e-06	5.40357981971828	2.0304405121766e-06	22.5660221444689	Modern	0.013747	< 0.25	< 0.25
0.173193	0.173193	NODE_537_length_47230_cov_29.559929:9431	NODE_537_length_47230_cov_29.559929	9431	9668	94575	104006	1.54832959061539e-36	35.8101365861922	2.11737379913215e-37	163.33151607208	Historical	0	< 0.25	= 0.00
0.173193	0.173193	NODE_537_length_47230_cov_29.559929:9431	NODE_537_length_47230_cov_29.559929	9431	9668	94575	104006	1.54832959061539e-36	35.8101365861922	2.11737379913215e-37	163.33151607208	Modern	0.173193	< 0.25	< 0.25
0.190295	0.190295	NODE_537_length_47230_cov_29.559929:9452	NODE_537_length_47230_cov_29.559929	9452	9668	94575	104027	1.46275508141852e-58	57.8348283845328	1.2224353956774e-59	265.263574227315	Historical	0	< 0.25	= 0.00
0.190295	0.190295	NODE_537_length_47230_cov_29.559929:9452	NODE_537_length_47230_cov_29.559929	9452	9668	94575	104027	1.46275508141852e-58	57.8348283845328	1.2224353956774e-59	265.263574227315	Modern	0.190295	< 0.25	< 0.25
0.013216	0.013216	NODE_537_length_47230_cov_29.559929:9463	NODE_537_length_47230_cov_29.559929	9463	9668	94575	104038	0.00513910595990236	2.28911242778545	0.0036212883402161	8.46458013143688	Historical	0	< 0.25	= 0.00
0.013216	0.013216	NODE_537_length_47230_cov_29.559929:9463	NODE_537_length_47230_cov_29.559929	9463	9668	94575	104038	0.00513910595990236	2.28911242778545	0.0036212883402161	8.46458013143688	Modern	0.013216	< 0.25	< 0.25
0.215734	0.215734	NODE_537_length_47230_cov_29.559929:9477	NODE_537_length_47230_cov_29.559929	9477	9668	94575	104052	3.33194032158701e-84	83.477302785848	1.58211791148481e-85	384.114240969971	Historical	0	< 0.25	= 0.00
0.215734	0.215734	NODE_537_length_47230_cov_29.559929:9477	NODE_537_length_47230_cov_29.559929	9477	9668	94575	104052	3.33194032158701e-84	83.477302785848	1.58211791148481e-85	384.114240969971	Modern	0.215734	< 0.25	< 0.25
0.099268	0.099268	NODE_537_length_47230_cov_29.559929:9485	NODE_537_length_47230_cov_29.559929	9485	9668	94575	104060	1.28520895907477e-35	34.8910262556826	1.80026895976761e-36	159.076903268431	Historical	0	< 0.25	= 0.00
0.099268	0.099268	NODE_537_length_47230_cov_29.559929:9485	NODE_537_length_47230_cov_29.559929	9485	9668	94575	104060	1.28520895907477e-35	34.8910262556826	1.80026895976761e-36	159.076903268431	Modern	0.099268	< 0.25	< 0.25
0.174079	0.174079	NODE_537_length_47230_cov_29.559929:9489	NODE_537_length_47230_cov_29.559929	9489	9668	94575	104064	0.273981912982237	0.562278106344872	0.232351232946949	1.42640993960424	Historical	0.137568	< 0.25	< 0.25
0.174079	0.174079	NODE_537_length_47230_cov_29.559929:9489	NODE_537_length_47230_cov_29.559929	9489	9668	94575	104064	0.273981912982237	0.562278106344872	0.232351232946949	1.42640993960424	Modern	0.311647	0.25–0.75	0.25–0.75
0.124041	0.124041	NODE_537_length_47230_cov_29.559929:9502	NODE_537_length_47230_cov_29.559929	9502	9668	94575	104077	0.583709365793879	0.233803338247202	0.507766171953649	0.438667761568271	Historical	0.268461	0.25–0.75	0.25–0.75
0.124041	0.124041	NODE_537_length_47230_cov_29.559929:9502	NODE_537_length_47230_cov_29.559929	9502	9668	94575	104077	0.583709365793879	0.233803338247202	0.507766171953649	0.438667761568271	Modern	0.392502	0.25–0.75	0.25–0.75
0.073233	0.073233	NODE_537_length_47230_cov_29.559929:9506	NODE_537_length_47230_cov_29.559929	9506	9668	94575	104081	2.82228626523355e-27	26.5493989377447	5.09244435322292e-28	120.430319583232	Historical	0	< 0.25	= 0.00
0.073233	0.073233	NODE_537_length_47230_cov_29.559929:9506	NODE_537_length_47230_cov_29.559929	9506	9668	94575	104081	2.82228626523355e-27	26.5493989377447	5.09244435322292e-28	120.430319583232	Modern	0.073233	< 0.25	< 0.25
0.070568	0.070568	NODE_537_length_47230_cov_29.559929:9511	NODE_537_length_47230_cov_29.559929	9511	9668	94575	104086	2.02915074256243e-26	25.6926856886831	3.79622693527823e-27	116.445750123021	Historical	0	< 0.25	= 0.00
0.070568	0.070568	NODE_537_length_47230_cov_29.559929:9511	NODE_537_length_47230_cov_29.559929	9511	9668	94575	104086	2.02915074256243e-26	25.6926856886831	3.79622693527823e-27	116.445750123021	Modern	0.070568	< 0.25	< 0.25
0.094366	0.094366	NODE_537_length_47230_cov_29.559929:9516	NODE_537_length_47230_cov_29.559929	9516	9668	94575	104091	1.0285095990966e-37	36.987791650673	1.3674391630914e-38	168.778736985631	Historical	0	< 0.25	= 0.00
0.094366	0.094366	NODE_537_length_47230_cov_29.559929:9516	NODE_537_length_47230_cov_29.559929	9516	9668	94575	104091	1.0285095990966e-37	36.987791650673	1.3674391630914e-38	168.778736985631	Modern	0.094366	< 0.25	< 0.25
0.024815	0.024815	NODE_537_length_47230_cov_29.559929:9517	NODE_537_length_47230_cov_29.559929	9517	9668	94575	104092	1.25591940275893e-07	6.90103823007348	5.70113461081454e-08	29.4624255606866	Historical	0	< 0.25	= 0.00
0.024815	0.024815	NODE_537_length_47230_cov_29.559929:9517	NODE_537_length_47230_cov_29.559929	9517	9668	94575	104092	1.25591940275893e-07	6.90103823007348	5.70113461081454e-08	29.4624255606866	Modern	0.024815	< 0.25	< 0.25
0.242343	0.242343	NODE_537_length_47230_cov_29.559929:9523	NODE_537_length_47230_cov_29.559929	9523	9668	94575	104098	2.70091144126313e-120	119.568489655428	6.6689171389213e-122	551.268431436804	Historical	0	< 0.25	= 0.00
0.242343	0.242343	NODE_537_length_47230_cov_29.559929:9523	NODE_537_length_47230_cov_29.559929	9523	9668	94575	104098	2.70091144126313e-120	119.568489655428	6.6689171389213e-122	551.268431436804	Modern	0.242343	< 0.25	< 0.25
0.196541	0.196541	NODE_537_length_47230_cov_29.559929:9533	NODE_537_length_47230_cov_29.559929	9533	9668	94575	104108	4.15158891989458e-97	96.3817856558002	1.55733867365466e-98	443.869128254675	Historical	0	< 0.25	= 0.00
0.196541	0.196541	NODE_537_length_47230_cov_29.559929:9533	NODE_537_length_47230_cov_29.559929	9533	9668	94575	104108	4.15158891989458e-97	96.3817856558002	1.55733867365466e-98	443.869128254675	Modern	0.196541	< 0.25	< 0.25
0.266349	0.266349	NODE_537_length_47230_cov_29.559929:9619	NODE_537_length_47230_cov_29.559929	9619	9668	94575	104194	0.171402828201882	0.765982016354841	0.144382059463504	2.13062303833923	Historical	0.247729	< 0.25	< 0.25
0.266349	0.266349	NODE_537_length_47230_cov_29.559929:9619	NODE_537_length_47230_cov_29.559929	9619	9668	94575	104194	0.171402828201882	0.765982016354841	0.144382059463504	2.13062303833923	Modern	0.514078	0.25–0.75	0.25–0.75
0.077153	0.077153	NODE_537_length_47230_cov_29.559929:9637	NODE_537_length_47230_cov_29.559929	9637	9668	94575	104212	3.18818731748104e-22	21.4964561701622	6.78208888049149e-23	97.0434984038203	Historical	0	< 0.25	= 0.00
0.077153	0.077153	NODE_537_length_47230_cov_29.559929:9637	NODE_537_length_47230_cov_29.559929	9637	9668	94575	104212	3.18818731748104e-22	21.4964561701622	6.78208888049149e-23	97.0434984038203	Modern	0.077153	< 0.25	< 0.25
0.029459	0.029459	NODE_537_length_47230_cov_29.559929:9656	NODE_537_length_47230_cov_29.559929	9656	9668	94575	104231	1.29441317147939e-05	4.88792707648604	6.90230765228565e-06	20.2201219344816	Historical	0	< 0.25	= 0.00
0.029459	0.029459	NODE_537_length_47230_cov_29.559929:9656	NODE_537_length_47230_cov_29.559929	9656	9668	94575	104231	1.29441317147939e-05	4.88792707648604	6.90230765228565e-06	20.2201219344816	Modern	0.029459	< 0.25	< 0.25
0.029302	0.029302	NODE_537_length_47230_cov_29.559929:9668	NODE_537_length_47230_cov_29.559929	9668	9668	94575	104243	7.50996329014423e-05	4.12436218588888	4.30414325318333e-05	16.7323219837988	Historical	0	< 0.25	= 0.00
0.029302	0.029302	NODE_537_length_47230_cov_29.559929:9668	NODE_537_length_47230_cov_29.559929	9668	9668	94575	104243	7.50996329014423e-05	4.12436218588888	4.30414325318333e-05	16.7323219837988	Modern	0.029302	< 0.25	< 0.25
0.034666	0.034666	NODE_547_length_46829_cov_11.488765:37085	NODE_547_length_46829_cov_11.488765	37085	37087	126100	163185	4.4081655054605e-05	4.35574210817649	2.46363285846487e-05	17.7924160461782	Historical	0	< 0.25	= 0.00
0.034666	0.034666	NODE_547_length_46829_cov_11.488765:37085	NODE_547_length_46829_cov_11.488765	37085	37087	126100	163185	4.4081655054605e-05	4.35574210817649	2.46363285846487e-05	17.7924160461782	Modern	0.034666	< 0.25	< 0.25
0.117649	0.117649	NODE_547_length_46829_cov_11.488765:37086	NODE_547_length_46829_cov_11.488765	37086	37087	126100	163186	1.86962251446918e-20	19.7282460706999	4.18991215975815e-21	88.8824160370922	Historical	0	< 0.25	= 0.00
0.117649	0.117649	NODE_547_length_46829_cov_11.488765:37086	NODE_547_length_46829_cov_11.488765	37086	37087	126100	163186	1.86962251446918e-20	19.7282460706999	4.18991215975815e-21	88.8824160370922	Modern	0.117649	< 0.25	< 0.25
0.068223	0.068223	NODE_547_length_46829_cov_11.488765:37087	NODE_547_length_46829_cov_11.488765	37087	37087	126100	163187	1.93208801814281e-11	10.7139730927637	6.66047436453788e-12	47.1248824079201	Historical	0	< 0.25	= 0.00
0.068223	0.068223	NODE_547_length_46829_cov_11.488765:37087	NODE_547_length_46829_cov_11.488765	37087	37087	126100	163187	1.93208801814281e-11	10.7139730927637	6.66047436453788e-12	47.1248824079201	Modern	0.068223	< 0.25	< 0.25
0.000993	0.000993	NODE_568_length_46417_cov_10.733343:29	NODE_568_length_46417_cov_10.733343	29	148	157625	157654	0.965757786168192	0.0151317817839709	0.870832875561917	0.0264389712221111	Historical	0	< 0.25	= 0.00
0.000993	0.000993	NODE_568_length_46417_cov_10.733343:29	NODE_568_length_46417_cov_10.733343	29	148	157625	157654	0.965757786168192	0.0151317817839709	0.870832875561917	0.0264389712221111	Modern	0.000993	< 0.25	< 0.25
0.064369	0.064369	NODE_568_length_46417_cov_10.733343:38	NODE_568_length_46417_cov_10.733343	38	148	157625	157663	8.46485371460905e-07	6.07238054275139	4.1279224904575e-07	25.633583783798	Historical	0	< 0.25	= 0.00
0.064369	0.064369	NODE_568_length_46417_cov_10.733343:38	NODE_568_length_46417_cov_10.733343	38	148	157625	157663	8.46485371460905e-07	6.07238054275139	4.1279224904575e-07	25.633583783798	Modern	0.064369	< 0.25	< 0.25
0.051916	0.051916	NODE_568_length_46417_cov_10.733343:44	NODE_568_length_46417_cov_10.733343	44	148	157625	157669	8.68999703427624e-08	7.06098037176741	3.88285242604651e-08	30.2071009242158	Historical	0	< 0.25	= 0.00
0.051916	0.051916	NODE_568_length_46417_cov_10.733343:44	NODE_568_length_46417_cov_10.733343	44	148	157625	157669	8.68999703427624e-08	7.06098037176741	3.88285242604651e-08	30.2071009242158	Modern	0.051916	< 0.25	< 0.25
0.072179	0.072179	NODE_568_length_46417_cov_10.733343:46	NODE_568_length_46417_cov_10.733343	46	148	157625	157671	0.79996729507925	0.0969277678292437	0.711082040070444	0.137198580070917	Historical	0.302194	0.25–0.75	0.25–0.75
0.072179	0.072179	NODE_568_length_46417_cov_10.733343:46	NODE_568_length_46417_cov_10.733343	46	148	157625	157671	0.79996729507925	0.0969277678292437	0.711082040070444	0.137198580070917	Modern	0.374373	0.25–0.75	0.25–0.75
0.090314	0.090314	NODE_568_length_46417_cov_10.733343:93	NODE_568_length_46417_cov_10.733343	93	148	157625	157718	2.95239049527145e-24	23.5298262014812	5.83188245979545e-25	106.464814114538	Historical	0	< 0.25	= 0.00
0.090314	0.090314	NODE_568_length_46417_cov_10.733343:93	NODE_568_length_46417_cov_10.733343	93	148	157625	157718	2.95239049527145e-24	23.5298262014812	5.83188245979545e-25	106.464814114538	Modern	0.090314	< 0.25	< 0.25
0.013541	0.013541	NODE_568_length_46417_cov_10.733343:121	NODE_568_length_46417_cov_10.733343	121	148	157625	157746	0.0033650024787148	2.47301461153161	0.00229606294487805	9.29638653591989	Historical	0	< 0.25	= 0.00
0.013541	0.013541	NODE_568_length_46417_cov_10.733343:121	NODE_568_length_46417_cov_10.733343	121	148	157625	157746	0.0033650024787148	2.47301461153161	0.00229606294487805	9.29638653591989	Modern	0.013541	< 0.25	< 0.25
0.045028	0.045028	NODE_568_length_46417_cov_10.733343:132	NODE_568_length_46417_cov_10.733343	132	148	157625	157757	8.83741334988427e-10	9.05367483139607	3.38641622666505e-10	39.4380044262153	Historical	0	< 0.25	= 0.00
0.045028	0.045028	NODE_568_length_46417_cov_10.733343:132	NODE_568_length_46417_cov_10.733343	132	148	157625	157757	8.83741334988427e-10	9.05367483139607	3.38641622666505e-10	39.4380044262153	Modern	0.045028	< 0.25	< 0.25
0.045486	0.045486	NODE_568_length_46417_cov_10.733343:148	NODE_568_length_46417_cov_10.733343	148	148	157625	157773	1.00115387298947e-07	6.99949916822045	4.49235712238866e-08	29.9243492345484	Historical	0	< 0.25	= 0.00
0.045486	0.045486	NODE_568_length_46417_cov_10.733343:148	NODE_568_length_46417_cov_10.733343	148	148	157625	157773	1.00115387298947e-07	6.99949916822045	4.49235712238866e-08	29.9243492345484	Modern	0.045486	< 0.25	< 0.25
0.0524770000000001	-0.0524770000000001	NODE_569_length_46402_cov_9.162387:28203	NODE_569_length_46402_cov_9.162387	28203	28203	0	28203	0.897546662267269	0.0469429637653542	0.803976818840651	0.0616050669951483	Historical	0.497582	0.25–0.75	0.25–0.75
0.0524770000000001	-0.0524770000000001	NODE_569_length_46402_cov_9.162387:28203	NODE_569_length_46402_cov_9.162387	28203	28203	0	28203	0.897546662267269	0.0469429637653542	0.803976818840651	0.0616050669951483	Modern	0.445105	0.25–0.75	0.25–0.75
0.031907	0.031907	NODE_579_length_46172_cov_9.104595:14	NODE_579_length_46172_cov_9.104595	14	81	314	328	0.000222437181981379	3.65279261556281	0.000133821419549101	14.5871862456255	Historical	0	< 0.25	= 0.00
0.031907	0.031907	NODE_579_length_46172_cov_9.104595:14	NODE_579_length_46172_cov_9.104595	14	81	314	328	0.000222437181981379	3.65279261556281	0.000133821419549101	14.5871862456255	Modern	0.031907	< 0.25	< 0.25
0.016272	0.016272	NODE_579_length_46172_cov_9.104595:26	NODE_579_length_46172_cov_9.104595	26	81	314	340	0.00610897326674007	2.21403177536442	0.0043685250425976	8.12390958586819	Historical	0	< 0.25	= 0.00
0.016272	0.016272	NODE_579_length_46172_cov_9.104595:26	NODE_579_length_46172_cov_9.104595	26	81	314	340	0.00610897326674007	2.21403177536442	0.0043685250425976	8.12390958586819	Modern	0.016272	< 0.25	< 0.25
0.014486	0.014486	NODE_579_length_46172_cov_9.104595:27	NODE_579_length_46172_cov_9.104595	27	81	314	341	0.0115078168294758	1.93900705941475	0.0087155592796837	6.88020446037175	Historical	0	< 0.25	= 0.00
0.014486	0.014486	NODE_579_length_46172_cov_9.104595:27	NODE_579_length_46172_cov_9.104595	27	81	314	341	0.0115078168294758	1.93900705941475	0.0087155592796837	6.88020446037175	Modern	0.014486	< 0.25	< 0.25
0.014336	0.014336	NODE_579_length_46172_cov_9.104595:35	NODE_579_length_46172_cov_9.104595	35	81	314	349	0.00683625586110159	2.16518169127238	0.00492755764347209	7.90583553130352	Historical	0	< 0.25	= 0.00
0.014336	0.014336	NODE_579_length_46172_cov_9.104595:35	NODE_579_length_46172_cov_9.104595	35	81	314	349	0.00683625586110159	2.16518169127238	0.00492755764347209	7.90583553130352	Modern	0.014336	< 0.25	< 0.25
0	0	NODE_579_length_46172_cov_9.104595:54	NODE_579_length_46172_cov_9.104595	54	81	314	368	0.999165688808028	0.000362487981788934	0.981799587061417	0.000520424455715229	Historical	0	< 0.25	= 0.00
0	0	NODE_579_length_46172_cov_9.104595:54	NODE_579_length_46172_cov_9.104595	54	81	314	368	0.999165688808028	0.000362487981788934	0.981799587061417	0.000520424455715229	Modern	0	< 0.25	= 0.00
0.031698	0.031698	NODE_579_length_46172_cov_9.104595:55	NODE_579_length_46172_cov_9.104595	55	81	314	369	2.75221230444151e-07	6.56031806785982	1.292468171459e-07	27.8774576818257	Historical	0	< 0.25	= 0.00
0.031698	0.031698	NODE_579_length_46172_cov_9.104595:55	NODE_579_length_46172_cov_9.104595	55	81	314	369	2.75221230444151e-07	6.56031806785982	1.292468171459e-07	27.8774576818257	Modern	0.031698	< 0.25	< 0.25
0.014383	0.014383	NODE_579_length_46172_cov_9.104595:64	NODE_579_length_46172_cov_9.104595	64	81	314	378	0.0107963826068794	1.96672173312699	0.00811522966129638	7.007867259188	Historical	0	< 0.25	= 0.00
0.014383	0.014383	NODE_579_length_46172_cov_9.104595:64	NODE_579_length_46172_cov_9.104595	64	81	314	378	0.0107963826068794	1.96672173312699	0.00811522966129638	7.007867259188	Modern	0.014383	< 0.25	< 0.25
0.033692	0.033692	NODE_579_length_46172_cov_9.104595:74	NODE_579_length_46172_cov_9.104595	74	81	314	388	1.63296985663662e-05	4.78702183193033	8.85494575631065e-06	19.7437790437723	Historical	0	< 0.25	= 0.00
0.033692	0.033692	NODE_579_length_46172_cov_9.104595:74	NODE_579_length_46172_cov_9.104595	74	81	314	388	1.63296985663662e-05	4.78702183193033	8.85494575631065e-06	19.7437790437723	Modern	0.033692	< 0.25	< 0.25
0.016205	0.016205	NODE_579_length_46172_cov_9.104595:81	NODE_579_length_46172_cov_9.104595	81	81	314	395	0.0341915578511321	1.46608111123215	0.0276974348024841	4.84680224634607	Historical	0	< 0.25	= 0.00
0.016205	0.016205	NODE_579_length_46172_cov_9.104595:81	NODE_579_length_46172_cov_9.104595	81	81	314	395	0.0341915578511321	1.46608111123215	0.0276974348024841	4.84680224634607	Modern	0.016205	< 0.25	< 0.25
0.010928	0.010928	NODE_594_length_45800_cov_44.880572:8753	NODE_594_length_45800_cov_44.880572	8753	8848	0	8753	0.00144109621943123	2.84130702114787	0.000935412408339263	10.9512351212919	Historical	0	< 0.25	= 0.00
0.010928	0.010928	NODE_594_length_45800_cov_44.880572:8753	NODE_594_length_45800_cov_44.880572	8753	8848	0	8753	0.00144109621943123	2.84130702114787	0.000935412408339263	10.9512351212919	Modern	0.010928	< 0.25	< 0.25
0.021435	0.021435	NODE_594_length_45800_cov_44.880572:8755	NODE_594_length_45800_cov_44.880572	8755	8848	0	8755	1.50523406537202e-08	7.82239596160139	6.3611506086472e-09	33.7209624482122	Historical	0	< 0.25	= 0.00
0.021435	0.021435	NODE_594_length_45800_cov_44.880572:8755	NODE_594_length_45800_cov_44.880572	8755	8848	0	8755	1.50523406537202e-08	7.82239596160139	6.3611506086472e-09	33.7209624482122	Modern	0.021435	< 0.25	< 0.25
0	0	NODE_594_length_45800_cov_44.880572:8779	NODE_594_length_45800_cov_44.880572	8779	8848	0	8779	0.999165688808028	0.000362487981788934	0.987561657412019	0.000243041305325808	Historical	0	< 0.25	= 0.00
0	0	NODE_594_length_45800_cov_44.880572:8779	NODE_594_length_45800_cov_44.880572	8779	8848	0	8779	0.999165688808028	0.000362487981788934	0.987561657412019	0.000243041305325808	Modern	0	< 0.25	= 0.00
0.010581	0.010581	NODE_594_length_45800_cov_44.880572:8783	NODE_594_length_45800_cov_44.880572	8783	8848	0	8783	0.00148606333986291	2.82796267942692	0.000966717367337221	10.8902508213686	Historical	0	< 0.25	= 0.00
0.010581	0.010581	NODE_594_length_45800_cov_44.880572:8783	NODE_594_length_45800_cov_44.880572	8783	8848	0	8783	0.00148606333986291	2.82796267942692	0.000966717367337221	10.8902508213686	Modern	0.010581	< 0.25	< 0.25
0.019066	0.019066	NODE_594_length_45800_cov_44.880572:8795	NODE_594_length_45800_cov_44.880572	8795	8848	0	8795	2.07323766969298e-07	6.68335090884699	9.63770027839233e-08	28.4454298149877	Historical	0	< 0.25	= 0.00
0.019066	0.019066	NODE_594_length_45800_cov_44.880572:8795	NODE_594_length_45800_cov_44.880572	8795	8848	0	8795	2.07323766969298e-07	6.68335090884699	9.63770027839233e-08	28.4454298149877	Modern	0.019066	< 0.25	< 0.25
2e-06	2e-06	NODE_594_length_45800_cov_44.880572:8797	NODE_594_length_45800_cov_44.880572	8797	8848	0	8797	0.999165688808028	0.000362487981788934	0.987736595615512	0.000236252371230803	Historical	0	< 0.25	= 0.00
2e-06	2e-06	NODE_594_length_45800_cov_44.880572:8797	NODE_594_length_45800_cov_44.880572	8797	8848	0	8797	0.999165688808028	0.000362487981788934	0.987736595615512	0.000236252371230803	Modern	2e-06	< 0.25	< 0.25
0.010826	0.010826	NODE_594_length_45800_cov_44.880572:8813	NODE_594_length_45800_cov_44.880572	8813	8848	0	8813	0.00308240327480274	2.51111054259225	0.00208859899009663	9.46999537930632	Historical	0	< 0.25	= 0.00
0.010826	0.010826	NODE_594_length_45800_cov_44.880572:8813	NODE_594_length_45800_cov_44.880572	8813	8848	0	8813	0.00308240327480274	2.51111054259225	0.00208859899009663	9.46999537930632	Modern	0.010826	< 0.25	< 0.25
0.031702	0.031702	NODE_594_length_45800_cov_44.880572:8817	NODE_594_length_45800_cov_44.880572	8817	8848	0	8817	2.83838046296608e-13	12.5469293911576	8.72000075754536e-14	55.6362661508224	Historical	0	< 0.25	= 0.00
0.031702	0.031702	NODE_594_length_45800_cov_44.880572:8817	NODE_594_length_45800_cov_44.880572	8817	8848	0	8817	2.83838046296608e-13	12.5469293911576	8.72000075754536e-14	55.6362661508224	Modern	0.031702	< 0.25	< 0.25
0.086465	0.086465	NODE_594_length_45800_cov_44.880572:8819	NODE_594_length_45800_cov_44.880572	8819	8848	0	8819	4.97581579342312e-52	51.3031357057651	4.58360999014286e-53	235.10899606178	Historical	0	< 0.25	= 0.00
0.086465	0.086465	NODE_594_length_45800_cov_44.880572:8819	NODE_594_length_45800_cov_44.880572	8819	8848	0	8819	4.97581579342312e-52	51.3031357057651	4.58360999014286e-53	235.10899606178	Modern	0.086465	< 0.25	< 0.25
0.025273	0.025273	NODE_594_length_45800_cov_44.880572:8840	NODE_594_length_45800_cov_44.880572	8840	8848	0	8840	2.00118201756855e-05	4.69871340830004	1.09561389660804e-05	19.3370211875922	Historical	0	< 0.25	= 0.00
0.025273	0.025273	NODE_594_length_45800_cov_44.880572:8840	NODE_594_length_45800_cov_44.880572	8840	8848	0	8840	2.00118201756855e-05	4.69871340830004	1.09561389660804e-05	19.3370211875922	Modern	0.025273	< 0.25	< 0.25
0.013681	0.013681	NODE_594_length_45800_cov_44.880572:8848	NODE_594_length_45800_cov_44.880572	8848	8848	0	8848	0.0261934981588817	1.58180649738815	0.0209945987142414	5.32724064412961	Historical	0	< 0.25	= 0.00
0.013681	0.013681	NODE_594_length_45800_cov_44.880572:8848	NODE_594_length_45800_cov_44.880572	8848	8848	0	8848	0.0261934981588817	1.58180649738815	0.0209945987142414	5.32724064412961	Modern	0.013681	< 0.25	< 0.25
0.266805	0.266805	NODE_614_length_45534_cov_8.774315:103	NODE_614_length_45534_cov_8.774315	103	103	13290	13393	1.79281514712301e-29	28.7464644871936	3.01356392251446e-30	130.610029887562	Historical	0	< 0.25	= 0.00
0.266805	0.266805	NODE_614_length_45534_cov_8.774315:103	NODE_614_length_45534_cov_8.774315	103	103	13290	13393	1.79281514712301e-29	28.7464644871936	3.01356392251446e-30	130.610029887562	Modern	0.266805	0.25–0.75	0.25–0.75
0.029109	0.029109	NODE_627_length_45145_cov_9.197243:45068	NODE_627_length_45145_cov_9.197243	45068	45115	26580	71648	3.28231043215224e-05	4.48382034692853	1.81883013975388e-05	18.3701727995305	Historical	0	< 0.25	= 0.00
0.029109	0.029109	NODE_627_length_45145_cov_9.197243:45068	NODE_627_length_45145_cov_9.197243	45068	45115	26580	71648	3.28231043215224e-05	4.48382034692853	1.81883013975388e-05	18.3701727995305	Modern	0.029109	< 0.25	< 0.25
0.0134	0.0134	NODE_627_length_45145_cov_9.197243:45073	NODE_627_length_45145_cov_9.197243	45073	45115	26580	71653	0.0176999661465104	1.75202756428214	0.0138170675901534	6.06136719192509	Historical	0	< 0.25	= 0.00
0.0134	0.0134	NODE_627_length_45145_cov_9.197243:45073	NODE_627_length_45145_cov_9.197243	45073	45115	26580	71653	0.0176999661465104	1.75202756428214	0.0138170675901534	6.06136719192509	Modern	0.0134	< 0.25	< 0.25
1e-06	1e-06	NODE_627_length_45145_cov_9.197243:45074	NODE_627_length_45145_cov_9.197243	45074	45115	26580	71654	0.999165688808028	0.000362487981788934	0.982082945719811	0.000504343124348482	Historical	0	< 0.25	= 0.00
1e-06	1e-06	NODE_627_length_45145_cov_9.197243:45074	NODE_627_length_45145_cov_9.197243	45074	45115	26580	71654	0.999165688808028	0.000362487981788934	0.982082945719811	0.000504343124348482	Modern	1e-06	< 0.25	< 0.25
0.013809	0.013809	NODE_627_length_45145_cov_9.197243:45088	NODE_627_length_45145_cov_9.197243	45088	45115	26580	71668	0.0110859665204396	1.95522643730862	0.00837501079488103	6.95147596317725	Historical	0	< 0.25	= 0.00
0.013809	0.013809	NODE_627_length_45145_cov_9.197243:45088	NODE_627_length_45145_cov_9.197243	45088	45115	26580	71668	0.0110859665204396	1.95522643730862	0.00837501079488103	6.95147596317725	Modern	0.013809	< 0.25	< 0.25
0.081988	0.081988	NODE_627_length_45145_cov_9.197243:45107	NODE_627_length_45145_cov_9.197243	45107	45115	26580	71687	3.20457626114947e-16	15.4942293888007	8.52119043800428e-17	69.2850767518875	Historical	0	< 0.25	= 0.00
0.081988	0.081988	NODE_627_length_45145_cov_9.197243:45107	NODE_627_length_45145_cov_9.197243	45107	45115	26580	71687	3.20457626114947e-16	15.4942293888007	8.52119043800428e-17	69.2850767518875	Modern	0.081988	< 0.25	< 0.25
0.058637	0.058637	NODE_627_length_45145_cov_9.197243:45115	NODE_627_length_45145_cov_9.197243	45115	45115	26580	71695	1.91708052855956e-09	8.71735964383842	7.50993084549684e-10	37.8834582655085	Historical	0	< 0.25	= 0.00
0.058637	0.058637	NODE_627_length_45145_cov_9.197243:45115	NODE_627_length_45145_cov_9.197243	45115	45115	26580	71695	1.91708052855956e-09	8.71735964383842	7.50993084549684e-10	37.8834582655085	Modern	0.058637	< 0.25	< 0.25
0.015632	0.015632	NODE_631_length_45080_cov_16.755252:40311	NODE_631_length_45080_cov_16.755252	40311	40618	39870	80181	0.0149921095386656	1.82413725330633	0.0115608669946785	6.37700022957328	Historical	0	< 0.25	= 0.00
0.015632	0.015632	NODE_631_length_45080_cov_16.755252:40311	NODE_631_length_45080_cov_16.755252	40311	40618	39870	80181	0.0149921095386656	1.82413725330633	0.0115608669946785	6.37700022957328	Modern	0.015632	< 0.25	< 0.25
0.08172	0.08172	NODE_631_length_45080_cov_16.755252:40313	NODE_631_length_45080_cov_16.755252	40313	40618	39870	80183	5.80541335948092e-15	14.2361668520063	1.65947713314697e-15	63.4326128311499	Historical	0	< 0.25	= 0.00
0.08172	0.08172	NODE_631_length_45080_cov_16.755252:40313	NODE_631_length_45080_cov_16.755252	40313	40618	39870	80183	5.80541335948092e-15	14.2361668520063	1.65947713314697e-15	63.4326128311499	Modern	0.08172	< 0.25	< 0.25
0.03208	0.03208	NODE_631_length_45080_cov_16.755252:40321	NODE_631_length_45080_cov_16.755252	40321	40618	39870	80191	4.54710055979047e-06	5.34226544120303	2.34696026044266e-06	22.2877748314949	Historical	0	< 0.25	= 0.00
0.03208	0.03208	NODE_631_length_45080_cov_16.755252:40321	NODE_631_length_45080_cov_16.755252	40321	40618	39870	80191	4.54710055979047e-06	5.34226544120303	2.34696026044266e-06	22.2877748314949	Modern	0.03208	< 0.25	< 0.25
0.01488	0.01488	NODE_631_length_45080_cov_16.755252:40322	NODE_631_length_45080_cov_16.755252	40322	40618	39870	80192	0.00851713058598147	2.06970669403235	0.00627258762528835	7.47027767240394	Historical	0	< 0.25	= 0.00
0.01488	0.01488	NODE_631_length_45080_cov_16.755252:40322	NODE_631_length_45080_cov_16.755252	40322	40618	39870	80192	0.00851713058598147	2.06970669403235	0.00627258762528835	7.47027767240394	Modern	0.01488	< 0.25	< 0.25
0.170927	0.170927	NODE_631_length_45080_cov_16.755252:40323	NODE_631_length_45080_cov_16.755252	40323	40618	39870	80193	1.77715145280845e-39	38.7502755590736	2.20245265518995e-40	176.988850024246	Historical	0	< 0.25	= 0.00
0.170927	0.170927	NODE_631_length_45080_cov_16.755252:40323	NODE_631_length_45080_cov_16.755252	40323	40618	39870	80193	1.77715145280845e-39	38.7502755590736	2.20245265518995e-40	176.988850024246	Modern	0.170927	< 0.25	< 0.25
0.015204	0.015204	NODE_631_length_45080_cov_16.755252:40326	NODE_631_length_45080_cov_16.755252	40326	40618	39870	80196	0.00650543707016334	2.18672351988894	0.00467365920567765	8.00157839564421	Historical	0	< 0.25	= 0.00
0.015204	0.015204	NODE_631_length_45080_cov_16.755252:40326	NODE_631_length_45080_cov_16.755252	40326	40618	39870	80196	0.00650543707016334	2.18672351988894	0.00467365920567765	8.00157839564421	Modern	0.015204	< 0.25	< 0.25
0.014523	0.014523	NODE_631_length_45080_cov_16.755252:40340	NODE_631_length_45080_cov_16.755252	40340	40618	39870	80210	0.00546205436672348	2.2626439814115	0.0038592292961465	8.34889043708248	Historical	0	< 0.25	= 0.00
0.014523	0.014523	NODE_631_length_45080_cov_16.755252:40340	NODE_631_length_45080_cov_16.755252	40340	40618	39870	80210	0.00546205436672348	2.2626439814115	0.0038592292961465	8.34889043708248	Modern	0.014523	< 0.25	< 0.25
0.01466	0.01466	NODE_631_length_45080_cov_16.755252:40349	NODE_631_length_45080_cov_16.755252	40349	40618	39870	80219	0.00464826927889182	2.33270872077493	0.00323127551011283	8.6720496830384	Historical	0	< 0.25	= 0.00
0.01466	0.01466	NODE_631_length_45080_cov_16.755252:40349	NODE_631_length_45080_cov_16.755252	40349	40618	39870	80219	0.00464826927889182	2.33270872077493	0.00323127551011283	8.6720496830384	Modern	0.01466	< 0.25	< 0.25
0.18685	0.18685	NODE_631_length_45080_cov_16.755252:40352	NODE_631_length_45080_cov_16.755252	40352	40618	39870	80222	1.19074037959857e-47	46.9241829186168	1.22127218420367e-48	214.817805516863	Historical	0	< 0.25	= 0.00
0.18685	0.18685	NODE_631_length_45080_cov_16.755252:40352	NODE_631_length_45080_cov_16.755252	40352	40618	39870	80222	1.19074037959857e-47	46.9241829186168	1.22127218420367e-48	214.817805516863	Modern	0.18685	< 0.25	< 0.25
0.014359	0.014359	NODE_631_length_45080_cov_16.755252:40359	NODE_631_length_45080_cov_16.755252	40359	40618	39870	80229	0.00482492827203866	2.31650913854596	0.00336553638728622	8.59788494887714	Historical	0	< 0.25	= 0.00
0.014359	0.014359	NODE_631_length_45080_cov_16.755252:40359	NODE_631_length_45080_cov_16.755252	40359	40618	39870	80229	0.00482492827203866	2.31650913854596	0.00336553638728622	8.59788494887714	Modern	0.014359	< 0.25	< 0.25
0.014073	0.014073	NODE_631_length_45080_cov_16.755252:40370	NODE_631_length_45080_cov_16.755252	40370	40618	39870	80240	0.00509762520586326	2.29263209844875	0.00358479721267022	8.48300373976483	Historical	0	< 0.25	= 0.00
0.014073	0.014073	NODE_631_length_45080_cov_16.755252:40370	NODE_631_length_45080_cov_16.755252	40370	40618	39870	80240	0.00509762520586326	2.29263209844875	0.00358479721267022	8.48300373976483	Modern	0.014073	< 0.25	< 0.25
0.030016	0.030016	NODE_631_length_45080_cov_16.755252:40469	NODE_631_length_45080_cov_16.755252	40469	40618	39870	80339	1.81566746619242e-11	10.7409636882057	6.25051715569564e-12	47.2493981930685	Historical	0	< 0.25	= 0.00
0.030016	0.030016	NODE_631_length_45080_cov_16.755252:40469	NODE_631_length_45080_cov_16.755252	40469	40618	39870	80339	1.81566746619242e-11	10.7409636882057	6.25051715569564e-12	47.2493981930685	Modern	0.030016	< 0.25	< 0.25
0.011959	0.011959	NODE_631_length_45080_cov_16.755252:40499	NODE_631_length_45080_cov_16.755252	40499	40618	39870	80369	0.000148415448992685	3.82852088973718	8.76680050080246e-05	15.385292444682	Historical	0	< 0.25	= 0.00
0.011959	0.011959	NODE_631_length_45080_cov_16.755252:40499	NODE_631_length_45080_cov_16.755252	40499	40618	39870	80369	0.000148415448992685	3.82852088973718	8.76680050080246e-05	15.385292444682	Modern	0.011959	< 0.25	< 0.25
0.015646	0.015646	NODE_631_length_45080_cov_16.755252:40501	NODE_631_length_45080_cov_16.755252	40501	40618	39870	80371	2.86504263601298e-06	5.54286891071321	1.4542880236932e-06	23.207503260572	Historical	0	< 0.25	= 0.00
0.015646	0.015646	NODE_631_length_45080_cov_16.755252:40501	NODE_631_length_45080_cov_16.755252	40501	40618	39870	80371	2.86504263601298e-06	5.54286891071321	1.4542880236932e-06	23.207503260572	Modern	0.015646	< 0.25	< 0.25
0.022858	0.022858	NODE_631_length_45080_cov_16.755252:40502	NODE_631_length_45080_cov_16.755252	40502	40618	39870	80372	8.93008410499061e-10	9.04914445083583	3.42616712100304e-10	39.4152162932172	Historical	0	< 0.25	= 0.00
0.022858	0.022858	NODE_631_length_45080_cov_16.755252:40502	NODE_631_length_45080_cov_16.755252	40502	40618	39870	80372	8.93008410499061e-10	9.04914445083583	3.42616712100304e-10	39.4152162932172	Modern	0.022858	< 0.25	< 0.25
0.227583	0.227583	NODE_631_length_45080_cov_16.755252:40521	NODE_631_length_45080_cov_16.755252	40521	40618	39870	80391	3.86036556376964e-139	138.413371567139	7.33212832624813e-141	638.430748137772	Historical	0	< 0.25	= 0.00
0.227583	0.227583	NODE_631_length_45080_cov_16.755252:40521	NODE_631_length_45080_cov_16.755252	40521	40618	39870	80391	3.86036556376964e-139	138.413371567139	7.33212832624813e-141	638.430748137772	Modern	0.227583	< 0.25	< 0.25
0.057806	0.057806	NODE_631_length_45080_cov_16.755252:40525	NODE_631_length_45080_cov_16.755252	40525	40618	39870	80395	1.51719443980565e-28	27.8189587575631	2.62231137744186e-29	126.3159227865	Historical	0	< 0.25	= 0.00
0.057806	0.057806	NODE_631_length_45080_cov_16.755252:40525	NODE_631_length_45080_cov_16.755252	40525	40618	39870	80395	1.51719443980565e-28	27.8189587575631	2.62231137744186e-29	126.3159227865	Modern	0.057806	< 0.25	< 0.25
0.026594	0.026594	NODE_631_length_45080_cov_16.755252:40526	NODE_631_length_45080_cov_16.755252	40526	40618	39870	80396	3.4508733769911e-11	10.4620709759977	1.21747337089477e-11	45.942948924054	Historical	0	< 0.25	= 0.00
0.026594	0.026594	NODE_631_length_45080_cov_16.755252:40526	NODE_631_length_45080_cov_16.755252	40526	40618	39870	80396	3.4508733769911e-11	10.4620709759977	1.21747337089477e-11	45.942948924054	Modern	0.026594	< 0.25	< 0.25
0.011406	0.011406	NODE_631_length_45080_cov_16.755252:40538	NODE_631_length_45080_cov_16.755252	40538	40618	39870	80408	0.000293105061350148	3.532976682082	0.000178423878751609	14.0456731025781	Historical	0	< 0.25	= 0.00
0.011406	0.011406	NODE_631_length_45080_cov_16.755252:40538	NODE_631_length_45080_cov_16.755252	40538	40618	39870	80408	0.000293105061350148	3.532976682082	0.000178423878751609	14.0456731025781	Modern	0.011406	< 0.25	< 0.25
0.072991	0.072991	NODE_631_length_45080_cov_16.755252:40539	NODE_631_length_45080_cov_16.755252	40539	40618	39870	80409	2.34184644230266e-38	37.6304415855433	2.99124735507794e-39	171.800860920501	Historical	0	< 0.25	= 0.00
0.072991	0.072991	NODE_631_length_45080_cov_16.755252:40539	NODE_631_length_45080_cov_16.755252	40539	40618	39870	80409	2.34184644230266e-38	37.6304415855433	2.99124735507794e-39	171.800860920501	Modern	0.072991	< 0.25	< 0.25
0.11669	0.11669	NODE_631_length_45080_cov_16.755252:40541	NODE_631_length_45080_cov_16.755252	40541	40618	39870	80411	3.17467151840205e-66	65.4983012042698	2.18578998180578e-67	300.817766305376	Historical	0	< 0.25	= 0.00
0.11669	0.11669	NODE_631_length_45080_cov_16.755252:40541	NODE_631_length_45080_cov_16.755252	40541	40618	39870	80411	3.17467151840205e-66	65.4983012042698	2.18578998180578e-67	300.817766305376	Modern	0.11669	< 0.25	< 0.25
0.022528	0.022528	NODE_631_length_45080_cov_16.755252:40550	NODE_631_length_45080_cov_16.755252	40550	40618	39870	80420	4.70502458267564e-10	9.32743810314162	1.76270863994828e-10	40.7134375235278	Historical	0	< 0.25	= 0.00
0.022528	0.022528	NODE_631_length_45080_cov_16.755252:40550	NODE_631_length_45080_cov_16.755252	40550	40618	39870	80420	4.70502458267564e-10	9.32743810314162	1.76270863994828e-10	40.7134375235278	Modern	0.022528	< 0.25	< 0.25
0.066733	0.066733	NODE_631_length_45080_cov_16.755252:40565	NODE_631_length_45080_cov_16.755252	40565	40618	39870	80435	4.38297337515444e-35	34.3582311675068	6.26436365584752e-36	156.598530796524	Historical	0	< 0.25	= 0.00
0.066733	0.066733	NODE_631_length_45080_cov_16.755252:40565	NODE_631_length_45080_cov_16.755252	40565	40618	39870	80435	4.38297337515444e-35	34.3582311675068	6.26436365584752e-36	156.598530796524	Modern	0.066733	< 0.25	< 0.25
0.123124	0.123124	NODE_631_length_45080_cov_16.755252:40566	NODE_631_length_45080_cov_16.755252	40566	40618	39870	80436	1.58334867386256e-70	69.8004234373422	9.54820900192521e-72	320.83086344166	Historical	0	< 0.25	= 0.00
0.123124	0.123124	NODE_631_length_45080_cov_16.755252:40566	NODE_631_length_45080_cov_16.755252	40566	40618	39870	80436	1.58334867386256e-70	69.8004234373422	9.54820900192521e-72	320.83086344166	Modern	0.123124	< 0.25	< 0.25
0.031309	0.031309	NODE_631_length_45080_cov_16.755252:40569	NODE_631_length_45080_cov_16.755252	40569	40618	39870	80439	1.03750395261648e-14	13.9840102400653	3.02482159024937e-15	62.2501744087695	Historical	0	< 0.25	= 0.00
0.031309	0.031309	NODE_631_length_45080_cov_16.755252:40569	NODE_631_length_45080_cov_16.755252	40569	40618	39870	80439	1.03750395261648e-14	13.9840102400653	3.02482159024937e-15	62.2501744087695	Modern	0.031309	< 0.25	< 0.25
0.086783	0.086783	NODE_631_length_45080_cov_16.755252:40570	NODE_631_length_45080_cov_16.755252	40570	40618	39870	80440	1.8973622655214e-47	46.7218497408581	1.96403121502215e-48	213.871965950129	Historical	0	< 0.25	= 0.00
0.086783	0.086783	NODE_631_length_45080_cov_16.755252:40570	NODE_631_length_45080_cov_16.755252	40570	40618	39870	80440	1.8973622655214e-47	46.7218497408581	1.96403121502215e-48	213.871965950129	Modern	0.086783	< 0.25	< 0.25
0.01198	0.01198	NODE_631_length_45080_cov_16.755252:40608	NODE_631_length_45080_cov_16.755252	40608	40618	39870	80478	0.00129044304519688	2.88926115865406	0.000833334540108149	11.1654789270172	Historical	0	< 0.25	= 0.00
0.01198	0.01198	NODE_631_length_45080_cov_16.755252:40608	NODE_631_length_45080_cov_16.755252	40608	40618	39870	80478	0.00129044304519688	2.88926115865406	0.000833334540108149	11.1654789270172	Modern	0.01198	< 0.25	< 0.25
0.013707	0.013707	NODE_631_length_45080_cov_16.755252:40618	NODE_631_length_45080_cov_16.755252	40618	40618	39870	80488	0.000881989768612542	3.0545364528057	0.00055993367551518	11.9046706591223	Historical	0	< 0.25	= 0.00
0.013707	0.013707	NODE_631_length_45080_cov_16.755252:40618	NODE_631_length_45080_cov_16.755252	40618	40618	39870	80488	0.000881989768612542	3.0545364528057	0.00055993367551518	11.9046706591223	Modern	0.013707	< 0.25	< 0.25
0.013092	0.013092	NODE_635_length_45032_cov_50.737097:62	NODE_635_length_45032_cov_50.737097	62	175	0	62	0.00691453475663983	2.16023703600607	0.00499383065757321	7.88167136699966	Historical	0	< 0.25	= 0.00
0.013092	0.013092	NODE_635_length_45032_cov_50.737097:62	NODE_635_length_45032_cov_50.737097	62	175	0	62	0.00691453475663983	2.16023703600607	0.00499383065757321	7.88167136699966	Modern	0.013092	< 0.25	< 0.25
0.045682	0.045682	NODE_635_length_45032_cov_50.737097:75	NODE_635_length_45032_cov_50.737097	75	175	0	75	4.33675978128935e-15	14.3628346333158	1.22730713658521e-15	64.0269196177446	Historical	0	< 0.25	= 0.00
0.045682	0.045682	NODE_635_length_45032_cov_50.737097:75	NODE_635_length_45032_cov_50.737097	75	175	0	75	4.33675978128935e-15	14.3628346333158	1.22730713658521e-15	64.0269196177446	Modern	0.045682	< 0.25	< 0.25
0.042315	0.042315	NODE_635_length_45032_cov_50.737097:81	NODE_635_length_45032_cov_50.737097	81	175	0	81	7.12075519812366e-15	14.147473944427	2.04899223649712e-15	63.0172976494696	Historical	0	< 0.25	= 0.00
0.042315	0.042315	NODE_635_length_45032_cov_50.737097:81	NODE_635_length_45032_cov_50.737097	81	175	0	81	7.12075519812366e-15	14.147473944427	2.04899223649712e-15	63.0172976494696	Modern	0.042315	< 0.25	< 0.25
0.082996	0.082996	NODE_635_length_45032_cov_50.737097:82	NODE_635_length_45032_cov_50.737097	82	175	0	82	1.01202948029126e-33	32.9948068363684	1.50891385000692e-34	150.275856402883	Historical	0	< 0.25	= 0.00
0.082996	0.082996	NODE_635_length_45032_cov_50.737097:82	NODE_635_length_45032_cov_50.737097	82	175	0	82	1.01202948029126e-33	32.9948068363684	1.50891385000692e-34	150.275856402883	Modern	0.082996	< 0.25	< 0.25
0.047509	0.047509	NODE_635_length_45032_cov_50.737097:94	NODE_635_length_45032_cov_50.737097	94	175	0	94	1.26762323503674e-19	18.8970098089613	2.92528438854633e-20	85.0390626397051	Historical	0	< 0.25	= 0.00
0.047509	0.047509	NODE_635_length_45032_cov_50.737097:94	NODE_635_length_45032_cov_50.737097	94	175	0	94	1.26762323503674e-19	18.8970098089613	2.92528438854633e-20	85.0390626397051	Modern	0.047509	< 0.25	< 0.25
0.030726	0.030726	NODE_635_length_45032_cov_50.737097:100	NODE_635_length_45032_cov_50.737097	100	175	0	100	1.29537573911091e-11	10.8876042410392	4.41633324160319e-12	47.9303445893212	Historical	0	< 0.25	= 0.00
0.030726	0.030726	NODE_635_length_45032_cov_50.737097:100	NODE_635_length_45032_cov_50.737097	100	175	0	100	1.29537573911091e-11	10.8876042410392	4.41633324160319e-12	47.9303445893212	Modern	0.030726	< 0.25	< 0.25
0.200041	0.200041	NODE_635_length_45032_cov_50.737097:102	NODE_635_length_45032_cov_50.737097	102	175	0	102	8.99208381732924e-119	118.046139653595	2.39105742531072e-120	544.122534827158	Historical	0	< 0.25	= 0.00
0.200041	0.200041	NODE_635_length_45032_cov_50.737097:102	NODE_635_length_45032_cov_50.737097	102	175	0	102	8.99208381732924e-119	118.046139653595	2.39105742531072e-120	544.122534827158	Modern	0.200041	< 0.25	< 0.25
0.021893	0.021893	NODE_635_length_45032_cov_50.737097:114	NODE_635_length_45032_cov_50.737097	114	175	0	114	1.71018806822821e-09	8.76695612791043	6.69133413209898e-10	38.1086352237738	Historical	0	< 0.25	= 0.00
0.021893	0.021893	NODE_635_length_45032_cov_50.737097:114	NODE_635_length_45032_cov_50.737097	114	175	0	114	1.71018806822821e-09	8.76695612791043	6.69133413209898e-10	38.1086352237738	Modern	0.021893	< 0.25	< 0.25
0.019856	0.019856	NODE_635_length_45032_cov_50.737097:123	NODE_635_length_45032_cov_50.737097	123	175	0	123	2.2614240568862e-08	7.64561799214493	9.66420537130854e-09	32.907653439113	Historical	0	< 0.25	= 0.00
0.019856	0.019856	NODE_635_length_45032_cov_50.737097:123	NODE_635_length_45032_cov_50.737097	123	175	0	123	2.2614240568862e-08	7.64561799214493	9.66420537130854e-09	32.907653439113	Modern	0.019856	< 0.25	< 0.25
0.00698	0.00698	NODE_635_length_45032_cov_50.737097:134	NODE_635_length_45032_cov_50.737097	134	175	0	134	0.0235877057270608	1.6273142989844	0.0187044010276313	5.52894305194649	Historical	0	< 0.25	= 0.00
0.00698	0.00698	NODE_635_length_45032_cov_50.737097:134	NODE_635_length_45032_cov_50.737097	134	175	0	134	0.0235877057270608	1.6273142989844	0.0187044010276313	5.52894305194649	Modern	0.00698	< 0.25	< 0.25
0.230433	0.230433	NODE_635_length_45032_cov_50.737097:138	NODE_635_length_45032_cov_50.737097	138	175	0	138	3.49159441696224e-158	157.456976209613	5.30536663546019e-160	726.447299636747	Historical	0	< 0.25	= 0.00
0.230433	0.230433	NODE_635_length_45032_cov_50.737097:138	NODE_635_length_45032_cov_50.737097	138	175	0	138	3.49159441696224e-158	157.456976209613	5.30536663546019e-160	726.447299636747	Modern	0.230433	< 0.25	< 0.25
0.022499	0.022499	NODE_635_length_45032_cov_50.737097:155	NODE_635_length_45032_cov_50.737097	155	175	0	155	1.03160254019159e-07	6.98648759713721	4.63878255252342e-08	29.8621604411082	Historical	0	< 0.25	= 0.00
0.022499	0.022499	NODE_635_length_45032_cov_50.737097:155	NODE_635_length_45032_cov_50.737097	155	175	0	155	1.03160254019159e-07	6.98648759713721	4.63878255252342e-08	29.8621604411082	Modern	0.022499	< 0.25	< 0.25
0.079219	0.079219	NODE_635_length_45032_cov_50.737097:159	NODE_635_length_45032_cov_50.737097	159	175	0	159	3.45275145381103e-35	34.461834683198	4.88565970197383e-36	157.092565298007	Historical	0	< 0.25	= 0.00
0.079219	0.079219	NODE_635_length_45032_cov_50.737097:159	NODE_635_length_45032_cov_50.737097	159	175	0	159	3.45275145381103e-35	34.461834683198	4.88565970197383e-36	157.092565298007	Modern	0.079219	< 0.25	< 0.25
0.050754	0.050754	NODE_635_length_45032_cov_50.737097:168	NODE_635_length_45032_cov_50.737097	168	175	0	168	1.32578938914465e-17	16.8775254611477	3.33650700971825e-18	75.6795178469517	Historical	0	< 0.25	= 0.00
0.050754	0.050754	NODE_635_length_45032_cov_50.737097:168	NODE_635_length_45032_cov_50.737097	168	175	0	168	1.32578938914465e-17	16.8775254611477	3.33650700971825e-18	75.6795178469517	Modern	0.050754	< 0.25	< 0.25
0.067316	0.067316	NODE_635_length_45032_cov_50.737097:175	NODE_635_length_45032_cov_50.737097	175	175	0	175	1.86962251446918e-20	19.7282460706999	4.19022709795561e-21	88.882267348283	Historical	0	< 0.25	= 0.00
0.067316	0.067316	NODE_635_length_45032_cov_50.737097:175	NODE_635_length_45032_cov_50.737097	175	175	0	175	1.86962251446918e-20	19.7282460706999	4.19022709795561e-21	88.882267348283	Modern	0.067316	< 0.25	< 0.25
0.061635	0.061635	NODE_648_length_44711_cov_10.192101:9	NODE_648_length_44711_cov_10.192101	9	9	0	9	1.18489589878171e-22	21.9263198037219	2.48119226667965e-23	99.0346742772336	Historical	0	< 0.25	= 0.00
0.061635	0.061635	NODE_648_length_44711_cov_10.192101:9	NODE_648_length_44711_cov_10.192101	9	9	0	9	1.18489589878171e-22	21.9263198037219	2.48119226667965e-23	99.0346742772336	Modern	0.061635	< 0.25	< 0.25
0	0	NODE_652_length_44666_cov_45.770032:4216	NODE_652_length_44666_cov_45.770032	4216	4419	6483	10699	0.999165688808028	0.000362487981788934	0.980414274090473	0.000602679563941259	Historical	0	< 0.25	= 0.00
0	0	NODE_652_length_44666_cov_45.770032:4216	NODE_652_length_44666_cov_45.770032	4216	4419	6483	10699	0.999165688808028	0.000362487981788934	0.980414274090473	0.000602679563941259	Modern	0	< 0.25	= 0.00
1e-06	1e-06	NODE_652_length_44666_cov_45.770032:4223	NODE_652_length_44666_cov_45.770032	4223	4419	6483	10706	0.999165688808028	0.000362487981788934	0.984793698210436	0.000363261752730086	Historical	0	< 0.25	= 0.00
1e-06	1e-06	NODE_652_length_44666_cov_45.770032:4223	NODE_652_length_44666_cov_45.770032	4223	4419	6483	10706	0.999165688808028	0.000362487981788934	0.984793698210436	0.000363261752730086	Modern	1e-06	< 0.25	< 0.25
0.014093	0.014093	NODE_652_length_44666_cov_45.770032:4227	NODE_652_length_44666_cov_45.770032	4227	4419	6483	10710	0.000736966718747167	3.13255212434016	0.000465415829028363	12.2493677495705	Historical	0	< 0.25	= 0.00
0.014093	0.014093	NODE_652_length_44666_cov_45.770032:4227	NODE_652_length_44666_cov_45.770032	4227	4419	6483	10710	0.000736966718747167	3.13255212434016	0.000465415829028363	12.2493677495705	Modern	0.014093	< 0.25	< 0.25
0.009385	0.009385	NODE_652_length_44666_cov_45.770032:4271	NODE_652_length_44666_cov_45.770032	4271	4419	6483	10754	2.59219620993883e-05	4.58633212870088	1.42533865674699e-05	18.8349153910407	Historical	0	< 0.25	= 0.00
0.009385	0.009385	NODE_652_length_44666_cov_45.770032:4271	NODE_652_length_44666_cov_45.770032	4271	4419	6483	10754	2.59219620993883e-05	4.58633212870088	1.42533865674699e-05	18.8349153910407	Modern	0.009385	< 0.25	< 0.25
0.333385	0.333385	NODE_652_length_44666_cov_45.770032:4366	NODE_652_length_44666_cov_45.770032	4366	4419	6483	10849	0.0248027856231303	1.60549954043121	0.0197621435306803	5.43278457410336	Historical	0.132451	< 0.25	< 0.25
0.333385	0.333385	NODE_652_length_44666_cov_45.770032:4366	NODE_652_length_44666_cov_45.770032	4366	4419	6483	10849	0.0248027856231303	1.60549954043121	0.0197621435306803	5.43278457410336	Modern	0.465836	0.25–0.75	0.25–0.75
0.077667	0.077667	NODE_652_length_44666_cov_45.770032:4378	NODE_652_length_44666_cov_45.770032	4378	4419	6483	10861	5.25554655350417e-71	70.2793821125895	3.1443440918401e-72	323.04552292759	Historical	0	< 0.25	= 0.00
0.077667	0.077667	NODE_652_length_44666_cov_45.770032:4378	NODE_652_length_44666_cov_45.770032	4378	4419	6483	10861	5.25554655350417e-71	70.2793821125895	3.1443440918401e-72	323.04552292759	Modern	0.077667	< 0.25	< 0.25
0	0	NODE_652_length_44666_cov_45.770032:4385	NODE_652_length_44666_cov_45.770032	4385	4419	6483	10868	0.999165688808028	0.000362487981788934	0.990278035686127	0.000148473660470085	Historical	0	< 0.25	= 0.00
0	0	NODE_652_length_44666_cov_45.770032:4385	NODE_652_length_44666_cov_45.770032	4385	4419	6483	10868	0.999165688808028	0.000362487981788934	0.990278035686127	0.000148473660470085	Modern	0	< 0.25	= 0.00
0.07525	0.07525	NODE_652_length_44666_cov_45.770032:4419	NODE_652_length_44666_cov_45.770032	4419	4419	6483	10902	8.44751119810782e-38	37.0732712238475	1.11109240354979e-38	169.19151456459	Historical	0	< 0.25	= 0.00
0.07525	0.07525	NODE_652_length_44666_cov_45.770032:4419	NODE_652_length_44666_cov_45.770032	4419	4419	6483	10902	8.44751119810782e-38	37.0732712238475	1.11109240354979e-38	169.19151456459	Modern	0.07525	< 0.25	< 0.25
0	0	NODE_673_length_44285_cov_8.309125:1	NODE_673_length_44285_cov_8.309125	1	100	12966	12967	0.999165688808028	0.000362487981788934	0.956163243109234	0.00302157961022035	Historical	0	< 0.25	= 0.00
0	0	NODE_673_length_44285_cov_8.309125:1	NODE_673_length_44285_cov_8.309125	1	100	12966	12967	0.999165688808028	0.000362487981788934	0.956163243109234	0.00302157961022035	Modern	0	< 0.25	= 0.00
0.895233	-0.895233	NODE_673_length_44285_cov_8.309125:100	NODE_673_length_44285_cov_8.309125	100	100	12966	13066	1.77487978586427e-285	284.750831056752	1.09560480608906e-287	1313.86739796591	Historical	1	> 0.75	= 1.00
0.895233	-0.895233	NODE_673_length_44285_cov_8.309125:100	NODE_673_length_44285_cov_8.309125	100	100	12966	13066	1.77487978586427e-285	284.750831056752	1.09560480608906e-287	1313.86739796591	Modern	0.104767	< 0.25	< 0.25
0.04219	0.04219	NODE_727_length_43154_cov_55.558913:7932	NODE_727_length_43154_cov_55.558913	7932	8053	19449	27381	1.07494106018009e-12	11.9686153477859	3.46574064512005e-13	52.9247542226978	Historical	0	< 0.25	= 0.00
0.04219	0.04219	NODE_727_length_43154_cov_55.558913:7932	NODE_727_length_43154_cov_55.558913	7932	8053	19449	27381	1.07494106018009e-12	11.9686153477859	3.46574064512005e-13	52.9247542226978	Modern	0.04219	< 0.25	< 0.25
0	0	NODE_727_length_43154_cov_55.558913:7944	NODE_727_length_43154_cov_55.558913	7944	8053	19449	27393	0.999165688808028	0.000362487981788934	0.988017744125247	0.000225543183551268	Historical	0	< 0.25	= 0.00
0	0	NODE_727_length_43154_cov_55.558913:7944	NODE_727_length_43154_cov_55.558913	7944	8053	19449	27393	0.999165688808028	0.000362487981788934	0.988017744125247	0.000225543183551268	Modern	0	< 0.25	= 0.00
0.00944	0.00944	NODE_727_length_43154_cov_55.558913:8034	NODE_727_length_43154_cov_55.558913	8034	8053	19449	27483	6.79412065573475e-05	4.16786674482918	3.85838950819504e-05	16.9398087722947	Historical	0	< 0.25	= 0.00
0.00944	0.00944	NODE_727_length_43154_cov_55.558913:8034	NODE_727_length_43154_cov_55.558913	8034	8053	19449	27483	6.79412065573475e-05	4.16786674482918	3.85838950819504e-05	16.9398087722947	Modern	0.00944	< 0.25	< 0.25
0.011671	0.011671	NODE_727_length_43154_cov_55.558913:8035	NODE_727_length_43154_cov_55.558913	8035	8053	19449	27484	2.52799228031311e-06	5.59722425658528	1.27599990217134e-06	23.4590659905138	Historical	0	< 0.25	= 0.00
0.011671	0.011671	NODE_727_length_43154_cov_55.558913:8035	NODE_727_length_43154_cov_55.558913	8035	8053	19449	27484	2.52799228031311e-06	5.59722425658528	1.27599990217134e-06	23.4590659905138	Modern	0.011671	< 0.25	< 0.25
0.023325	0.023325	NODE_727_length_43154_cov_55.558913:8038	NODE_727_length_43154_cov_55.558913	8038	8053	19449	27487	6.84899736546089e-15	14.164373000846	1.96754197820695e-15	63.0971940177081	Historical	0	< 0.25	= 0.00
0.023325	0.023325	NODE_727_length_43154_cov_55.558913:8038	NODE_727_length_43154_cov_55.558913	8038	8053	19449	27487	6.84899736546089e-15	14.164373000846	1.96754197820695e-15	63.0971940177081	Modern	0.023325	< 0.25	< 0.25
0.009681	0.009681	NODE_727_length_43154_cov_55.558913:8053	NODE_727_length_43154_cov_55.558913	8053	8053	19449	27502	0.000336557472307561	3.47294076271854	0.000206153437453349	13.7741496400959	Historical	0	< 0.25	= 0.00
0.009681	0.009681	NODE_727_length_43154_cov_55.558913:8053	NODE_727_length_43154_cov_55.558913	8053	8053	19449	27502	0.000336557472307561	3.47294076271854	0.000206153437453349	13.7741496400959	Modern	0.009681	< 0.25	< 0.25
0.028526	0.028526	NODE_738_length_42737_cov_10.456353:42684	NODE_738_length_42737_cov_10.456353	42684	42699	25932	68616	3.58100146457736e-06	5.44599550136795	1.83641100747557e-06	22.7590101410251	Historical	0	< 0.25	= 0.00
0.028526	0.028526	NODE_738_length_42737_cov_10.456353:42684	NODE_738_length_42737_cov_10.456353	42684	42699	25932	68616	3.58100146457736e-06	5.44599550136795	1.83641100747557e-06	22.7590101410251	Modern	0.028526	< 0.25	< 0.25
0.014394	0.014394	NODE_738_length_42737_cov_10.456353:42694	NODE_738_length_42737_cov_10.456353	42694	42699	25932	68626	0.0131439433677366	1.88127432077906	0.0100795197240715	6.62078853821198	Historical	0	< 0.25	= 0.00
0.014394	0.014394	NODE_738_length_42737_cov_10.456353:42694	NODE_738_length_42737_cov_10.456353	42694	42699	25932	68626	0.0131439433677366	1.88127432077906	0.0100795197240715	6.62078853821198	Modern	0.014394	< 0.25	< 0.25
0.057694	0.057694	NODE_738_length_42737_cov_10.456353:42699	NODE_738_length_42737_cov_10.456353	42699	42699	25932	68631	1.27011807587383e-10	9.89615590320406	4.5774910711692e-11	43.3499449975612	Historical	0	< 0.25	= 0.00
0.057694	0.057694	NODE_738_length_42737_cov_10.456353:42699	NODE_738_length_42737_cov_10.456353	42699	42699	25932	68631	1.27011807587383e-10	9.89615590320406	4.5774910711692e-11	43.3499449975612	Modern	0.057694	< 0.25	< 0.25
0.397459	-0.397459	NODE_794_length_41671_cov_8.251924:41490	NODE_794_length_41671_cov_8.251924	41490	41515	32415	73905	0.0679603345250866	1.16774449204488	0.0563109134597702	3.64283670704542	Historical	0.39746	0.25–0.75	0.25–0.75
0.397459	-0.397459	NODE_794_length_41671_cov_8.251924:41490	NODE_794_length_41671_cov_8.251924	41490	41515	32415	73905	0.0679603345250866	1.16774449204488	0.0563109134597702	3.64283670704542	Modern	1e-06	< 0.25	< 0.25
0.035784	0.035784	NODE_794_length_41671_cov_8.251924:41496	NODE_794_length_41671_cov_8.251924	41496	41515	32415	73911	0.00785381313958139	2.10491943581504	0.00575051275462227	7.6268664273091	Historical	0	< 0.25	= 0.00
0.035784	0.035784	NODE_794_length_41671_cov_8.251924:41496	NODE_794_length_41671_cov_8.251924	41496	41515	32415	73911	0.00785381313958139	2.10491943581504	0.00575051275462227	7.6268664273091	Modern	0.035784	< 0.25	< 0.25
0.041853	0.041853	NODE_794_length_41671_cov_8.251924:41515	NODE_794_length_41671_cov_8.251924	41515	41515	32415	73930	3.31243940076449e-09	8.47985205815833	1.32749233344978e-09	36.7725060011066	Historical	0	< 0.25	= 0.00
0.041853	0.041853	NODE_794_length_41671_cov_8.251924:41515	NODE_794_length_41671_cov_8.251924	41515	41515	32415	73930	3.31243940076449e-09	8.47985205815833	1.32749233344978e-09	36.7725060011066	Modern	0.041853	< 0.25	< 0.25
0.26627	0.26627	NODE_807_length_41480_cov_13.422102:89	NODE_807_length_41480_cov_13.422102	89	1877	38898	38987	0.0393521478070622	1.40503155923123	0.0320647130279766	4.59503367071311	Historical	0.094328	< 0.25	< 0.25
0.26627	0.26627	NODE_807_length_41480_cov_13.422102:89	NODE_807_length_41480_cov_13.422102	89	1877	38898	38987	0.0393521478070622	1.40503155923123	0.0320647130279766	4.59503367071311	Modern	0.360598	0.25–0.75	0.25–0.75
0.062975	0.062975	NODE_807_length_41480_cov_13.422102:96	NODE_807_length_41480_cov_13.422102	96	1877	38898	38994	7.19199522034405e-15	14.1431506098981	2.07290650462908e-15	62.9944424016403	Historical	0	< 0.25	= 0.00
0.062975	0.062975	NODE_807_length_41480_cov_13.422102:96	NODE_807_length_41480_cov_13.422102	96	1877	38898	38994	7.19199522034405e-15	14.1431506098981	2.07290650462908e-15	62.9944424016403	Modern	0.062975	< 0.25	< 0.25
0.073377	0.073377	NODE_807_length_41480_cov_13.422102:1650	NODE_807_length_41480_cov_13.422102	1650	1877	38898	40548	3.11718815927451e-18	17.5062369821093	7.66715796060872e-19	78.5839043923188	Historical	0	< 0.25	= 0.00
0.073377	0.073377	NODE_807_length_41480_cov_13.422102:1650	NODE_807_length_41480_cov_13.422102	1650	1877	38898	40548	3.11718815927451e-18	17.5062369821093	7.66715796060872e-19	78.5839043923188	Modern	0.073377	< 0.25	< 0.25
0.225443	0.225443	NODE_807_length_41480_cov_13.422102:1832	NODE_807_length_41480_cov_13.422102	1832	1877	38898	40730	7.66321011085855e-72	71.1155892667394	4.51205153725765e-73	326.91656035174	Historical	0	< 0.25	= 0.00
0.225443	0.225443	NODE_807_length_41480_cov_13.422102:1832	NODE_807_length_41480_cov_13.422102	1832	1877	38898	40730	7.66321011085855e-72	71.1155892667394	4.51205153725765e-73	326.91656035174	Modern	0.225443	< 0.25	< 0.25
0.055006	0.055006	NODE_807_length_41480_cov_13.422102:1835	NODE_807_length_41480_cov_13.422102	1835	1877	38898	40733	0.888267983316495	0.0514559912959261	0.794632896756067	0.06775573621899	Historical	0.477642	0.25–0.75	0.25–0.75
0.055006	0.055006	NODE_807_length_41480_cov_13.422102:1835	NODE_807_length_41480_cov_13.422102	1835	1877	38898	40733	0.888267983316495	0.0514559912959261	0.794632896756067	0.06775573621899	Modern	0.532648	0.25–0.75	0.25–0.75
0.015332	0.015332	NODE_807_length_41480_cov_13.422102:1867	NODE_807_length_41480_cov_13.422102	1867	1877	38898	40765	0.0108521055880322	1.96448598932284	0.00817772629069661	6.9941340065273	Historical	0	< 0.25	= 0.00
0.015332	0.015332	NODE_807_length_41480_cov_13.422102:1867	NODE_807_length_41480_cov_13.422102	1867	1877	38898	40765	0.0108521055880322	1.96448598932284	0.00817772629069661	6.9941340065273	Modern	0.015332	< 0.25	< 0.25
0.015789	0.015789	NODE_807_length_41480_cov_13.422102:1870	NODE_807_length_41480_cov_13.422102	1870	1877	38898	40768	0.0116711061247276	1.93288798190658	0.00885585355523018	6.85166840522058	Historical	0	< 0.25	= 0.00
0.015789	0.015789	NODE_807_length_41480_cov_13.422102:1870	NODE_807_length_41480_cov_13.422102	1870	1877	38898	40768	0.0116711061247276	1.93288798190658	0.00885585355523018	6.85166840522058	Modern	0.015789	< 0.25	< 0.25
0.032264	0.032264	NODE_807_length_41480_cov_13.422102:1872	NODE_807_length_41480_cov_13.422102	1872	1877	38898	40770	8.71204145040659e-05	4.05988006694833	5.02204098803115e-05	16.43977186197	Historical	0	< 0.25	= 0.00
0.032264	0.032264	NODE_807_length_41480_cov_13.422102:1872	NODE_807_length_41480_cov_13.422102	1872	1877	38898	40770	8.71204145040659e-05	4.05988006694833	5.02204098803115e-05	16.43977186197	Modern	0.032264	< 0.25	< 0.25
0.089324	0.089324	NODE_807_length_41480_cov_13.422102:1877	NODE_807_length_41480_cov_13.422102	1877	1877	38898	40775	1.37383416080576e-12	11.8620656889605	4.46202547954007e-13	52.4284944725109	Historical	0	< 0.25	= 0.00
0.089324	0.089324	NODE_807_length_41480_cov_13.422102:1877	NODE_807_length_41480_cov_13.422102	1877	1877	38898	40775	1.37383416080576e-12	11.8620656889605	4.46202547954007e-13	52.4284944725109	Modern	0.089324	< 0.25	< 0.25
0.041425	0.041425	NODE_835_length_41059_cov_9.209937:8	NODE_835_length_41059_cov_9.209937	8	97	0	8	2.35167196377069e-07	6.62862325838672	1.09655359374303e-07	28.195568199708	Historical	0	< 0.25	= 0.00
0.041425	0.041425	NODE_835_length_41059_cov_9.209937:8	NODE_835_length_41059_cov_9.209937	8	97	0	8	2.35167196377069e-07	6.62862325838672	1.09655359374303e-07	28.195568199708	Modern	0.041425	< 0.25	< 0.25
0.036374	0.036374	NODE_835_length_41059_cov_9.209937:14	NODE_835_length_41059_cov_9.209937	14	97	0	14	4.58881977967002e-09	8.33829899835933	1.8608034624113e-09	36.1142579843616	Historical	0	< 0.25	= 0.00
0.036374	0.036374	NODE_835_length_41059_cov_9.209937:14	NODE_835_length_41059_cov_9.209937	14	97	0	14	4.58881977967002e-09	8.33829899835933	1.8608034624113e-09	36.1142579843616	Modern	0.036374	< 0.25	< 0.25
0.112616	0.112616	NODE_835_length_41059_cov_9.209937:15	NODE_835_length_41059_cov_9.209937	15	97	0	15	5.7616481600772e-34	33.2394532658061	8.50841679859454e-35	151.41424511265	Historical	0	< 0.25	= 0.00
0.112616	0.112616	NODE_835_length_41059_cov_9.209937:15	NODE_835_length_41059_cov_9.209937	15	97	0	15	5.7616481600772e-34	33.2394532658061	8.50841679859454e-35	151.41424511265	Modern	0.112616	< 0.25	< 0.25
0.013084	0.013084	NODE_835_length_41059_cov_9.209937:17	NODE_835_length_41059_cov_9.209937	17	97	0	17	0.00317839763434584	2.49779177119424	0.0021581712331978	9.40989892485562	Historical	0	< 0.25	= 0.00
0.013084	0.013084	NODE_835_length_41059_cov_9.209937:17	NODE_835_length_41059_cov_9.209937	17	97	0	17	0.00317839763434584	2.49779177119424	0.0021581712331978	9.40989892485562	Modern	0.013084	< 0.25	< 0.25
0.04713	0.04713	NODE_835_length_41059_cov_9.209937:20	NODE_835_length_41059_cov_9.209937	20	97	0	20	1.44547558397271e-15	14.8399892397494	3.94657388786472e-16	66.2626966531536	Historical	0	< 0.25	= 0.00
0.04713	0.04713	NODE_835_length_41059_cov_9.209937:20	NODE_835_length_41059_cov_9.209937	20	97	0	20	1.44547558397271e-15	14.8399892397494	3.94657388786472e-16	66.2626966531536	Modern	0.04713	< 0.25	< 0.25
0.074092	0.074092	NODE_835_length_41059_cov_9.209937:29	NODE_835_length_41059_cov_9.209937	29	97	0	29	5.62593453755769e-32	31.2498053255201	8.70871158235426e-33	142.219192477637	Historical	0	< 0.25	= 0.00
0.074092	0.074092	NODE_835_length_41059_cov_9.209937:29	NODE_835_length_41059_cov_9.209937	29	97	0	29	5.62593453755769e-32	31.2498053255201	8.70871158235426e-33	142.219192477637	Modern	0.074092	< 0.25	< 0.25
0.012616	0.012616	NODE_835_length_41059_cov_9.209937:30	NODE_835_length_41059_cov_9.209937	30	97	0	30	0.000307749314139788	3.51180290627849	0.000187776765750061	13.9496084177443	Historical	0	< 0.25	= 0.00
0.012616	0.012616	NODE_835_length_41059_cov_9.209937:30	NODE_835_length_41059_cov_9.209937	30	97	0	30	0.000307749314139788	3.51180290627849	0.000187776765750061	13.9496084177443	Modern	0.012616	< 0.25	< 0.25
0.01082	0.01082	NODE_835_length_41059_cov_9.209937:77	NODE_835_length_41059_cov_9.209937	77	97	0	77	0.00273200946019404	2.56351780114608	0.00183820389605649	9.70446941595434	Historical	0	< 0.25	= 0.00
0.01082	0.01082	NODE_835_length_41059_cov_9.209937:77	NODE_835_length_41059_cov_9.209937	77	97	0	77	0.00273200946019404	2.56351780114608	0.00183820389605649	9.70446941595434	Modern	0.01082	< 0.25	< 0.25
0.055589	0.055589	NODE_835_length_41059_cov_9.209937:87	NODE_835_length_41059_cov_9.209937	87	97	0	87	5.11490617163819e-15	14.2911623286211	1.45480949516205e-15	63.6919079490442	Historical	0	< 0.25	= 0.00
0.055589	0.055589	NODE_835_length_41059_cov_9.209937:87	NODE_835_length_41059_cov_9.209937	87	97	0	87	5.11490617163819e-15	14.2911623286211	1.45480949516205e-15	63.6919079490442	Modern	0.055589	< 0.25	< 0.25
0.012083	0.012083	NODE_835_length_41059_cov_9.209937:89	NODE_835_length_41059_cov_9.209937	89	97	0	89	0.00480213217024732	2.31856589092223	0.00334735518799766	8.60775025042294	Historical	0	< 0.25	= 0.00
0.012083	0.012083	NODE_835_length_41059_cov_9.209937:89	NODE_835_length_41059_cov_9.209937	89	97	0	89	0.00480213217024732	2.31856589092223	0.00334735518799766	8.60775025042294	Modern	0.012083	< 0.25	< 0.25
0.04833	0.04833	NODE_835_length_41059_cov_9.209937:97	NODE_835_length_41059_cov_9.209937	97	97	0	97	2.82837083483738e-09	8.54846364969651	1.12678211321394e-09	37.0921189510945	Historical	0	< 0.25	= 0.00
0.04833	0.04833	NODE_835_length_41059_cov_9.209937:97	NODE_835_length_41059_cov_9.209937	97	97	0	97	2.82837083483738e-09	8.54846364969651	1.12678211321394e-09	37.0921189510945	Modern	0.04833	< 0.25	< 0.25
0.364482	0.364482	NODE_852_length_40868_cov_12.858716:37952	NODE_852_length_40868_cov_12.858716	37952	38063	8336	46288	1.32483898113161e-100	99.8778369019954	4.84390320736627e-102	459.984816508961	Historical	0	< 0.25	= 0.00
0.364482	0.364482	NODE_852_length_40868_cov_12.858716:37952	NODE_852_length_40868_cov_12.858716	37952	38063	8336	46288	1.32483898113161e-100	99.8778369019954	4.84390320736627e-102	459.984816508961	Modern	0.364482	0.25–0.75	0.25–0.75
0.033006	0.033006	NODE_852_length_40868_cov_12.858716:37978	NODE_852_length_40868_cov_12.858716	37978	38063	8336	46314	1.25668037966045e-12	11.9007751654329	4.0636245895003e-13	52.6121741329132	Historical	0	< 0.25	= 0.00
0.033006	0.033006	NODE_852_length_40868_cov_12.858716:37978	NODE_852_length_40868_cov_12.858716	37978	38063	8336	46314	1.25668037966045e-12	11.9007751654329	4.0636245895003e-13	52.6121741329132	Modern	0.033006	< 0.25	< 0.25
0.011712	0.011712	NODE_852_length_40868_cov_12.858716:37990	NODE_852_length_40868_cov_12.858716	37990	38063	8336	46326	0.00030720726607542	3.51256851657301	0.000187300156524615	13.9543859997354	Historical	0	< 0.25	= 0.00
0.011712	0.011712	NODE_852_length_40868_cov_12.858716:37990	NODE_852_length_40868_cov_12.858716	37990	38063	8336	46326	0.00030720726607542	3.51256851657301	0.000187300156524615	13.9543859997354	Modern	0.011712	< 0.25	< 0.25
0.031564	0.031564	NODE_852_length_40868_cov_12.858716:38016	NODE_852_length_40868_cov_12.858716	38016	38063	8336	46352	2.51198251830894e-12	11.5999833873188	8.253997638508e-13	51.2207864103723	Historical	0	< 0.25	= 0.00
0.031564	0.031564	NODE_852_length_40868_cov_12.858716:38016	NODE_852_length_40868_cov_12.858716	38016	38063	8336	46352	2.51198251830894e-12	11.5999833873188	8.253997638508e-13	51.2207864103723	Modern	0.031564	< 0.25	< 0.25
0.011732	0.011732	NODE_852_length_40868_cov_12.858716:38040	NODE_852_length_40868_cov_12.858716	38040	38063	8336	46376	0.00165510254773896	2.78117509280219	0.00108218243506009	10.6813980450101	Historical	0	< 0.25	= 0.00
0.011732	0.011732	NODE_852_length_40868_cov_12.858716:38040	NODE_852_length_40868_cov_12.858716	38040	38063	8336	46376	0.00165510254773896	2.78117509280219	0.00108218243506009	10.6813980450101	Modern	0.011732	< 0.25	< 0.25
0.035907	0.035907	NODE_852_length_40868_cov_12.858716:38043	NODE_852_length_40868_cov_12.858716	38043	38063	8336	46379	1.03822032317181e-11	10.9837104740557	3.52482208484258e-12	48.3724690639502	Historical	0	< 0.25	= 0.00
0.035907	0.035907	NODE_852_length_40868_cov_12.858716:38043	NODE_852_length_40868_cov_12.858716	38043	38063	8336	46379	1.03822032317181e-11	10.9837104740557	3.52482208484258e-12	48.3724690639502	Modern	0.035907	< 0.25	< 0.25
0.017719	0.017719	NODE_852_length_40868_cov_12.858716:38049	NODE_852_length_40868_cov_12.858716	38049	38063	8336	46385	9.49486355772136e-05	4.02251127174365	5.51387375645452e-05	16.2627007288424	Historical	0	< 0.25	= 0.00
0.017719	0.017719	NODE_852_length_40868_cov_12.858716:38049	NODE_852_length_40868_cov_12.858716	38049	38063	8336	46385	9.49486355772136e-05	4.02251127174365	5.51387375645452e-05	16.2627007288424	Modern	0.017719	< 0.25	< 0.25
0.087554	0.087554	NODE_852_length_40868_cov_12.858716:38057	NODE_852_length_40868_cov_12.858716	38057	38063	8336	46393	5.44731173979514e-24	23.2638177701282	1.08635846662581e-24	105.232096972546	Historical	0	< 0.25	= 0.00
0.087554	0.087554	NODE_852_length_40868_cov_12.858716:38057	NODE_852_length_40868_cov_12.858716	38057	38063	8336	46393	5.44731173979514e-24	23.2638177701282	1.08635846662581e-24	105.232096972546	Modern	0.087554	< 0.25	< 0.25
0.024881	0.024881	NODE_852_length_40868_cov_12.858716:38061	NODE_852_length_40868_cov_12.858716	38061	38063	8336	46397	6.57772634096521e-05	4.18192419881946	3.73237558283638e-05	17.0028498243572	Historical	0	< 0.25	= 0.00
0.024881	0.024881	NODE_852_length_40868_cov_12.858716:38061	NODE_852_length_40868_cov_12.858716	38061	38063	8336	46397	6.57772634096521e-05	4.18192419881946	3.73237558283638e-05	17.0028498243572	Modern	0.024881	< 0.25	< 0.25
0.046562	0.046562	NODE_852_length_40868_cov_12.858716:38063	NODE_852_length_40868_cov_12.858716	38063	38063	8336	46399	1.27651008890038e-08	7.89397574839874	5.38243570248595e-09	34.0460030811261	Historical	0	< 0.25	= 0.00
0.046562	0.046562	NODE_852_length_40868_cov_12.858716:38063	NODE_852_length_40868_cov_12.858716	38063	38063	8336	46399	1.27651008890038e-08	7.89397574839874	5.38243570248595e-09	34.0460030811261	Modern	0.046562	< 0.25	< 0.25
0	0	NODE_856_length_40828_cov_22.115888:23694	NODE_856_length_40828_cov_22.115888	23694	23757	16672	40366	0.999165688808028	0.000362487981788934	0.99030083816419	0.000147777964929467	Historical	0	< 0.25	= 0.00
0	0	NODE_856_length_40828_cov_22.115888:23694	NODE_856_length_40828_cov_22.115888	23694	23757	16672	40366	0.999165688808028	0.000362487981788934	0.99030083816419	0.000147777964929467	Modern	0	< 0.25	= 0.00
0	0	NODE_856_length_40828_cov_22.115888:23723	NODE_856_length_40828_cov_22.115888	23723	23757	16672	40395	0.999165688808028	0.000362487981788934	0.989038857827125	0.000188737770688412	Historical	0	< 0.25	= 0.00
0	0	NODE_856_length_40828_cov_22.115888:23723	NODE_856_length_40828_cov_22.115888	23723	23757	16672	40395	0.999165688808028	0.000362487981788934	0.989038857827125	0.000188737770688412	Modern	0	< 0.25	= 0.00
1e-06	1e-06	NODE_856_length_40828_cov_22.115888:23752	NODE_856_length_40828_cov_22.115888	23752	23757	16672	40424	0.999165688808028	0.000362487981788934	0.984291357592885	0.000387662062830182	Historical	0	< 0.25	= 0.00
1e-06	1e-06	NODE_856_length_40828_cov_22.115888:23752	NODE_856_length_40828_cov_22.115888	23752	23757	16672	40424	0.999165688808028	0.000362487981788934	0.984291357592885	0.000387662062830182	Modern	1e-06	< 0.25	< 0.25
0.018597	0.018597	NODE_856_length_40828_cov_22.115888:23757	NODE_856_length_40828_cov_22.115888	23757	23757	16672	40429	0.0048846340345136	2.31116796884287	0.00341182177814317	8.5730125136219	Historical	0	< 0.25	= 0.00
0.018597	0.018597	NODE_856_length_40828_cov_22.115888:23757	NODE_856_length_40828_cov_22.115888	23757	23757	16672	40429	0.0048846340345136	2.31116796884287	0.00341182177814317	8.5730125136219	Modern	0.018597	< 0.25	< 0.25
0.019312	0.019312	NODE_89_length_76383_cov_8.196201:24	NODE_89_length_76383_cov_8.196201	24	76	25008	25032	0.00941192620246361	2.02632148672216	0.0069896735900537	7.27562068798624	Historical	0	< 0.25	= 0.00
0.019312	0.019312	NODE_89_length_76383_cov_8.196201:24	NODE_89_length_76383_cov_8.196201	24	76	25008	25032	0.00941192620246361	2.02632148672216	0.0069896735900537	7.27562068798624	Modern	0.019312	< 0.25	< 0.25
0.018929	0.018929	NODE_89_length_76383_cov_8.196201:28	NODE_89_length_76383_cov_8.196201	28	76	25008	25036	0.00769829233989288	2.11360560075096	0.00562933058092832	7.66528698739795	Historical	0	< 0.25	= 0.00
0.018929	0.018929	NODE_89_length_76383_cov_8.196201:28	NODE_89_length_76383_cov_8.196201	28	76	25008	25036	0.00769829233989288	2.11360560075096	0.00562933058092832	7.66528698739795	Modern	0.018929	< 0.25	< 0.25
0.166853	-0.166853	NODE_89_length_76383_cov_8.196201:49	NODE_89_length_76383_cov_8.196201	49	76	25008	25057	0.457198276628642	0.339895415311055	0.393155782988828	0.729159438316967	Historical	0.307829	0.25–0.75	0.25–0.75
0.166853	-0.166853	NODE_89_length_76383_cov_8.196201:49	NODE_89_length_76383_cov_8.196201	49	76	25008	25057	0.457198276628642	0.339895415311055	0.393155782988828	0.729159438316967	Modern	0.140976	< 0.25	< 0.25
0.028007	-0.028007	NODE_89_length_76383_cov_8.196201:50	NODE_89_length_76383_cov_8.196201	50	76	25008	25058	0.988385751576072	0.00507352395034102	0.894052638533911	0.0177363698389724	Historical	0.438819	0.25–0.75	0.25–0.75
0.028007	-0.028007	NODE_89_length_76383_cov_8.196201:50	NODE_89_length_76383_cov_8.196201	50	76	25008	25058	0.988385751576072	0.00507352395034102	0.894052638533911	0.0177363698389724	Modern	0.410812	0.25–0.75	0.25–0.75
0.03582	0.03582	NODE_89_length_76383_cov_8.196201:71	NODE_89_length_76383_cov_8.196201	71	76	25008	25079	3.84200310497292e-05	4.41544228849253	2.13627048239472e-05	18.0637782039629	Historical	0	< 0.25	= 0.00
0.03582	0.03582	NODE_89_length_76383_cov_8.196201:71	NODE_89_length_76383_cov_8.196201	71	76	25008	25079	3.84200310497292e-05	4.41544228849253	2.13627048239472e-05	18.0637782039629	Modern	0.03582	< 0.25	< 0.25
0.018451	0.018451	NODE_89_length_76383_cov_8.196201:76	NODE_89_length_76383_cov_8.196201	76	76	25008	25084	0.0109752116907828	1.95958709429749	0.00827570568136895	6.97281827210736	Historical	0	< 0.25	= 0.00
0.018451	0.018451	NODE_89_length_76383_cov_8.196201:76	NODE_89_length_76383_cov_8.196201	76	76	25008	25084	0.0109752116907828	1.95958709429749	0.00827570568136895	6.97281827210736	Modern	0.018451	< 0.25	< 0.25
0.01495	0.01495	NODE_90_length_75658_cov_11.612303:9313	NODE_90_length_75658_cov_11.612303	9313	9380	33344	42657	0.00933627285479391	2.02982646441773	0.00692019084821144	7.29356790772942	Historical	0	< 0.25	= 0.00
0.01495	0.01495	NODE_90_length_75658_cov_11.612303:9313	NODE_90_length_75658_cov_11.612303	9313	9380	33344	42657	0.00933627285479391	2.02982646441773	0.00692019084821144	7.29356790772942	Modern	0.01495	< 0.25	< 0.25
0.029078	0.029078	NODE_90_length_75658_cov_11.612303:9329	NODE_90_length_75658_cov_11.612303	9329	9380	33344	42673	1.9703021084676e-05	4.70546717790893	1.07683652746733e-05	19.3700326092773	Historical	0	< 0.25	= 0.00
0.029078	0.029078	NODE_90_length_75658_cov_11.612303:9329	NODE_90_length_75658_cov_11.612303	9329	9380	33344	42673	1.9703021084676e-05	4.70546717790893	1.07683652746733e-05	19.3700326092773	Modern	0.029078	< 0.25	< 0.25
0	0	NODE_90_length_75658_cov_11.612303:9360	NODE_90_length_75658_cov_11.612303	9360	9380	33344	42704	0.999165688808028	0.000362487981788934	0.985542165213243	0.000328377905797684	Historical	0	< 0.25	= 0.00
0	0	NODE_90_length_75658_cov_11.612303:9360	NODE_90_length_75658_cov_11.612303	9360	9380	33344	42704	0.999165688808028	0.000362487981788934	0.985542165213243	0.000328377905797684	Modern	0	< 0.25	= 0.00
0.035062	0.035062	NODE_90_length_75658_cov_11.612303:9361	NODE_90_length_75658_cov_11.612303	9361	9380	33344	42705	3.14468940319796e-06	5.50242224279057	1.60346421043546e-06	23.0197409020523	Historical	0	< 0.25	= 0.00
0.035062	0.035062	NODE_90_length_75658_cov_11.612303:9361	NODE_90_length_75658_cov_11.612303	9361	9380	33344	42705	3.14468940319796e-06	5.50242224279057	1.60346421043546e-06	23.0197409020523	Modern	0.035062	< 0.25	< 0.25
0.078271	0.078271	NODE_90_length_75658_cov_11.612303:9375	NODE_90_length_75658_cov_11.612303	9375	9380	33344	42719	5.27857068810366e-13	12.2774836582054	1.66177225366226e-13	54.3688387986959	Historical	0	< 0.25	= 0.00
0.078271	0.078271	NODE_90_length_75658_cov_11.612303:9375	NODE_90_length_75658_cov_11.612303	9375	9380	33344	42719	5.27857068810366e-13	12.2774836582054	1.66177225366226e-13	54.3688387986959	Modern	0.078271	< 0.25	< 0.25
0.038429	0.038429	NODE_90_length_75658_cov_11.612303:9380	NODE_90_length_75658_cov_11.612303	9380	9380	33344	42724	2.91268702887195e-06	5.53570617824089	1.47985523309258e-06	23.1739888491864	Historical	0	< 0.25	= 0.00
0.038429	0.038429	NODE_90_length_75658_cov_11.612303:9380	NODE_90_length_75658_cov_11.612303	9380	9380	33344	42724	2.91268702887195e-06	5.53570617824089	1.47985523309258e-06	23.1739888491864	Modern	0.038429	< 0.25	< 0.25
0.089422	0.089422	NODE_918_length_39806_cov_7.628831:6253	NODE_918_length_39806_cov_7.628831	6253	6273	41680	47933	0.581204162490784	0.235671284015611	0.505310931396308	0.4437647796903	Historical	0.113744	< 0.25	< 0.25
0.089422	0.089422	NODE_918_length_39806_cov_7.628831:6253	NODE_918_length_39806_cov_7.628831	6253	6273	41680	47933	0.581204162490784	0.235671284015611	0.505310931396308	0.4437647796903	Modern	0.203166	< 0.25	< 0.25
0.0899	0.0899	NODE_918_length_39806_cov_7.628831:6268	NODE_918_length_39806_cov_7.628831	6268	6273	41680	47948	9.99478179217709e-43	42.0002266830354	1.13900647204297e-43	192.042424101764	Historical	0	< 0.25	= 0.00
0.0899	0.0899	NODE_918_length_39806_cov_7.628831:6268	NODE_918_length_39806_cov_7.628831	6268	6273	41680	47948	9.99478179217709e-43	42.0002266830354	1.13900647204297e-43	192.042424101764	Modern	0.0899	< 0.25	< 0.25
0.329067	0.329067	NODE_918_length_39806_cov_7.628831:6271	NODE_918_length_39806_cov_7.628831	6271	6273	41680	47951	3.27163444497525e-227	226.485235228044	3.10696528487678e-229	1044.9115000201	Historical	0	< 0.25	= 0.00
0.329067	0.329067	NODE_918_length_39806_cov_7.628831:6271	NODE_918_length_39806_cov_7.628831	6271	6273	41680	47951	3.27163444497525e-227	226.485235228044	3.10696528487678e-229	1044.9115000201	Modern	0.329067	0.25–0.75	0.25–0.75
0.041512	0.041512	NODE_918_length_39806_cov_7.628831:6273	NODE_918_length_39806_cov_7.628831	6273	6273	41680	47953	9.18285646232414e-16	15.0370222041081	2.4897488319027e-16	67.1707975952885	Historical	0	< 0.25	= 0.00
0.041512	0.041512	NODE_918_length_39806_cov_7.628831:6273	NODE_918_length_39806_cov_7.628831	6273	6273	41680	47953	9.18285646232414e-16	15.0370222041081	2.4897488319027e-16	67.1707975952885	Modern	0.041512	< 0.25	< 0.25
0.067861	0.067861	NODE_920_length_39760_cov_8.885555:814	NODE_920_length_39760_cov_8.885555	814	836	50016	50830	3.00776242989041e-18	17.5217564697633	7.38372828230457e-19	78.6583152348314	Historical	0	< 0.25	= 0.00
0.067861	0.067861	NODE_920_length_39760_cov_8.885555:814	NODE_920_length_39760_cov_8.885555	814	836	50016	50830	3.00776242989041e-18	17.5217564697633	7.38372828230457e-19	78.6583152348314	Modern	0.067861	< 0.25	< 0.25
0.012559	0.012559	NODE_920_length_39760_cov_8.885555:815	NODE_920_length_39760_cov_8.885555	815	836	50016	50831	0.00574423958665179	2.24076745438713	0.00408540369527796	8.24546076649692	Historical	0	< 0.25	= 0.00
0.012559	0.012559	NODE_920_length_39760_cov_8.885555:815	NODE_920_length_39760_cov_8.885555	815	836	50016	50831	0.00574423958665179	2.24076745438713	0.00408540369527796	8.24546076649692	Modern	0.012559	< 0.25	< 0.25
0.058513	0.058513	NODE_920_length_39760_cov_8.885555:830	NODE_920_length_39760_cov_8.885555	830	836	50016	50846	4.00557078639914e-16	15.3973355890128	1.07271696273937e-16	68.8310263767651	Historical	0	< 0.25	= 0.00
0.058513	0.058513	NODE_920_length_39760_cov_8.885555:830	NODE_920_length_39760_cov_8.885555	830	836	50016	50846	4.00557078639914e-16	15.3973355890128	1.07271696273937e-16	68.8310263767651	Modern	0.058513	< 0.25	< 0.25
0.100347	0.100347	NODE_920_length_39760_cov_8.885555:836	NODE_920_length_39760_cov_8.885555	836	836	50016	50852	1.50494336221191e-28	27.8224798442174	2.59399069555044e-29	126.337472072356	Historical	0	< 0.25	= 0.00
0.100347	0.100347	NODE_920_length_39760_cov_8.885555:836	NODE_920_length_39760_cov_8.885555	836	836	50016	50852	1.50494336221191e-28	27.8224798442174	2.59399069555044e-29	126.337472072356	Modern	0.100347	< 0.25	< 0.25
0.074538	-0.074538	NODE_935_length_39471_cov_7.851849:127	NODE_935_length_39471_cov_7.851849	127	127	58352	58479	0.813675743073966	0.0895486307982292	0.724040048680253	0.124654576404879	Historical	0.451973	0.25–0.75	0.25–0.75
0.074538	-0.074538	NODE_935_length_39471_cov_7.851849:127	NODE_935_length_39471_cov_7.851849	127	127	58352	58479	0.813675743073966	0.0895486307982292	0.724040048680253	0.124654576404879	Modern	0.377435	0.25–0.75	0.25–0.75
0.102881	0.102881	NODE_939_length_39380_cov_16.212393:12521	NODE_939_length_39380_cov_16.212393	12521	12625	66688	79209	1.43669151526676e-16	15.8426364730625	3.77250905955613e-17	70.8923868533555	Historical	3e-06	< 0.25	< 0.25
0.102881	0.102881	NODE_939_length_39380_cov_16.212393:12521	NODE_939_length_39380_cov_16.212393	12521	12625	66688	79209	1.43669151526676e-16	15.8426364730625	3.77250905955613e-17	70.8923868533555	Modern	0.102884	< 0.25	< 0.25
0.016084	0.016084	NODE_939_length_39380_cov_16.212393:12530	NODE_939_length_39380_cov_16.212393	12530	12625	66688	79218	0.0423893511767649	1.37274323081341	0.0346401108144408	4.46282762061715	Historical	0	< 0.25	= 0.00
0.016084	0.016084	NODE_939_length_39380_cov_16.212393:12530	NODE_939_length_39380_cov_16.212393	12530	12625	66688	79218	0.0423893511767649	1.37274323081341	0.0346401108144408	4.46282762061715	Modern	0.016084	< 0.25	< 0.25
0.044459	0.044459	NODE_939_length_39380_cov_16.212393:12594	NODE_939_length_39380_cov_16.212393	12594	12625	66688	79282	9.42396488612248e-09	8.02576634074369	3.91099017591218e-09	34.6675387896173	Historical	0	< 0.25	= 0.00
0.044459	0.044459	NODE_939_length_39380_cov_16.212393:12594	NODE_939_length_39380_cov_16.212393	12594	12625	66688	79282	9.42396488612248e-09	8.02576634074369	3.91099017591218e-09	34.6675387896173	Modern	0.044459	< 0.25	< 0.25
0.05771	0.05771	NODE_939_length_39380_cov_16.212393:12604	NODE_939_length_39380_cov_16.212393	12604	12625	66688	79292	3.1991414753207e-11	10.4949665537288	1.12562385242765e-11	46.0966216865439	Historical	0	< 0.25	= 0.00
0.05771	0.05771	NODE_939_length_39380_cov_16.212393:12604	NODE_939_length_39380_cov_16.212393	12604	12625	66688	79292	3.1991414753207e-11	10.4949665537288	1.12562385242765e-11	46.0966216865439	Modern	0.05771	< 0.25	< 0.25
0.079375	0.079375	NODE_939_length_39380_cov_16.212393:12611	NODE_939_length_39380_cov_16.212393	12611	12625	66688	79299	7.19449889946045e-16	15.1429994495075	1.94722904686252e-16	67.6553575522499	Historical	0	< 0.25	= 0.00
0.079375	0.079375	NODE_939_length_39380_cov_16.212393:12611	NODE_939_length_39380_cov_16.212393	12611	12625	66688	79299	7.19449889946045e-16	15.1429994495075	1.94722904686252e-16	67.6553575522499	Modern	0.079375	< 0.25	< 0.25
0.094934	0.094934	NODE_939_length_39380_cov_16.212393:12625	NODE_939_length_39380_cov_16.212393	12625	12625	66688	79313	3.95248907753771e-18	17.4031293215404	9.77800004462082e-19	78.1035109663256	Historical	0	< 0.25	= 0.00
0.094934	0.094934	NODE_939_length_39380_cov_16.212393:12625	NODE_939_length_39380_cov_16.212393	12625	12625	66688	79313	3.95248907753771e-18	17.4031293215404	9.77800004462082e-19	78.1035109663256	Modern	0.094934	< 0.25	< 0.25
0.082291	0.082291	NODE_996_length_38632_cov_17.242779:9089	NODE_996_length_38632_cov_17.242779	9089	9188	0	9089	0.784770690966976	0.105257225033053	0.696828676214742	0.151792032924971	Historical	0.499979	0.25–0.75	0.25–0.75
0.082291	0.082291	NODE_996_length_38632_cov_17.242779:9089	NODE_996_length_38632_cov_17.242779	9089	9188	0	9089	0.784770690966976	0.105257225033053	0.696828676214742	0.151792032924971	Modern	0.58227	0.25–0.75	0.25–0.75
0.040555	0.040555	NODE_996_length_38632_cov_17.242779:9091	NODE_996_length_38632_cov_17.242779	9091	9188	0	9091	2.11437068900352e-14	13.6748188703513	6.26480204149192e-15	60.8165812882649	Historical	0	< 0.25	= 0.00
0.040555	0.040555	NODE_996_length_38632_cov_17.242779:9091	NODE_996_length_38632_cov_17.242779	9091	9188	0	9091	2.11437068900352e-14	13.6748188703513	6.26480204149192e-15	60.8165812882649	Modern	0.040555	< 0.25	< 0.25
0.013305	0.013305	NODE_996_length_38632_cov_17.242779:9103	NODE_996_length_38632_cov_17.242779	9103	9188	0	9103	0.000303379470790319	3.51801381057675	0.000184822346165232	13.9794228420024	Historical	0	< 0.25	= 0.00
0.013305	0.013305	NODE_996_length_38632_cov_17.242779:9103	NODE_996_length_38632_cov_17.242779	9103	9188	0	9103	0.000303379470790319	3.51801381057675	0.000184822346165232	13.9794228420024	Modern	0.013305	< 0.25	< 0.25
1.6e-05	1.6e-05	NODE_996_length_38632_cov_17.242779:9123	NODE_996_length_38632_cov_17.242779	9123	9188	0	9123	0.999165688808028	0.000362487981788934	0.994932955077967	4.03306502878615e-05	Historical	0	< 0.25	= 0.00
1.6e-05	1.6e-05	NODE_996_length_38632_cov_17.242779:9123	NODE_996_length_38632_cov_17.242779	9123	9188	0	9123	0.999165688808028	0.000362487981788934	0.994932955077967	4.03306502878615e-05	Modern	1.6e-05	< 0.25	< 0.25
0.01383	0.01383	NODE_996_length_38632_cov_17.242779:9131	NODE_996_length_38632_cov_17.242779	9131	9188	0	9131	7.89491145406273e-05	4.10265273648882	4.53226398288787e-05	16.6343531836102	Historical	0	< 0.25	= 0.00
0.01383	0.01383	NODE_996_length_38632_cov_17.242779:9131	NODE_996_length_38632_cov_17.242779	9131	9188	0	9131	7.89491145406273e-05	4.10265273648882	4.53226398288787e-05	16.6343531836102	Modern	0.01383	< 0.25	< 0.25
0.062358	0.062358	NODE_996_length_38632_cov_17.242779:9174	NODE_996_length_38632_cov_17.242779	9174	9188	0	9174	1.37375327078492e-19	18.8620912605505	3.18324594559848e-20	84.8719662948545	Historical	0	< 0.25	= 0.00
0.062358	0.062358	NODE_996_length_38632_cov_17.242779:9174	NODE_996_length_38632_cov_17.242779	9174	9188	0	9174	1.37375327078492e-19	18.8620912605505	3.18324594559848e-20	84.8719662948545	Modern	0.062358	< 0.25	< 0.25
0.027793	0.027793	NODE_996_length_38632_cov_17.242779:9178	NODE_996_length_38632_cov_17.242779	9178	9188	0	9178	5.67249180584576e-07	6.24622612279931	2.72581277659825e-07	26.4348264807615	Historical	0	< 0.25	= 0.00
0.027793	0.027793	NODE_996_length_38632_cov_17.242779:9178	NODE_996_length_38632_cov_17.242779	9178	9188	0	9178	5.67249180584576e-07	6.24622612279931	2.72581277659825e-07	26.4348264807615	Modern	0.027793	< 0.25	< 0.25
0.033387	0.033387	NODE_996_length_38632_cov_17.242779:9185	NODE_996_length_38632_cov_17.242779	9185	9188	0	9185	4.36673507728341e-07	6.35984315521948	2.07969386634153e-07	26.9575852267093	Historical	0	< 0.25	= 0.00
0.033387	0.033387	NODE_996_length_38632_cov_17.242779:9185	NODE_996_length_38632_cov_17.242779	9185	9188	0	9185	4.36673507728341e-07	6.35984315521948	2.07969386634153e-07	26.9575852267093	Modern	0.033387	< 0.25	< 0.25
0.144595	-0.144595	NODE_996_length_38632_cov_17.242779:9188	NODE_996_length_38632_cov_17.242779	9188	9188	0	9188	0.569310013776151	0.244651177176547	0.494699584620302	0.466288545479684	Historical	0.500017	0.25–0.75	0.25–0.75
0.144595	-0.144595	NODE_996_length_38632_cov_17.242779:9188	NODE_996_length_38632_cov_17.242779	9188	9188	0	9188	0.569310013776151	0.244651177176547	0.494699584620302	0.466288545479684	Modern	0.355422	0.25–0.75	0.25–0.75
