NODE_1005_length_38520_cov_9.333281	38395	0.000035	0.007628
NODE_1005_length_38520_cov_9.333281	38398	0.003345	0.077675
NODE_1005_length_38520_cov_9.333281	38401	0.000202	0.021766
NODE_1005_length_38520_cov_9.333281	38406	0.000150	0.020039
NODE_1005_length_38520_cov_9.333281	38417	0.000019	0.006320
NODE_1005_length_38520_cov_9.333281	38421	0.000163	0.020511
NODE_1005_length_38520_cov_9.333281	38443	0.000004	0.004204
NODE_1005_length_38520_cov_9.333281	38444	0.000003	0.004021
NODE_1005_length_38520_cov_9.333281	38449	0.000004	0.004309
NODE_1005_length_38520_cov_9.333281	38453	0.000003	0.004027
NODE_1005_length_38520_cov_9.333281	38462	0.000003	0.004078
NODE_1014_length_38454_cov_9.570304	1016	0.000270	0.023686
NODE_1014_length_38454_cov_9.570304	1021	0.000035	0.007647
NODE_1014_length_38454_cov_9.570304	1025	-0.000195	0.066832
NODE_1014_length_38454_cov_9.570304	1035	0.001194	0.048283
NODE_1014_length_38454_cov_9.570304	1080	0.000253	0.023215
NODE_1014_length_38454_cov_9.570304	1081	0.001149	0.047314
NODE_1040_length_38203_cov_8.521835	151	0.000044	0.014697
NODE_1040_length_38203_cov_8.521835	161	0.000103	0.016919
NODE_1046_length_38103_cov_17.964951	14954	0.000012	0.005550
NODE_1046_length_38103_cov_17.964951	14955	0.000049	0.008507
NODE_1046_length_38103_cov_17.964951	14966	0.000507	0.035108
NODE_1046_length_38103_cov_17.964951	14981	0.000112	0.017329
NODE_1046_length_38103_cov_17.964951	15195	0.000007	0.004834
NODE_1053_length_38037_cov_26.320180	33366	0.000000	0.003285
NODE_1053_length_38037_cov_26.320180	33370	0.000023	0.011630
NODE_1053_length_38037_cov_26.320180	33374	0.000465	0.036235
NODE_1053_length_38037_cov_26.320180	33375	-0.000000	0.002997
NODE_1053_length_38037_cov_26.320180	33376	0.000713	0.042761
NODE_1053_length_38037_cov_26.320180	33389	-0.000001	0.002803
NODE_1053_length_38037_cov_26.320180	33398	0.000008	0.008098
NODE_1065_length_37892_cov_7.894266	72	0.000017	0.006102
NODE_1075_length_37730_cov_18.365204	5342	0.000001	0.003373
NODE_1075_length_37730_cov_18.365204	5361	0.000034	0.014617
NODE_1075_length_37730_cov_18.365204	5423	0.000007	0.004864
NODE_1075_length_37730_cov_18.365204	5433	0.000109	0.018447
NODE_107_length_73950_cov_8.373874	3387	0.000032	0.007411
NODE_1103_length_37419_cov_20.323232	7804	0.006200	0.110327
NODE_1103_length_37419_cov_20.323232	7928	0.000049	0.015208
NODE_1103_length_37419_cov_20.323232	7936	0.000000	0.003166
NODE_1114_length_37276_cov_13.553299	32575	0.000002	0.003762
NODE_1114_length_37276_cov_13.553299	32578	0.000002	0.003656
NODE_1114_length_37276_cov_13.553299	32591	0.000046	0.015385
NODE_1114_length_37276_cov_13.553299	32598	0.000040	0.015048
NODE_1114_length_37276_cov_13.553299	32616	0.011664	0.152503
NODE_1114_length_37276_cov_13.553299	32622	0.000001	0.003646
NODE_1114_length_37276_cov_13.553299	32628	0.000040	0.014299
NODE_1114_length_37276_cov_13.553299	32633	0.000052	0.015540
NODE_1114_length_37276_cov_13.553299	32636	0.013129	0.161133
NODE_1114_length_37276_cov_13.553299	32637	0.000090	0.017678
NODE_1114_length_37276_cov_13.553299	32639	0.000043	0.012257
NODE_1114_length_37276_cov_13.553299	32653	0.014611	0.169070
NODE_1114_length_37276_cov_13.553299	32657	0.000006	0.004636
NODE_1114_length_37276_cov_13.553299	32658	0.000006	0.004674
NODE_1136_length_37078_cov_12.825793	676	0.000342	0.027799
NODE_1136_length_37078_cov_12.825793	681	0.000017	0.006308
NODE_1136_length_37078_cov_12.825793	691	0.005207	0.103339
NODE_1136_length_37078_cov_12.825793	1089	0.000965	0.044034
NODE_1136_length_37078_cov_12.825793	1090	0.015840	0.176671
NODE_1136_length_37078_cov_12.825793	1233	0.001595	0.059340
NODE_1136_length_37078_cov_12.825793	1236	0.000530	0.017520
NODE_1136_length_37078_cov_12.825793	1247	0.000005	0.004487
NODE_1138_length_37048_cov_8.717611	34592	0.000069	0.016600
NODE_1138_length_37048_cov_8.717611	34596	0.022169	0.206354
NODE_1138_length_37048_cov_8.717611	34612	0.000001	0.003645
NODE_1138_length_37048_cov_8.717611	34665	0.016163	0.179233
NODE_1138_length_37048_cov_8.717611	34667	0.015151	0.173787
NODE_1138_length_37048_cov_8.717611	34669	0.000041	0.015139
NODE_1138_length_37048_cov_8.717611	34673	0.000001	0.003622
NODE_1164_length_36786_cov_8.144220	27790	0.000525	0.036976
NODE_1164_length_36786_cov_8.144220	27823	0.253451	0.651621
NODE_1169_length_36692_cov_13.235837	7668	0.000334	0.011535
NODE_1169_length_36692_cov_13.235837	7676	0.000389	0.026453
NODE_1169_length_36692_cov_13.235837	7697	0.057584	0.360602
NODE_1178_length_36615_cov_9.204513	133	-0.001502	0.498467
NODE_1213_length_36274_cov_18.215038	24723	0.000006	0.004628
NODE_1213_length_36274_cov_18.215038	24739	0.023278	0.211694
NODE_1213_length_36274_cov_18.215038	24750	0.000040	0.015051
NODE_1213_length_36274_cov_18.215038	24755	0.000002	0.003740
NODE_1213_length_36274_cov_18.215038	24758	0.000715	0.043541
NODE_1213_length_36274_cov_18.215038	24766	0.000638	0.041179
NODE_1213_length_36274_cov_18.215038	24773	0.000038	0.014943
NODE_1213_length_36274_cov_18.215038	24774	0.000001	0.003486
NODE_1213_length_36274_cov_18.215038	24784	0.000001	0.003468
NODE_1213_length_36274_cov_18.215038	24786	0.000031	0.012876
NODE_1213_length_36274_cov_18.215038	24792	0.052963	0.306043
NODE_1213_length_36274_cov_18.215038	24835	0.003421	0.082129
NODE_123_length_72567_cov_12.036789	18334	0.001193	0.341893
NODE_123_length_72567_cov_12.036789	70958	0.000030	0.014497
NODE_123_length_72567_cov_12.036789	70962	0.000014	0.008132
NODE_123_length_72567_cov_12.036789	70976	0.000000	0.003316
NODE_123_length_72567_cov_12.036789	70992	0.005341	0.106216
NODE_123_length_72567_cov_12.036789	70993	0.000001	0.003348
NODE_123_length_72567_cov_12.036789	71040	0.000001	0.003437
NODE_123_length_72567_cov_12.036789	71049	0.000001	0.003413
NODE_123_length_72567_cov_12.036789	71081	0.000002	0.003908
NODE_123_length_72567_cov_12.036789	71084	0.000008	0.005453
NODE_123_length_72567_cov_12.036789	71098	0.000059	0.016111
NODE_123_length_72567_cov_12.036789	71104	0.000863	0.046295
NODE_123_length_72567_cov_12.036789	71109	0.002070	0.064776
NODE_123_length_72567_cov_12.036789	71112	0.000440	0.034796
NODE_123_length_72567_cov_12.036789	71128	0.000007	0.004856
NODE_123_length_72567_cov_12.036789	71129	0.000318	0.028396
NODE_123_length_72567_cov_12.036789	71134	0.000067	0.016479
NODE_123_length_72567_cov_12.036789	71136	0.000438	0.034941
NODE_123_length_72567_cov_12.036789	71137	0.000008	0.005023
NODE_123_length_72567_cov_12.036789	71140	0.000072	0.016646
NODE_123_length_72567_cov_12.036789	71145	0.000879	0.046600
NODE_1242_length_35967_cov_13.101818	25673	0.000015	0.005873
NODE_1242_length_35967_cov_13.101818	25676	0.000012	0.005555
NODE_1242_length_35967_cov_13.101818	25677	0.000011	0.005422
NODE_1242_length_35967_cov_13.101818	25682	0.000007	0.004872
NODE_1242_length_35967_cov_13.101818	25722	0.000034	0.014747
NODE_1242_length_35967_cov_13.101818	25738	0.000000	0.003240
NODE_1242_length_35967_cov_13.101818	25747	0.000001	0.003408
NODE_1242_length_35967_cov_13.101818	25751	0.000396	0.033878
NODE_1242_length_35967_cov_13.101818	25752	0.000000	0.003302
NODE_1242_length_35967_cov_13.101818	25773	0.000853	0.046134
NODE_1275_length_35699_cov_8.675197	4881	0.025472	0.220090
NODE_1275_length_35699_cov_8.675197	4912	0.000008	0.004970
NODE_1275_length_35699_cov_8.675197	4929	0.000118	0.018801
NODE_1275_length_35699_cov_8.675197	4954	0.000153	0.020142
NODE_1275_length_35699_cov_8.675197	4963	0.000188	0.021344
NODE_1282_length_35657_cov_8.116992	47	0.000005	0.004397
NODE_1282_length_35657_cov_8.116992	50	0.000003	0.004134
NODE_1282_length_35657_cov_8.116992	57	0.000003	0.004129
NODE_1282_length_35657_cov_8.116992	96	0.000100	0.018035
NODE_1282_length_35657_cov_8.116992	102	0.000008	0.005018
NODE_1282_length_35657_cov_8.116992	105	0.000101	0.018059
NODE_1282_length_35657_cov_8.116992	106	0.004862	0.099099
NODE_1282_length_35657_cov_8.116992	109	0.000020	0.006688
NODE_1282_length_35657_cov_8.116992	114	0.000112	0.018443
NODE_1282_length_35657_cov_8.116992	116	0.000011	0.005362
NODE_128_length_72046_cov_9.380433	71958	0.000055	0.015870
NODE_128_length_72046_cov_9.380433	71978	0.000019	0.008696
NODE_128_length_72046_cov_9.380433	71980	0.000002	0.003668
NODE_128_length_72046_cov_9.380433	71981	0.000040	0.014670
NODE_128_length_72046_cov_9.380433	71984	0.000462	0.035708
NODE_128_length_72046_cov_9.380433	72017	0.000364	0.032690
NODE_128_length_72046_cov_9.380433	72033	0.003335	0.081352
NODE_1300_length_35416_cov_21.579353	20703	0.010973	0.143924
NODE_1300_length_35416_cov_21.579353	20705	0.001144	0.050905
NODE_1300_length_35416_cov_21.579353	20706	0.070545	0.351556
NODE_1300_length_35416_cov_21.579353	20716	0.000007	0.004727
NODE_1300_length_35416_cov_21.579353	20724	0.000057	0.015969
NODE_1300_length_35416_cov_21.579353	20731	0.000001	0.003633
NODE_1300_length_35416_cov_21.579353	20732	0.000002	0.003811
NODE_1300_length_35416_cov_21.579353	20733	0.000005	0.004503
NODE_1300_length_35416_cov_21.579353	20737	0.000001	0.003646
NODE_1300_length_35416_cov_21.579353	20762	-0.000000	0.002936
NODE_1300_length_35416_cov_21.579353	20763	-0.000000	0.002914
NODE_1300_length_35416_cov_21.579353	20772	-0.000001	0.002764
NODE_1300_length_35416_cov_21.579353	20785	0.000003	0.004526
NODE_1300_length_35416_cov_21.579353	20809	0.000015	0.013563
NODE_1300_length_35416_cov_21.579353	20832	-0.000001	0.002585
NODE_1300_length_35416_cov_21.579353	20838	-0.000001	0.002598
NODE_1300_length_35416_cov_21.579353	20843	-0.000001	0.002596
NODE_1300_length_35416_cov_21.579353	20867	0.000006	0.006195
NODE_1300_length_35416_cov_21.579353	20884	-0.000001	0.002906
NODE_1300_length_35416_cov_21.579353	20885	0.000676	0.037991
NODE_1300_length_35416_cov_21.579353	20889	-0.000000	0.002946
NODE_1300_length_35416_cov_21.579353	20894	-0.000000	0.003013
NODE_1306_length_35356_cov_6.312364	1147	0.003631	0.091164
NODE_1334_length_35027_cov_16.496564	4362	0.000002	0.003755
NODE_1334_length_35027_cov_16.496564	4367	0.000366	0.032941
NODE_1334_length_35027_cov_16.496564	4368	0.000001	0.003433
NODE_1334_length_35027_cov_16.496564	4386	0.000021	0.013467
NODE_1334_length_35027_cov_16.496564	4402	0.000195	0.024247
NODE_1334_length_35027_cov_16.496564	4439	0.000024	0.014068
NODE_1334_length_35027_cov_16.496564	4442	0.000282	0.029480
NODE_1334_length_35027_cov_16.496564	4443	0.000030	0.014487
NODE_1334_length_35027_cov_16.496564	4448	-0.000000	0.002982
NODE_1334_length_35027_cov_16.496564	4449	-0.000000	0.003131
NODE_1334_length_35027_cov_16.496564	4454	-0.000001	0.002800
NODE_1334_length_35027_cov_16.496564	4470	0.014014	0.167658
NODE_1334_length_35027_cov_16.496564	4474	0.000021	0.011059
NODE_1334_length_35027_cov_16.496564	4485	0.000018	0.010892
NODE_1334_length_35027_cov_16.496564	4486	0.000009	0.006717
NODE_1334_length_35027_cov_16.496564	4491	0.000075	0.016382
NODE_1334_length_35027_cov_16.496564	4507	0.000001	0.003778
NODE_1334_length_35027_cov_16.496564	4528	0.000042	0.014467
NODE_1334_length_35027_cov_16.496564	4530	0.000001	0.003518
NODE_1334_length_35027_cov_16.496564	4531	0.000001	0.003597
NODE_1334_length_35027_cov_16.496564	4533	0.000731	0.043808
NODE_1342_length_34879_cov_9.076164	25	0.079195	0.373409
NODE_1342_length_34879_cov_9.076164	36	0.000001	0.003507
NODE_1342_length_34879_cov_9.076164	52	0.000001	0.003560
NODE_1342_length_34879_cov_9.076164	67	0.000033	0.014664
NODE_1342_length_34879_cov_9.076164	89	0.009267	0.136819
NODE_1342_length_34879_cov_9.076164	91	0.000001	0.003531
NODE_1342_length_34879_cov_9.076164	92	0.000028	0.011952
NODE_1342_length_34879_cov_9.076164	93	0.000205	0.023836
NODE_1342_length_34879_cov_9.076164	95	0.000002	0.003776
NODE_1342_length_34879_cov_9.076164	98	0.000025	0.010050
NODE_1342_length_34879_cov_9.076164	100	0.000056	0.015948
NODE_1375_length_34574_cov_138.316403	2517	-0.000000	0.003047
NODE_1375_length_34574_cov_138.316403	2556	0.000027	0.014310
NODE_1375_length_34574_cov_138.316403	2570	0.000014	0.007387
NODE_1375_length_34574_cov_138.316403	2571	0.000292	0.029473
NODE_1375_length_34574_cov_138.316403	2574	0.000001	0.003350
NODE_1375_length_34574_cov_138.316403	2575	0.000000	0.003313
NODE_1375_length_34574_cov_138.316403	2585	0.000001	0.003367
NODE_1375_length_34574_cov_138.316403	2590	0.002213	0.064938
NODE_1375_length_34574_cov_138.316403	2610	0.000401	0.033956
NODE_1398_length_34319_cov_15.288428	1854	0.006142	0.110335
NODE_1398_length_34319_cov_15.288428	1858	0.000670	0.039992
NODE_1398_length_34319_cov_15.288428	2105	0.000025	0.006855
NODE_1401_length_34271_cov_13.536404	31023	0.000009	0.005059
NODE_1401_length_34271_cov_13.536404	31025	0.000005	0.004540
NODE_1401_length_34271_cov_13.536404	31035	0.000044	0.013693
NODE_1401_length_34271_cov_13.536404	31049	0.000425	0.034743
NODE_1401_length_34271_cov_13.536404	31062	0.000001	0.003417
NODE_1401_length_34271_cov_13.536404	31164	0.000003	0.004154
NODE_1401_length_34271_cov_13.536404	31169	0.000006	0.004610
NODE_1401_length_34271_cov_13.536404	31172	0.000006	0.004660
NODE_1401_length_34271_cov_13.536404	31193	0.079558	0.373056
NODE_1412_length_34196_cov_7.861425	2290	0.000821	0.042953
NODE_1412_length_34196_cov_7.861425	2291	0.000972	0.045544
NODE_1412_length_34196_cov_7.861425	2294	0.000090	0.017581
NODE_1412_length_34196_cov_7.861425	2300	0.000008	0.004920
NODE_1412_length_34196_cov_7.861425	2301	0.000008	0.005012
NODE_1439_length_33910_cov_7.872201	33846	0.000000	0.003244
NODE_1439_length_33910_cov_7.872201	33856	0.008034	0.129279
NODE_1439_length_33910_cov_7.872201	33908	0.000000	0.003278
NODE_1451_length_33808_cov_23.466582	3757	0.000022	0.014003
NODE_1451_length_33808_cov_23.466582	3761	-0.000000	0.003097
NODE_1451_length_33808_cov_23.466582	3783	0.000209	0.025177
NODE_1451_length_33808_cov_23.466582	3784	0.000349	0.032501
NODE_1451_length_33808_cov_23.466582	3793	0.000072	0.017008
NODE_1451_length_33808_cov_23.466582	3798	0.000313	0.031278
NODE_1451_length_33808_cov_23.466582	3799	-0.000000	0.003082
NODE_1469_length_33638_cov_9.036048	33581	0.000001	0.003495
NODE_1469_length_33638_cov_9.036048	33624	0.000383	0.033282
NODE_146_length_69587_cov_11.942450	69521	0.000055	0.009750
NODE_146_length_69587_cov_11.942450	69522	0.000015	0.005881
NODE_146_length_69587_cov_11.942450	69534	0.009591	0.137621
NODE_146_length_69587_cov_11.942450	69535	0.000014	0.005724
NODE_146_length_69587_cov_11.942450	69557	0.000021	0.006548
NODE_1487_length_33488_cov_9.763695	44	0.079390	0.374012
NODE_1487_length_33488_cov_9.763695	68	0.000146	0.020772
NODE_1487_length_33488_cov_9.763695	78	0.000038	0.014983
NODE_1487_length_33488_cov_9.763695	99	0.000003	0.004078
NODE_1487_length_33488_cov_9.763695	100	0.000473	0.032558
NODE_1487_length_33488_cov_9.763695	112	0.000440	0.027424
NODE_1498_length_33417_cov_72.751366	6231	0.000001	0.003413
NODE_1498_length_33417_cov_72.751366	6267	-0.000001	0.002872
NODE_1498_length_33417_cov_72.751366	6317	0.000017	0.006592
NODE_1502_length_33380_cov_7.110333	100	0.000077	0.009733
NODE_1502_length_33380_cov_7.110333	107	0.036999	0.255327
NODE_1509_length_33335_cov_22.175232	11390	0.004953	0.487909
NODE_1509_length_33335_cov_22.175232	11399	0.000015	0.005889
NODE_1509_length_33335_cov_22.175232	11402	0.000042	0.008091
NODE_1509_length_33335_cov_22.175232	11414	0.000086	0.017398
NODE_1509_length_33335_cov_22.175232	11432	0.000070	0.016253
NODE_1509_length_33335_cov_22.175232	11433	0.000022	0.007145
NODE_1509_length_33335_cov_22.175232	11461	0.000002	0.003729
NODE_1509_length_33335_cov_22.175232	11462	0.000093	0.017918
NODE_1509_length_33335_cov_22.175232	11467	0.000001	0.003601
NODE_1509_length_33335_cov_22.175232	11481	0.000337	0.031467
NODE_1509_length_33335_cov_22.175232	11482	0.000001	0.003550
NODE_1509_length_33335_cov_22.175232	11483	0.000002	0.003705
NODE_1509_length_33335_cov_22.175232	11576	0.000001	0.003533
NODE_1509_length_33335_cov_22.175232	11584	0.000001	0.003547
NODE_1509_length_33335_cov_22.175232	11591	0.000001	0.003644
NODE_1509_length_33335_cov_22.175232	11600	0.003036	0.080060
NODE_1509_length_33335_cov_22.175232	11606	0.000003	0.003995
NODE_1509_length_33335_cov_22.175232	11608	0.000003	0.004095
NODE_1509_length_33335_cov_22.175232	11616	0.000063	0.016318
NODE_1509_length_33335_cov_22.175232	11636	0.000087	0.016998
NODE_1509_length_33335_cov_22.175232	11638	0.000011	0.005389
NODE_1531_length_33168_cov_9.562309	32999	0.076736	0.367289
NODE_1531_length_33168_cov_9.562309	33139	0.000008	0.005029
NODE_1554_length_33059_cov_13.719357	13814	0.000005	0.004397
NODE_1554_length_33059_cov_13.719357	13817	0.022597	0.208169
NODE_1554_length_33059_cov_13.719357	13822	0.000004	0.004311
NODE_1563_length_32946_cov_7.337839	32874	0.036494	0.495398
NODE_1563_length_32946_cov_7.337839	32892	0.000622	0.038930
NODE_1563_length_32946_cov_7.337839	32894	0.041684	0.298721
NODE_1563_length_32946_cov_7.337839	32900	0.000012	0.005527
NODE_1566_length_32923_cov_8.275347	117	0.022061	0.208403
NODE_1566_length_32923_cov_8.275347	118	0.000476	0.037833
NODE_1566_length_32923_cov_8.275347	123	0.000222	0.027967
NODE_1566_length_32923_cov_8.275347	130	-0.000001	0.002226
NODE_1575_length_32856_cov_13.426810	7523	0.000012	0.005571
NODE_1575_length_32856_cov_13.426810	7529	0.000099	0.015897
NODE_1575_length_32856_cov_13.426810	31495	0.000003	0.003953
NODE_1575_length_32856_cov_13.426810	31514	0.000004	0.004165
NODE_1575_length_32856_cov_13.426810	31518	0.000004	0.004320
NODE_1575_length_32856_cov_13.426810	31525	0.000031	0.008726
NODE_158_length_68621_cov_9.111614	313	0.000019	0.009612
NODE_158_length_68621_cov_9.111614	314	-0.000001	0.002732
NODE_1601_length_32655_cov_6.430151	13228	0.370297	0.587687
NODE_1601_length_32655_cov_6.430151	13242	0.000043	0.013628
NODE_1601_length_32655_cov_6.430151	13247	0.000003	0.003928
NODE_1601_length_32655_cov_6.430151	13290	0.045616	0.505216
NODE_1620_length_32457_cov_9.061067	171	0.000065	0.009687
NODE_1621_length_32454_cov_7.592922	6436	0.000003	0.003936
NODE_1621_length_32454_cov_7.592922	6450	0.000003	0.004188
NODE_1621_length_32454_cov_7.592922	6460	0.000005	0.004617
NODE_1621_length_32454_cov_7.592922	6462	0.000021	0.008265
NODE_1621_length_32454_cov_7.592922	6474	0.000052	0.015730
NODE_1621_length_32454_cov_7.592922	6476	0.000002	0.003866
NODE_1621_length_32454_cov_7.592922	6483	0.000041	0.014751
NODE_1650_length_32213_cov_13.158436	8188	0.000036	0.007676
NODE_1650_length_32213_cov_13.158436	8193	0.000015	0.005911
NODE_1650_length_32213_cov_13.158436	8197	0.000547	0.034966
NODE_1650_length_32213_cov_13.158436	8318	0.000126	0.019270
NODE_1650_length_32213_cov_13.158436	8322	0.000086	0.017422
NODE_1650_length_32213_cov_13.158436	8323	0.000008	0.004948
NODE_1650_length_32213_cov_13.158436	8328	0.000065	0.011021
NODE_1650_length_32213_cov_13.158436	8329	0.000545	0.037364
NODE_1650_length_32213_cov_13.158436	8336	0.143620	0.522118
NODE_1672_length_31997_cov_25.362280	18150	-0.000000	0.003064
NODE_1672_length_31997_cov_25.362280	18174	0.000000	0.003244
NODE_1692_length_31765_cov_11.199804	25	0.000008	0.005040
NODE_1692_length_31765_cov_11.199804	50	0.008504	0.130418
NODE_1692_length_31765_cov_11.199804	57	0.000311	0.029463
NODE_1692_length_31765_cov_11.199804	59	0.000002	0.003878
NODE_1692_length_31765_cov_11.199804	70	0.000002	0.003859
NODE_1692_length_31765_cov_11.199804	72	0.000002	0.003860
NODE_1692_length_31765_cov_11.199804	73	0.000050	0.015605
NODE_1692_length_31765_cov_11.199804	91	0.000004	0.004184
NODE_1692_length_31765_cov_11.199804	99	0.000004	0.004259
NODE_1692_length_31765_cov_11.199804	100	0.000152	0.020106
NODE_1692_length_31765_cov_11.199804	113	0.000125	0.019068
NODE_1692_length_31765_cov_11.199804	126	0.000053	0.014856
NODE_1692_length_31765_cov_11.199804	134	0.000002	0.003878
NODE_1692_length_31765_cov_11.199804	138	0.000051	0.015696
NODE_1692_length_31765_cov_11.199804	158	0.004749	0.098874
NODE_1694_length_31746_cov_20.070686	31623	0.000113	0.018595
NODE_1694_length_31746_cov_20.070686	31642	0.000103	0.018158
NODE_1694_length_31746_cov_20.070686	31647	0.000297	0.356382
NODE_1694_length_31746_cov_20.070686	31651	0.000007	0.004866
NODE_1694_length_31746_cov_20.070686	31653	0.006336	0.112910
NODE_1694_length_31746_cov_20.070686	31660	0.001214	0.049849
NODE_1694_length_31746_cov_20.070686	31666	0.000006	0.004552
NODE_1694_length_31746_cov_20.070686	31670	0.000006	0.004571
NODE_1694_length_31746_cov_20.070686	31681	0.000074	0.016165
NODE_1694_length_31746_cov_20.070686	31684	0.000007	0.004754
NODE_1694_length_31746_cov_20.070686	31688	0.000008	0.004957
NODE_171_length_67012_cov_14.567349	10	0.000013	0.005650
NODE_171_length_67012_cov_14.567349	26	0.000041	0.014355
NODE_171_length_67012_cov_14.567349	156	-0.000000	0.002960
NODE_177_length_66698_cov_9.876334	254	0.000064	0.009243
NODE_1795_length_31008_cov_8.722799	174	0.000207	0.021930
NODE_1803_length_30920_cov_12.387366	14608	0.000088	0.017496
NODE_1803_length_30920_cov_12.387366	14610	0.000531	0.037021
NODE_1803_length_30920_cov_12.387366	14612	0.000046	0.011393
NODE_1803_length_30920_cov_12.387366	14619	0.010354	0.144070
NODE_1803_length_30920_cov_12.387366	14658	0.071701	0.354888
NODE_1803_length_30920_cov_12.387366	14671	0.014883	0.171575
NODE_1803_length_30920_cov_12.387366	14683	0.001971	0.062808
NODE_1803_length_30920_cov_12.387366	14686	0.000006	0.004661
NODE_1803_length_30920_cov_12.387366	14687	0.082289	0.379262
NODE_1803_length_30920_cov_12.387366	14689	0.000068	0.015711
NODE_1820_length_30795_cov_70.596234	20599	0.000009	0.005182
NODE_1820_length_30795_cov_70.596234	20601	0.000135	0.019557
NODE_1820_length_30795_cov_70.596234	20602	0.000009	0.005111
NODE_1820_length_30795_cov_70.596234	20603	0.000008	0.004925
NODE_1820_length_30795_cov_70.596234	20605	0.000008	0.005007
NODE_1826_length_30770_cov_8.732679	20284	0.000133	0.019977
NODE_1826_length_30770_cov_8.732679	20287	0.000128	0.019776
NODE_1826_length_30770_cov_8.732679	20291	0.000802	0.045228
NODE_1826_length_30770_cov_8.732679	20300	0.000046	0.015362
NODE_1826_length_30770_cov_8.732679	20319	0.000041	0.015104
NODE_1826_length_30770_cov_8.732679	20328	0.010430	0.144755
NODE_1826_length_30770_cov_8.732679	20363	0.000740	0.043204
NODE_1826_length_30770_cov_8.732679	20367	0.000002	0.003849
NODE_1826_length_30770_cov_8.732679	20371	0.003550	0.086998
NODE_1826_length_30770_cov_8.732679	20372	0.000049	0.015395
NODE_1826_length_30770_cov_8.732679	20387	0.000108	0.018509
NODE_1826_length_30770_cov_8.732679	20389	0.000051	0.015469
NODE_1835_length_30674_cov_9.106525	25927	0.000024	0.006779
NODE_1835_length_30674_cov_9.106525	25930	0.000071	0.010230
NODE_1835_length_30674_cov_9.106525	25935	0.000999	0.045451
NODE_1835_length_30674_cov_9.106525	25940	0.006874	0.261909
NODE_1835_length_30674_cov_9.106525	25944	0.000306	0.024576
NODE_1835_length_30674_cov_9.106525	29336	0.000024	0.014139
NODE_1835_length_30674_cov_9.106525	29337	0.003984	0.093025
NODE_1835_length_30674_cov_9.106525	29339	-0.000001	0.002778
NODE_1835_length_30674_cov_9.106525	29351	0.000022	0.013727
NODE_1835_length_30674_cov_9.106525	29353	0.000011	0.009322
NODE_1835_length_30674_cov_9.106525	29360	0.000564	0.039534
NODE_1843_length_30640_cov_14.077077	28301	0.000074	0.015785
NODE_1843_length_30640_cov_14.077077	28303	0.004191	0.091298
NODE_1843_length_30640_cov_14.077077	28304	0.000014	0.006160
NODE_1843_length_30640_cov_14.077077	28313	0.000005	0.004492
NODE_1843_length_30640_cov_14.077077	28314	0.000085	0.017334
NODE_1843_length_30640_cov_14.077077	28320	0.000090	0.017559
NODE_1843_length_30640_cov_14.077077	28343	0.001495	0.055696
NODE_1844_length_30635_cov_9.458606	2503	0.000034	0.007538
NODE_1848_length_30606_cov_7.733176	3513	0.000001	0.003599
NODE_1848_length_30606_cov_7.733176	3523	0.000001	0.003403
NODE_1848_length_30606_cov_7.733176	3574	0.004375	0.096310
NODE_1848_length_30606_cov_7.733176	3589	0.000001	0.003638
NODE_1848_length_30606_cov_7.733176	3597	0.000006	0.004612
NODE_1864_length_30503_cov_9.525359	20356	0.000320	0.026199
NODE_1865_length_30502_cov_16.331875	422	0.000076	0.009734
NODE_1891_length_30402_cov_8.238953	12769	0.000096	0.017238
NODE_1891_length_30402_cov_8.238953	12772	0.000483	0.036063
NODE_1891_length_30402_cov_8.238953	12791	0.000067	0.016492
NODE_1891_length_30402_cov_8.238953	12804	0.000035	0.014783
NODE_1891_length_30402_cov_8.238953	12815	0.009284	0.137510
NODE_1891_length_30402_cov_8.238953	12817	0.008872	0.134811
NODE_1891_length_30402_cov_8.238953	12821	0.000000	0.003238
NODE_1891_length_30402_cov_8.238953	12825	0.000000	0.003195
NODE_1891_length_30402_cov_8.238953	12839	0.000000	0.003147
NODE_1891_length_30402_cov_8.238953	12863	0.009222	0.137120
NODE_1891_length_30402_cov_8.238953	12864	0.000001	0.003419
NODE_189_length_64672_cov_18.952457	24750	0.000007	0.004857
NODE_189_length_64672_cov_18.952457	24753	0.001708	0.058627
NODE_189_length_64672_cov_18.952457	24762	0.000055	0.015876
NODE_189_length_64672_cov_18.952457	24903	-0.000000	0.003061
NODE_189_length_64672_cov_18.952457	24909	0.000031	0.014488
NODE_189_length_64672_cov_18.952457	24913	0.000001	0.003481
NODE_189_length_64672_cov_18.952457	24914	0.000001	0.003502
NODE_189_length_64672_cov_18.952457	24918	0.000001	0.003552
NODE_1917_length_30279_cov_46.369848	8007	0.000011	0.005356
NODE_1917_length_30279_cov_46.369848	8015	0.000005	0.004433
NODE_1917_length_30279_cov_46.369848	8016	0.000725	0.041164
NODE_1917_length_30279_cov_46.369848	8028	0.000003	0.003946
NODE_1917_length_30279_cov_46.369848	8038	0.000002	0.003653
NODE_1917_length_30279_cov_46.369848	8044	0.000001	0.003463
NODE_1917_length_30279_cov_46.369848	8045	0.000001	0.003446
NODE_1917_length_30279_cov_46.369848	8046	0.000028	0.010977
NODE_1917_length_30279_cov_46.369848	8070	0.000011	0.007684
NODE_1937_length_30181_cov_13.450435	9566	0.000316	0.025939
NODE_1937_length_30181_cov_13.450435	9614	0.000006	0.004698
NODE_1937_length_30181_cov_13.450435	9624	0.000036	0.010794
NODE_1937_length_30181_cov_13.450435	9626	0.000004	0.004205
NODE_1937_length_30181_cov_13.450435	9627	0.000005	0.004508
NODE_1937_length_30181_cov_13.450435	9683	0.000867	0.044315
NODE_1937_length_30181_cov_13.450435	9706	0.000077	0.016959
NODE_1937_length_30181_cov_13.450435	9716	0.000007	0.004773
NODE_1944_length_30132_cov_38.051876	20077	0.000103	0.018168
NODE_1944_length_30132_cov_38.051876	20097	0.000007	0.004791
NODE_1944_length_30132_cov_38.051876	20107	0.000008	0.004932
NODE_1944_length_30132_cov_38.051876	20131	0.000008	0.004920
NODE_1944_length_30132_cov_38.051876	20135	0.000087	0.017425
NODE_1944_length_30132_cov_38.051876	20147	0.000087	0.017478
NODE_1944_length_30132_cov_38.051876	20178	0.000009	0.005105
NODE_1944_length_30132_cov_38.051876	20181	0.000645	0.038928
NODE_1944_length_30132_cov_38.051876	20216	0.000010	0.005198
NODE_1944_length_30132_cov_38.051876	20217	0.001754	0.059470
NODE_1944_length_30132_cov_38.051876	20219	0.000007	0.004779
NODE_1944_length_30132_cov_38.051876	20248	0.000009	0.005194
NODE_1944_length_30132_cov_38.051876	20257	0.000009	0.005073
NODE_1944_length_30132_cov_38.051876	20260	0.000010	0.005205
NODE_1944_length_30132_cov_38.051876	20273	0.000092	0.017697
NODE_1944_length_30132_cov_38.051876	20274	0.000029	0.008283
NODE_1944_length_30132_cov_38.051876	20297	0.000567	0.037911
NODE_1944_length_30132_cov_38.051876	20312	0.000458	0.032476
NODE_1944_length_30132_cov_38.051876	20315	0.000130	0.019288
NODE_1944_length_30132_cov_38.051876	20318	0.000122	0.018952
NODE_1944_length_30132_cov_38.051876	20345	0.004358	0.091926
NODE_1944_length_30132_cov_38.051876	20350	0.000016	0.005962
NODE_1944_length_30132_cov_38.051876	20352	0.001595	0.056864
NODE_1944_length_30132_cov_38.051876	20362	0.000015	0.005932
NODE_1957_length_30034_cov_8.687055	16952	0.001067	0.044682
NODE_1982_length_29947_cov_10.274491	29885	0.009719	0.139677
NODE_1982_length_29947_cov_10.274491	29891	0.000371	0.032063
NODE_1982_length_29947_cov_10.274491	29893	0.000004	0.004286
NODE_1982_length_29947_cov_10.274491	29914	0.000053	0.015785
NODE_1982_length_29947_cov_10.274491	29924	0.000004	0.004238
NODE_1991_length_29901_cov_10.539762	153	0.000006	0.004718
NODE_1991_length_29901_cov_10.539762	172	0.000071	0.016677
NODE_1991_length_29901_cov_10.539762	189	0.000081	0.017197
NODE_1991_length_29901_cov_10.539762	195	0.000074	0.016820
NODE_1991_length_29901_cov_10.539762	199	0.000068	0.009790
NODE_1991_length_29901_cov_10.539762	204	0.007199	0.389957
NODE_1991_length_29901_cov_10.539762	416	0.000011	0.005386
NODE_1991_length_29901_cov_10.539762	422	0.000011	0.005332
NODE_1991_length_29901_cov_10.539762	425	0.000575	0.038080
NODE_1991_length_29901_cov_10.539762	432	0.000019	0.006361
NODE_1991_length_29901_cov_10.539762	433	0.000013	0.005653
NODE_1991_length_29901_cov_10.539762	441	0.000013	0.005623
NODE_1991_length_29901_cov_10.539762	449	0.000249	0.022543
NODE_1991_length_29901_cov_10.539762	462	0.000023	0.006674
NODE_203_length_63137_cov_13.353945	3903	0.000006	0.004625
NODE_203_length_63137_cov_13.353945	3913	0.002483	0.071954
NODE_203_length_63137_cov_13.353945	3977	0.000030	0.013748
NODE_203_length_63137_cov_13.353945	3980	0.000000	0.003330
NODE_203_length_63137_cov_13.353945	4003	0.000001	0.003416
NODE_203_length_63137_cov_13.353945	4034	0.000006	0.004606
NODE_203_length_63137_cov_13.353945	4041	0.000295	0.022784
NODE_203_length_63137_cov_13.353945	4049	0.000023	0.006703
NODE_203_length_63137_cov_13.353945	4056	0.000279	0.023950
NODE_2051_length_29623_cov_36.753556	6384	0.059754	0.437646
NODE_2062_length_29589_cov_7.634215	11	0.000059	0.016111
NODE_2110_length_29338_cov_10.996683	7701	0.000009	0.005180
NODE_2110_length_29338_cov_10.996683	7702	0.000009	0.005189
NODE_2110_length_29338_cov_10.996683	7715	0.000006	0.004679
NODE_2110_length_29338_cov_10.996683	7723	0.000454	0.035189
NODE_2110_length_29338_cov_10.996683	7733	0.000006	0.004603
NODE_2110_length_29338_cov_10.996683	7735	0.007248	0.121317
NODE_2110_length_29338_cov_10.996683	7750	0.000006	0.004559
NODE_2110_length_29338_cov_10.996683	7762	0.000007	0.004797
NODE_2110_length_29338_cov_10.996683	7765	0.000084	0.017056
NODE_2118_length_29303_cov_7.974593	29205	0.000009	0.005079
NODE_2138_length_29192_cov_26.276493	26536	0.000002	0.003891
NODE_2138_length_29192_cov_26.276493	26578	0.027657	0.226502
NODE_2138_length_29192_cov_26.276493	26591	0.078850	0.372092
NODE_2138_length_29192_cov_26.276493	26609	0.000011	0.005618
NODE_2150_length_29113_cov_10.707417	20162	0.000058	0.016036
NODE_2150_length_29113_cov_10.707417	20174	0.000062	0.016258
NODE_2150_length_29113_cov_10.707417	20196	0.000059	0.016093
NODE_2150_length_29113_cov_10.707417	20207	0.000050	0.014501
NODE_2155_length_29093_cov_67.849659	22392	0.000051	0.013042
NODE_2155_length_29093_cov_67.849659	23326	0.000005	0.004435
NODE_2155_length_29093_cov_67.849659	23328	0.000056	0.012938
NODE_2164_length_29041_cov_10.503628	3010	0.002961	0.074840
NODE_2164_length_29041_cov_10.503628	3019	0.001071	0.049790
NODE_2164_length_29041_cov_10.503628	3024	0.000009	0.005176
NODE_2164_length_29041_cov_10.503628	3035	0.025549	0.220014
NODE_2164_length_29041_cov_10.503628	3036	0.000015	0.005869
NODE_2164_length_29041_cov_10.503628	3041	0.000481	0.036003
NODE_2164_length_29041_cov_10.503628	3056	0.000009	0.005163
NODE_2164_length_29041_cov_10.503628	3057	0.000120	0.018903
NODE_2176_length_28996_cov_11.229055	28904	0.000009	0.005159
NODE_2176_length_28996_cov_11.229055	28928	0.000008	0.005032
NODE_2211_length_28802_cov_8.293210	9416	0.000013	0.005702
NODE_2229_length_28727_cov_8.447394	28626	0.003939	0.079567
NODE_2229_length_28727_cov_8.447394	28711	-0.002378	0.341331
NODE_2237_length_28690_cov_8.928754	28608	0.005383	0.107456
NODE_2237_length_28690_cov_8.928754	28628	-0.000001	0.002907
NODE_2237_length_28690_cov_8.928754	28634	0.063130	0.427500
NODE_2237_length_28690_cov_8.928754	28672	0.000002	0.003718
NODE_2242_length_28652_cov_12.485133	7930	0.000601	0.039805
NODE_2242_length_28652_cov_12.485133	7936	0.016527	0.180369
NODE_2242_length_28652_cov_12.485133	7944	0.000443	0.035242
NODE_2242_length_28652_cov_12.485133	7949	0.000001	0.003378
NODE_2242_length_28652_cov_12.485133	7950	0.057289	0.376389
NODE_2242_length_28652_cov_12.485133	7961	0.000018	0.008162
NODE_2242_length_28652_cov_12.485133	7963	0.000040	0.015102
NODE_2242_length_28652_cov_12.485133	7966	0.022570	0.208839
NODE_2242_length_28652_cov_12.485133	7968	0.002076	0.066916
NODE_2285_length_28429_cov_6.374938	21	0.056929	0.317086
NODE_2310_length_28303_cov_15.114097	4445	0.001196	0.037743
NODE_2310_length_28303_cov_15.114097	4448	0.000004	0.004246
NODE_2310_length_28303_cov_15.114097	4450	0.000003	0.004029
NODE_2310_length_28303_cov_15.114097	4451	0.000015	0.006985
NODE_2310_length_28303_cov_15.114097	4471	-0.000456	0.480252
NODE_2310_length_28303_cov_15.114097	4472	0.001300	0.055273
NODE_2310_length_28303_cov_15.114097	4473	0.000000	0.003216
NODE_2310_length_28303_cov_15.114097	4479	0.000058	0.016114
NODE_2310_length_28303_cov_15.114097	4483	0.000054	0.015891
NODE_2310_length_28303_cov_15.114097	4490	0.001286	0.054865
NODE_2338_length_28177_cov_9.889023	14818	0.000006	0.004586
NODE_2338_length_28177_cov_9.889023	14828	0.006934	0.118414
NODE_2338_length_28177_cov_9.889023	14842	0.000004	0.004155
NODE_2338_length_28177_cov_9.889023	14849	0.000005	0.004493
NODE_233_length_61140_cov_12.562491	61044	0.000004	0.004308
NODE_233_length_61140_cov_12.562491	61045	0.000010	0.005553
NODE_233_length_61140_cov_12.562491	61052	0.000001	0.003611
NODE_233_length_61140_cov_12.562491	61062	0.000339	0.031622
NODE_233_length_61140_cov_12.562491	61065	0.000001	0.003523
NODE_233_length_61140_cov_12.562491	61114	0.000004	0.004204
NODE_2341_length_28164_cov_26.659184	3343	0.000011	0.006922
NODE_2341_length_28164_cov_26.659184	3353	0.000001	0.003436
NODE_2341_length_28164_cov_26.659184	3358	0.000346	0.032342
NODE_2341_length_28164_cov_26.659184	3388	0.000227	0.024994
NODE_2341_length_28164_cov_26.659184	3392	0.001199	0.054091
NODE_2341_length_28164_cov_26.659184	3396	0.000003	0.004455
NODE_2341_length_28164_cov_26.659184	3462	0.000003	0.004109
NODE_2349_length_28134_cov_14.305975	27786	0.029162	0.462061
NODE_2353_length_28107_cov_61.481862	768	0.000893	0.041484
NODE_2353_length_28107_cov_61.481862	802	0.028793	0.221661
NODE_2353_length_28107_cov_61.481862	808	0.000003	0.004051
NODE_2353_length_28107_cov_61.481862	812	0.000002	0.003834
NODE_2353_length_28107_cov_61.481862	24020	0.000913	0.047047
NODE_2353_length_28107_cov_61.481862	24026	0.006833	0.494867
NODE_2353_length_28107_cov_61.481862	24055	0.000626	0.039123
NODE_2353_length_28107_cov_61.481862	24063	0.000079	0.017072
NODE_2353_length_28107_cov_61.481862	24067	0.000080	0.017123
NODE_2353_length_28107_cov_61.481862	24079	0.005142	0.102778
NODE_2353_length_28107_cov_61.481862	24094	0.001546	0.056682
NODE_2353_length_28107_cov_61.481862	24101	0.000011	0.005340
NODE_2353_length_28107_cov_61.481862	24150	0.000052	0.015740
NODE_2353_length_28107_cov_61.481862	24163	0.000035	0.011114
NODE_2353_length_28107_cov_61.481862	24171	0.000046	0.015373
NODE_2353_length_28107_cov_61.481862	24178	0.000325	0.030253
NODE_2353_length_28107_cov_61.481862	24190	0.000002	0.003891
NODE_2353_length_28107_cov_61.481862	24198	0.000389	0.033530
NODE_2353_length_28107_cov_61.481862	24200	0.000050	0.015420
NODE_2353_length_28107_cov_61.481862	24203	0.000382	0.033236
NODE_2353_length_28107_cov_61.481862	24222	0.000005	0.004531
NODE_2353_length_28107_cov_61.481862	24227	0.000713	0.041776
NODE_2353_length_28107_cov_61.481862	24232	0.000082	0.017241
NODE_2353_length_28107_cov_61.481862	28089	0.000007	0.004746
NODE_2353_length_28107_cov_61.481862	28093	0.000102	0.018134
NODE_2360_length_28081_cov_8.690051	27055	0.000006	0.004722
NODE_2360_length_28081_cov_8.690051	27077	0.000107	0.018613
NODE_2360_length_28081_cov_8.690051	27081	0.000498	0.036562
NODE_2360_length_28081_cov_8.690051	27085	0.000004	0.004171
NODE_2360_length_28081_cov_8.690051	27094	0.000051	0.015693
NODE_2360_length_28081_cov_8.690051	27111	0.000003	0.004028
NODE_2432_length_27777_cov_16.119084	16707	0.000002	0.003865
NODE_2432_length_27777_cov_16.119084	16710	0.000007	0.005153
NODE_2432_length_27777_cov_16.119084	16728	0.002561	0.072291
NODE_2460_length_27664_cov_7.084854	27	0.000032	0.014602
NODE_2460_length_27664_cov_7.084854	29	0.000061	0.014452
NODE_2460_length_27664_cov_7.084854	30	0.000033	0.014571
NODE_2460_length_27664_cov_7.084854	53	0.000018	0.013724
NODE_2460_length_27664_cov_7.084854	60	-0.000001	0.002687
NODE_2460_length_27664_cov_7.084854	61	0.000001	0.003489
NODE_2460_length_27664_cov_7.084854	66	-0.000001	0.002706
NODE_2460_length_27664_cov_7.084854	74	-0.000001	0.002876
NODE_2460_length_27664_cov_7.084854	75	-0.000001	0.002856
NODE_2460_length_27664_cov_7.084854	77	0.000020	0.013103
NODE_2460_length_27664_cov_7.084854	84	0.000001	0.003367
NODE_2460_length_27664_cov_7.084854	95	0.000030	0.013760
NODE_2460_length_27664_cov_7.084854	96	0.000001	0.003332
NODE_2460_length_27664_cov_7.084854	99	0.000001	0.003527
NODE_2460_length_27664_cov_7.084854	100	0.002455	0.345605
NODE_2460_length_27664_cov_7.084854	110	0.000002	0.003679
NODE_2461_length_27662_cov_15.922831	15539	0.000602	0.038885
NODE_2461_length_27662_cov_15.922831	15559	0.008570	0.131316
NODE_2461_length_27662_cov_15.922831	15579	0.070025	0.350629
NODE_2461_length_27662_cov_15.922831	15587	-0.000976	0.498239
NODE_2461_length_27662_cov_15.922831	15613	0.014321	0.491633
NODE_2461_length_27662_cov_15.922831	15620	0.000039	0.009088
NODE_2470_length_27622_cov_28.836101	3465	0.000819	0.028608
NODE_2470_length_27622_cov_28.836101	3472	0.000001	0.003463
NODE_2470_length_27622_cov_28.836101	3477	0.000000	0.003291
NODE_2470_length_27622_cov_28.836101	3479	0.000000	0.003219
NODE_2470_length_27622_cov_28.836101	3480	0.000340	0.032139
NODE_2470_length_27622_cov_28.836101	3481	0.000001	0.003341
NODE_2470_length_27622_cov_28.836101	3486	0.000000	0.003206
NODE_2470_length_27622_cov_28.836101	3488	0.000001	0.003553
NODE_2470_length_27622_cov_28.836101	3489	0.000248	0.027001
NODE_2470_length_27622_cov_28.836101	3491	0.000000	0.003151
NODE_2470_length_27622_cov_28.836101	3492	0.000000	0.003151
NODE_2470_length_27622_cov_28.836101	3494	-0.000000	0.003030
NODE_2470_length_27622_cov_28.836101	3502	-0.000000	0.002960
NODE_2470_length_27622_cov_28.836101	3508	-0.000000	0.003098
NODE_2470_length_27622_cov_28.836101	3509	-0.000001	0.002867
NODE_2470_length_27622_cov_28.836101	3524	-0.000001	0.002825
NODE_2470_length_27622_cov_28.836101	3540	0.000008	0.007432
NODE_2470_length_27622_cov_28.836101	3557	0.000162	0.021915
NODE_2470_length_27622_cov_28.836101	3563	-0.000001	0.002868
NODE_2470_length_27622_cov_28.836101	3584	0.000023	0.012645
NODE_2470_length_27622_cov_28.836101	3586	0.000033	0.013943
NODE_2470_length_27622_cov_28.836101	3596	0.000813	0.045399
NODE_2470_length_27622_cov_28.836101	3600	0.000003	0.003938
NODE_2470_length_27622_cov_28.836101	3610	0.000770	0.041296
NODE_2473_length_27609_cov_7.727953	27567	0.000001	0.003359
NODE_2473_length_27609_cov_7.727953	27568	0.086803	0.470169
NODE_2473_length_27609_cov_7.727953	27570	0.080505	0.376410
NODE_2477_length_27599_cov_17.219927	23078	0.000091	0.017770
NODE_2477_length_27599_cov_17.219927	23082	0.002520	0.252157
NODE_2477_length_27599_cov_17.219927	23107	0.000000	0.003271
NODE_2477_length_27599_cov_17.219927	23151	0.000002	0.003817
NODE_2477_length_27599_cov_17.219927	23163	0.000024	0.014161
NODE_2477_length_27599_cov_17.219927	23265	0.000041	0.015167
NODE_2477_length_27599_cov_17.219927	23266	0.000066	0.016437
NODE_2498_length_27484_cov_9.981340	56	0.022462	0.206469
NODE_2498_length_27484_cov_9.981340	57	0.000011	0.005392
NODE_2498_length_27484_cov_9.981340	59	0.000110	0.018470
NODE_2498_length_27484_cov_9.981340	63	0.000011	0.005382
NODE_2498_length_27484_cov_9.981340	67	0.000012	0.005528
NODE_2498_length_27484_cov_9.981340	72	0.000010	0.005319
NODE_2498_length_27484_cov_9.981340	74	0.000110	0.018477
NODE_2498_length_27484_cov_9.981340	80	0.000126	0.019122
NODE_2498_length_27484_cov_9.981340	81	0.000012	0.005547
NODE_2500_length_27481_cov_6.632569	5284	0.000003	0.003929
NODE_2503_length_27474_cov_15.234849	1901	0.000001	0.003579
NODE_2503_length_27474_cov_15.234849	1902	0.000002	0.003692
NODE_2503_length_27474_cov_15.234849	1926	0.000001	0.003395
NODE_2503_length_27474_cov_15.234849	1933	-0.000000	0.002926
NODE_2503_length_27474_cov_15.234849	1952	0.000025	0.014194
NODE_2503_length_27474_cov_15.234849	2007	0.000415	0.034303
NODE_2503_length_27474_cov_15.234849	2008	0.000003	0.004031
NODE_2503_length_27474_cov_15.234849	2009	0.000003	0.004064
NODE_2503_length_27474_cov_15.234849	2010	0.000004	0.004286
NODE_2503_length_27474_cov_15.234849	2011	0.000005	0.004464
NODE_2503_length_27474_cov_15.234849	2013	0.000469	0.034931
NODE_2503_length_27474_cov_15.234849	2041	0.005826	0.107109
NODE_2503_length_27474_cov_15.234849	2056	0.000010	0.005293
NODE_2503_length_27474_cov_15.234849	2063	0.000109	0.018425
NODE_2513_length_27425_cov_6.951951	123	-0.000011	0.011715
NODE_2513_length_27425_cov_6.951951	131	-0.000005	0.003927
NODE_2520_length_27392_cov_6.512146	12	0.043379	0.275749
NODE_2520_length_27392_cov_6.512146	20	0.001209	0.050801
NODE_2520_length_27392_cov_6.512146	29	0.017840	0.221146
NODE_2520_length_27392_cov_6.512146	153	0.000837	0.043555
NODE_2520_length_27392_cov_6.512146	154	0.000013	0.005654
NODE_2520_length_27392_cov_6.512146	155	0.002059	0.496929
NODE_2520_length_27392_cov_6.512146	168	0.021312	0.202023
NODE_2520_length_27392_cov_6.512146	172	0.002521	0.070050
NODE_253_length_59905_cov_11.416146	208	0.000005	0.004483
NODE_253_length_59905_cov_11.416146	235	0.000006	0.004662
NODE_253_length_59905_cov_11.416146	247	0.000012	0.005583
NODE_253_length_59905_cov_11.416146	249	0.000213	0.022119
NODE_253_length_59905_cov_11.416146	250	0.000009	0.005124
NODE_253_length_59905_cov_11.416146	253	0.025501	0.219616
NODE_253_length_59905_cov_11.416146	255	0.000081	0.017141
NODE_253_length_59905_cov_11.416146	257	0.000078	0.017041
NODE_253_length_59905_cov_11.416146	266	0.000065	0.013826
NODE_253_length_59905_cov_11.416146	287	0.000082	0.017218
NODE_253_length_59905_cov_11.416146	293	0.000009	0.005147
NODE_2547_length_27266_cov_19.768506	6028	0.000006	0.004576
NODE_2547_length_27266_cov_19.768506	6029	0.000042	0.015171
NODE_2547_length_27266_cov_19.768506	6031	0.000328	0.031009
NODE_2547_length_27266_cov_19.768506	6035	0.000001	0.003604
NODE_2552_length_27263_cov_15.121006	10032	0.000022	0.006565
NODE_2552_length_27263_cov_15.121006	10049	0.000006	0.004592
NODE_2552_length_27263_cov_15.121006	10058	0.000071	0.016716
NODE_2552_length_27263_cov_15.121006	10067	0.000068	0.016555
NODE_2552_length_27263_cov_15.121006	10072	0.000005	0.004517
NODE_2552_length_27263_cov_15.121006	10081	0.000062	0.016234
NODE_2552_length_27263_cov_15.121006	10091	0.000461	0.035542
NODE_2552_length_27263_cov_15.121006	10100	0.000089	0.017569
NODE_2552_length_27263_cov_15.121006	10102	0.000086	0.017388
NODE_2583_length_27148_cov_7.373175	21988	0.004745	0.098402
NODE_2583_length_27148_cov_7.373175	22006	0.000338	0.029844
NODE_2583_length_27148_cov_7.373175	22009	0.000004	0.004353
NODE_2583_length_27148_cov_7.373175	22010	0.000077	0.016969
NODE_2583_length_27148_cov_7.373175	22017	0.000004	0.004342
NODE_2583_length_27148_cov_7.373175	22027	0.000085	0.017318
NODE_2586_length_27123_cov_39.049253	24107	0.000056	0.015916
NODE_2586_length_27123_cov_39.049253	24118	0.002202	0.496867
NODE_2586_length_27123_cov_39.049253	24119	0.000764	0.044510
NODE_2586_length_27123_cov_39.049253	24126	0.000356	0.032521
NODE_2586_length_27123_cov_39.049253	24143	0.000003	0.003973
NODE_2586_length_27123_cov_39.049253	24144	0.000002	0.003719
NODE_2586_length_27123_cov_39.049253	24158	0.000036	0.014815
NODE_2586_length_27123_cov_39.049253	24161	0.073476	0.359764
NODE_2586_length_27123_cov_39.049253	24183	0.000001	0.003391
NODE_2590_length_27115_cov_11.406944	13889	0.000056	0.015916
NODE_2590_length_27115_cov_11.406944	13908	0.000060	0.014855
NODE_2590_length_27115_cov_11.406944	13916	0.000044	0.015299
NODE_2590_length_27115_cov_11.406944	13935	0.000002	0.003687
NODE_2590_length_27115_cov_11.406944	13939	0.006835	0.119502
NODE_2590_length_27115_cov_11.406944	13962	0.000002	0.003852
NODE_2590_length_27115_cov_11.406944	13969	0.000055	0.015899
NODE_2590_length_27115_cov_11.406944	13978	0.000024	0.008520
NODE_2590_length_27115_cov_11.406944	13979	0.000062	0.016119
NODE_2590_length_27115_cov_11.406944	13980	0.000003	0.004129
NODE_2605_length_27036_cov_15.337900	12620	0.000003	0.003938
NODE_2605_length_27036_cov_15.337900	12682	0.025319	0.220243
NODE_2605_length_27036_cov_15.337900	12689	0.007034	0.120135
NODE_2605_length_27036_cov_15.337900	12708	0.000001	0.003614
NODE_2605_length_27036_cov_15.337900	12714	0.000039	0.012712
NODE_2605_length_27036_cov_15.337900	12718	0.004212	0.093725
NODE_2605_length_27036_cov_15.337900	12739	0.000004	0.004325
NODE_2605_length_27036_cov_15.337900	12743	0.000031	0.009105
NODE_2626_length_26940_cov_36.254648	1283	0.000069	0.016592
NODE_2626_length_26940_cov_36.254648	1330	0.000003	0.004016
NODE_2626_length_26940_cov_36.254648	1331	0.001643	0.061021
NODE_2626_length_26940_cov_36.254648	1333	0.000002	0.003813
NODE_2626_length_26940_cov_36.254648	1334	0.001935	0.057505
NODE_2626_length_26940_cov_36.254648	1338	0.000002	0.003800
NODE_2626_length_26940_cov_36.254648	1346	0.004822	0.099867
NODE_2626_length_26940_cov_36.254648	1384	0.012976	0.159542
NODE_2626_length_26940_cov_36.254648	1385	0.000143	0.020650
NODE_2626_length_26940_cov_36.254648	1387	0.000213	0.024153
NODE_2626_length_26940_cov_36.254648	1397	0.000003	0.003926
NODE_2634_length_26907_cov_11.219300	26751	0.009379	0.130432
NODE_2634_length_26907_cov_11.219300	26776	0.000026	0.006955
NODE_2634_length_26907_cov_11.219300	26778	0.000186	0.021265
NODE_2634_length_26907_cov_11.219300	26779	0.009027	0.135534
NODE_2634_length_26907_cov_11.219300	26785	0.000016	0.006029
NODE_2634_length_26907_cov_11.219300	26803	0.000011	0.005335
NODE_2634_length_26907_cov_11.219300	26808	0.000104	0.018201
NODE_2634_length_26907_cov_11.219300	26825	0.000002	0.003889
NODE_2634_length_26907_cov_11.219300	26840	0.000001	0.003571
NODE_2634_length_26907_cov_11.219300	26844	0.000001	0.003538
NODE_2634_length_26907_cov_11.219300	26861	0.000026	0.010990
NODE_2634_length_26907_cov_11.219300	26891	0.000005	0.004525
NODE_2634_length_26907_cov_11.219300	26893	0.000009	0.005143
NODE_2636_length_26906_cov_10.587421	32	0.000687	0.040121
NODE_2636_length_26906_cov_10.587421	39	0.000466	0.035649
NODE_2636_length_26906_cov_10.587421	52	0.000064	0.016360
NODE_2636_length_26906_cov_10.587421	53	0.000435	0.034871
NODE_2636_length_26906_cov_10.587421	59	0.000059	0.016113
NODE_2636_length_26906_cov_10.587421	68	0.000003	0.003981
NODE_2636_length_26906_cov_10.587421	95	0.000002	0.003730
NODE_2636_length_26906_cov_10.587421	102	0.000793	0.044958
NODE_2636_length_26906_cov_10.587421	105	0.000760	0.044161
NODE_2636_length_26906_cov_10.587421	114	0.000050	0.015553
NODE_2636_length_26906_cov_10.587421	119	0.000051	0.015471
NODE_2636_length_26906_cov_10.587421	134	0.000003	0.004155
NODE_2636_length_26906_cov_10.587421	141	0.000445	0.035041
NODE_264_length_58948_cov_9.224626	57333	0.000002	0.003813
NODE_264_length_58948_cov_9.224626	57345	0.000331	0.029254
NODE_264_length_58948_cov_9.224626	57355	0.000045	0.015141
NODE_264_length_58948_cov_9.224626	57370	0.004854	0.101290
NODE_264_length_58948_cov_9.224626	57377	0.081876	0.378943
NODE_264_length_58948_cov_9.224626	57379	0.000380	0.033310
NODE_264_length_58948_cov_9.224626	57382	0.002237	0.069257
NODE_264_length_58948_cov_9.224626	57398	0.000002	0.003804
NODE_264_length_58948_cov_9.224626	57407	0.000002	0.003912
NODE_264_length_58948_cov_9.224626	57419	0.000007	0.004825
NODE_264_length_58948_cov_9.224626	57420	0.000006	0.004568
NODE_2654_length_26841_cov_8.364333	17579	0.000011	0.005419
NODE_2654_length_26841_cov_8.364333	17590	0.013805	0.166520
NODE_2654_length_26841_cov_8.364333	17605	0.000005	0.004529
NODE_2654_length_26841_cov_8.364333	17626	0.000073	0.016805
NODE_2654_length_26841_cov_8.364333	17635	0.011423	0.150297
NODE_2654_length_26841_cov_8.364333	17647	0.000098	0.017956
NODE_2654_length_26841_cov_8.364333	17674	0.000021	0.006533
NODE_265_length_58841_cov_10.591638	39252	0.001427	0.051411
NODE_2680_length_26729_cov_15.854074	16283	0.000503	0.036162
NODE_2680_length_26729_cov_15.854074	16286	0.000004	0.004240
NODE_2680_length_26729_cov_15.854074	16310	0.000003	0.003939
NODE_2680_length_26729_cov_15.854074	16312	0.000047	0.015425
NODE_2680_length_26729_cov_15.854074	16334	0.019187	0.193904
NODE_2680_length_26729_cov_15.854074	16359	0.000002	0.003704
NODE_2680_length_26729_cov_15.854074	16379	0.000002	0.003800
NODE_2680_length_26729_cov_15.854074	16382	0.000001	0.003442
NODE_2680_length_26729_cov_15.854074	16390	0.000001	0.003623
NODE_2680_length_26729_cov_15.854074	16393	0.000001	0.003488
NODE_2680_length_26729_cov_15.854074	16397	0.000002	0.003674
NODE_2680_length_26729_cov_15.854074	16403	0.000001	0.003647
NODE_2680_length_26729_cov_15.854074	16422	0.004944	0.101198
NODE_2680_length_26729_cov_15.854074	16424	0.000042	0.014998
NODE_2680_length_26729_cov_15.854074	16425	0.007577	0.125084
NODE_2680_length_26729_cov_15.854074	16438	0.000002	0.003789
NODE_2680_length_26729_cov_15.854074	16444	0.000003	0.004024
NODE_2680_length_26729_cov_15.854074	16448	0.000030	0.010783
NODE_2680_length_26729_cov_15.854074	16449	0.000003	0.003983
NODE_2680_length_26729_cov_15.854074	16451	0.000057	0.015951
NODE_2680_length_26729_cov_15.854074	16464	0.000004	0.004155
NODE_2680_length_26729_cov_15.854074	16466	0.000050	0.013325
NODE_2680_length_26729_cov_15.854074	16476	0.000016	0.006015
NODE_2680_length_26729_cov_15.854074	16480	0.074082	0.360864
NODE_2680_length_26729_cov_15.854074	16486	0.000010	0.005226
NODE_2680_length_26729_cov_15.854074	16488	0.000040	0.009461
NODE_2699_length_26643_cov_19.777615	1813	0.000002	0.003822
NODE_2699_length_26643_cov_19.777615	1814	0.000013	0.006476
NODE_2699_length_26643_cov_19.777615	1815	0.003938	0.083335
NODE_2699_length_26643_cov_19.777615	1816	0.024116	0.475592
NODE_2699_length_26643_cov_19.777615	1987	0.065758	0.330058
NODE_2699_length_26643_cov_19.777615	1993	0.000147	0.017857
NODE_2702_length_26634_cov_8.340117	26499	0.000279	0.023948
NODE_2702_length_26634_cov_8.340117	26572	0.000233	0.022699
NODE_2702_length_26634_cov_8.340117	26579	0.000232	0.022654
NODE_2702_length_26634_cov_8.340117	26583	0.000037	0.007792
NODE_2722_length_26556_cov_14.709604	15896	0.000413	0.034277
NODE_2722_length_26556_cov_14.709604	15903	0.000002	0.003835
NODE_2722_length_26556_cov_14.709604	15904	0.000002	0.003838
NODE_2722_length_26556_cov_14.709604	15912	0.000049	0.015366
NODE_2722_length_26556_cov_14.709604	15925	0.000002	0.003766
NODE_2722_length_26556_cov_14.709604	15941	0.000002	0.003780
NODE_2722_length_26556_cov_14.709604	15971	0.000002	0.003767
NODE_2722_length_26556_cov_14.709604	15972	0.000047	0.015322
NODE_2722_length_26556_cov_14.709604	15973	0.000002	0.003909
NODE_2764_length_26400_cov_7.576366	26000	0.000005	0.004369
NODE_2764_length_26400_cov_7.576366	26003	0.166620	0.425851
NODE_2784_length_26355_cov_9.213970	14	0.000087	0.017463
NODE_2784_length_26355_cov_9.213970	23	0.000006	0.004682
NODE_2784_length_26355_cov_9.213970	44	0.000004	0.004327
NODE_2784_length_26355_cov_9.213970	59	0.000004	0.004303
NODE_2784_length_26355_cov_9.213970	82	0.000066	0.016465
NODE_2784_length_26355_cov_9.213970	98	0.000006	0.004666
NODE_2784_length_26355_cov_9.213970	100	0.000675	0.031501
NODE_2784_length_26355_cov_9.213970	115	0.000006	0.004665
NODE_2784_length_26355_cov_9.213970	116	0.000009	0.005144
NODE_2784_length_26355_cov_9.213970	117	0.000082	0.016564
NODE_2789_length_26345_cov_8.074183	18	0.000181	0.021094
NODE_2789_length_26345_cov_8.074183	46	0.000164	0.020534
NODE_2789_length_26345_cov_8.074183	49	0.000780	0.041662
NODE_2789_length_26345_cov_8.074183	65	0.001001	0.044511
NODE_2789_length_26345_cov_8.074183	67	0.000157	0.020266
NODE_2789_length_26345_cov_8.074183	70	0.000021	0.006554
NODE_281_length_57631_cov_10.236025	57466	0.000051	0.008626
NODE_281_length_57631_cov_10.236025	57468	0.000415	0.026998
NODE_281_length_57631_cov_10.236025	57472	0.000050	0.008559
NODE_281_length_57631_cov_10.236025	57477	0.000055	0.008795
NODE_281_length_57631_cov_10.236025	57482	0.000467	0.028011
NODE_281_length_57631_cov_10.236025	57489	0.000050	0.008526
NODE_281_length_57631_cov_10.236025	57507	0.006109	0.103268
NODE_281_length_57631_cov_10.236025	57511	0.000047	0.008378
NODE_281_length_57631_cov_10.236025	57525	0.000435	0.027399
NODE_281_length_57631_cov_10.236025	57529	0.000434	0.027367
NODE_283_length_57298_cov_11.615745	55901	0.000032	0.008252
NODE_283_length_57298_cov_11.615745	55921	0.000054	0.015452
NODE_283_length_57298_cov_11.615745	55922	0.000245	0.024862
NODE_283_length_57298_cov_11.615745	55923	0.000825	0.045651
NODE_283_length_57298_cov_11.615745	55924	0.000052	0.015710
NODE_283_length_57298_cov_11.615745	55928	0.000002	0.003917
NODE_283_length_57298_cov_11.615745	55935	0.000018	0.007678
NODE_283_length_57298_cov_11.615745	56012	0.000001	0.003385
NODE_283_length_57298_cov_11.615745	56013	0.000540	0.038541
NODE_283_length_57298_cov_11.615745	56015	0.001523	0.059269
NODE_283_length_57298_cov_11.615745	56016	-0.000000	0.003051
NODE_283_length_57298_cov_11.615745	56021	0.000276	0.028948
NODE_283_length_57298_cov_11.615745	56069	0.000039	0.014963
NODE_2852_length_26054_cov_10.423233	320	0.000089	0.017531
NODE_2862_length_26020_cov_7.456078	16026	0.001059	0.048287
NODE_2862_length_26020_cov_7.456078	16031	0.000010	0.005201
NODE_2862_length_26020_cov_7.456078	16036	0.000008	0.004931
NODE_2862_length_26020_cov_7.456078	16055	0.000075	0.016888
NODE_2862_length_26020_cov_7.456078	16061	0.000100	0.018036
NODE_2862_length_26020_cov_7.456078	16067	0.000097	0.017908
NODE_2876_length_25980_cov_82.342297	4447	0.001035	0.045944
NODE_2876_length_25980_cov_82.342297	4459	0.000621	0.039178
NODE_2876_length_25980_cov_82.342297	4708	0.013741	0.112103
NODE_2876_length_25980_cov_82.342297	4756	0.000017	0.006112
NODE_289_length_56837_cov_8.634319	162	0.079949	0.375105
NODE_289_length_56837_cov_8.634319	163	-0.000005	0.004109
NODE_289_length_56837_cov_8.634319	171	-0.000001	0.001187
NODE_2905_length_25868_cov_9.979394	1223	0.000004	0.004311
NODE_2909_length_25857_cov_9.810700	5248	0.000198	0.019397
NODE_2909_length_25857_cov_9.810700	5263	0.001800	0.344255
NODE_2909_length_25857_cov_9.810700	5272	0.000886	0.040198
NODE_2909_length_25857_cov_9.810700	5280	0.000032	0.007434
NODE_2909_length_25857_cov_9.810700	5327	0.030838	0.460135
NODE_2909_length_25857_cov_9.810700	5329	0.005805	0.106231
NODE_2909_length_25857_cov_9.810700	5350	0.000017	0.006100
NODE_2909_length_25857_cov_9.810700	5353	-0.000868	0.134501
NODE_2909_length_25857_cov_9.810700	5385	0.000215	0.022189
NODE_2909_length_25857_cov_9.810700	5397	-0.000954	0.143161
NODE_2910_length_25854_cov_9.928130	3111	0.000013	0.005704
NODE_2910_length_25854_cov_9.928130	3119	0.000112	0.018560
NODE_2910_length_25854_cov_9.928130	3120	0.000011	0.005454
NODE_2914_length_25837_cov_14.880877	19465	0.000008	0.004952
NODE_2914_length_25837_cov_14.880877	19471	0.017618	0.184685
NODE_2914_length_25837_cov_14.880877	19472	0.000007	0.004841
NODE_2914_length_25837_cov_14.880877	19486	0.000065	0.016392
NODE_2914_length_25837_cov_14.880877	19526	0.000026	0.007598
NODE_2914_length_25837_cov_14.880877	19569	0.000105	0.018772
NODE_2914_length_25837_cov_14.880877	19571	0.000001	0.003412
NODE_2914_length_25837_cov_14.880877	19575	0.084285	0.444920
NODE_2914_length_25837_cov_14.880877	19581	0.000599	0.034139
NODE_2914_length_25837_cov_14.880877	19587	0.003504	0.084109
NODE_2920_length_25806_cov_6.982456	25711	0.000004	0.004316
NODE_2920_length_25806_cov_6.982456	25715	-0.000233	0.497919
NODE_2920_length_25806_cov_6.982456	25725	0.000003	0.003947
NODE_2920_length_25806_cov_6.982456	25726	0.043955	0.281338
NODE_2920_length_25806_cov_6.982456	25731	0.000423	0.034544
NODE_2920_length_25806_cov_6.982456	25732	0.000059	0.016109
NODE_2920_length_25806_cov_6.982456	25735	0.000003	0.004056
NODE_2920_length_25806_cov_6.982456	25736	0.000003	0.004006
NODE_2930_length_25773_cov_9.479980	129	0.006637	0.083062
NODE_2953_length_25685_cov_14.703392	5238	0.000065	0.016213
NODE_2953_length_25685_cov_14.703392	5259	0.000075	0.016887
NODE_2953_length_25685_cov_14.703392	5316	0.000002	0.003660
NODE_2953_length_25685_cov_14.703392	5319	0.000042	0.015193
NODE_2953_length_25685_cov_14.703392	5360	0.005279	0.105918
NODE_2953_length_25685_cov_14.703392	5403	0.018559	0.392788
NODE_2963_length_25656_cov_80.075713	4856	0.000037	0.014912
NODE_2963_length_25656_cov_80.075713	4860	0.000039	0.014990
NODE_2963_length_25656_cov_80.075713	4880	-0.000000	0.003130
NODE_2963_length_25656_cov_80.075713	9138	0.077006	0.368163
NODE_2963_length_25656_cov_80.075713	9139	0.111673	0.526587
NODE_2963_length_25656_cov_80.075713	9323	0.010830	0.147886
NODE_2963_length_25656_cov_80.075713	9338	0.000001	0.003501
NODE_2963_length_25656_cov_80.075713	9343	0.000002	0.003712
NODE_2963_length_25656_cov_80.075713	9344	0.030216	0.237744
NODE_2963_length_25656_cov_80.075713	9347	0.005273	0.495541
NODE_2970_length_25636_cov_21.339860	1188	-0.000001	0.002896
NODE_2970_length_25636_cov_21.339860	1199	0.000294	0.030662
NODE_2970_length_25636_cov_21.339860	1207	0.000549	0.039256
NODE_2970_length_25636_cov_21.339860	1212	-0.000001	0.002839
NODE_2970_length_25636_cov_21.339860	1237	-0.000000	0.003093
NODE_2970_length_25636_cov_21.339860	1264	0.000000	0.003269
NODE_2970_length_25636_cov_21.339860	1285	0.021094	0.201963
NODE_2970_length_25636_cov_21.339860	1287	0.000039	0.015037
NODE_2970_length_25636_cov_21.339860	1293	0.000003	0.004076
NODE_2970_length_25636_cov_21.339860	1294	0.000004	0.004192
NODE_2970_length_25636_cov_21.339860	1295	0.000431	0.034662
NODE_2983_length_25578_cov_38.112642	8623	0.121508	0.265365
NODE_2994_length_25532_cov_6.957221	14088	0.015197	0.171882
NODE_2994_length_25532_cov_6.957221	14109	0.000009	0.005181
NODE_2994_length_25532_cov_6.957221	14110	0.013006	0.492201
NODE_299_length_56443_cov_11.001384	8067	0.020415	0.198891
NODE_299_length_56443_cov_11.001384	8075	0.000003	0.003964
NODE_299_length_56443_cov_11.001384	8084	0.000056	0.015929
NODE_299_length_56443_cov_11.001384	8085	0.035092	0.253986
NODE_29_length_99217_cov_8.798896	76	0.000018	0.006178
NODE_29_length_99217_cov_8.798896	81	0.001844	0.059373
NODE_29_length_99217_cov_8.798896	92	0.008910	0.486710
NODE_29_length_99217_cov_8.798896	126	0.000320	0.024938
NODE_302_length_56160_cov_10.227645	56027	0.000062	0.016228
NODE_302_length_56160_cov_10.227645	56061	0.064625	0.469905
NODE_302_length_56160_cov_10.227645	56077	0.000060	0.016167
NODE_302_length_56160_cov_10.227645	56089	0.000405	0.034076
NODE_302_length_56160_cov_10.227645	56090	0.000003	0.004087
NODE_302_length_56160_cov_10.227645	56094	0.000002	0.003889
NODE_302_length_56160_cov_10.227645	56100	0.002404	0.069331
NODE_302_length_56160_cov_10.227645	56123	0.000012	0.005738
NODE_302_length_56160_cov_10.227645	56137	0.000127	0.019302
NODE_302_length_56160_cov_10.227645	56138	0.000101	0.018036
NODE_302_length_56160_cov_10.227645	56139	0.000077	0.016753
NODE_302_length_56160_cov_10.227645	56141	0.000007	0.004755
NODE_305_length_56079_cov_8.244069	8947	0.000458	0.032626
NODE_305_length_56079_cov_8.244069	8948	0.013923	0.157095
NODE_307_length_56078_cov_44.759517	31960	0.091254	0.394847
NODE_307_length_56078_cov_44.759517	31961	0.001660	0.060977
NODE_3112_length_25041_cov_9.656724	23559	0.000010	0.005226
NODE_3112_length_25041_cov_9.656724	23569	0.000126	0.019103
NODE_3112_length_25041_cov_9.656724	23571	0.068180	0.343867
NODE_3112_length_25041_cov_9.656724	23572	0.000018	0.006178
NODE_3112_length_25041_cov_9.656724	23576	0.001991	0.062418
NODE_3112_length_25041_cov_9.656724	24816	0.000591	0.038975
NODE_3112_length_25041_cov_9.656724	24817	0.004373	0.096305
NODE_3120_length_25024_cov_27.733641	978	0.018998	0.189696
NODE_3120_length_25024_cov_27.733641	987	0.000065	0.013182
NODE_3120_length_25024_cov_27.733641	988	0.000092	0.017691
NODE_3120_length_25024_cov_27.733641	1012	0.000060	0.015800
NODE_3120_length_25024_cov_27.733641	1051	0.000003	0.004099
NODE_3120_length_25024_cov_27.733641	1057	0.006733	0.488673
NODE_3120_length_25024_cov_27.733641	1087	0.000000	0.003187
NODE_3120_length_25024_cov_27.733641	1090	0.000001	0.003406
NODE_3120_length_25024_cov_27.733641	1091	0.003740	0.087814
NODE_3120_length_25024_cov_27.733641	1101	0.000002	0.003747
NODE_3135_length_24977_cov_31.117614	5388	0.000025	0.009038
NODE_3135_length_24977_cov_31.117614	5394	0.000402	0.033983
NODE_3135_length_24977_cov_31.117614	5397	0.000294	0.028647
NODE_3135_length_24977_cov_31.117614	5400	0.000002	0.003790
NODE_3135_length_24977_cov_31.117614	5408	0.000621	0.040746
NODE_3135_length_24977_cov_31.117614	5417	0.000532	0.037293
NODE_3135_length_24977_cov_31.117614	5421	0.000033	0.014669
NODE_3135_length_24977_cov_31.117614	5433	0.044757	0.285009
NODE_3135_length_24977_cov_31.117614	5439	0.000034	0.014685
NODE_3135_length_24977_cov_31.117614	5440	0.000998	0.047710
NODE_3135_length_24977_cov_31.117614	5453	0.000596	0.039924
NODE_3135_length_24977_cov_31.117614	5500	0.000009	0.005469
NODE_3135_length_24977_cov_31.117614	5508	0.000003	0.003980
NODE_3137_length_24973_cov_11.043017	2589	0.000021	0.006524
NODE_3137_length_24973_cov_11.043017	2592	0.000160	0.020392
NODE_3137_length_24973_cov_11.043017	2601	0.061474	0.354573
NODE_3137_length_24973_cov_11.043017	2603	0.062027	0.359062
NODE_3137_length_24973_cov_11.043017	2607	0.000150	0.019922
NODE_3137_length_24973_cov_11.043017	2612	0.080894	0.499102
NODE_3137_length_24973_cov_11.043017	2621	0.000159	0.020383
NODE_3137_length_24973_cov_11.043017	2634	0.000020	0.006399
NODE_3137_length_24973_cov_11.043017	2641	0.000020	0.006435
NODE_3137_length_24973_cov_11.043017	2645	0.004633	0.094318
NODE_3137_length_24973_cov_11.043017	2655	0.000137	0.019557
NODE_3137_length_24973_cov_11.043017	2661	0.000116	0.018708
NODE_3137_length_24973_cov_11.043017	2663	0.000596	0.038526
NODE_3137_length_24973_cov_11.043017	2674	0.001288	0.047296
NODE_3137_length_24973_cov_11.043017	2675	0.000087	0.013661
NODE_3137_length_24973_cov_11.043017	2676	0.000016	0.006044
NODE_3137_length_24973_cov_11.043017	2683	0.000147	0.019819
NODE_3137_length_24973_cov_11.043017	2697	0.000018	0.006217
NODE_3137_length_24973_cov_11.043017	2713	0.001925	0.061619
NODE_3137_length_24973_cov_11.043017	2741	0.000017	0.006139
NODE_3139_length_24973_cov_7.522634	24873	0.000006	0.004647
NODE_3139_length_24973_cov_7.522634	24874	0.001511	0.042124
NODE_3139_length_24973_cov_7.522634	24875	0.000008	0.004993
NODE_3139_length_24973_cov_7.522634	24882	0.000073	0.016806
NODE_3139_length_24973_cov_7.522634	24896	0.000067	0.016508
NODE_3139_length_24973_cov_7.522634	24904	0.000003	0.004141
NODE_3139_length_24973_cov_7.522634	24917	0.000062	0.015184
NODE_3139_length_24973_cov_7.522634	24946	0.000011	0.005419
NODE_3139_length_24973_cov_7.522634	24948	0.000011	0.005416
NODE_3173_length_24871_cov_51.906144	6956	0.003126	0.079424
NODE_3173_length_24871_cov_51.906144	6963	0.000011	0.005341
NODE_3173_length_24871_cov_51.906144	6985	0.000011	0.005441
NODE_3173_length_24871_cov_51.906144	6992	0.000011	0.005393
NODE_3173_length_24871_cov_51.906144	7003	0.000100	0.017688
NODE_3193_length_24820_cov_7.337244	41	-0.000001	0.002816
NODE_3193_length_24820_cov_7.337244	48	0.000024	0.014127
NODE_3193_length_24820_cov_7.337244	70	0.000016	0.008227
NODE_3193_length_24820_cov_7.337244	71	0.002632	0.075262
NODE_3193_length_24820_cov_7.337244	80	0.002053	0.067525
NODE_3193_length_24820_cov_7.337244	82	0.000000	0.003169
NODE_3203_length_24774_cov_9.551165	3	0.000225	0.024560
NODE_3203_length_24774_cov_9.551165	4	0.000011	0.005669
NODE_3203_length_24774_cov_9.551165	7	-0.001198	0.497972
NODE_3203_length_24774_cov_9.551165	60	0.214869	0.574535
NODE_3203_length_24774_cov_9.551165	67	-0.000001	0.002367
NODE_3203_length_24774_cov_9.551165	71	-0.000001	0.002374
NODE_3203_length_24774_cov_9.551165	78	-0.000001	0.002563
NODE_3203_length_24774_cov_9.551165	83	0.000015	0.013470
NODE_3203_length_24774_cov_9.551165	86	0.000036	0.014840
NODE_3203_length_24774_cov_9.551165	87	0.000001	0.003512
NODE_3203_length_24774_cov_9.551165	89	0.002076	0.458110
NODE_3203_length_24774_cov_9.551165	90	0.000001	0.003567
NODE_3215_length_24744_cov_26.280706	2533	0.005328	0.495517
NODE_3231_length_24695_cov_34.928200	9172	0.000010	0.005207
NODE_3231_length_24695_cov_34.928200	9195	0.000079	0.017079
NODE_3231_length_24695_cov_34.928200	9210	0.000006	0.004598
NODE_3231_length_24695_cov_34.928200	9220	0.000070	0.016666
NODE_3231_length_24695_cov_34.928200	9231	0.001100	0.050161
NODE_3231_length_24695_cov_34.928200	9244	0.000008	0.004928
NODE_3231_length_24695_cov_34.928200	9250	0.000087	0.017455
NODE_3231_length_24695_cov_34.928200	16818	0.077829	0.370281
NODE_3231_length_24695_cov_34.928200	16841	0.003590	0.090716
NODE_3231_length_24695_cov_34.928200	16853	0.000667	0.041821
NODE_3231_length_24695_cov_34.928200	17033	0.082241	0.379834
NODE_3240_length_24668_cov_20.697383	15608	0.000055	0.015805
NODE_3240_length_24668_cov_20.697383	15614	0.000004	0.004195
NODE_3240_length_24668_cov_20.697383	15616	0.000003	0.004076
NODE_3245_length_24653_cov_8.975198	18235	0.014646	0.168733
NODE_3245_length_24653_cov_8.975198	18244	0.000455	0.032294
NODE_3245_length_24653_cov_8.975198	18245	0.046204	0.284916
NODE_3245_length_24653_cov_8.975198	18253	0.000015	0.006192
NODE_3247_length_24645_cov_8.272020	22879	0.000341	0.028826
NODE_324_length_55178_cov_10.537936	181	0.000011	0.005441
NODE_324_length_55178_cov_10.537936	199	0.016510	0.490685
NODE_324_length_55178_cov_10.537936	200	0.000027	0.007015
NODE_324_length_55178_cov_10.537936	201	0.000020	0.006415
NODE_324_length_55178_cov_10.537936	205	0.014077	0.491738
NODE_3256_length_24610_cov_12.215046	24492	0.000395	0.032723
NODE_3256_length_24610_cov_12.215046	24509	0.006186	0.108999
NODE_3256_length_24610_cov_12.215046	24511	0.000232	0.021320
NODE_3256_length_24610_cov_12.215046	24517	0.000840	0.045804
NODE_3256_length_24610_cov_12.215046	24586	0.000002	0.003859
NODE_3279_length_24549_cov_50.766258	1045	0.080134	0.375615
NODE_3279_length_24549_cov_50.766258	1076	0.159220	0.506571
NODE_3279_length_24549_cov_50.766258	1246	-0.000001	0.002531
NODE_3279_length_24549_cov_50.766258	1248	0.000913	0.047436
NODE_3279_length_24549_cov_50.766258	1257	0.000018	0.013775
NODE_3279_length_24549_cov_50.766258	1258	0.000007	0.007673
NODE_3279_length_24549_cov_50.766258	1260	0.000054	0.015488
NODE_3279_length_24549_cov_50.766258	1265	0.000435	0.034473
NODE_3279_length_24549_cov_50.766258	1278	0.000019	0.010578
NODE_3279_length_24549_cov_50.766258	1281	0.038425	0.514451
NODE_3279_length_24549_cov_50.766258	1286	0.000051	0.015421
NODE_3284_length_24523_cov_22.353382	21377	0.000048	0.010808
NODE_3284_length_24523_cov_22.353382	21379	0.000005	0.004425
NODE_3284_length_24523_cov_22.353382	21389	0.000010	0.005199
NODE_3297_length_24489_cov_58.398237	20460	0.000006	0.004591
NODE_3297_length_24489_cov_58.398237	20498	0.000003	0.004063
NODE_3297_length_24489_cov_58.398237	20503	0.000003	0.004148
NODE_3297_length_24489_cov_58.398237	20510	0.000004	0.004311
NODE_3297_length_24489_cov_58.398237	20511	0.000003	0.004103
NODE_3297_length_24489_cov_58.398237	22777	0.000001	0.003499
NODE_3300_length_24484_cov_38.545089	4309	0.000006	0.004576
NODE_3300_length_24484_cov_38.545089	4314	0.000501	0.036384
NODE_3300_length_24484_cov_38.545089	4315	0.000011	0.005344
NODE_3300_length_24484_cov_38.545089	4318	0.000008	0.004965
NODE_3300_length_24484_cov_38.545089	4326	0.000528	0.037100
NODE_3300_length_24484_cov_38.545089	4327	0.000485	0.036099
NODE_3300_length_24484_cov_38.545089	4334	0.000076	0.014775
NODE_3300_length_24484_cov_38.545089	4342	0.000010	0.005298
NODE_3300_length_24484_cov_38.545089	4344	0.000581	0.038234
NODE_3300_length_24484_cov_38.545089	5256	0.000004	0.004182
NODE_3300_length_24484_cov_38.545089	5263	0.000003	0.004074
NODE_3300_length_24484_cov_38.545089	5330	0.009998	0.142046
NODE_3300_length_24484_cov_38.545089	5331	0.000002	0.003779
NODE_3312_length_24438_cov_9.201035	24333	0.000058	0.010370
NODE_3312_length_24438_cov_9.201035	24339	0.000102	0.010678
NODE_3312_length_24438_cov_9.201035	24419	0.000220	0.022138
NODE_3325_length_24400_cov_8.277396	92	0.000063	0.015431
NODE_3325_length_24400_cov_8.277396	100	0.000542	0.100946
NODE_3325_length_24400_cov_8.277396	118	0.000006	0.004622
NODE_3331_length_24386_cov_29.495697	17857	0.000903	0.059905
NODE_3331_length_24386_cov_29.495697	18069	0.000001	0.003461
NODE_3331_length_24386_cov_29.495697	18076	0.000001	0.003550
NODE_3331_length_24386_cov_29.495697	18078	0.000038	0.014971
NODE_3336_length_24366_cov_7.893229	24297	0.000034	0.009708
NODE_3336_length_24366_cov_7.893229	24303	0.004486	0.096295
NODE_3336_length_24366_cov_7.893229	24304	0.049127	0.475799
NODE_3336_length_24366_cov_7.893229	24305	0.000083	0.017247
NODE_3336_length_24366_cov_7.893229	24309	0.000503	0.035438
NODE_3336_length_24366_cov_7.893229	24313	0.006972	0.119221
NODE_3336_length_24366_cov_7.893229	24328	0.000085	0.016654
NODE_3336_length_24366_cov_7.893229	24329	0.000089	0.016695
NODE_334_length_54832_cov_9.236914	447	0.007504	0.123781
NODE_334_length_54832_cov_9.236914	448	0.000071	0.016600
NODE_334_length_54832_cov_9.236914	449	0.002941	0.068729
NODE_334_length_54832_cov_9.236914	456	0.000439	0.034984
NODE_334_length_54832_cov_9.236914	459	0.000025	0.009042
NODE_334_length_54832_cov_9.236914	465	0.000894	0.046870
NODE_334_length_54832_cov_9.236914	467	0.000043	0.012892
NODE_334_length_54832_cov_9.236914	482	0.000102	0.017611
NODE_3367_length_24267_cov_8.551970	8120	0.000570	0.038004
NODE_3367_length_24267_cov_8.551970	8122	0.000524	0.037014
NODE_3367_length_24267_cov_8.551970	8125	0.000093	0.017739
NODE_3367_length_24267_cov_8.551970	8126	0.076792	0.367450
NODE_3367_length_24267_cov_8.551970	8140	0.000011	0.005393
NODE_3388_length_24203_cov_105.679389	2699	0.000004	0.004299
NODE_3388_length_24203_cov_105.679389	2703	0.000010	0.005681
NODE_3388_length_24203_cov_105.679389	2712	0.000114	0.015757
NODE_3388_length_24203_cov_105.679389	2730	0.000004	0.004194
NODE_3388_length_24203_cov_105.679389	2740	0.000001	0.003589
NODE_3388_length_24203_cov_105.679389	2746	0.000038	0.014066
NODE_3388_length_24203_cov_105.679389	2761	0.000012	0.006620
NODE_3388_length_24203_cov_105.679389	2775	0.000014	0.007666
NODE_3388_length_24203_cov_105.679389	2777	0.000001	0.003645
NODE_3388_length_24203_cov_105.679389	2784	0.007553	0.124405
NODE_3388_length_24203_cov_105.679389	2790	0.000001	0.003519
NODE_3388_length_24203_cov_105.679389	2804	0.000002	0.003779
NODE_3388_length_24203_cov_105.679389	2805	0.000002	0.003763
NODE_3388_length_24203_cov_105.679389	2823	0.000647	0.040630
NODE_3388_length_24203_cov_105.679389	9521	0.000006	0.004680
NODE_3388_length_24203_cov_105.679389	9522	0.000007	0.004779
NODE_3388_length_24203_cov_105.679389	9532	0.000071	0.016701
NODE_3388_length_24203_cov_105.679389	14094	-0.000001	0.002742
NODE_3388_length_24203_cov_105.679389	15435	0.000000	0.003176
NODE_3388_length_24203_cov_105.679389	15488	0.000013	0.009483
NODE_3405_length_24155_cov_21.479839	2240	0.033698	0.517960
NODE_3405_length_24155_cov_21.479839	2241	0.000002	0.003764
NODE_3405_length_24155_cov_21.479839	2250	0.001188	0.051701
NODE_3405_length_24155_cov_21.479839	2272	0.003442	0.085801
NODE_3405_length_24155_cov_21.479839	2284	0.000001	0.003589
NODE_3405_length_24155_cov_21.479839	2292	0.000001	0.003343
NODE_3405_length_24155_cov_21.479839	2298	0.000000	0.003159
NODE_3405_length_24155_cov_21.479839	2299	0.000027	0.014348
NODE_3405_length_24155_cov_21.479839	2313	0.000001	0.003437
NODE_3405_length_24155_cov_21.479839	2328	0.000038	0.014952
NODE_3405_length_24155_cov_21.479839	2329	0.000034	0.014716
NODE_3405_length_24155_cov_21.479839	2336	0.000027	0.012345
NODE_3417_length_24120_cov_12.082386	18083	0.000000	0.003294
NODE_3417_length_24120_cov_12.082386	18168	0.000005	0.004411
NODE_3424_length_24100_cov_11.722345	4271	0.000717	0.043589
NODE_3424_length_24100_cov_11.722345	4272	0.000040	0.015042
NODE_3424_length_24100_cov_11.722345	4276	0.000002	0.003800
NODE_3424_length_24100_cov_11.722345	4283	0.000358	0.032723
NODE_3424_length_24100_cov_11.722345	4285	0.000001	0.003621
NODE_3425_length_24099_cov_6.842500	23064	0.000009	0.005146
NODE_3425_length_24099_cov_6.842500	23201	0.000943	0.047646
NODE_3425_length_24099_cov_6.842500	23204	0.000467	0.035692
NODE_3425_length_24099_cov_6.842500	23212	0.000009	0.005138
NODE_3433_length_24072_cov_49.095649	8686	0.000905	0.047191
NODE_3433_length_24072_cov_49.095649	8706	0.016888	0.182402
NODE_3433_length_24072_cov_49.095649	14370	0.010369	0.142667
NODE_3433_length_24072_cov_49.095649	14382	0.010244	0.141459
NODE_3433_length_24072_cov_49.095649	14389	-0.000680	0.498112
NODE_3433_length_24072_cov_49.095649	14417	0.000013	0.005657
NODE_345_length_54376_cov_11.650920	54234	0.051365	0.307771
NODE_3498_length_23824_cov_31.525269	102	0.000026	0.006949
NODE_3498_length_23824_cov_31.525269	110	0.000207	0.021927
NODE_3498_length_23824_cov_31.525269	115	0.000269	0.023684
NODE_3498_length_23824_cov_31.525269	116	0.000024	0.006769
NODE_3498_length_23824_cov_31.525269	130	0.000053	0.008706
NODE_3498_length_23824_cov_31.525269	135	0.000179	0.021062
NODE_3500_length_23814_cov_20.449715	17021	0.025193	0.476810
NODE_3500_length_23814_cov_20.449715	17022	0.000089	0.017556
NODE_3500_length_23814_cov_20.449715	17045	0.000004	0.004309
NODE_3500_length_23814_cov_20.449715	17234	0.000843	0.043090
NODE_3507_length_23773_cov_25.324744	2822	0.004312	0.096613
NODE_3507_length_23773_cov_25.324744	2858	0.000525	0.038398
NODE_3507_length_23773_cov_25.324744	17897	0.014902	0.491382
NODE_3507_length_23773_cov_25.324744	17907	0.011381	0.150481
NODE_3507_length_23773_cov_25.324744	17914	0.000006	0.004658
NODE_3507_length_23773_cov_25.324744	17919	0.000008	0.004984
NODE_3507_length_23773_cov_25.324744	17930	0.076546	0.366927
NODE_3507_length_23773_cov_25.324744	18029	0.000383	0.033456
NODE_3507_length_23773_cov_25.324744	18041	0.000683	0.042727
NODE_3507_length_23773_cov_25.324744	18061	0.000074	0.016858
NODE_3507_length_23773_cov_25.324744	18397	0.000021	0.006504
NODE_3507_length_23773_cov_25.324744	18402	0.078487	0.370369
NODE_3508_length_23767_cov_7.519689	169	0.000025	0.014143
NODE_3544_length_23661_cov_10.307656	91	0.000040	0.007958
NODE_3544_length_23661_cov_10.307656	100	0.000032	0.007444
NODE_3544_length_23661_cov_10.307656	103	0.000032	0.007431
NODE_3544_length_23661_cov_10.307656	104	0.000266	0.023588
NODE_3544_length_23661_cov_10.307656	110	0.000240	0.022602
NODE_3544_length_23661_cov_10.307656	113	0.000230	0.022600
NODE_3544_length_23661_cov_10.307656	158	0.000242	0.022931
NODE_3552_length_23647_cov_31.433030	3580	0.000036	0.014853
NODE_3552_length_23647_cov_31.433030	3591	0.000001	0.003449
NODE_3552_length_23647_cov_31.433030	3593	-0.001452	0.498446
NODE_3552_length_23647_cov_31.433030	3605	-0.000000	0.007404
NODE_3558_length_23623_cov_9.826263	23533	0.000005	0.004445
NODE_3558_length_23623_cov_9.826263	23537	0.000391	0.032961
NODE_3558_length_23623_cov_9.826263	23538	0.000003	0.004128
NODE_3558_length_23623_cov_9.826263	23559	0.000002	0.003915
NODE_3558_length_23623_cov_9.826263	23570	0.000051	0.015646
NODE_3558_length_23623_cov_9.826263	23587	0.080469	0.376143
NODE_3558_length_23623_cov_9.826263	23589	0.082539	0.379991
NODE_3558_length_23623_cov_9.826263	23592	0.000003	0.003992
NODE_3558_length_23623_cov_9.826263	23594	0.000002	0.003908
NODE_3558_length_23623_cov_9.826263	23609	0.000002	0.003915
NODE_3568_length_23578_cov_31.880957	23422	0.000067	0.016163
NODE_3568_length_23578_cov_31.880957	23440	0.000034	0.014720
NODE_3568_length_23578_cov_31.880957	23457	0.158850	0.505931
NODE_3568_length_23578_cov_31.880957	23531	-0.000001	0.002752
NODE_358_length_53806_cov_11.625170	53378	0.000265	0.023569
NODE_358_length_53806_cov_11.625170	53406	0.001179	0.048066
NODE_358_length_53806_cov_11.625170	53431	0.000289	0.024181
NODE_3591_length_23512_cov_13.533336	155	0.000013	0.005703
NODE_3591_length_23512_cov_13.533336	156	0.000018	0.006207
NODE_3591_length_23512_cov_13.533336	174	0.000011	0.005352
NODE_3605_length_23467_cov_55.908336	12869	0.000551	0.038672
NODE_3605_length_23467_cov_55.908336	12871	0.000514	0.037485
NODE_3605_length_23467_cov_55.908336	12879	0.001454	0.057183
NODE_3605_length_23467_cov_55.908336	12880	0.014857	0.172312
NODE_3605_length_23467_cov_55.908336	12908	-0.000000	0.002944
NODE_3605_length_23467_cov_55.908336	12911	0.000260	0.028346
NODE_3605_length_23467_cov_55.908336	12933	-0.000001	0.002866
NODE_3605_length_23467_cov_55.908336	12934	0.000012	0.010441
NODE_3605_length_23467_cov_55.908336	12935	-0.000001	0.002760
NODE_3605_length_23467_cov_55.908336	12947	0.000014	0.009577
NODE_3605_length_23467_cov_55.908336	12948	-0.000000	0.003006
NODE_3605_length_23467_cov_55.908336	12949	0.000024	0.014158
NODE_3605_length_23467_cov_55.908336	12957	0.015036	0.173019
NODE_3605_length_23467_cov_55.908336	12980	0.000001	0.003349
NODE_3605_length_23467_cov_55.908336	12983	0.000031	0.013629
NODE_3605_length_23467_cov_55.908336	12992	0.000002	0.003858
NODE_3605_length_23467_cov_55.908336	13010	0.000057	0.015992
NODE_3605_length_23467_cov_55.908336	18299	0.000014	0.005771
NODE_3605_length_23467_cov_55.908336	18320	0.000021	0.006529
NODE_3605_length_23467_cov_55.908336	18321	0.000146	0.019905
NODE_3605_length_23467_cov_55.908336	18329	0.000550	0.037230
NODE_3605_length_23467_cov_55.908336	18539	0.000008	0.004909
NODE_3605_length_23467_cov_55.908336	18574	0.000091	0.017623
NODE_3605_length_23467_cov_55.908336	18575	0.009197	0.134935
NODE_3605_length_23467_cov_55.908336	18582	0.000317	0.027544
NODE_3621_length_23423_cov_7.711756	23350	0.000051	0.015684
NODE_3621_length_23423_cov_7.711756	23366	0.000050	0.015593
NODE_3621_length_23423_cov_7.711756	23383	0.015726	0.491026
NODE_3621_length_23423_cov_7.711756	23390	0.000060	0.016127
NODE_3621_length_23423_cov_7.711756	23391	0.000062	0.016202
NODE_3639_length_23380_cov_10.701259	12	0.046361	0.290101
NODE_3639_length_23380_cov_10.701259	25	0.000057	0.016002
NODE_3639_length_23380_cov_10.701259	46	0.000390	0.033650
NODE_3639_length_23380_cov_10.701259	49	0.000002	0.003857
NODE_3639_length_23380_cov_10.701259	54	0.000012	0.006696
NODE_3639_length_23380_cov_10.701259	62	0.000003	0.004022
NODE_3639_length_23380_cov_10.701259	78	0.000054	0.015809
NODE_3644_length_23361_cov_23.933153	19901	0.000023	0.008795
NODE_3644_length_23361_cov_23.933153	19909	0.000095	0.016009
NODE_3644_length_23361_cov_23.933153	19910	0.000041	0.011757
NODE_3647_length_23359_cov_7.610963	23265	0.000028	0.007162
NODE_3647_length_23359_cov_7.610963	23270	0.000023	0.006654
NODE_3647_length_23359_cov_7.610963	23291	0.057683	0.316053
NODE_3647_length_23359_cov_7.610963	23292	0.000316	0.026210
NODE_3647_length_23359_cov_7.610963	23294	0.000146	0.018857
NODE_3647_length_23359_cov_7.610963	23295	0.000142	0.018730
NODE_3738_length_23093_cov_7.648039	6332	0.018910	0.189989
NODE_3738_length_23093_cov_7.648039	6333	0.070764	0.360249
NODE_3747_length_23062_cov_9.084527	22061	0.000110	0.016978
NODE_3747_length_23062_cov_9.084527	22071	0.000014	0.005831
NODE_3747_length_23062_cov_9.084527	22101	0.000014	0.005790
NODE_3756_length_23046_cov_10.625659	6992	0.000005	0.004485
NODE_3756_length_23046_cov_10.625659	6997	0.000070	0.016346
NODE_3756_length_23046_cov_10.625659	7000	0.000005	0.004479
NODE_3756_length_23046_cov_10.625659	7026	0.000086	0.017399
NODE_3756_length_23046_cov_10.625659	8259	0.006902	0.494837
NODE_3785_length_22930_cov_125.079541	21584	-0.002379	0.341388
NODE_3785_length_22930_cov_125.079541	21598	0.000003	0.003934
NODE_3785_length_22930_cov_125.079541	21600	0.000002	0.003873
NODE_3785_length_22930_cov_125.079541	21604	0.000003	0.003948
NODE_3792_length_22911_cov_8.329870	2113	0.116709	0.258180
NODE_3792_length_22911_cov_8.329870	2114	0.088641	0.240638
NODE_3792_length_22911_cov_8.329870	3541	0.000003	0.004057
NODE_37_length_97759_cov_7.401137	990	0.000054	0.015831
NODE_37_length_97759_cov_7.401137	993	0.016923	0.182918
NODE_37_length_97759_cov_7.401137	1002	0.000443	0.034981
NODE_37_length_97759_cov_7.401137	1014	0.000110	0.018565
NODE_37_length_97759_cov_7.401137	1019	0.059516	0.322615
NODE_37_length_97759_cov_7.401137	1043	0.000013	0.005598
NODE_37_length_97759_cov_7.401137	1061	0.000015	0.005844
NODE_37_length_97759_cov_7.401137	1082	0.000012	0.005497
NODE_37_length_97759_cov_7.401137	1086	0.000014	0.005773
NODE_37_length_97759_cov_7.401137	1088	0.000678	0.040053
NODE_37_length_97759_cov_7.401137	1092	0.000015	0.005844
NODE_37_length_97759_cov_7.401137	1099	0.025552	0.218180
NODE_37_length_97759_cov_7.401137	1104	0.000141	0.019706
NODE_37_length_97759_cov_7.401137	1109	0.000017	0.006070
NODE_37_length_97759_cov_7.401137	1110	0.000017	0.006112
NODE_37_length_97759_cov_7.401137	1111	0.000015	0.005935
NODE_37_length_97759_cov_7.401137	1119	0.000016	0.006035
NODE_3804_length_22892_cov_24.240161	3547	0.000010	0.005269
NODE_3804_length_22892_cov_24.240161	4233	0.056619	0.432092
NODE_3804_length_22892_cov_24.240161	4241	0.000206	0.021905
NODE_3804_length_22892_cov_24.240161	4256	0.000024	0.006783
NODE_3804_length_22892_cov_24.240161	4267	0.015067	0.170035
NODE_3804_length_22892_cov_24.240161	4268	0.000021	0.006479
NODE_3815_length_22869_cov_42.569038	22783	0.000003	0.004005
NODE_3815_length_22869_cov_42.569038	22798	0.000034	0.014730
NODE_3815_length_22869_cov_42.569038	22801	0.000036	0.014788
NODE_3815_length_22869_cov_42.569038	22803	0.000001	0.003450
NODE_3815_length_22869_cov_42.569038	22806	0.000001	0.003417
NODE_3815_length_22869_cov_42.569038	22807	0.000001	0.003410
NODE_3815_length_22869_cov_42.569038	22820	0.000022	0.010790
NODE_3815_length_22869_cov_42.569038	22821	0.000329	0.031330
NODE_3815_length_22869_cov_42.569038	22833	0.000001	0.003591
NODE_3815_length_22869_cov_42.569038	22837	0.000002	0.003861
NODE_3815_length_22869_cov_42.569038	22851	0.000004	0.004327
NODE_3815_length_22869_cov_42.569038	22862	0.000114	0.018624
NODE_3815_length_22869_cov_42.569038	22863	0.000151	0.020077
NODE_3820_length_22864_cov_8.428684	39	0.000218	0.022280
NODE_3820_length_22864_cov_8.428684	40	0.000026	0.006930
NODE_3820_length_22864_cov_8.428684	42	0.000019	0.006318
NODE_3820_length_22864_cov_8.428684	46	0.000772	0.041825
NODE_3820_length_22864_cov_8.428684	47	0.000019	0.006282
NODE_3820_length_22864_cov_8.428684	70	0.004141	0.088575
NODE_3857_length_22784_cov_13.397355	5423	0.000377	0.030106
NODE_3857_length_22784_cov_13.397355	5444	0.000530	0.032757
NODE_3857_length_22784_cov_13.397355	5456	0.000105	0.018169
NODE_3878_length_22735_cov_14.330845	13699	0.015251	0.491231
NODE_3878_length_22735_cov_14.330845	13726	0.000011	0.005438
NODE_3878_length_22735_cov_14.330845	13730	0.023955	0.211963
NODE_3878_length_22735_cov_14.330845	13731	0.010569	0.144292
NODE_3878_length_22735_cov_14.330845	13763	0.000092	0.017682
NODE_3878_length_22735_cov_14.330845	13769	0.000007	0.004788
NODE_3878_length_22735_cov_14.330845	13770	0.000008	0.004971
NODE_3878_length_22735_cov_14.330845	13775	0.016315	0.178422
NODE_3879_length_22732_cov_8.488800	161	0.000679	0.042785
NODE_3879_length_22732_cov_8.488800	172	0.007035	0.446128
NODE_391_length_52233_cov_17.475544	7300	0.002055	0.238005
NODE_391_length_52233_cov_17.475544	7305	0.000237	0.175590
NODE_3932_length_22587_cov_37.578086	5125	-0.000001	0.002432
NODE_3932_length_22587_cov_37.578086	5133	0.001076	0.052341
NODE_3932_length_22587_cov_37.578086	5134	-0.000001	0.002518
NODE_3932_length_22587_cov_37.578086	5143	-0.000001	0.002599
NODE_3932_length_22587_cov_37.578086	5146	0.000009	0.010914
NODE_3932_length_22587_cov_37.578086	5157	0.000011	0.013104
NODE_3932_length_22587_cov_37.578086	5164	0.000639	0.041958
NODE_3932_length_22587_cov_37.578086	5165	-0.000001	0.002431
NODE_3932_length_22587_cov_37.578086	5173	0.000011	0.013288
NODE_3932_length_22587_cov_37.578086	5195	0.016717	0.181897
NODE_3932_length_22587_cov_37.578086	5211	-0.000000	0.003007
NODE_3935_length_22578_cov_8.727079	33	0.000074	0.016827
NODE_3966_length_22461_cov_48.415213	1206	0.008263	0.130411
NODE_3966_length_22461_cov_48.415213	1207	0.000000	0.003256
NODE_3980_length_22430_cov_49.255698	4998	0.000057	0.015990
NODE_3980_length_22430_cov_49.255698	5012	0.000002	0.003678
NODE_3980_length_22430_cov_49.255698	5018	0.000046	0.014708
NODE_3980_length_22430_cov_49.255698	5039	0.000002	0.003777
NODE_3980_length_22430_cov_49.255698	5040	0.000039	0.013929
NODE_3980_length_22430_cov_49.255698	5060	0.000003	0.004097
NODE_3983_length_22424_cov_14.978858	6216	0.169527	0.389077
NODE_3983_length_22424_cov_14.978858	6310	0.000001	0.003338
NODE_3983_length_22424_cov_14.978858	6326	0.000001	0.003541
NODE_3983_length_22424_cov_14.978858	6327	0.000025	0.011391
NODE_3983_length_22424_cov_14.978858	6335	0.000011	0.006949
NODE_3983_length_22424_cov_14.978858	6354	0.009891	0.141535
NODE_3983_length_22424_cov_14.978858	6370	0.000038	0.013429
NODE_3992_length_22401_cov_7.717693	4265	0.000008	0.005036
NODE_3992_length_22401_cov_7.717693	4282	0.036407	0.290482
NODE_3992_length_22401_cov_7.717693	4298	0.082322	0.462261
NODE_3992_length_22401_cov_7.717693	4313	0.006661	0.079082
NODE_3992_length_22401_cov_7.717693	4321	0.007469	0.290273
NODE_3998_length_22380_cov_8.782505	17	0.000011	0.005339
NODE_3998_length_22380_cov_8.782505	21	0.000008	0.004942
NODE_3998_length_22380_cov_8.782505	24	0.001155	0.051072
NODE_3998_length_22380_cov_8.782505	26	0.000007	0.004854
NODE_3998_length_22380_cov_8.782505	37	0.000003	0.004131
NODE_3998_length_22380_cov_8.782505	52	0.001615	0.060399
NODE_3998_length_22380_cov_8.782505	68	0.000024	0.008564
NODE_3998_length_22380_cov_8.782505	70	0.000063	0.016305
NODE_3998_length_22380_cov_8.782505	81	0.076257	0.366590
NODE_3998_length_22380_cov_8.782505	82	0.062793	0.371108
NODE_3998_length_22380_cov_8.782505	85	0.000005	0.004466
NODE_3998_length_22380_cov_8.782505	86	0.000005	0.004525
NODE_4001_length_22373_cov_7.457753	20509	0.000579	0.031658
NODE_4001_length_22373_cov_7.457753	20516	0.000028	0.007133
NODE_4052_length_22270_cov_7.138514	22210	0.000034	0.007542
NODE_4052_length_22270_cov_7.138514	22212	0.000036	0.007719
NODE_4052_length_22270_cov_7.138514	22213	0.000269	0.023699
NODE_4073_length_22225_cov_9.373000	22101	0.000072	0.016724
NODE_4073_length_22225_cov_9.373000	22105	0.000140	0.019849
NODE_4073_length_22225_cov_9.373000	22121	0.000007	0.004747
NODE_4073_length_22225_cov_9.373000	22126	0.000070	0.009510
NODE_4073_length_22225_cov_9.373000	22129	0.000090	0.017391
NODE_4073_length_22225_cov_9.373000	22143	0.000025	0.008583
NODE_4073_length_22225_cov_9.373000	22146	0.000004	0.004254
NODE_4073_length_22225_cov_9.373000	22149	0.004350	0.095313
NODE_4073_length_22225_cov_9.373000	22155	0.000066	0.016465
NODE_4073_length_22225_cov_9.373000	22161	0.000011	0.005332
NODE_4073_length_22225_cov_9.373000	22163	0.000260	0.025823
NODE_4073_length_22225_cov_9.373000	22164	0.000006	0.004579
NODE_4073_length_22225_cov_9.373000	22168	0.008718	0.132061
NODE_4073_length_22225_cov_9.373000	22183	0.000010	0.005234
NODE_4082_length_22198_cov_118.827730	5516	0.010840	0.466038
NODE_4082_length_22198_cov_118.827730	5535	0.000039	0.015002
NODE_4082_length_22198_cov_118.827730	5540	0.001866	0.062843
NODE_4082_length_22198_cov_118.827730	5564	0.013245	0.164824
NODE_4082_length_22198_cov_118.827730	5579	0.097649	0.486033
NODE_4090_length_22185_cov_8.515349	16614	0.000047	0.015462
NODE_4090_length_22185_cov_8.515349	16617	0.000044	0.015261
NODE_4090_length_22185_cov_8.515349	16635	0.000037	0.014819
NODE_4090_length_22185_cov_8.515349	16636	0.000041	0.015113
NODE_4090_length_22185_cov_8.515349	16644	0.000255	0.026608
NODE_4090_length_22185_cov_8.515349	16647	0.000001	0.003616
NODE_4090_length_22185_cov_8.515349	16662	0.000640	0.039301
NODE_4090_length_22185_cov_8.515349	16670	0.000001	0.003587
NODE_4090_length_22185_cov_8.515349	16681	0.001284	0.054435
NODE_4090_length_22185_cov_8.515349	16684	0.000001	0.003549
NODE_4090_length_22185_cov_8.515349	16691	0.000390	0.033588
NODE_4090_length_22185_cov_8.515349	16699	0.000046	0.015413
NODE_4090_length_22185_cov_8.515349	16702	0.000050	0.015632
NODE_4090_length_22185_cov_8.515349	16722	0.014029	0.166203
NODE_4090_length_22185_cov_8.515349	16727	0.000336	0.028939
NODE_4100_length_22174_cov_23.378664	953	0.000453	0.034876
NODE_4100_length_22174_cov_23.378664	963	0.000439	0.033226
NODE_4100_length_22174_cov_23.378664	965	0.000057	0.015970
NODE_4100_length_22174_cov_23.378664	974	0.000713	0.043323
NODE_4100_length_22174_cov_23.378664	991	0.000001	0.003368
NODE_4100_length_22174_cov_23.378664	996	0.000941	0.047662
NODE_4105_length_22153_cov_15.691802	100	0.020653	0.194292
NODE_4105_length_22153_cov_15.691802	108	0.007987	0.126703
NODE_4105_length_22153_cov_15.691802	122	0.000092	0.017237
NODE_4105_length_22153_cov_15.691802	4072	0.010100	0.140814
NODE_4105_length_22153_cov_15.691802	4075	0.005436	0.421956
NODE_4105_length_22153_cov_15.691802	4925	0.000017	0.006089
NODE_4105_length_22153_cov_15.691802	4974	0.000024	0.006814
NODE_4105_length_22153_cov_15.691802	5057	0.000025	0.006891
NODE_4105_length_22153_cov_15.691802	5072	0.000250	0.023143
NODE_4105_length_22153_cov_15.691802	5073	0.000026	0.006982
NODE_4105_length_22153_cov_15.691802	5098	0.000015	0.005872
NODE_4105_length_22153_cov_15.691802	5120	0.000149	0.020018
NODE_4120_length_22129_cov_14.515797	18387	0.000001	0.003392
NODE_4120_length_22129_cov_14.515797	18570	0.000003	0.004251
NODE_4120_length_22129_cov_14.515797	18571	0.000681	0.042887
NODE_4120_length_22129_cov_14.515797	18575	0.000297	0.030673
NODE_4120_length_22129_cov_14.515797	18576	0.000402	0.034126
NODE_4135_length_22088_cov_13.892082	10170	0.000022	0.006619
NODE_4146_length_22065_cov_9.144542	13784	0.000001	0.003472
NODE_4146_length_22065_cov_9.144542	13787	0.000001	0.003393
NODE_4154_length_22038_cov_20.735904	21882	0.005656	0.109703
NODE_4154_length_22038_cov_20.735904	21883	0.000064	0.012879
NODE_4154_length_22038_cov_20.735904	21907	0.030294	0.238692
NODE_4154_length_22038_cov_20.735904	21918	0.001168	0.053965
NODE_4154_length_22038_cov_20.735904	21939	0.000011	0.005669
NODE_4154_length_22038_cov_20.735904	21950	0.012330	0.157575
NODE_4154_length_22038_cov_20.735904	21951	-0.000001	0.002816
NODE_4154_length_22038_cov_20.735904	21975	0.003191	0.082044
NODE_4154_length_22038_cov_20.735904	21976	0.000000	0.003160
NODE_4154_length_22038_cov_20.735904	21980	0.000157	0.021232
NODE_4154_length_22038_cov_20.735904	21986	0.000277	0.028596
NODE_4154_length_22038_cov_20.735904	21995	-0.000000	0.003094
NODE_4185_length_21963_cov_9.056211	21830	0.000177	0.020974
NODE_4185_length_21963_cov_9.056211	21902	0.000209	0.021988
NODE_4185_length_21963_cov_9.056211	21903	0.000192	0.021469
NODE_4185_length_21963_cov_9.056211	21910	0.017191	0.179952
NODE_4185_length_21963_cov_9.056211	21911	0.000022	0.006565
NODE_4185_length_21963_cov_9.056211	21923	0.000034	0.007555
NODE_4201_length_21922_cov_9.056133	35	0.000026	0.008384
NODE_4201_length_21922_cov_9.056133	40	0.000005	0.004420
NODE_4201_length_21922_cov_9.056133	69	0.000919	0.045926
NODE_4201_length_21922_cov_9.056133	82	0.000081	0.017151
NODE_4201_length_21922_cov_9.056133	84	0.000009	0.005168
NODE_4205_length_21912_cov_31.101958	1637	0.000020	0.006407
NODE_4205_length_21912_cov_31.101958	1641	0.000170	0.012476
NODE_4231_length_21857_cov_9.611315	4003	0.035274	0.330155
NODE_4265_length_21785_cov_18.572674	18336	0.086058	0.386127
NODE_4265_length_21785_cov_18.572674	18337	-0.000000	0.003110
NODE_4265_length_21785_cov_18.572674	18348	0.000015	0.011035
NODE_4265_length_21785_cov_18.572674	18363	0.000011	0.009274
NODE_4265_length_21785_cov_18.572674	18367	0.000345	0.030733
NODE_4265_length_21785_cov_18.572674	18374	-0.000001	0.002737
NODE_4265_length_21785_cov_18.572674	18384	0.000016	0.012883
NODE_4265_length_21785_cov_18.572674	18407	-0.000001	0.002572
NODE_4265_length_21785_cov_18.572674	18415	-0.000001	0.002933
NODE_4265_length_21785_cov_18.572674	18427	0.000015	0.013610
NODE_4265_length_21785_cov_18.572674	18429	0.000637	0.041799
NODE_4265_length_21785_cov_18.572674	18442	0.000002	0.004520
NODE_4265_length_21785_cov_18.572674	18455	-0.000001	0.002705
NODE_4265_length_21785_cov_18.572674	18460	0.013320	0.162768
NODE_4265_length_21785_cov_18.572674	18464	0.000294	0.030663
NODE_4265_length_21785_cov_18.572674	18467	-0.000000	0.003067
NODE_4283_length_21749_cov_6.710485	40	0.025079	0.486986
NODE_4287_length_21736_cov_9.136803	2505	0.014938	0.491367
NODE_4287_length_21736_cov_9.136803	2517	0.000207	0.021928
NODE_4287_length_21736_cov_9.136803	2525	0.000022	0.006583
NODE_4287_length_21736_cov_9.136803	2527	0.000204	0.021857
NODE_4287_length_21736_cov_9.136803	2542	0.000222	0.022382
NODE_4309_length_21675_cov_11.041667	120	0.000011	0.005351
NODE_4309_length_21675_cov_11.041667	129	0.000015	0.005920
NODE_4309_length_21675_cov_11.041667	173	0.000429	0.031117
NODE_4309_length_21675_cov_11.041667	183	0.000676	0.039425
NODE_4337_length_21613_cov_57.201125	20205	0.000005	0.004483
NODE_4337_length_21613_cov_57.201125	20220	0.000055	0.015880
NODE_4337_length_21613_cov_57.201125	20286	0.000030	0.014518
NODE_4337_length_21613_cov_57.201125	20288	0.000027	0.013158
NODE_4337_length_21613_cov_57.201125	20295	0.000000	0.003196
NODE_4337_length_21613_cov_57.201125	20305	0.000000	0.003199
NODE_4337_length_21613_cov_57.201125	20311	0.000000	0.003230
NODE_4337_length_21613_cov_57.201125	20366	0.000161	0.021992
NODE_4337_length_21613_cov_57.201125	20369	0.000001	0.003381
NODE_4366_length_21556_cov_6.141166	63	0.000046	0.015396
NODE_4366_length_21556_cov_6.141166	80	0.000002	0.003881
NODE_4368_length_21549_cov_7.549371	21489	0.000148	0.014785
NODE_4368_length_21549_cov_7.549371	21495	0.007176	0.119583
NODE_4368_length_21549_cov_7.549371	21515	0.000016	0.005998
NODE_4368_length_21549_cov_7.549371	21530	0.000194	0.021535
NODE_4370_length_21542_cov_8.813132	6696	0.000518	0.036836
NODE_4370_length_21542_cov_8.813132	6736	0.000000	0.003325
NODE_4370_length_21542_cov_8.813132	6761	0.000064	0.016376
NODE_4370_length_21542_cov_8.813132	6768	0.000035	0.014799
NODE_4370_length_21542_cov_8.813132	6771	0.000345	0.032323
NODE_4370_length_21542_cov_8.813132	6776	0.001115	0.051344
NODE_4370_length_21542_cov_8.813132	6781	0.035742	0.255858
NODE_4370_length_21542_cov_8.813132	6783	0.000040	0.015075
NODE_4370_length_21542_cov_8.813132	6790	0.000001	0.003631
NODE_4394_length_21471_cov_7.851909	21299	0.000613	0.035077
NODE_4394_length_21471_cov_7.851909	21314	0.013681	0.165395
NODE_4394_length_21471_cov_7.851909	21326	0.002389	0.052212
NODE_4405_length_21433_cov_12.076685	17939	0.000480	0.035094
NODE_4405_length_21433_cov_12.076685	17944	0.115420	0.433506
NODE_4405_length_21433_cov_12.076685	17960	0.000024	0.008854
NODE_4405_length_21433_cov_12.076685	17962	0.000002	0.003780
NODE_4405_length_21433_cov_12.076685	17964	0.000003	0.004011
NODE_4405_length_21433_cov_12.076685	17968	0.000042	0.015188
NODE_4405_length_21433_cov_12.076685	17969	0.000052	0.015692
NODE_4405_length_21433_cov_12.076685	17979	0.000683	0.042702
NODE_4405_length_21433_cov_12.076685	17987	0.000031	0.014474
NODE_4405_length_21433_cov_12.076685	18000	0.000038	0.014215
NODE_4405_length_21433_cov_12.076685	18008	0.000001	0.003387
NODE_4405_length_21433_cov_12.076685	18097	0.000003	0.004036
NODE_4405_length_21433_cov_12.076685	18098	0.096404	0.483525
NODE_4405_length_21433_cov_12.076685	18115	0.078903	0.372661
NODE_4413_length_21412_cov_10.873129	57	0.001009	0.048556
NODE_4413_length_21412_cov_10.873129	63	0.000072	0.016691
NODE_441_length_50425_cov_10.027898	50215	0.000064	0.009229
NODE_441_length_50425_cov_10.027898	50219	0.000063	0.009203
NODE_441_length_50425_cov_10.027898	50220	0.000065	0.009309
NODE_441_length_50425_cov_10.027898	50232	0.000069	0.009483
NODE_4423_length_21388_cov_12.396449	5071	0.000046	0.015369
NODE_4423_length_21388_cov_12.396449	5073	0.000006	0.004784
NODE_4423_length_21388_cov_12.396449	5091	0.017744	0.186496
NODE_4423_length_21388_cov_12.396449	5094	0.000175	0.022356
NODE_4423_length_21388_cov_12.396449	5098	0.000002	0.003715
NODE_4423_length_21388_cov_12.396449	5100	0.000007	0.004727
NODE_4424_length_21387_cov_34.046505	9427	0.000404	0.033959
NODE_4424_length_21387_cov_34.046505	9434	0.000002	0.003843
NODE_4424_length_21387_cov_34.046505	9454	0.000163	0.021170
NODE_4444_length_21354_cov_14.051658	4074	0.000174	0.020869
NODE_4444_length_21354_cov_14.051658	4079	0.000209	0.022000
NODE_4444_length_21354_cov_14.051658	4081	0.000024	0.006755
NODE_4444_length_21354_cov_14.051658	4084	0.000084	0.012232
NODE_4444_length_21354_cov_14.051658	4085	0.000021	0.006548
NODE_4444_length_21354_cov_14.051658	4101	0.002698	0.070737
NODE_4444_length_21354_cov_14.051658	4112	0.000984	0.045230
NODE_4446_length_21351_cov_35.405091	18536	0.000301	0.030908
NODE_4446_length_21351_cov_35.405091	18542	-0.000001	0.002725
NODE_4446_length_21351_cov_35.405091	18651	0.000012	0.005530
NODE_4446_length_21351_cov_35.405091	18655	0.000517	0.036823
NODE_4454_length_21333_cov_100.690167	4368	0.000511	0.026876
NODE_4454_length_21333_cov_100.690167	4381	0.000018	0.006195
NODE_4454_length_21333_cov_100.690167	4460	0.000023	0.006717
NODE_4454_length_21333_cov_100.690167	4462	0.000044	0.008198
NODE_4487_length_21272_cov_8.350210	21162	0.000048	0.015534
NODE_4487_length_21272_cov_8.350210	21264	0.000627	0.039007
NODE_4489_length_21264_cov_12.670919	9571	0.000167	0.020632
NODE_4489_length_21264_cov_12.670919	9599	0.000022	0.006562
NODE_4489_length_21264_cov_12.670919	9633	0.037818	0.367078
NODE_4489_length_21264_cov_12.670919	9639	0.014864	0.167860
NODE_4489_length_21264_cov_12.670919	9646	0.000023	0.006664
NODE_4489_length_21264_cov_12.670919	9652	0.000028	0.007112
NODE_4489_length_21264_cov_12.670919	9655	0.000244	0.023033
NODE_4489_length_21264_cov_12.670919	9675	0.000032	0.007413
NODE_4495_length_21255_cov_8.048875	16371	0.000169	0.020705
NODE_449_length_49996_cov_10.826803	4270	0.000003	0.004145
NODE_449_length_49996_cov_10.826803	4336	0.000003	0.004027
NODE_449_length_49996_cov_10.826803	4339	0.000159	0.019771
NODE_449_length_49996_cov_10.826803	4340	0.005033	0.495644
NODE_449_length_49996_cov_10.826803	4344	0.000069	0.016576
NODE_4502_length_21235_cov_25.524745	9882	0.000005	0.004468
NODE_4502_length_21235_cov_25.524745	9883	0.000005	0.004394
NODE_4502_length_21235_cov_25.524745	9898	0.000008	0.004942
NODE_4507_length_21228_cov_10.159591	65	0.000101	0.018084
NODE_4507_length_21228_cov_10.159591	70	0.062698	0.358247
NODE_4507_length_21228_cov_10.159591	72	0.001195	0.051698
NODE_4507_length_21228_cov_10.159591	78	0.000067	0.012686
NODE_4523_length_21186_cov_51.179210	18303	0.000011	0.005340
NODE_4523_length_21186_cov_51.179210	18457	0.000001	0.003442
NODE_4523_length_21186_cov_51.179210	18478	0.000001	0.003425
NODE_4523_length_21186_cov_51.179210	18482	0.000001	0.003541
NODE_4536_length_21141_cov_36.345452	12275	0.023531	0.212830
NODE_4536_length_21141_cov_36.345452	12279	-0.000000	0.003180
NODE_4536_length_21141_cov_36.345452	12285	0.000010	0.011571
NODE_4536_length_21141_cov_36.345452	12291	0.000008	0.013109
NODE_4536_length_21141_cov_36.345452	12430	0.016494	0.181146
NODE_4536_length_21141_cov_36.345452	20924	0.000004	0.004167
NODE_4536_length_21141_cov_36.345452	20930	0.000002	0.003715
NODE_4536_length_21141_cov_36.345452	20947	0.000002	0.003881
NODE_4536_length_21141_cov_36.345452	20951	0.000003	0.004094
NODE_4536_length_21141_cov_36.345452	20953	0.004284	0.094557
NODE_4536_length_21141_cov_36.345452	20958	0.007624	0.125246
NODE_4549_length_21107_cov_17.952685	8486	0.000034	0.009716
NODE_4549_length_21107_cov_17.952685	8493	0.000049	0.015604
NODE_4549_length_21107_cov_17.952685	8501	-0.000000	0.003021
NODE_4549_length_21107_cov_17.952685	8502	0.000001	0.003470
NODE_4549_length_21107_cov_17.952685	8507	0.000003	0.004413
NODE_4549_length_21107_cov_17.952685	8508	0.000026	0.013997
NODE_4549_length_21107_cov_17.952685	8510	0.000003	0.004575
NODE_4549_length_21107_cov_17.952685	8512	-0.000000	0.003101
NODE_4549_length_21107_cov_17.952685	8522	0.000177	0.023209
NODE_4549_length_21107_cov_17.952685	8525	0.000000	0.003277
NODE_4549_length_21107_cov_17.952685	8526	0.001082	0.051437
NODE_4549_length_21107_cov_17.952685	8536	0.000025	0.014000
NODE_4549_length_21107_cov_17.952685	8539	0.000050	0.015666
NODE_4549_length_21107_cov_17.952685	8540	0.000611	0.039943
NODE_4549_length_21107_cov_17.952685	8541	0.000028	0.011590
NODE_4549_length_21107_cov_17.952685	8542	0.000005	0.005785
NODE_4549_length_21107_cov_17.952685	8547	-0.000000	0.002988
NODE_4549_length_21107_cov_17.952685	8574	-0.000000	0.003096
NODE_4549_length_21107_cov_17.952685	8575	0.000020	0.013411
NODE_4549_length_21107_cov_17.952685	8577	0.000011	0.005748
NODE_4549_length_21107_cov_17.952685	8590	-0.000000	0.003013
NODE_4549_length_21107_cov_17.952685	8591	0.000025	0.014191
NODE_4549_length_21107_cov_17.952685	19546	0.000003	0.003939
NODE_4549_length_21107_cov_17.952685	19550	0.000003	0.003988
NODE_4549_length_21107_cov_17.952685	19557	0.000056	0.015244
NODE_4554_length_21097_cov_16.231022	16	0.000003	0.004092
NODE_4554_length_21097_cov_16.231022	47	0.000040	0.014856
NODE_4554_length_21097_cov_16.231022	49	0.000001	0.003598
NODE_4554_length_21097_cov_16.231022	64	0.000001	0.003649
NODE_4554_length_21097_cov_16.231022	65	0.000001	0.003648
NODE_4554_length_21097_cov_16.231022	68	0.000038	0.014032
NODE_4554_length_21097_cov_16.231022	69	0.000369	0.032944
NODE_4554_length_21097_cov_16.231022	74	0.000001	0.003644
NODE_4554_length_21097_cov_16.231022	76	0.000001	0.003651
NODE_4554_length_21097_cov_16.231022	82	0.000055	0.015513
NODE_4554_length_21097_cov_16.231022	85	0.000007	0.004743
NODE_4570_length_21074_cov_10.318331	2695	0.016057	0.177967
NODE_4570_length_21074_cov_10.318331	2716	0.128853	0.397551
NODE_4628_length_20929_cov_8.958665	16215	0.000044	0.013706
NODE_4628_length_20929_cov_8.958665	16225	0.000001	0.003554
NODE_4628_length_20929_cov_8.958665	16263	0.000001	0.003618
NODE_4666_length_20852_cov_28.856744	1615	0.000003	0.003930
NODE_4666_length_20852_cov_28.856744	1636	0.000003	0.004025
NODE_4666_length_20852_cov_28.856744	1648	0.000044	0.015071
NODE_4666_length_20852_cov_28.856744	1660	0.001122	0.050831
NODE_4666_length_20852_cov_28.856744	1661	0.000047	0.015449
NODE_4666_length_20852_cov_28.856744	1662	0.001461	0.056628
NODE_4666_length_20852_cov_28.856744	1664	0.000003	0.004054
NODE_4666_length_20852_cov_28.856744	1665	0.000055	0.015869
NODE_4666_length_20852_cov_28.856744	1668	0.000060	0.016115
NODE_4666_length_20852_cov_28.856744	1670	0.000056	0.015959
NODE_4666_length_20852_cov_28.856744	1678	0.000050	0.013664
NODE_4666_length_20852_cov_28.856744	1697	0.000050	0.015499
NODE_4666_length_20852_cov_28.856744	1715	0.000003	0.003990
NODE_4666_length_20852_cov_28.856744	1728	0.000003	0.004027
NODE_4666_length_20852_cov_28.856744	20788	0.028220	0.463296
NODE_4667_length_20851_cov_25.457787	3024	0.000001	0.003709
NODE_4667_length_20851_cov_25.457787	3037	-0.000000	0.003077
NODE_4667_length_20851_cov_25.457787	3046	0.082972	0.381276
NODE_4667_length_20851_cov_25.457787	3058	0.001188	0.053835
NODE_4667_length_20851_cov_25.457787	3059	0.000022	0.014054
NODE_4667_length_20851_cov_25.457787	3066	-0.000000	0.002948
NODE_4667_length_20851_cov_25.457787	3073	0.001992	0.065850
NODE_4667_length_20851_cov_25.457787	3079	0.000024	0.014126
NODE_4667_length_20851_cov_25.457787	3089	0.000000	0.003227
NODE_4667_length_20851_cov_25.457787	3092	0.000028	0.014279
NODE_4667_length_20851_cov_25.457787	3096	0.000420	0.034045
NODE_4667_length_20851_cov_25.457787	3100	0.002321	0.070568
NODE_4667_length_20851_cov_25.457787	3101	0.000281	0.026814
NODE_4667_length_20851_cov_25.457787	3103	0.002029	0.066511
NODE_4674_length_20831_cov_36.716043	19277	0.000001	0.003328
NODE_4674_length_20831_cov_36.716043	19280	0.000034	0.014709
NODE_4675_length_20831_cov_8.910332	23	0.000253	0.023246
NODE_4675_length_20831_cov_8.910332	31	0.000019	0.006317
NODE_4675_length_20831_cov_8.910332	40	0.000170	0.020735
NODE_4675_length_20831_cov_8.910332	42	0.000020	0.006364
NODE_4675_length_20831_cov_8.910332	50	0.000021	0.006463
NODE_4675_length_20831_cov_8.910332	66	0.000715	0.038925
NODE_4675_length_20831_cov_8.910332	70	0.000834	0.042858
NODE_4683_length_20807_cov_7.123527	19885	0.000083	0.017260
NODE_4683_length_20807_cov_7.123527	19887	0.000074	0.016821
NODE_4683_length_20807_cov_7.123527	19896	0.000091	0.017704
NODE_4683_length_20807_cov_7.123527	19898	0.000006	0.004586
NODE_4683_length_20807_cov_7.123527	19912	0.000411	0.031353
NODE_4683_length_20807_cov_7.123527	19914	0.000298	0.028583
NODE_4683_length_20807_cov_7.123527	19916	0.000793	0.045029
NODE_4683_length_20807_cov_7.123527	19927	0.000050	0.015595
NODE_4683_length_20807_cov_7.123527	19938	0.000225	0.024914
NODE_4683_length_20807_cov_7.123527	19954	0.000003	0.004149
NODE_4683_length_20807_cov_7.123527	19955	0.000496	0.035835
NODE_4683_length_20807_cov_7.123527	19963	0.000004	0.004344
NODE_4688_length_20790_cov_23.370161	17474	0.000004	0.004315
NODE_4688_length_20790_cov_23.370161	17481	0.036310	0.364348
NODE_4688_length_20790_cov_23.370161	17623	0.000034	0.014421
NODE_4688_length_20790_cov_23.370161	17624	0.000007	0.009549
NODE_4688_length_20790_cov_23.370161	17639	0.001007	0.036083
NODE_4688_length_20790_cov_23.370161	17656	0.000016	0.011947
NODE_4688_length_20790_cov_23.370161	17671	0.050665	0.387369
NODE_4688_length_20790_cov_23.370161	17682	0.000020	0.013608
NODE_4688_length_20790_cov_23.370161	18022	0.017746	0.457283
NODE_4691_length_20786_cov_62.563349	12822	0.000027	0.014353
NODE_4691_length_20786_cov_62.563349	12823	-0.000000	0.003130
NODE_4691_length_20786_cov_62.563349	12832	0.000494	0.036673
NODE_4691_length_20786_cov_62.563349	12859	0.001005	0.049336
NODE_4691_length_20786_cov_62.563349	12871	0.000019	0.013806
NODE_4691_length_20786_cov_62.563349	12880	0.000020	0.013875
NODE_4691_length_20786_cov_62.563349	12894	-0.000001	0.002859
NODE_4691_length_20786_cov_62.563349	12899	-0.000000	0.003053
NODE_4691_length_20786_cov_62.563349	12905	-0.000001	0.002892
NODE_4691_length_20786_cov_62.563349	12908	0.000695	0.043148
NODE_4691_length_20786_cov_62.563349	12909	-0.000000	0.003010
NODE_4691_length_20786_cov_62.563349	12915	0.000030	0.014303
NODE_4691_length_20786_cov_62.563349	12920	0.001684	0.061484
NODE_4691_length_20786_cov_62.563349	12947	0.002907	0.077540
NODE_4691_length_20786_cov_62.563349	12953	0.000055	0.015861
NODE_4706_length_20761_cov_17.657632	11782	0.189199	0.543039
NODE_4706_length_20761_cov_17.657632	11783	0.005202	0.100029
NODE_4706_length_20761_cov_17.657632	11785	0.000062	0.009674
NODE_4706_length_20761_cov_17.657632	11786	0.000116	0.018266
NODE_4706_length_20761_cov_17.657632	11793	0.000010	0.005246
NODE_4706_length_20761_cov_17.657632	13734	-0.000001	0.373427
NODE_4706_length_20761_cov_17.657632	13735	0.000021	0.006476
NODE_4706_length_20761_cov_17.657632	13757	0.000016	0.005968
NODE_4706_length_20761_cov_17.657632	13780	0.000654	0.039692
NODE_4706_length_20761_cov_17.657632	14445	0.000014	0.005748
NODE_4706_length_20761_cov_17.657632	14447	0.000137	0.019446
NODE_4706_length_20761_cov_17.657632	14448	0.000138	0.019580
NODE_4706_length_20761_cov_17.657632	14458	0.000619	0.037957
NODE_4706_length_20761_cov_17.657632	14463	0.000542	0.035359
NODE_4706_length_20761_cov_17.657632	14464	0.000011	0.005453
NODE_4706_length_20761_cov_17.657632	14505	0.000016	0.006012
NODE_4706_length_20761_cov_17.657632	14522	0.000119	0.018853
NODE_4706_length_20761_cov_17.657632	14531	0.000013	0.005705
NODE_4706_length_20761_cov_17.657632	14532	0.000016	0.005964
NODE_4708_length_20756_cov_8.078763	19671	0.000073	0.009657
NODE_4708_length_20756_cov_8.078763	19679	0.015143	0.491278
NODE_4708_length_20756_cov_8.078763	19681	0.002989	0.253540
NODE_4708_length_20756_cov_8.078763	19696	0.000052	0.008644
NODE_4719_length_20738_cov_9.824265	18781	0.000002	0.003810
NODE_4719_length_20738_cov_9.824265	18784	0.000050	0.015598
NODE_4719_length_20738_cov_9.824265	18798	0.000066	0.012396
NODE_4719_length_20738_cov_9.824265	18800	0.000001	0.003495
NODE_4719_length_20738_cov_9.824265	18801	0.000041	0.015152
NODE_4719_length_20738_cov_9.824265	18806	0.000415	0.032325
NODE_4719_length_20738_cov_9.824265	18807	0.000030	0.014484
NODE_4719_length_20738_cov_9.824265	18810	0.000000	0.003216
NODE_4719_length_20738_cov_9.824265	18814	0.000001	0.003345
NODE_4719_length_20738_cov_9.824265	18815	0.005978	0.112729
NODE_4719_length_20738_cov_9.824265	18818	0.000029	0.013943
NODE_4728_length_20723_cov_29.374467	11388	0.000004	0.004151
NODE_4732_length_20721_cov_9.847347	22	0.000122	0.018970
NODE_4788_length_20602_cov_7.605033	20407	0.000177	0.019086
NODE_4808_length_20558_cov_8.956987	20381	0.000044	0.009304
NODE_4808_length_20558_cov_8.956987	20390	0.000045	0.010548
NODE_4808_length_20558_cov_8.956987	20407	0.054863	0.341141
NODE_4808_length_20558_cov_8.956987	20411	0.001147	0.050833
NODE_4823_length_20539_cov_57.715900	4055	-0.000001	0.002382
NODE_4823_length_20539_cov_57.715900	4066	0.000000	0.003810
NODE_4823_length_20539_cov_57.715900	4069	-0.000001	0.002275
NODE_4823_length_20539_cov_57.715900	4079	0.000092	0.018635
NODE_4848_length_20482_cov_8.248393	20	0.000658	0.039763
NODE_4848_length_20482_cov_8.248393	33	0.036358	0.254664
NODE_4848_length_20482_cov_8.248393	38	0.000780	0.042230
NODE_4848_length_20482_cov_8.248393	43	0.000010	0.005254
NODE_4848_length_20482_cov_8.248393	50	0.000111	0.018506
NODE_4848_length_20482_cov_8.248393	71	0.000013	0.005654
NODE_4848_length_20482_cov_8.248393	82	0.000011	0.005351
NODE_4848_length_20482_cov_8.248393	20404	0.000019	0.006266
NODE_4848_length_20482_cov_8.248393	20435	0.000157	0.020299
NODE_4870_length_20428_cov_25.840376	5501	0.000116	0.018721
NODE_4870_length_20428_cov_25.840376	5513	0.000006	0.004688
NODE_4870_length_20428_cov_25.840376	5517	0.000005	0.004503
NODE_4870_length_20428_cov_25.840376	5518	0.000005	0.004449
NODE_4870_length_20428_cov_25.840376	5520	0.000005	0.004449
NODE_4870_length_20428_cov_25.840376	5537	0.000005	0.004447
NODE_4870_length_20428_cov_25.840376	5550	0.000007	0.004741
NODE_4870_length_20428_cov_25.840376	5551	0.001065	0.049690
NODE_4870_length_20428_cov_25.840376	5555	0.001195	0.051700
NODE_4896_length_20385_cov_90.379375	11833	0.000421	0.034469
NODE_4897_length_20384_cov_11.916244	16523	0.000395	0.031993
NODE_4897_length_20384_cov_11.916244	16532	0.004726	0.096876
NODE_4897_length_20384_cov_11.916244	16540	0.000004	0.004332
NODE_4897_length_20384_cov_11.916244	16542	0.000058	0.015740
NODE_4897_length_20384_cov_11.916244	16556	0.000004	0.004197
NODE_4897_length_20384_cov_11.916244	16572	0.000376	0.032229
NODE_4897_length_20384_cov_11.916244	16579	0.000036	0.010724
NODE_4897_length_20384_cov_11.916244	16580	0.000431	0.034778
NODE_4897_length_20384_cov_11.916244	16581	0.001768	0.061427
NODE_4897_length_20384_cov_11.916244	16584	0.000004	0.004323
NODE_4897_length_20384_cov_11.916244	16585	0.000065	0.016376
NODE_4897_length_20384_cov_11.916244	16589	0.000866	0.046330
NODE_4897_length_20384_cov_11.916244	16595	0.000005	0.004517
NODE_4945_length_20277_cov_13.259193	20196	0.000008	0.005026
NODE_4945_length_20277_cov_13.259193	20204	0.000009	0.005157
NODE_4945_length_20277_cov_13.259193	20214	0.000011	0.005343
NODE_4946_length_20273_cov_14.976703	161	0.000231	0.025893
NODE_4946_length_20273_cov_14.976703	164	0.000001	0.003577
NODE_4946_length_20273_cov_14.976703	186	0.000029	0.014363
NODE_4971_length_20231_cov_33.894000	3126	0.000034	0.014725
NODE_4971_length_20231_cov_33.894000	3132	0.000026	0.014038
NODE_4971_length_20231_cov_33.894000	3157	-0.000001	0.002870
NODE_4971_length_20231_cov_33.894000	3207	0.000000	0.003231
NODE_4971_length_20231_cov_33.894000	3216	0.000002	0.003793
NODE_4971_length_20231_cov_33.894000	3219	0.001567	0.057242
NODE_4971_length_20231_cov_33.894000	3227	0.000665	0.041018
NODE_4971_length_20231_cov_33.894000	3229	0.000003	0.003967
NODE_4971_length_20231_cov_33.894000	3231	0.000003	0.004026
NODE_4971_length_20231_cov_33.894000	3235	0.010886	0.099633
NODE_4989_length_20206_cov_6.669319	20136	0.000007	0.004762
NODE_4989_length_20206_cov_6.669319	20143	0.000071	0.015995
NODE_4989_length_20206_cov_6.669319	20145	0.000070	0.016645
NODE_4989_length_20206_cov_6.669319	20164	0.000005	0.004497
NODE_4989_length_20206_cov_6.669319	20170	0.000072	0.016717
NODE_4989_length_20206_cov_6.669319	20173	0.000138	0.019839
NODE_5015_length_20151_cov_12.964841	67	0.000231	0.022651
NODE_5015_length_20151_cov_12.964841	91	0.051211	0.425656
NODE_5015_length_20151_cov_12.964841	95	0.021911	0.203223
NODE_5015_length_20151_cov_12.964841	100	0.000024	0.006770
NODE_5015_length_20151_cov_12.964841	110	0.010501	0.143319
NODE_5015_length_20151_cov_12.964841	20095	0.000051	0.015067
NODE_5015_length_20151_cov_12.964841	20097	0.000003	0.003977
NODE_5015_length_20151_cov_12.964841	20122	0.008048	0.487483
NODE_5023_length_20133_cov_7.513078	20028	0.000024	0.006760
NODE_5023_length_20133_cov_7.513078	20037	0.000020	0.006358
NODE_5023_length_20133_cov_7.513078	20049	0.000031	0.007646
NODE_5023_length_20133_cov_7.513078	20058	0.000156	0.020247
NODE_5023_length_20133_cov_7.513078	20060	0.000147	0.019907
NODE_5023_length_20133_cov_7.513078	20068	0.000016	0.005946
NODE_5023_length_20133_cov_7.513078	20072	0.000143	0.019755
NODE_5023_length_20133_cov_7.513078	20078	0.000018	0.006173
NODE_5048_length_20087_cov_55.310536	5080	0.000106	0.018301
NODE_5048_length_20087_cov_55.310536	5087	0.000122	0.018999
NODE_5048_length_20087_cov_55.310536	5098	0.000009	0.005112
NODE_5048_length_20087_cov_55.310536	5108	0.000640	0.039376
NODE_5048_length_20087_cov_55.310536	5116	0.000117	0.018762
NODE_5048_length_20087_cov_55.310536	5118	0.001509	0.056193
NODE_5089_length_20031_cov_76.452488	19886	0.000053	0.011403
NODE_5089_length_20031_cov_76.452488	19897	0.000010	0.005317
NODE_5089_length_20031_cov_76.452488	19899	0.000008	0.004997
NODE_5089_length_20031_cov_76.452488	19900	0.000008	0.004956
NODE_5089_length_20031_cov_76.452488	19906	0.007048	0.446324
NODE_5089_length_20031_cov_76.452488	19910	0.000009	0.005180
NODE_5089_length_20031_cov_76.452488	19913	0.000148	0.019932
NODE_5089_length_20031_cov_76.452488	19917	0.000013	0.005697
NODE_5108_length_20010_cov_37.322485	13400	0.000127	0.019160
NODE_51_length_88586_cov_8.723112	78	0.000513	0.033370
NODE_520_length_47848_cov_9.005466	1553	0.003027	0.496511
NODE_520_length_47848_cov_9.005466	1660	0.000359	0.032728
NODE_520_length_47848_cov_9.005466	1666	0.000044	0.014851
NODE_537_length_47230_cov_29.559929	2105	0.000018	0.011721
NODE_537_length_47230_cov_29.559929	2118	-0.000001	0.002708
NODE_537_length_47230_cov_29.559929	2121	-0.000001	0.002687
NODE_537_length_47230_cov_29.559929	2148	0.000117	0.019713
NODE_537_length_47230_cov_29.559929	2218	0.000025	0.014185
NODE_537_length_47230_cov_29.559929	9431	0.025002	0.215245
NODE_537_length_47230_cov_29.559929	9452	0.031171	0.240205
NODE_537_length_47230_cov_29.559929	9463	0.000004	0.004355
NODE_537_length_47230_cov_29.559929	9477	0.000705	0.041294
NODE_537_length_47230_cov_29.559929	9485	0.000048	0.015474
NODE_537_length_47230_cov_29.559929	9489	0.027618	0.401513
NODE_537_length_47230_cov_29.559929	9502	0.000006	0.004591
NODE_537_length_47230_cov_29.559929	9506	0.001724	0.062179
NODE_537_length_47230_cov_29.559929	9511	0.000002	0.003674
NODE_537_length_47230_cov_29.559929	9516	0.008045	0.128756
NODE_537_length_47230_cov_29.559929	9517	0.000390	0.033586
NODE_537_length_47230_cov_29.559929	9523	0.000002	0.003756
NODE_537_length_47230_cov_29.559929	9533	0.034029	0.252080
NODE_537_length_47230_cov_29.559929	9619	0.065237	0.528543
NODE_537_length_47230_cov_29.559929	9637	0.005524	0.106074
NODE_537_length_47230_cov_29.559929	9656	0.000094	0.017790
NODE_537_length_47230_cov_29.559929	9668	0.000009	0.005068
NODE_547_length_46829_cov_11.488765	37085	0.000738	0.041113
NODE_547_length_46829_cov_11.488765	37086	0.000133	0.018097
NODE_547_length_46829_cov_11.488765	37087	0.004142	0.090024
NODE_568_length_46417_cov_10.733343	29	0.000033	0.007527
NODE_568_length_46417_cov_10.733343	38	0.000038	0.007832
NODE_568_length_46417_cov_10.733343	44	0.000012	0.005578
NODE_568_length_46417_cov_10.733343	46	0.002556	0.458418
NODE_568_length_46417_cov_10.733343	93	0.000084	0.017293
NODE_568_length_46417_cov_10.733343	121	0.000005	0.004510
NODE_568_length_46417_cov_10.733343	132	0.000009	0.005192
NODE_568_length_46417_cov_10.733343	148	0.000026	0.007381
NODE_569_length_46402_cov_9.162387	28203	0.000014	0.005752
NODE_579_length_46172_cov_9.104595	14	0.000015	0.005850
NODE_579_length_46172_cov_9.104595	26	0.000126	0.019203
NODE_579_length_46172_cov_9.104595	27	0.000008	0.004978
NODE_579_length_46172_cov_9.104595	35	0.000089	0.017416
NODE_579_length_46172_cov_9.104595	54	0.000006	0.004648
NODE_579_length_46172_cov_9.104595	55	0.000006	0.004728
NODE_579_length_46172_cov_9.104595	64	0.000008	0.004939
NODE_579_length_46172_cov_9.104595	74	0.000687	0.039867
NODE_579_length_46172_cov_9.104595	81	0.000013	0.005686
NODE_594_length_45800_cov_44.880572	8753	0.000024	0.014165
NODE_594_length_45800_cov_44.880572	8755	-0.000001	0.002880
NODE_594_length_45800_cov_44.880572	8779	-0.000001	0.002793
NODE_594_length_45800_cov_44.880572	8783	-0.000001	0.002778
NODE_594_length_45800_cov_44.880572	8795	-0.000001	0.002760
NODE_594_length_45800_cov_44.880572	8797	0.000012	0.010417
NODE_594_length_45800_cov_44.880572	8813	0.000000	0.003388
NODE_594_length_45800_cov_44.880572	8817	0.000589	0.040630
NODE_594_length_45800_cov_44.880572	8819	0.006675	0.118974
NODE_594_length_45800_cov_44.880572	8840	0.000003	0.004122
NODE_594_length_45800_cov_44.880572	8848	0.000076	0.016927
NODE_614_length_45534_cov_8.774315	103	0.000047	0.008369
NODE_627_length_45145_cov_9.197243	45068	0.004082	0.090816
NODE_627_length_45145_cov_9.197243	45073	0.000070	0.016659
NODE_627_length_45145_cov_9.197243	45074	0.000005	0.004464
NODE_627_length_45145_cov_9.197243	45088	0.000006	0.004662
NODE_627_length_45145_cov_9.197243	45107	0.006286	0.112824
NODE_627_length_45145_cov_9.197243	45115	0.002509	0.069948
NODE_631_length_45080_cov_16.755252	40311	0.000115	0.018663
NODE_631_length_45080_cov_16.755252	40313	0.000012	0.005589
NODE_631_length_45080_cov_16.755252	40321	0.000010	0.005322
NODE_631_length_45080_cov_16.755252	40322	0.000100	0.018029
NODE_631_length_45080_cov_16.755252	40323	0.000014	0.005776
NODE_631_length_45080_cov_16.755252	40326	0.000010	0.005311
NODE_631_length_45080_cov_16.755252	40340	0.000008	0.004977
NODE_631_length_45080_cov_16.755252	40349	0.000095	0.017832
NODE_631_length_45080_cov_16.755252	40352	0.000014	0.005788
NODE_631_length_45080_cov_16.755252	40359	0.000008	0.004923
NODE_631_length_45080_cov_16.755252	40370	0.000084	0.017296
NODE_631_length_45080_cov_16.755252	40469	0.000005	0.004731
NODE_631_length_45080_cov_16.755252	40499	0.000000	0.003316
NODE_631_length_45080_cov_16.755252	40501	0.000587	0.039510
NODE_631_length_45080_cov_16.755252	40502	0.000000	0.003327
NODE_631_length_45080_cov_16.755252	40521	0.000002	0.003803
NODE_631_length_45080_cov_16.755252	40525	0.000337	0.031829
NODE_631_length_45080_cov_16.755252	40526	0.000081	0.017396
NODE_631_length_45080_cov_16.755252	40538	0.000039	0.014998
NODE_631_length_45080_cov_16.755252	40539	0.001246	0.054100
NODE_631_length_45080_cov_16.755252	40541	0.012677	0.159821
NODE_631_length_45080_cov_16.755252	40550	0.000262	0.027015
NODE_631_length_45080_cov_16.755252	40565	0.000379	0.033326
NODE_631_length_45080_cov_16.755252	40566	0.000001	0.003570
NODE_631_length_45080_cov_16.755252	40569	0.000559	0.038562
NODE_631_length_45080_cov_16.755252	40570	0.000002	0.003815
NODE_631_length_45080_cov_16.755252	40608	0.000054	0.015835
NODE_631_length_45080_cov_16.755252	40618	0.000077	0.016285
NODE_635_length_45032_cov_50.737097	62	0.000062	0.016313
NODE_635_length_45032_cov_50.737097	75	0.001322	0.055400
NODE_635_length_45032_cov_50.737097	81	0.000028	0.011932
NODE_635_length_45032_cov_50.737097	82	0.000001	0.003645
NODE_635_length_45032_cov_50.737097	94	0.000007	0.005055
NODE_635_length_45032_cov_50.737097	100	0.001944	0.063652
NODE_635_length_45032_cov_50.737097	102	0.035485	0.257627
NODE_635_length_45032_cov_50.737097	114	0.000021	0.007428
NODE_635_length_45032_cov_50.737097	123	0.000001	0.003367
NODE_635_length_45032_cov_50.737097	134	0.000001	0.003642
NODE_635_length_45032_cov_50.737097	138	0.000044	0.015306
NODE_635_length_45032_cov_50.737097	155	0.000003	0.003928
NODE_635_length_45032_cov_50.737097	159	0.005890	0.110364
NODE_635_length_45032_cov_50.737097	168	0.001857	0.063936
NODE_635_length_45032_cov_50.737097	175	0.000075	0.016902
NODE_648_length_44711_cov_10.192101	9	0.000032	0.012916
NODE_652_length_44666_cov_45.770032	4216	0.000094	0.017306
NODE_652_length_44666_cov_45.770032	4223	0.000007	0.004732
NODE_652_length_44666_cov_45.770032	4227	0.000003	0.004044
NODE_652_length_44666_cov_45.770032	4271	-0.000001	0.002774
NODE_652_length_44666_cov_45.770032	4366	0.095866	0.522442
NODE_652_length_44666_cov_45.770032	4378	0.002557	0.064446
NODE_652_length_44666_cov_45.770032	4385	0.000021	0.013967
NODE_652_length_44666_cov_45.770032	4419	0.000031	0.014551
NODE_673_length_44285_cov_8.309125	1	-0.000001	0.002203
NODE_673_length_44285_cov_8.309125	100	0.035156	0.249051
NODE_727_length_43154_cov_55.558913	7932	0.000039	0.015034
NODE_727_length_43154_cov_55.558913	7944	0.000015	0.013581
NODE_727_length_43154_cov_55.558913	8034	0.000018	0.012604
NODE_727_length_43154_cov_55.558913	8035	0.000038	0.014260
NODE_727_length_43154_cov_55.558913	8038	0.000339	0.031940
NODE_727_length_43154_cov_55.558913	8053	-0.000000	0.003012
NODE_738_length_42737_cov_10.456353	42684	0.000496	0.036007
NODE_738_length_42737_cov_10.456353	42694	0.000009	0.005130
NODE_738_length_42737_cov_10.456353	42699	0.000015	0.005931
NODE_794_length_41671_cov_8.251924	41490	0.000024	0.006741
NODE_794_length_41671_cov_8.251924	41496	0.000019	0.006288
NODE_794_length_41671_cov_8.251924	41515	0.000082	0.017208
NODE_807_length_41480_cov_13.422102	89	0.071309	0.450876
NODE_807_length_41480_cov_13.422102	96	0.003388	0.082515
NODE_807_length_41480_cov_13.422102	1650	0.004975	0.099934
NODE_807_length_41480_cov_13.422102	1832	0.000012	0.005532
NODE_807_length_41480_cov_13.422102	1835	0.000198	0.021055
NODE_807_length_41480_cov_13.422102	1867	0.000109	0.018430
NODE_807_length_41480_cov_13.422102	1870	0.000119	0.018823
NODE_807_length_41480_cov_13.422102	1872	0.000621	0.038360
NODE_807_length_41480_cov_13.422102	1877	0.007308	0.118907
NODE_835_length_41059_cov_9.209937	8	0.000008	0.004920
NODE_835_length_41059_cov_9.209937	14	0.000004	0.004168
NODE_835_length_41059_cov_9.209937	15	0.000755	0.043185
NODE_835_length_41059_cov_9.209937	17	0.000064	0.016349
NODE_835_length_41059_cov_9.209937	20	0.000002	0.003875
NODE_835_length_41059_cov_9.209937	29	0.000002	0.003827
NODE_835_length_41059_cov_9.209937	30	0.000063	0.012870
NODE_835_length_41059_cov_9.209937	77	0.000040	0.011898
NODE_835_length_41059_cov_9.209937	87	0.000076	0.016956
NODE_835_length_41059_cov_9.209937	89	0.000005	0.004456
NODE_835_length_41059_cov_9.209937	97	0.000008	0.005033
NODE_852_length_40868_cov_12.858716	37952	0.109327	0.424817
NODE_852_length_40868_cov_12.858716	37978	0.000626	0.041004
NODE_852_length_40868_cov_12.858716	37990	0.000100	0.018512
NODE_852_length_40868_cov_12.858716	38016	0.000574	0.039280
NODE_852_length_40868_cov_12.858716	38040	0.000001	0.003541
NODE_852_length_40868_cov_12.858716	38043	0.000001	0.003601
NODE_852_length_40868_cov_12.858716	38049	0.000143	0.020340
NODE_852_length_40868_cov_12.858716	38057	0.007040	0.121050
NODE_852_length_40868_cov_12.858716	38061	0.000395	0.033775
NODE_852_length_40868_cov_12.858716	38063	0.001353	0.054484
NODE_856_length_40828_cov_22.115888	23694	0.000001	0.003619
NODE_856_length_40828_cov_22.115888	23723	0.000003	0.004051
NODE_856_length_40828_cov_22.115888	23752	0.000011	0.005371
NODE_856_length_40828_cov_22.115888	23757	0.000125	0.018734
NODE_89_length_76383_cov_8.196201	24	0.000024	0.006819
NODE_89_length_76383_cov_8.196201	28	0.000189	0.021363
NODE_89_length_76383_cov_8.196201	49	0.023773	0.315936
NODE_89_length_76383_cov_8.196201	50	0.002138	0.485589
NODE_89_length_76383_cov_8.196201	71	0.000020	0.006384
NODE_89_length_76383_cov_8.196201	76	0.000177	0.020995
NODE_90_length_75658_cov_11.612303	9313	0.000009	0.005189
NODE_90_length_75658_cov_11.612303	9329	0.000509	0.036058
NODE_90_length_75658_cov_11.612303	9360	0.000015	0.005835
NODE_90_length_75658_cov_11.612303	9361	0.000751	0.041362
NODE_90_length_75658_cov_11.612303	9375	0.005491	0.102248
NODE_90_length_75658_cov_11.612303	9380	0.000017	0.006085
NODE_918_length_39806_cov_7.628831	6253	0.000004	0.004257
NODE_918_length_39806_cov_7.628831	6268	0.007349	0.123314
NODE_918_length_39806_cov_7.628831	6271	0.003521	0.086178
NODE_918_length_39806_cov_7.628831	6273	0.000011	0.006265
NODE_920_length_39760_cov_8.885555	814	0.000070	0.016646
NODE_920_length_39760_cov_8.885555	815	0.000054	0.015841
NODE_920_length_39760_cov_8.885555	830	0.002641	0.073310
NODE_920_length_39760_cov_8.885555	836	0.000964	0.047505
NODE_935_length_39471_cov_7.851849	127	0.050893	0.306312
NODE_939_length_39380_cov_16.212393	12521	0.009653	0.137169
NODE_939_length_39380_cov_16.212393	12530	0.000013	0.005660
NODE_939_length_39380_cov_16.212393	12594	0.000008	0.004976
NODE_939_length_39380_cov_16.212393	12604	0.000011	0.005359
NODE_939_length_39380_cov_16.212393	12611	0.005855	0.107864
NODE_939_length_39380_cov_16.212393	12625	0.000011	0.005358
NODE_996_length_38632_cov_17.242779	9089	0.004934	0.495687
NODE_996_length_38632_cov_17.242779	9091	0.000005	0.004554
NODE_996_length_38632_cov_17.242779	9103	0.000068	0.016567
NODE_996_length_38632_cov_17.242779	9123	0.000048	0.013239
NODE_996_length_38632_cov_17.242779	9131	0.000004	0.004259
NODE_996_length_38632_cov_17.242779	9174	0.000005	0.004544
NODE_996_length_38632_cov_17.242779	9178	0.000482	0.036040
NODE_996_length_38632_cov_17.242779	9185	0.000009	0.005077
NODE_996_length_38632_cov_17.242779	9188	0.006467	0.495025
